"Name","Kind","File","Line"
"get_font","py-func","C:\DoAnTotNghiep\V-Shield-2.0\AI_Project\AI_An_Ninh\app.py","462"
"normalize_ui_text","py-func","C:\DoAnTotNghiep\V-Shield-2.0\AI_Project\AI_An_Ninh\app.py","473"
"bgr_to_rgb","py-func","C:\DoAnTotNghiep\V-Shield-2.0\AI_Project\AI_An_Ninh\app.py","499"
"action_key","py-func","C:\DoAnTotNghiep\V-Shield-2.0\AI_Project\AI_An_Ninh\app.py","505"
"adjust_action_score","py-func","C:\DoAnTotNghiep\V-Shield-2.0\AI_Project\AI_An_Ninh\app.py","513"
"pick_first_existing","py-func","C:\DoAnTotNghiep\V-Shield-2.0\AI_Project\AI_An_Ninh\app.py","529"
"adaptive_infer_size","py-func","C:\DoAnTotNghiep\V-Shield-2.0\AI_Project\AI_An_Ninh\app.py","536"
"gamma_lut","py-func","C:\DoAnTotNghiep\V-Shield-2.0\AI_Project\AI_An_Ninh\app.py","549"
"clahe_filter","py-func","C:\DoAnTotNghiep\V-Shield-2.0\AI_Project\AI_An_Ninh\app.py","556"
"person_pose_profile","py-func","C:\DoAnTotNghiep\V-Shield-2.0\AI_Project\AI_An_Ninh\app.py","563"
"kp_min_conf","json-key","C:\DoAnTotNghiep\V-Shield-2.0\AI_Project\AI_An_Ninh\app.py","567"
"min_valid_all","json-key","C:\DoAnTotNghiep\V-Shield-2.0\AI_Project\AI_An_Ninh\app.py","568"
"min_valid_upper","json-key","C:\DoAnTotNghiep\V-Shield-2.0\AI_Project\AI_An_Ninh\app.py","569"
"fallback_box_conf","json-key","C:\DoAnTotNghiep\V-Shield-2.0\AI_Project\AI_An_Ninh\app.py","570"
"kp_min_conf","json-key","C:\DoAnTotNghiep\V-Shield-2.0\AI_Project\AI_An_Ninh\app.py","574"
"min_valid_all","json-key","C:\DoAnTotNghiep\V-Shield-2.0\AI_Project\AI_An_Ninh\app.py","575"
"min_valid_upper","json-key","C:\DoAnTotNghiep\V-Shield-2.0\AI_Project\AI_An_Ninh\app.py","576"
"fallback_box_conf","json-key","C:\DoAnTotNghiep\V-Shield-2.0\AI_Project\AI_An_Ninh\app.py","577"
"kp_min_conf","json-key","C:\DoAnTotNghiep\V-Shield-2.0\AI_Project\AI_An_Ninh\app.py","580"
"min_valid_all","json-key","C:\DoAnTotNghiep\V-Shield-2.0\AI_Project\AI_An_Ninh\app.py","581"
"min_valid_upper","json-key","C:\DoAnTotNghiep\V-Shield-2.0\AI_Project\AI_An_Ninh\app.py","582"
"fallback_box_conf","json-key","C:\DoAnTotNghiep\V-Shield-2.0\AI_Project\AI_An_Ninh\app.py","583"
"PersonState","py-class","C:\DoAnTotNghiep\V-Shield-2.0\AI_Project\AI_An_Ninh\app.py","591"
"draw_unicode_texts","py-func","C:\DoAnTotNghiep\V-Shield-2.0\AI_Project\AI_An_Ninh\app.py","680"
"text","json-key","C:\DoAnTotNghiep\V-Shield-2.0\AI_Project\AI_An_Ninh\app.py","683"
"right","json-key","C:\DoAnTotNghiep\V-Shield-2.0\AI_Project\AI_An_Ninh\app.py","711"
"draw_box","py-func","C:\DoAnTotNghiep\V-Shield-2.0\AI_Project\AI_An_Ninh\app.py","731"
"preprocess_low_light","py-func","C:\DoAnTotNghiep\V-Shield-2.0\AI_Project\AI_An_Ninh\app.py","735"
"save_snapshot","py-func","C:\DoAnTotNghiep\V-Shield-2.0\AI_Project\AI_An_Ninh\app.py","788"
"save_debug_alert_snapshot","py-func","C:\DoAnTotNghiep\V-Shield-2.0\AI_Project\AI_An_Ninh\app.py","799"
"_build_fire_smoke_engine_class","py-func","C:\DoAnTotNghiep\V-Shield-2.0\AI_Project\AI_An_Ninh\app.py","818"
"roi_flicker_score","py-func","C:\DoAnTotNghiep\V-Shield-2.0\AI_Project\AI_An_Ninh\app.py","895"
"clamp","py-func","C:\DoAnTotNghiep\V-Shield-2.0\AI_Project\AI_An_Ninh\app.py","916"
"box_iou","py-func","C:\DoAnTotNghiep\V-Shield-2.0\AI_Project\AI_An_Ninh\app.py","919"
"box_centroid","py-func","C:\DoAnTotNghiep\V-Shield-2.0\AI_Project\AI_An_Ninh\app.py","934"
"roi_motion","py-func","C:\DoAnTotNghiep\V-Shield-2.0\AI_Project\AI_An_Ninh\app.py","937"
"roi_texture_score","py-func","C:\DoAnTotNghiep\V-Shield-2.0\AI_Project\AI_An_Ninh\app.py","963"
"roi_blur_score","py-func","C:\DoAnTotNghiep\V-Shield-2.0\AI_Project\AI_An_Ninh\app.py","973"
"extract_edge_features","py-func","C:\DoAnTotNghiep\V-Shield-2.0\AI_Project\AI_An_Ninh\app.py","983"
"fire_color_score","py-func","C:\DoAnTotNghiep\V-Shield-2.0\AI_Project\AI_An_Ninh\app.py","1027"
"smoke_color_score","py-func","C:\DoAnTotNghiep\V-Shield-2.0\AI_Project\AI_An_Ninh\app.py","1043"
"get_class_name","py-func","C:\DoAnTotNghiep\V-Shield-2.0\AI_Project\AI_An_Ninh\app.py","1059"
"fit_image_letterbox","py-func","C:\DoAnTotNghiep\V-Shield-2.0\AI_Project\AI_An_Ninh\app.py","1068"
"Track","py-class","C:\DoAnTotNghiep\V-Shield-2.0\AI_Project\AI_An_Ninh\app.py","1089"
"area_var","py-func","C:\DoAnTotNghiep\V-Shield-2.0\AI_Project\AI_An_Ninh\app.py","1090"
"__init__","py-func","C:\DoAnTotNghiep\V-Shield-2.0\AI_Project\AI_An_Ninh\app.py","1096"
"_frame_score","py-func","C:\DoAnTotNghiep\V-Shield-2.0\AI_Project\AI_An_Ninh\app.py","1128"
"fire","json-key","C:\DoAnTotNghiep\V-Shield-2.0\AI_Project\AI_An_Ninh\app.py","1129"
"smoke","json-key","C:\DoAnTotNghiep\V-Shield-2.0\AI_Project\AI_An_Ninh\app.py","1137"
"should_instant_confirm","py-func","C:\DoAnTotNghiep\V-Shield-2.0\AI_Project\AI_An_Ninh\app.py","1147"
"fire","json-key","C:\DoAnTotNghiep\V-Shield-2.0\AI_Project\AI_An_Ninh\app.py","1152"
"smoke","json-key","C:\DoAnTotNghiep\V-Shield-2.0\AI_Project\AI_An_Ninh\app.py","1216"
"update","py-func","C:\DoAnTotNghiep\V-Shield-2.0\AI_Project\AI_An_Ninh\app.py","1272"
"miss","py-func","C:\DoAnTotNghiep\V-Shield-2.0\AI_Project\AI_An_Ninh\app.py","1306"
"motion_avg","py-func","C:\DoAnTotNghiep\V-Shield-2.0\AI_Project\AI_An_Ninh\app.py","1311"
"motion_var","py-func","C:\DoAnTotNghiep\V-Shield-2.0\AI_Project\AI_An_Ninh\app.py","1314"
"motion_trend","py-func","C:\DoAnTotNghiep\V-Shield-2.0\AI_Project\AI_An_Ninh\app.py","1317"
"motion_consistency","py-func","C:\DoAnTotNghiep\V-Shield-2.0\AI_Project\AI_An_Ninh\app.py","1330"
"motion_linearity","py-func","C:\DoAnTotNghiep\V-Shield-2.0\AI_Project\AI_An_Ninh\app.py","1347"
"color_avg","py-func","C:\DoAnTotNghiep\V-Shield-2.0\AI_Project\AI_An_Ninh\app.py","1381"
"texture_avg","py-func","C:\DoAnTotNghiep\V-Shield-2.0\AI_Project\AI_An_Ninh\app.py","1384"
"blur_avg","py-func","C:\DoAnTotNghiep\V-Shield-2.0\AI_Project\AI_An_Ninh\app.py","1387"
"centroid_disp","py-func","C:\DoAnTotNghiep\V-Shield-2.0\AI_Project\AI_An_Ninh\app.py","1390"
"aspect_ratio_var","py-func","C:\DoAnTotNghiep\V-Shield-2.0\AI_Project\AI_An_Ninh\app.py","1398"
"shape_stability_score","py-func","C:\DoAnTotNghiep\V-Shield-2.0\AI_Project\AI_An_Ninh\app.py","1404"
"boundary_consistency_score","py-func","C:\DoAnTotNghiep\V-Shield-2.0\AI_Project\AI_An_Ninh\app.py","1429"
"color_variance","py-func","C:\DoAnTotNghiep\V-Shield-2.0\AI_Project\AI_An_Ninh\app.py","1439"
"should_confirm","py-func","C:\DoAnTotNghiep\V-Shield-2.0\AI_Project\AI_An_Ninh\app.py","1445"
"fire","json-key","C:\DoAnTotNghiep\V-Shield-2.0\AI_Project\AI_An_Ninh\app.py","1453"
"smoke","json-key","C:\DoAnTotNghiep\V-Shield-2.0\AI_Project\AI_An_Ninh\app.py","1564"
"should_release","py-func","C:\DoAnTotNghiep\V-Shield-2.0\AI_Project\AI_An_Ninh\app.py","1639"
"fire","json-key","C:\DoAnTotNghiep\V-Shield-2.0\AI_Project\AI_An_Ninh\app.py","1640"
"smoke","json-key","C:\DoAnTotNghiep\V-Shield-2.0\AI_Project\AI_An_Ninh\app.py","1642"
"TrackManager","py-class","C:\DoAnTotNghiep\V-Shield-2.0\AI_Project\AI_An_Ninh\app.py","1646"
"__init__","py-func","C:\DoAnTotNghiep\V-Shield-2.0\AI_Project\AI_An_Ninh\app.py","1647"
"_decay_recent_fire_regions","py-func","C:\DoAnTotNghiep\V-Shield-2.0\AI_Project\AI_An_Ninh\app.py","1653"
"_remember_fire_region","py-func","C:\DoAnTotNghiep\V-Shield-2.0\AI_Project\AI_An_Ninh\app.py","1663"
"box","json-key","C:\DoAnTotNghiep\V-Shield-2.0\AI_Project\AI_An_Ninh\app.py","1670"
"_near_recent_fire","py-func","C:\DoAnTotNghiep\V-Shield-2.0\AI_Project\AI_An_Ninh\app.py","1672"
"update","py-func","C:\DoAnTotNghiep\V-Shield-2.0\AI_Project\AI_An_Ninh\app.py","1691"
"confirmed","json-key","C:\DoAnTotNghiep\V-Shield-2.0\AI_Project\AI_An_Ninh\app.py","1813"
"fire","json-key","C:\DoAnTotNghiep\V-Shield-2.0\AI_Project\AI_An_Ninh\app.py","1834"
"smoke","json-key","C:\DoAnTotNghiep\V-Shield-2.0\AI_Project\AI_An_Ninh\app.py","1855"
"confirmed","json-key","C:\DoAnTotNghiep\V-Shield-2.0\AI_Project\AI_An_Ninh\app.py","1902"
"FireSmokeEngine","py-class","C:\DoAnTotNghiep\V-Shield-2.0\AI_Project\AI_An_Ninh\app.py","1932"
"__init__","py-func","C:\DoAnTotNghiep\V-Shield-2.0\AI_Project\AI_An_Ninh\app.py","1933"
"reset","py-func","C:\DoAnTotNghiep\V-Shield-2.0\AI_Project\AI_An_Ninh\app.py","1961"
"process","py-func","C:\DoAnTotNghiep\V-Shield-2.0\AI_Project\AI_An_Ninh\app.py","1967"
"confirmed","json-key","C:\DoAnTotNghiep\V-Shield-2.0\AI_Project\AI_An_Ninh\app.py","1972"
"confirmed","json-key","C:\DoAnTotNghiep\V-Shield-2.0\AI_Project\AI_An_Ninh\app.py","1987"
"conf","json-key","C:\DoAnTotNghiep\V-Shield-2.0\AI_Project\AI_An_Ninh\app.py","1990"
"imgsz","json-key","C:\DoAnTotNghiep\V-Shield-2.0\AI_Project\AI_An_Ninh\app.py","1991"
"verbose","json-key","C:\DoAnTotNghiep\V-Shield-2.0\AI_Project\AI_An_Ninh\app.py","1992"
"device","json-key","C:\DoAnTotNghiep\V-Shield-2.0\AI_Project\AI_An_Ninh\app.py","1993"
"max_det","json-key","C:\DoAnTotNghiep\V-Shield-2.0\AI_Project\AI_An_Ninh\app.py","1994"
"cls_name","json-key","C:\DoAnTotNghiep\V-Shield-2.0\AI_Project\AI_An_Ninh\app.py","2207"
"conf","json-key","C:\DoAnTotNghiep\V-Shield-2.0\AI_Project\AI_An_Ninh\app.py","2208"
"box","json-key","C:\DoAnTotNghiep\V-Shield-2.0\AI_Project\AI_An_Ninh\app.py","2209"
"motion","json-key","C:\DoAnTotNghiep\V-Shield-2.0\AI_Project\AI_An_Ninh\app.py","2210"
"color_score","json-key","C:\DoAnTotNghiep\V-Shield-2.0\AI_Project\AI_An_Ninh\app.py","2211"
"texture_score","json-key","C:\DoAnTotNghiep\V-Shield-2.0\AI_Project\AI_An_Ninh\app.py","2212"
"blur_score","json-key","C:\DoAnTotNghiep\V-Shield-2.0\AI_Project\AI_An_Ninh\app.py","2213"
"area_ratio","json-key","C:\DoAnTotNghiep\V-Shield-2.0\AI_Project\AI_An_Ninh\app.py","2214"
"intensity","json-key","C:\DoAnTotNghiep\V-Shield-2.0\AI_Project\AI_An_Ninh\app.py","2215"
"edge_sharpness","json-key","C:\DoAnTotNghiep\V-Shield-2.0\AI_Project\AI_An_Ninh\app.py","2216"
"confirmed","json-key","C:\DoAnTotNghiep\V-Shield-2.0\AI_Project\AI_An_Ninh\app.py","2239"
"point_from_kp","py-func","C:\DoAnTotNghiep\V-Shield-2.0\AI_Project\AI_An_Ninh\app.py","2249"
"count_valid_points","py-func","C:\DoAnTotNghiep\V-Shield-2.0\AI_Project\AI_An_Ninh\app.py","2265"
"angle_3pts","py-func","C:\DoAnTotNghiep\V-Shield-2.0\AI_Project\AI_An_Ninh\app.py","2275"
"torso_angle_and_center","py-func","C:\DoAnTotNghiep\V-Shield-2.0\AI_Project\AI_An_Ninh\app.py","2290"
"posture_from_features","py-func","C:\DoAnTotNghiep\V-Shield-2.0\AI_Project\AI_An_Ninh\app.py","2316"
"signed_alternation_ratio","py-func","C:\DoAnTotNghiep\V-Shield-2.0\AI_Project\AI_An_Ninh\app.py","2324"
"robust_slope","py-func","C:\DoAnTotNghiep\V-Shield-2.0\AI_Project\AI_An_Ninh\app.py","2347"
"oscillation_strength","py-func","C:\DoAnTotNghiep\V-Shield-2.0\AI_Project\AI_An_Ninh\app.py","2361"
"ratio_true","py-func","C:\DoAnTotNghiep\V-Shield-2.0\AI_Project\AI_An_Ninh\app.py","2371"
"recent_mean","py-func","C:\DoAnTotNghiep\V-Shield-2.0\AI_Project\AI_An_Ninh\app.py","2378"
"recent_peak","py-func","C:\DoAnTotNghiep\V-Shield-2.0\AI_Project\AI_An_Ninh\app.py","2387"
"estimate_camera_motion_rel","py-func","C:\DoAnTotNghiep\V-Shield-2.0\AI_Project\AI_An_Ninh\app.py","2396"
"overlap_ratio_1d","py-func","C:\DoAnTotNghiep\V-Shield-2.0\AI_Project\AI_An_Ninh\app.py","2418"
"point_in_expanded_box","py-func","C:\DoAnTotNghiep\V-Shield-2.0\AI_Project\AI_An_Ninh\app.py","2428"
"point_in_norm_zones","py-func","C:\DoAnTotNghiep\V-Shield-2.0\AI_Project\AI_An_Ninh\app.py","2436"
"recent_vector","py-func","C:\DoAnTotNghiep\V-Shield-2.0\AI_Project\AI_An_Ninh\app.py","2451"
"unit_vector","py-func","C:\DoAnTotNghiep\V-Shield-2.0\AI_Project\AI_An_Ninh\app.py","2459"
"projected_speed","py-func","C:\DoAnTotNghiep\V-Shield-2.0\AI_Project\AI_An_Ninh\app.py","2467"
"local_crowd_count","py-func","C:\DoAnTotNghiep\V-Shield-2.0\AI_Project\AI_An_Ninh\app.py","2474"
"bbox_edge_flags","py-func","C:\DoAnTotNghiep\V-Shield-2.0\AI_Project\AI_An_Ninh\app.py","2491"
"touch_left","json-key","C:\DoAnTotNghiep\V-Shield-2.0\AI_Project\AI_An_Ninh\app.py","2494"
"touch_right","json-key","C:\DoAnTotNghiep\V-Shield-2.0\AI_Project\AI_An_Ninh\app.py","2495"
"touch_top","json-key","C:\DoAnTotNghiep\V-Shield-2.0\AI_Project\AI_An_Ninh\app.py","2496"
"touch_bottom","json-key","C:\DoAnTotNghiep\V-Shield-2.0\AI_Project\AI_An_Ninh\app.py","2497"
"touch_lr","json-key","C:\DoAnTotNghiep\V-Shield-2.0\AI_Project\AI_An_Ninh\app.py","2498"
"touch_any","json-key","C:\DoAnTotNghiep\V-Shield-2.0\AI_Project\AI_An_Ninh\app.py","2499"
"touch_left","json-key","C:\DoAnTotNghiep\V-Shield-2.0\AI_Project\AI_An_Ninh\app.py","2510"
"touch_right","json-key","C:\DoAnTotNghiep\V-Shield-2.0\AI_Project\AI_An_Ninh\app.py","2511"
"touch_top","json-key","C:\DoAnTotNghiep\V-Shield-2.0\AI_Project\AI_An_Ninh\app.py","2512"
"touch_bottom","json-key","C:\DoAnTotNghiep\V-Shield-2.0\AI_Project\AI_An_Ninh\app.py","2513"
"touch_lr","json-key","C:\DoAnTotNghiep\V-Shield-2.0\AI_Project\AI_An_Ninh\app.py","2514"
"touch_any","json-key","C:\DoAnTotNghiep\V-Shield-2.0\AI_Project\AI_An_Ninh\app.py","2515"
"fall_ground_signature","py-func","C:\DoAnTotNghiep\V-Shield-2.0\AI_Project\AI_An_Ninh\app.py","2519"
"point_count","json-key","C:\DoAnTotNghiep\V-Shield-2.0\AI_Project\AI_An_Ninh\app.py","2532"
"x_span_rel","json-key","C:\DoAnTotNghiep\V-Shield-2.0\AI_Project\AI_An_Ninh\app.py","2533"
"y_span_rel","json-key","C:\DoAnTotNghiep\V-Shield-2.0\AI_Project\AI_An_Ninh\app.py","2534"
"lowest_rel","json-key","C:\DoAnTotNghiep\V-Shield-2.0\AI_Project\AI_An_Ninh\app.py","2535"
"grounded","json-key","C:\DoAnTotNghiep\V-Shield-2.0\AI_Project\AI_An_Ninh\app.py","2536"
"point_count","json-key","C:\DoAnTotNghiep\V-Shield-2.0\AI_Project\AI_An_Ninh\app.py","2554"
"x_span_rel","json-key","C:\DoAnTotNghiep\V-Shield-2.0\AI_Project\AI_An_Ninh\app.py","2555"
"y_span_rel","json-key","C:\DoAnTotNghiep\V-Shield-2.0\AI_Project\AI_An_Ninh\app.py","2556"
"lowest_rel","json-key","C:\DoAnTotNghiep\V-Shield-2.0\AI_Project\AI_An_Ninh\app.py","2557"
"grounded","json-key","C:\DoAnTotNghiep\V-Shield-2.0\AI_Project\AI_An_Ninh\app.py","2558"
"bbox_motion_signature","py-func","C:\DoAnTotNghiep\V-Shield-2.0\AI_Project\AI_An_Ninh\app.py","2562"
"aspect_trend","json-key","C:\DoAnTotNghiep\V-Shield-2.0\AI_Project\AI_An_Ninh\app.py","2566"
"area_growth","json-key","C:\DoAnTotNghiep\V-Shield-2.0\AI_Project\AI_An_Ninh\app.py","2567"
"area_var","json-key","C:\DoAnTotNghiep\V-Shield-2.0\AI_Project\AI_An_Ninh\app.py","2568"
"aspect_trend","json-key","C:\DoAnTotNghiep\V-Shield-2.0\AI_Project\AI_An_Ninh\app.py","2582"
"area_growth","json-key","C:\DoAnTotNghiep\V-Shield-2.0\AI_Project\AI_An_Ninh\app.py","2583"
"area_var","json-key","C:\DoAnTotNghiep\V-Shield-2.0\AI_Project\AI_An_Ninh\app.py","2584"
"trajectory_motion_signature","py-func","C:\DoAnTotNghiep\V-Shield-2.0\AI_Project\AI_An_Ninh\app.py","2588"
"disp_rel","json-key","C:\DoAnTotNghiep\V-Shield-2.0\AI_Project\AI_An_Ninh\app.py","2592"
"path_rel","json-key","C:\DoAnTotNghiep\V-Shield-2.0\AI_Project\AI_An_Ninh\app.py","2593"
"linearity","json-key","C:\DoAnTotNghiep\V-Shield-2.0\AI_Project\AI_An_Ninh\app.py","2594"
"disp_rel","json-key","C:\DoAnTotNghiep\V-Shield-2.0\AI_Project\AI_An_Ninh\app.py","2601"
"path_rel","json-key","C:\DoAnTotNghiep\V-Shield-2.0\AI_Project\AI_An_Ninh\app.py","2602"
"linearity","json-key","C:\DoAnTotNghiep\V-Shield-2.0\AI_Project\AI_An_Ninh\app.py","2603"
"disp_rel","json-key","C:\DoAnTotNghiep\V-Shield-2.0\AI_Project\AI_An_Ninh\app.py","2612"
"path_rel","json-key","C:\DoAnTotNghiep\V-Shield-2.0\AI_Project\AI_An_Ninh\app.py","2613"
"linearity","json-key","C:\DoAnTotNghiep\V-Shield-2.0\AI_Project\AI_An_Ninh\app.py","2614"
"bbox_iou","py-func","C:\DoAnTotNghiep\V-Shield-2.0\AI_Project\AI_An_Ninh\app.py","2618"
"dominant_id_ratio","py-func","C:\DoAnTotNghiep\V-Shield-2.0\AI_Project\AI_An_Ninh\app.py","2638"
"analyze_joint_geometry","py-func","C:\DoAnTotNghiep\V-Shield-2.0\AI_Project\AI_An_Ninh\app.py","2659"
"detect_holding_pose","py-func","C:\DoAnTotNghiep\V-Shield-2.0\AI_Project\AI_An_Ninh\app.py","2730"
"punch_kick_thresholds","py-func","C:\DoAnTotNghiep\V-Shield-2.0\AI_Project\AI_An_Ninh\app.py","2771"
"punch_wrist","json-key","C:\DoAnTotNghiep\V-Shield-2.0\AI_Project\AI_An_Ninh\app.py","2776"
"punch_accel","json-key","C:\DoAnTotNghiep\V-Shield-2.0\AI_Project\AI_An_Ninh\app.py","2777"
"kick_ankle","json-key","C:\DoAnTotNghiep\V-Shield-2.0\AI_Project\AI_An_Ninh\app.py","2778"
"kick_accel","json-key","C:\DoAnTotNghiep\V-Shield-2.0\AI_Project\AI_An_Ninh\app.py","2779"
"punch_wrist","json-key","C:\DoAnTotNghiep\V-Shield-2.0\AI_Project\AI_An_Ninh\app.py","2784"
"punch_accel","json-key","C:\DoAnTotNghiep\V-Shield-2.0\AI_Project\AI_An_Ninh\app.py","2785"
"kick_ankle","json-key","C:\DoAnTotNghiep\V-Shield-2.0\AI_Project\AI_An_Ninh\app.py","2786"
"kick_accel","json-key","C:\DoAnTotNghiep\V-Shield-2.0\AI_Project\AI_An_Ninh\app.py","2787"
"punch_wrist","json-key","C:\DoAnTotNghiep\V-Shield-2.0\AI_Project\AI_An_Ninh\app.py","2792"
"punch_accel","json-key","C:\DoAnTotNghiep\V-Shield-2.0\AI_Project\AI_An_Ninh\app.py","2793"
"kick_ankle","json-key","C:\DoAnTotNghiep\V-Shield-2.0\AI_Project\AI_An_Ninh\app.py","2794"
"kick_accel","json-key","C:\DoAnTotNghiep\V-Shield-2.0\AI_Project\AI_An_Ninh\app.py","2795"
"softmax_scores","py-func","C:\DoAnTotNghiep\V-Shield-2.0\AI_Project\AI_An_Ninh\app.py","2799"
"MMActionBehaviorEngine","py-class","C:\DoAnTotNghiep\V-Shield-2.0\AI_Project\AI_An_Ninh\app.py","2814"
"__init__","py-func","C:\DoAnTotNghiep\V-Shield-2.0\AI_Project\AI_An_Ninh\app.py","2815"
"_patch_missing_localizer","py-func","C:\DoAnTotNghiep\V-Shield-2.0\AI_Project\AI_An_Ninh\app.py","2833"
"DRN","py-class","C:\DoAnTotNghiep\V-Shield-2.0\AI_Project\AI_An_Ninh\app.py","2858"
"_crop_person","py-func","C:\DoAnTotNghiep\V-Shield-2.0\AI_Project\AI_An_Ninh\app.py","2863"
"_extract_label_scores","py-func","C:\DoAnTotNghiep\V-Shield-2.0\AI_Project\AI_An_Ninh\app.py","2883"
"_to_behavior_hint","py-func","C:\DoAnTotNghiep\V-Shield-2.0\AI_Project\AI_An_Ninh\app.py","2900"
"kind","json-key","C:\DoAnTotNghiep\V-Shield-2.0\AI_Project\AI_An_Ninh\app.py","2909"
"kind","json-key","C:\DoAnTotNghiep\V-Shield-2.0\AI_Project\AI_An_Ninh\app.py","2911"
"update_and_predict","py-func","C:\DoAnTotNghiep\V-Shield-2.0\AI_Project\AI_An_Ninh\app.py","2914"
"recent_hint","py-func","C:\DoAnTotNghiep\V-Shield-2.0\AI_Project\AI_An_Ninh\app.py","2917"
"reset","py-func","C:\DoAnTotNghiep\V-Shield-2.0\AI_Project\AI_An_Ninh\app.py","2970"
"open_capture","py-func","C:\DoAnTotNghiep\V-Shield-2.0\AI_Project\AI_An_Ninh\app.py","2980"
"webcam","json-key","C:\DoAnTotNghiep\V-Shield-2.0\AI_Project\AI_An_Ninh\app.py","2981"
"rtsp","json-key","C:\DoAnTotNghiep\V-Shield-2.0\AI_Project\AI_An_Ninh\app.py","2989"
"FallAlarmApp","py-class","C:\DoAnTotNghiep\V-Shield-2.0\AI_Project\AI_An_Ninh\app.py","3002"
"__init__","py-func","C:\DoAnTotNghiep\V-Shield-2.0\AI_Project\AI_An_Ninh\app.py","3003"
"_maybe_autostart_on_launch","py-func","C:\DoAnTotNghiep\V-Shield-2.0\AI_Project\AI_An_Ninh\app.py","3070"
"_set_status","py-func","C:\DoAnTotNghiep\V-Shield-2.0\AI_Project\AI_An_Ninh\app.py","3116"
"apply_status","py-func","C:\DoAnTotNghiep\V-Shield-2.0\AI_Project\AI_An_Ninh\app.py","3119"
"_timeline_now","py-func","C:\DoAnTotNghiep\V-Shield-2.0\AI_Project\AI_An_Ninh\app.py","3138"
"_reset_detection_state","py-func","C:\DoAnTotNghiep\V-Shield-2.0\AI_Project\AI_An_Ninh\app.py","3143"
"_prune_recent_fall_events","py-func","C:\DoAnTotNghiep\V-Shield-2.0\AI_Project\AI_An_Ninh\app.py","3168"
"_remember_recent_fall_event","py-func","C:\DoAnTotNghiep\V-Shield-2.0\AI_Project\AI_An_Ninh\app.py","3175"
"time","json-key","C:\DoAnTotNghiep\V-Shield-2.0\AI_Project\AI_An_Ninh\app.py","3190"
"track_id","json-key","C:\DoAnTotNghiep\V-Shield-2.0\AI_Project\AI_An_Ninh\app.py","3191"
"box","json-key","C:\DoAnTotNghiep\V-Shield-2.0\AI_Project\AI_An_Ninh\app.py","3192"
"center","json-key","C:\DoAnTotNghiep\V-Shield-2.0\AI_Project\AI_An_Ninh\app.py","3193"
"height","json-key","C:\DoAnTotNghiep\V-Shield-2.0\AI_Project\AI_An_Ninh\app.py","3194"
"aspect","json-key","C:\DoAnTotNghiep\V-Shield-2.0\AI_Project\AI_An_Ninh\app.py","3195"
"confidence","json-key","C:\DoAnTotNghiep\V-Shield-2.0\AI_Project\AI_An_Ninh\app.py","3196"
"grounded","json-key","C:\DoAnTotNghiep\V-Shield-2.0\AI_Project\AI_An_Ninh\app.py","3197"
"_match_recent_fall_event","py-func","C:\DoAnTotNghiep\V-Shield-2.0\AI_Project\AI_An_Ninh\app.py","3213"
"track_id","json-key","C:\DoAnTotNghiep\V-Shield-2.0\AI_Project\AI_An_Ninh\app.py","3248"
"time","json-key","C:\DoAnTotNghiep\V-Shield-2.0\AI_Project\AI_An_Ninh\app.py","3249"
"score","json-key","C:\DoAnTotNghiep\V-Shield-2.0\AI_Project\AI_An_Ninh\app.py","3250"
"grounded","json-key","C:\DoAnTotNghiep\V-Shield-2.0\AI_Project\AI_An_Ninh\app.py","3251"
"confidence","json-key","C:\DoAnTotNghiep\V-Shield-2.0\AI_Project\AI_An_Ninh\app.py","3252"
"_build_ui","py-func","C:\DoAnTotNghiep\V-Shield-2.0\AI_Project\AI_An_Ninh\app.py","3257"
"choose_video","py-func","C:\DoAnTotNghiep\V-Shield-2.0\AI_Project\AI_An_Ninh\app.py","3332"
"_on_seek_press","py-func","C:\DoAnTotNghiep\V-Shield-2.0\AI_Project\AI_An_Ninh\app.py","3344"
"_on_seek_move","py-func","C:\DoAnTotNghiep\V-Shield-2.0\AI_Project\AI_An_Ninh\app.py","3349"
"_on_seek_release","py-func","C:\DoAnTotNghiep\V-Shield-2.0\AI_Project\AI_An_Ninh\app.py","3357"
"_update_seek_label","py-func","C:\DoAnTotNghiep\V-Shield-2.0\AI_Project\AI_An_Ninh\app.py","3368"
"_format_timecode","py-func","C:\DoAnTotNghiep\V-Shield-2.0\AI_Project\AI_An_Ninh\app.py","3386"
"_resolve_source","py-func","C:\DoAnTotNghiep\V-Shield-2.0\AI_Project\AI_An_Ninh\app.py","3394"
"video","json-key","C:\DoAnTotNghiep\V-Shield-2.0\AI_Project\AI_An_Ninh\app.py","3396"
"_play_alarm_once","py-func","C:\DoAnTotNghiep\V-Shield-2.0\AI_Project\AI_An_Ninh\app.py","3419"
"_required_stable_frames","py-func","C:\DoAnTotNghiep\V-Shield-2.0\AI_Project\AI_An_Ninh\app.py","3432"
"_stabilize_action","py-func","C:\DoAnTotNghiep\V-Shield-2.0\AI_Project\AI_An_Ninh\app.py","3473"
"start","py-func","C:\DoAnTotNghiep\V-Shield-2.0\AI_Project\AI_An_Ninh\app.py","3577"
"file","json-key","C:\DoAnTotNghiep\V-Shield-2.0\AI_Project\AI_An_Ninh\app.py","3606"
"stop","py-func","C:\DoAnTotNghiep\V-Shield-2.0\AI_Project\AI_An_Ninh\app.py","3645"
"on_close","py-func","C:\DoAnTotNghiep\V-Shield-2.0\AI_Project\AI_An_Ninh\app.py","3661"
"_reconnect_capture","py-func","C:\DoAnTotNghiep\V-Shield-2.0\AI_Project\AI_An_Ninh\app.py","3665"
"_worker_loop","py-func","C:\DoAnTotNghiep\V-Shield-2.0\AI_Project\AI_An_Ninh\app.py","3677"
"file","json-key","C:\DoAnTotNghiep\V-Shield-2.0\AI_Project\AI_An_Ninh\app.py","3691"
"file","json-key","C:\DoAnTotNghiep\V-Shield-2.0\AI_Project\AI_An_Ninh\app.py","3724"
"_classify_person_fallback","py-func","C:\DoAnTotNghiep\V-Shield-2.0\AI_Project\AI_An_Ninh\app.py","3739"
"LYING","json-key","C:\DoAnTotNghiep\V-Shield-2.0\AI_Project\AI_An_Ninh\app.py","3804"
"UNKNOWN","json-key","C:\DoAnTotNghiep\V-Shield-2.0\AI_Project\AI_An_Ninh\app.py","3978"
"action","json-key","C:\DoAnTotNghiep\V-Shield-2.0\AI_Project\AI_An_Ninh\app.py","3983"
"color","json-key","C:\DoAnTotNghiep\V-Shield-2.0\AI_Project\AI_An_Ninh\app.py","3984"
"danger","json-key","C:\DoAnTotNghiep\V-Shield-2.0\AI_Project\AI_An_Ninh\app.py","3985"
"save_frame","json-key","C:\DoAnTotNghiep\V-Shield-2.0\AI_Project\AI_An_Ninh\app.py","3986"
"interaction","json-key","C:\DoAnTotNghiep\V-Shield-2.0\AI_Project\AI_An_Ninh\app.py","3987"
"head","json-key","C:\DoAnTotNghiep\V-Shield-2.0\AI_Project\AI_An_Ninh\app.py","3988"
"torso_mid","json-key","C:\DoAnTotNghiep\V-Shield-2.0\AI_Project\AI_An_Ninh\app.py","3989"
"shoulder_mid","json-key","C:\DoAnTotNghiep\V-Shield-2.0\AI_Project\AI_An_Ninh\app.py","3990"
"left_wrist","json-key","C:\DoAnTotNghiep\V-Shield-2.0\AI_Project\AI_An_Ninh\app.py","3991"
"right_wrist","json-key","C:\DoAnTotNghiep\V-Shield-2.0\AI_Project\AI_An_Ninh\app.py","3992"
"left_ankle","json-key","C:\DoAnTotNghiep\V-Shield-2.0\AI_Project\AI_An_Ninh\app.py","3993"
"right_ankle","json-key","C:\DoAnTotNghiep\V-Shield-2.0\AI_Project\AI_An_Ninh\app.py","3994"
"left_elbow","json-key","C:\DoAnTotNghiep\V-Shield-2.0\AI_Project\AI_An_Ninh\app.py","3995"
"right_elbow","json-key","C:\DoAnTotNghiep\V-Shield-2.0\AI_Project\AI_An_Ninh\app.py","3996"
"left_shoulder","json-key","C:\DoAnTotNghiep\V-Shield-2.0\AI_Project\AI_An_Ninh\app.py","3997"
"right_shoulder","json-key","C:\DoAnTotNghiep\V-Shield-2.0\AI_Project\AI_An_Ninh\app.py","3998"
"hip_mid","json-key","C:\DoAnTotNghiep\V-Shield-2.0\AI_Project\AI_An_Ninh\app.py","3999"
"left_elbow_angle","json-key","C:\DoAnTotNghiep\V-Shield-2.0\AI_Project\AI_An_Ninh\app.py","4000"
"right_elbow_angle","json-key","C:\DoAnTotNghiep\V-Shield-2.0\AI_Project\AI_An_Ninh\app.py","4001"
"left_wrist_speed","json-key","C:\DoAnTotNghiep\V-Shield-2.0\AI_Project\AI_An_Ninh\app.py","4002"
"right_wrist_speed","json-key","C:\DoAnTotNghiep\V-Shield-2.0\AI_Project\AI_An_Ninh\app.py","4003"
"motion_score","json-key","C:\DoAnTotNghiep\V-Shield-2.0\AI_Project\AI_An_Ninh\app.py","4004"
"punch_detected","json-key","C:\DoAnTotNghiep\V-Shield-2.0\AI_Project\AI_An_Ninh\app.py","4005"
"kick_detected","json-key","C:\DoAnTotNghiep\V-Shield-2.0\AI_Project\AI_An_Ninh\app.py","4006"
"guard_ratio","json-key","C:\DoAnTotNghiep\V-Shield-2.0\AI_Project\AI_An_Ninh\app.py","4007"
"combat_energy","json-key","C:\DoAnTotNghiep\V-Shield-2.0\AI_Project\AI_An_Ninh\app.py","4008"
"combat_move","json-key","C:\DoAnTotNghiep\V-Shield-2.0\AI_Project\AI_An_Ninh\app.py","4009"
"center","json-key","C:\DoAnTotNghiep\V-Shield-2.0\AI_Project\AI_An_Ninh\app.py","4010"
"center_velocity","json-key","C:\DoAnTotNghiep\V-Shield-2.0\AI_Project\AI_An_Ninh\app.py","4011"
"height","json-key","C:\DoAnTotNghiep\V-Shield-2.0\AI_Project\AI_An_Ninh\app.py","4015"
"posture","json-key","C:\DoAnTotNghiep\V-Shield-2.0\AI_Project\AI_An_Ninh\app.py","4016"
"is_sitting","json-key","C:\DoAnTotNghiep\V-Shield-2.0\AI_Project\AI_An_Ninh\app.py","4017"
"lower_valid","json-key","C:\DoAnTotNghiep\V-Shield-2.0\AI_Project\AI_An_Ninh\app.py","4018"
"upper_valid","json-key","C:\DoAnTotNghiep\V-Shield-2.0\AI_Project\AI_An_Ninh\app.py","4019"
"head_valid","json-key","C:\DoAnTotNghiep\V-Shield-2.0\AI_Project\AI_An_Ninh\app.py","4020"
"full_body_visible","json-key","C:\DoAnTotNghiep\V-Shield-2.0\AI_Project\AI_An_Ninh\app.py","4021"
"edge_guard","json-key","C:\DoAnTotNghiep\V-Shield-2.0\AI_Project\AI_An_Ninh\app.py","4022"
"bbox","json-key","C:\DoAnTotNghiep\V-Shield-2.0\AI_Project\AI_An_Ninh\app.py","4023"
"keypoints_dict","json-key","C:\DoAnTotNghiep\V-Shield-2.0\AI_Project\AI_An_Ninh\app.py","4024"
"head","json-key","C:\DoAnTotNghiep\V-Shield-2.0\AI_Project\AI_An_Ninh\app.py","4025"
"neck","json-key","C:\DoAnTotNghiep\V-Shield-2.0\AI_Project\AI_An_Ninh\app.py","4026"
"left_shoulder","json-key","C:\DoAnTotNghiep\V-Shield-2.0\AI_Project\AI_An_Ninh\app.py","4027"
"right_shoulder","json-key","C:\DoAnTotNghiep\V-Shield-2.0\AI_Project\AI_An_Ninh\app.py","4028"
"left_elbow","json-key","C:\DoAnTotNghiep\V-Shield-2.0\AI_Project\AI_An_Ninh\app.py","4029"
"right_elbow","json-key","C:\DoAnTotNghiep\V-Shield-2.0\AI_Project\AI_An_Ninh\app.py","4030"
"left_wrist","json-key","C:\DoAnTotNghiep\V-Shield-2.0\AI_Project\AI_An_Ninh\app.py","4031"
"right_wrist","json-key","C:\DoAnTotNghiep\V-Shield-2.0\AI_Project\AI_An_Ninh\app.py","4032"
"left_hip","json-key","C:\DoAnTotNghiep\V-Shield-2.0\AI_Project\AI_An_Ninh\app.py","4033"
"right_hip","json-key","C:\DoAnTotNghiep\V-Shield-2.0\AI_Project\AI_An_Ninh\app.py","4034"
"left_knee","json-key","C:\DoAnTotNghiep\V-Shield-2.0\AI_Project\AI_An_Ninh\app.py","4035"
"right_knee","json-key","C:\DoAnTotNghiep\V-Shield-2.0\AI_Project\AI_An_Ninh\app.py","4036"
"left_ankle","json-key","C:\DoAnTotNghiep\V-Shield-2.0\AI_Project\AI_An_Ninh\app.py","4037"
"right_ankle","json-key","C:\DoAnTotNghiep\V-Shield-2.0\AI_Project\AI_An_Ninh\app.py","4038"
"guard_pose","json-key","C:\DoAnTotNghiep\V-Shield-2.0\AI_Project\AI_An_Ninh\app.py","4040"
"hold_pose","json-key","C:\DoAnTotNghiep\V-Shield-2.0\AI_Project\AI_An_Ninh\app.py","4041"
"mmaction_kind","json-key","C:\DoAnTotNghiep\V-Shield-2.0\AI_Project\AI_An_Ninh\app.py","4042"
"mmaction_score","json-key","C:\DoAnTotNghiep\V-Shield-2.0\AI_Project\AI_An_Ninh\app.py","4043"
"mmaction_fight_ratio","json-key","C:\DoAnTotNghiep\V-Shield-2.0\AI_Project\AI_An_Ninh\app.py","4044"
"camera_motion_rel","json-key","C:\DoAnTotNghiep\V-Shield-2.0\AI_Project\AI_An_Ninh\app.py","4045"
"fall_motion_event","json-key","C:\DoAnTotNghiep\V-Shield-2.0\AI_Project\AI_An_Ninh\app.py","4046"
"fall_evidence_ratio","json-key","C:\DoAnTotNghiep\V-Shield-2.0\AI_Project\AI_An_Ninh\app.py","4047"
"metrics","json-key","C:\DoAnTotNghiep\V-Shield-2.0\AI_Project\AI_An_Ninh\app.py","4049"
"angle","json-key","C:\DoAnTotNghiep\V-Shield-2.0\AI_Project\AI_An_Ninh\app.py","4050"
"speed","json-key","C:\DoAnTotNghiep\V-Shield-2.0\AI_Project\AI_An_Ninh\app.py","4051"
"ankle_motion","json-key","C:\DoAnTotNghiep\V-Shield-2.0\AI_Project\AI_An_Ninh\app.py","4052"
"motion_score","json-key","C:\DoAnTotNghiep\V-Shield-2.0\AI_Project\AI_An_Ninh\app.py","4053"
"knee","json-key","C:\DoAnTotNghiep\V-Shield-2.0\AI_Project\AI_An_Ninh\app.py","4054"
"leg_ext","json-key","C:\DoAnTotNghiep\V-Shield-2.0\AI_Project\AI_An_Ninh\app.py","4055"
"posture","json-key","C:\DoAnTotNghiep\V-Shield-2.0\AI_Project\AI_An_Ninh\app.py","4056"
"sitting_score","json-key","C:\DoAnTotNghiep\V-Shield-2.0\AI_Project\AI_An_Ninh\app.py","4057"
"height","json-key","C:\DoAnTotNghiep\V-Shield-2.0\AI_Project\AI_An_Ninh\app.py","4058"
"bbox_aspect","json-key","C:\DoAnTotNghiep\V-Shield-2.0\AI_Project\AI_An_Ninh\app.py","4059"
"hip_knee_rel","json-key","C:\DoAnTotNghiep\V-Shield-2.0\AI_Project\AI_An_Ninh\app.py","4060"
"hip_vspeed","json-key","C:\DoAnTotNghiep\V-Shield-2.0\AI_Project\AI_An_Ninh\app.py","4061"
"ankle_span","json-key","C:\DoAnTotNghiep\V-Shield-2.0\AI_Project\AI_An_Ninh\app.py","4062"
"gait_alt_ratio","json-key","C:\DoAnTotNghiep\V-Shield-2.0\AI_Project\AI_An_Ninh\app.py","4063"
"gait_cadence_walk","json-key","C:\DoAnTotNghiep\V-Shield-2.0\AI_Project\AI_An_Ninh\app.py","4064"
"gait_cadence_run","json-key","C:\DoAnTotNghiep\V-Shield-2.0\AI_Project\AI_An_Ninh\app.py","4065"
"avg_knee_flex","json-key","C:\DoAnTotNghiep\V-Shield-2.0\AI_Project\AI_An_Ninh\app.py","4066"
"knee_flex_trend","json-key","C:\DoAnTotNghiep\V-Shield-2.0\AI_Project\AI_An_Ninh\app.py","4067"
"hip_knee_rel_trend","json-key","C:\DoAnTotNghiep\V-Shield-2.0\AI_Project\AI_An_Ninh\app.py","4068"
"knee_diff_osc","json-key","C:\DoAnTotNghiep\V-Shield-2.0\AI_Project\AI_An_Ninh\app.py","4069"
"wrist_speed","json-key","C:\DoAnTotNghiep\V-Shield-2.0\AI_Project\AI_An_Ninh\app.py","4070"
"wrist_accel","json-key","C:\DoAnTotNghiep\V-Shield-2.0\AI_Project\AI_An_Ninh\app.py","4071"
"ankle_speed","json-key","C:\DoAnTotNghiep\V-Shield-2.0\AI_Project\AI_An_Ninh\app.py","4072"
"ankle_accel","json-key","C:\DoAnTotNghiep\V-Shield-2.0\AI_Project\AI_An_Ninh\app.py","4073"
"elbow_ext","json-key","C:\DoAnTotNghiep\V-Shield-2.0\AI_Project\AI_An_Ninh\app.py","4074"
"knee_ext","json-key","C:\DoAnTotNghiep\V-Shield-2.0\AI_Project\AI_An_Ninh\app.py","4075"
"guard_score","json-key","C:\DoAnTotNghiep\V-Shield-2.0\AI_Project\AI_An_Ninh\app.py","4076"
"guard_ratio","json-key","C:\DoAnTotNghiep\V-Shield-2.0\AI_Project\AI_An_Ninh\app.py","4077"
"combat_energy","json-key","C:\DoAnTotNghiep\V-Shield-2.0\AI_Project\AI_An_Ninh\app.py","4078"
"combat_move","json-key","C:\DoAnTotNghiep\V-Shield-2.0\AI_Project\AI_An_Ninh\app.py","4079"
"hold_ratio","json-key","C:\DoAnTotNghiep\V-Shield-2.0\AI_Project\AI_An_Ninh\app.py","4080"
"hold_persist","json-key","C:\DoAnTotNghiep\V-Shield-2.0\AI_Project\AI_An_Ninh\app.py","4081"
"punch_detected","json-key","C:\DoAnTotNghiep\V-Shield-2.0\AI_Project\AI_An_Ninh\app.py","4082"
"kick_detected","json-key","C:\DoAnTotNghiep\V-Shield-2.0\AI_Project\AI_An_Ninh\app.py","4083"
"seated_shape_hint","json-key","C:\DoAnTotNghiep\V-Shield-2.0\AI_Project\AI_An_Ninh\app.py","4084"
"sit_down_intent","json-key","C:\DoAnTotNghiep\V-Shield-2.0\AI_Project\AI_An_Ninh\app.py","4085"
"stand_up_intent","json-key","C:\DoAnTotNghiep\V-Shield-2.0\AI_Project\AI_An_Ninh\app.py","4086"
"transition_phase","json-key","C:\DoAnTotNghiep\V-Shield-2.0\AI_Project\AI_An_Ninh\app.py","4087"
"decision_confidence","json-key","C:\DoAnTotNghiep\V-Shield-2.0\AI_Project\AI_An_Ninh\app.py","4088"
"raw_action","json-key","C:\DoAnTotNghiep\V-Shield-2.0\AI_Project\AI_An_Ninh\app.py","4089"
"mmaction_fight_ratio","json-key","C:\DoAnTotNghiep\V-Shield-2.0\AI_Project\AI_An_Ninh\app.py","4090"
"camera_motion_rel","json-key","C:\DoAnTotNghiep\V-Shield-2.0\AI_Project\AI_An_Ninh\app.py","4091"
"fall_motion_event","json-key","C:\DoAnTotNghiep\V-Shield-2.0\AI_Project\AI_An_Ninh\app.py","4092"
"fall_evidence_ratio","json-key","C:\DoAnTotNghiep\V-Shield-2.0\AI_Project\AI_An_Ninh\app.py","4093"
"edge_guard","json-key","C:\DoAnTotNghiep\V-Shield-2.0\AI_Project\AI_An_Ninh\app.py","4094"
"full_body_visible","json-key","C:\DoAnTotNghiep\V-Shield-2.0\AI_Project\AI_An_Ninh\app.py","4095"
"recent_fall_match","json-key","C:\DoAnTotNghiep\V-Shield-2.0\AI_Project\AI_An_Ninh\app.py","4096"
"grounded_fall","json-key","C:\DoAnTotNghiep\V-Shield-2.0\AI_Project\AI_An_Ninh\app.py","4097"
"_classify_person","py-func","C:\DoAnTotNghiep\V-Shield-2.0\AI_Project\AI_An_Ninh\app.py","4101"
"LYING","json-key","C:\DoAnTotNghiep\V-Shield-2.0\AI_Project\AI_An_Ninh\app.py","4397"
"LYING","json-key","C:\DoAnTotNghiep\V-Shield-2.0\AI_Project\AI_An_Ninh\app.py","4485"
"TO_SIT","json-key","C:\DoAnTotNghiep\V-Shield-2.0\AI_Project\AI_An_Ninh\app.py","4486"
"LYING","json-key","C:\DoAnTotNghiep\V-Shield-2.0\AI_Project\AI_An_Ninh\app.py","4489"
"TO_STAND","json-key","C:\DoAnTotNghiep\V-Shield-2.0\AI_Project\AI_An_Ninh\app.py","4490"
"NONE","json-key","C:\DoAnTotNghiep\V-Shield-2.0\AI_Project\AI_An_Ninh\app.py","4493"
"LYING","json-key","C:\DoAnTotNghiep\V-Shield-2.0\AI_Project\AI_An_Ninh\app.py","4552"
"LYING","json-key","C:\DoAnTotNghiep\V-Shield-2.0\AI_Project\AI_An_Ninh\app.py","4707"
"LYING","json-key","C:\DoAnTotNghiep\V-Shield-2.0\AI_Project\AI_An_Ninh\app.py","4819"
"LYING","json-key","C:\DoAnTotNghiep\V-Shield-2.0\AI_Project\AI_An_Ninh\app.py","4834"
"LYING","json-key","C:\DoAnTotNghiep\V-Shield-2.0\AI_Project\AI_An_Ninh\app.py","4846"
"NORMAL","json-key","C:\DoAnTotNghiep\V-Shield-2.0\AI_Project\AI_An_Ninh\app.py","4856"
"TO_STAND","json-key","C:\DoAnTotNghiep\V-Shield-2.0\AI_Project\AI_An_Ninh\app.py","4878"
"TO_SIT","json-key","C:\DoAnTotNghiep\V-Shield-2.0\AI_Project\AI_An_Ninh\app.py","4939"
"LYING","json-key","C:\DoAnTotNghiep\V-Shield-2.0\AI_Project\AI_An_Ninh\app.py","4954"
"LYING","json-key","C:\DoAnTotNghiep\V-Shield-2.0\AI_Project\AI_An_Ninh\app.py","5074"
"TO_SIT","json-key","C:\DoAnTotNghiep\V-Shield-2.0\AI_Project\AI_An_Ninh\app.py","5107"
"TO_STAND","json-key","C:\DoAnTotNghiep\V-Shield-2.0\AI_Project\AI_An_Ninh\app.py","5110"
"TO_SIT","json-key","C:\DoAnTotNghiep\V-Shield-2.0\AI_Project\AI_An_Ninh\app.py","5272"
"TO_STAND","json-key","C:\DoAnTotNghiep\V-Shield-2.0\AI_Project\AI_An_Ninh\app.py","5275"
"UNKNOWN","json-key","C:\DoAnTotNghiep\V-Shield-2.0\AI_Project\AI_An_Ninh\app.py","5293"
"action","json-key","C:\DoAnTotNghiep\V-Shield-2.0\AI_Project\AI_An_Ninh\app.py","5307"
"color","json-key","C:\DoAnTotNghiep\V-Shield-2.0\AI_Project\AI_An_Ninh\app.py","5308"
"danger","json-key","C:\DoAnTotNghiep\V-Shield-2.0\AI_Project\AI_An_Ninh\app.py","5309"
"save_frame","json-key","C:\DoAnTotNghiep\V-Shield-2.0\AI_Project\AI_An_Ninh\app.py","5310"
"interaction","json-key","C:\DoAnTotNghiep\V-Shield-2.0\AI_Project\AI_An_Ninh\app.py","5311"
"head","json-key","C:\DoAnTotNghiep\V-Shield-2.0\AI_Project\AI_An_Ninh\app.py","5312"
"torso_mid","json-key","C:\DoAnTotNghiep\V-Shield-2.0\AI_Project\AI_An_Ninh\app.py","5313"
"shoulder_mid","json-key","C:\DoAnTotNghiep\V-Shield-2.0\AI_Project\AI_An_Ninh\app.py","5314"
"left_wrist","json-key","C:\DoAnTotNghiep\V-Shield-2.0\AI_Project\AI_An_Ninh\app.py","5315"
"right_wrist","json-key","C:\DoAnTotNghiep\V-Shield-2.0\AI_Project\AI_An_Ninh\app.py","5316"
"left_ankle","json-key","C:\DoAnTotNghiep\V-Shield-2.0\AI_Project\AI_An_Ninh\app.py","5317"
"right_ankle","json-key","C:\DoAnTotNghiep\V-Shield-2.0\AI_Project\AI_An_Ninh\app.py","5318"
"left_elbow","json-key","C:\DoAnTotNghiep\V-Shield-2.0\AI_Project\AI_An_Ninh\app.py","5319"
"right_elbow","json-key","C:\DoAnTotNghiep\V-Shield-2.0\AI_Project\AI_An_Ninh\app.py","5320"
"left_shoulder","json-key","C:\DoAnTotNghiep\V-Shield-2.0\AI_Project\AI_An_Ninh\app.py","5321"
"right_shoulder","json-key","C:\DoAnTotNghiep\V-Shield-2.0\AI_Project\AI_An_Ninh\app.py","5322"
"hip_mid","json-key","C:\DoAnTotNghiep\V-Shield-2.0\AI_Project\AI_An_Ninh\app.py","5323"
"left_elbow_angle","json-key","C:\DoAnTotNghiep\V-Shield-2.0\AI_Project\AI_An_Ninh\app.py","5324"
"right_elbow_angle","json-key","C:\DoAnTotNghiep\V-Shield-2.0\AI_Project\AI_An_Ninh\app.py","5325"
"left_wrist_speed","json-key","C:\DoAnTotNghiep\V-Shield-2.0\AI_Project\AI_An_Ninh\app.py","5326"
"right_wrist_speed","json-key","C:\DoAnTotNghiep\V-Shield-2.0\AI_Project\AI_An_Ninh\app.py","5327"
"motion_score","json-key","C:\DoAnTotNghiep\V-Shield-2.0\AI_Project\AI_An_Ninh\app.py","5328"
"punch_detected","json-key","C:\DoAnTotNghiep\V-Shield-2.0\AI_Project\AI_An_Ninh\app.py","5329"
"kick_detected","json-key","C:\DoAnTotNghiep\V-Shield-2.0\AI_Project\AI_An_Ninh\app.py","5330"
"guard_ratio","json-key","C:\DoAnTotNghiep\V-Shield-2.0\AI_Project\AI_An_Ninh\app.py","5331"
"combat_energy","json-key","C:\DoAnTotNghiep\V-Shield-2.0\AI_Project\AI_An_Ninh\app.py","5332"
"combat_move","json-key","C:\DoAnTotNghiep\V-Shield-2.0\AI_Project\AI_An_Ninh\app.py","5333"
"center","json-key","C:\DoAnTotNghiep\V-Shield-2.0\AI_Project\AI_An_Ninh\app.py","5334"
"center_velocity","json-key","C:\DoAnTotNghiep\V-Shield-2.0\AI_Project\AI_An_Ninh\app.py","5335"
"height","json-key","C:\DoAnTotNghiep\V-Shield-2.0\AI_Project\AI_An_Ninh\app.py","5336"
"posture","json-key","C:\DoAnTotNghiep\V-Shield-2.0\AI_Project\AI_An_Ninh\app.py","5337"
"is_sitting","json-key","C:\DoAnTotNghiep\V-Shield-2.0\AI_Project\AI_An_Ninh\app.py","5338"
"lower_valid","json-key","C:\DoAnTotNghiep\V-Shield-2.0\AI_Project\AI_An_Ninh\app.py","5339"
"upper_valid","json-key","C:\DoAnTotNghiep\V-Shield-2.0\AI_Project\AI_An_Ninh\app.py","5340"
"head_valid","json-key","C:\DoAnTotNghiep\V-Shield-2.0\AI_Project\AI_An_Ninh\app.py","5341"
"full_body_visible","json-key","C:\DoAnTotNghiep\V-Shield-2.0\AI_Project\AI_An_Ninh\app.py","5342"
"edge_guard","json-key","C:\DoAnTotNghiep\V-Shield-2.0\AI_Project\AI_An_Ninh\app.py","5343"
"bbox","json-key","C:\DoAnTotNghiep\V-Shield-2.0\AI_Project\AI_An_Ninh\app.py","5344"
"keypoints_dict","json-key","C:\DoAnTotNghiep\V-Shield-2.0\AI_Project\AI_An_Ninh\app.py","5345"
"head","json-key","C:\DoAnTotNghiep\V-Shield-2.0\AI_Project\AI_An_Ninh\app.py","5346"
"neck","json-key","C:\DoAnTotNghiep\V-Shield-2.0\AI_Project\AI_An_Ninh\app.py","5347"
"left_shoulder","json-key","C:\DoAnTotNghiep\V-Shield-2.0\AI_Project\AI_An_Ninh\app.py","5348"
"right_shoulder","json-key","C:\DoAnTotNghiep\V-Shield-2.0\AI_Project\AI_An_Ninh\app.py","5349"
"left_elbow","json-key","C:\DoAnTotNghiep\V-Shield-2.0\AI_Project\AI_An_Ninh\app.py","5350"
"right_elbow","json-key","C:\DoAnTotNghiep\V-Shield-2.0\AI_Project\AI_An_Ninh\app.py","5351"
"left_wrist","json-key","C:\DoAnTotNghiep\V-Shield-2.0\AI_Project\AI_An_Ninh\app.py","5352"
"right_wrist","json-key","C:\DoAnTotNghiep\V-Shield-2.0\AI_Project\AI_An_Ninh\app.py","5353"
"left_hip","json-key","C:\DoAnTotNghiep\V-Shield-2.0\AI_Project\AI_An_Ninh\app.py","5354"
"right_hip","json-key","C:\DoAnTotNghiep\V-Shield-2.0\AI_Project\AI_An_Ninh\app.py","5355"
"left_knee","json-key","C:\DoAnTotNghiep\V-Shield-2.0\AI_Project\AI_An_Ninh\app.py","5356"
"right_knee","json-key","C:\DoAnTotNghiep\V-Shield-2.0\AI_Project\AI_An_Ninh\app.py","5357"
"left_ankle","json-key","C:\DoAnTotNghiep\V-Shield-2.0\AI_Project\AI_An_Ninh\app.py","5358"
"right_ankle","json-key","C:\DoAnTotNghiep\V-Shield-2.0\AI_Project\AI_An_Ninh\app.py","5359"
"guard_pose","json-key","C:\DoAnTotNghiep\V-Shield-2.0\AI_Project\AI_An_Ninh\app.py","5361"
"hold_pose","json-key","C:\DoAnTotNghiep\V-Shield-2.0\AI_Project\AI_An_Ninh\app.py","5362"
"mmaction_kind","json-key","C:\DoAnTotNghiep\V-Shield-2.0\AI_Project\AI_An_Ninh\app.py","5363"
"mmaction_score","json-key","C:\DoAnTotNghiep\V-Shield-2.0\AI_Project\AI_An_Ninh\app.py","5364"
"metrics","json-key","C:\DoAnTotNghiep\V-Shield-2.0\AI_Project\AI_An_Ninh\app.py","5366"
"angle","json-key","C:\DoAnTotNghiep\V-Shield-2.0\AI_Project\AI_An_Ninh\app.py","5367"
"speed","json-key","C:\DoAnTotNghiep\V-Shield-2.0\AI_Project\AI_An_Ninh\app.py","5368"
"ankle_motion","json-key","C:\DoAnTotNghiep\V-Shield-2.0\AI_Project\AI_An_Ninh\app.py","5369"
"motion_score","json-key","C:\DoAnTotNghiep\V-Shield-2.0\AI_Project\AI_An_Ninh\app.py","5370"
"knee","json-key","C:\DoAnTotNghiep\V-Shield-2.0\AI_Project\AI_An_Ninh\app.py","5371"
"leg_ext","json-key","C:\DoAnTotNghiep\V-Shield-2.0\AI_Project\AI_An_Ninh\app.py","5372"
"posture","json-key","C:\DoAnTotNghiep\V-Shield-2.0\AI_Project\AI_An_Ninh\app.py","5373"
"sitting_score","json-key","C:\DoAnTotNghiep\V-Shield-2.0\AI_Project\AI_An_Ninh\app.py","5374"
"height","json-key","C:\DoAnTotNghiep\V-Shield-2.0\AI_Project\AI_An_Ninh\app.py","5375"
"bbox_aspect","json-key","C:\DoAnTotNghiep\V-Shield-2.0\AI_Project\AI_An_Ninh\app.py","5376"
"hip_knee_rel","json-key","C:\DoAnTotNghiep\V-Shield-2.0\AI_Project\AI_An_Ninh\app.py","5377"
"hip_vspeed","json-key","C:\DoAnTotNghiep\V-Shield-2.0\AI_Project\AI_An_Ninh\app.py","5378"
"ankle_span","json-key","C:\DoAnTotNghiep\V-Shield-2.0\AI_Project\AI_An_Ninh\app.py","5379"
"gait_alt_ratio","json-key","C:\DoAnTotNghiep\V-Shield-2.0\AI_Project\AI_An_Ninh\app.py","5380"
"gait_cadence_walk","json-key","C:\DoAnTotNghiep\V-Shield-2.0\AI_Project\AI_An_Ninh\app.py","5381"
"gait_cadence_run","json-key","C:\DoAnTotNghiep\V-Shield-2.0\AI_Project\AI_An_Ninh\app.py","5382"
"travel_disp_rel","json-key","C:\DoAnTotNghiep\V-Shield-2.0\AI_Project\AI_An_Ninh\app.py","5383"
"travel_path_rel","json-key","C:\DoAnTotNghiep\V-Shield-2.0\AI_Project\AI_An_Ninh\app.py","5384"
"travel_linearity","json-key","C:\DoAnTotNghiep\V-Shield-2.0\AI_Project\AI_An_Ninh\app.py","5385"
"avg_knee_flex","json-key","C:\DoAnTotNghiep\V-Shield-2.0\AI_Project\AI_An_Ninh\app.py","5386"
"knee_flex_trend","json-key","C:\DoAnTotNghiep\V-Shield-2.0\AI_Project\AI_An_Ninh\app.py","5387"
"hip_knee_rel_trend","json-key","C:\DoAnTotNghiep\V-Shield-2.0\AI_Project\AI_An_Ninh\app.py","5388"
"knee_diff_osc","json-key","C:\DoAnTotNghiep\V-Shield-2.0\AI_Project\AI_An_Ninh\app.py","5389"
"wrist_speed","json-key","C:\DoAnTotNghiep\V-Shield-2.0\AI_Project\AI_An_Ninh\app.py","5390"
"wrist_accel","json-key","C:\DoAnTotNghiep\V-Shield-2.0\AI_Project\AI_An_Ninh\app.py","5391"
"ankle_speed","json-key","C:\DoAnTotNghiep\V-Shield-2.0\AI_Project\AI_An_Ninh\app.py","5392"
"ankle_accel","json-key","C:\DoAnTotNghiep\V-Shield-2.0\AI_Project\AI_An_Ninh\app.py","5393"
"elbow_ext","json-key","C:\DoAnTotNghiep\V-Shield-2.0\AI_Project\AI_An_Ninh\app.py","5394"
"knee_ext","json-key","C:\DoAnTotNghiep\V-Shield-2.0\AI_Project\AI_An_Ninh\app.py","5395"
"guard_score","json-key","C:\DoAnTotNghiep\V-Shield-2.0\AI_Project\AI_An_Ninh\app.py","5396"
"guard_ratio","json-key","C:\DoAnTotNghiep\V-Shield-2.0\AI_Project\AI_An_Ninh\app.py","5397"
"combat_energy","json-key","C:\DoAnTotNghiep\V-Shield-2.0\AI_Project\AI_An_Ninh\app.py","5398"
"combat_move","json-key","C:\DoAnTotNghiep\V-Shield-2.0\AI_Project\AI_An_Ninh\app.py","5399"
"hold_ratio","json-key","C:\DoAnTotNghiep\V-Shield-2.0\AI_Project\AI_An_Ninh\app.py","5400"
"hold_persist","json-key","C:\DoAnTotNghiep\V-Shield-2.0\AI_Project\AI_An_Ninh\app.py","5401"
"punch_detected","json-key","C:\DoAnTotNghiep\V-Shield-2.0\AI_Project\AI_An_Ninh\app.py","5402"
"kick_detected","json-key","C:\DoAnTotNghiep\V-Shield-2.0\AI_Project\AI_An_Ninh\app.py","5403"
"seated_shape_hint","json-key","C:\DoAnTotNghiep\V-Shield-2.0\AI_Project\AI_An_Ninh\app.py","5404"
"sit_down_intent","json-key","C:\DoAnTotNghiep\V-Shield-2.0\AI_Project\AI_An_Ninh\app.py","5405"
"stand_up_intent","json-key","C:\DoAnTotNghiep\V-Shield-2.0\AI_Project\AI_An_Ninh\app.py","5406"
"transition_phase","json-key","C:\DoAnTotNghiep\V-Shield-2.0\AI_Project\AI_An_Ninh\app.py","5407"
"decision_confidence","json-key","C:\DoAnTotNghiep\V-Shield-2.0\AI_Project\AI_An_Ninh\app.py","5408"
"raw_action","json-key","C:\DoAnTotNghiep\V-Shield-2.0\AI_Project\AI_An_Ninh\app.py","5409"
"mmaction_fight_ratio","json-key","C:\DoAnTotNghiep\V-Shield-2.0\AI_Project\AI_An_Ninh\app.py","5410"
"camera_motion_rel","json-key","C:\DoAnTotNghiep\V-Shield-2.0\AI_Project\AI_An_Ninh\app.py","5411"
"edge_guard","json-key","C:\DoAnTotNghiep\V-Shield-2.0\AI_Project\AI_An_Ninh\app.py","5412"
"full_body_visible","json-key","C:\DoAnTotNghiep\V-Shield-2.0\AI_Project\AI_An_Ninh\app.py","5413"
"clear_fall_evidence","json-key","C:\DoAnTotNghiep\V-Shield-2.0\AI_Project\AI_An_Ninh\app.py","5414"
"grounded_fall","json-key","C:\DoAnTotNghiep\V-Shield-2.0\AI_Project\AI_An_Ninh\app.py","5415"
"recent_fall_match","json-key","C:\DoAnTotNghiep\V-Shield-2.0\AI_Project\AI_An_Ninh\app.py","5416"
"lower_valid","json-key","C:\DoAnTotNghiep\V-Shield-2.0\AI_Project\AI_An_Ninh\app.py","5417"
"upper_valid","json-key","C:\DoAnTotNghiep\V-Shield-2.0\AI_Project\AI_An_Ninh\app.py","5418"
"head_valid","json-key","C:\DoAnTotNghiep\V-Shield-2.0\AI_Project\AI_An_Ninh\app.py","5419"
"body_stack_rel","json-key","C:\DoAnTotNghiep\V-Shield-2.0\AI_Project\AI_An_Ninh\app.py","5420"
"_detect_bullying_interactions","py-func","C:\DoAnTotNghiep\V-Shield-2.0\AI_Project\AI_An_Ninh\app.py","5424"
"LYING","json-key","C:\DoAnTotNghiep\V-Shield-2.0\AI_Project\AI_An_Ninh\app.py","5549"
"score","json-key","C:\DoAnTotNghiep\V-Shield-2.0\AI_Project\AI_An_Ninh\app.py","5848"
"target_id","json-key","C:\DoAnTotNghiep\V-Shield-2.0\AI_Project\AI_An_Ninh\app.py","5849"
"label","json-key","C:\DoAnTotNghiep\V-Shield-2.0\AI_Project\AI_An_Ninh\app.py","5850"
"score","json-key","C:\DoAnTotNghiep\V-Shield-2.0\AI_Project\AI_An_Ninh\app.py","5863"
"target_id","json-key","C:\DoAnTotNghiep\V-Shield-2.0\AI_Project\AI_An_Ninh\app.py","5864"
"label","json-key","C:\DoAnTotNghiep\V-Shield-2.0\AI_Project\AI_An_Ninh\app.py","5865"
"score","json-key","C:\DoAnTotNghiep\V-Shield-2.0\AI_Project\AI_An_Ninh\app.py","5875"
"target_id","json-key","C:\DoAnTotNghiep\V-Shield-2.0\AI_Project\AI_An_Ninh\app.py","5876"
"label","json-key","C:\DoAnTotNghiep\V-Shield-2.0\AI_Project\AI_An_Ninh\app.py","5877"
"score","json-key","C:\DoAnTotNghiep\V-Shield-2.0\AI_Project\AI_An_Ninh\app.py","5890"
"target_id","json-key","C:\DoAnTotNghiep\V-Shield-2.0\AI_Project\AI_An_Ninh\app.py","5891"
"label","json-key","C:\DoAnTotNghiep\V-Shield-2.0\AI_Project\AI_An_Ninh\app.py","5892"
"label","json-key","C:\DoAnTotNghiep\V-Shield-2.0\AI_Project\AI_An_Ninh\app.py","5932"
"target_id","json-key","C:\DoAnTotNghiep\V-Shield-2.0\AI_Project\AI_An_Ninh\app.py","5933"
"score","json-key","C:\DoAnTotNghiep\V-Shield-2.0\AI_Project\AI_An_Ninh\app.py","5934"
"aggressor_id","json-key","C:\DoAnTotNghiep\V-Shield-2.0\AI_Project\AI_An_Ninh\app.py","5936"
"_detect_combat_interactions","py-func","C:\DoAnTotNghiep\V-Shield-2.0\AI_Project\AI_An_Ninh\app.py","5940"
"score","json-key","C:\DoAnTotNghiep\V-Shield-2.0\AI_Project\AI_An_Ninh\app.py","6203"
"target_id","json-key","C:\DoAnTotNghiep\V-Shield-2.0\AI_Project\AI_An_Ninh\app.py","6204"
"label","json-key","C:\DoAnTotNghiep\V-Shield-2.0\AI_Project\AI_An_Ninh\app.py","6205"
"score","json-key","C:\DoAnTotNghiep\V-Shield-2.0\AI_Project\AI_An_Ninh\app.py","6218"
"target_id","json-key","C:\DoAnTotNghiep\V-Shield-2.0\AI_Project\AI_An_Ninh\app.py","6219"
"label","json-key","C:\DoAnTotNghiep\V-Shield-2.0\AI_Project\AI_An_Ninh\app.py","6220"
"label","json-key","C:\DoAnTotNghiep\V-Shield-2.0\AI_Project\AI_An_Ninh\app.py","6236"
"target_id","json-key","C:\DoAnTotNghiep\V-Shield-2.0\AI_Project\AI_An_Ninh\app.py","6237"
"score","json-key","C:\DoAnTotNghiep\V-Shield-2.0\AI_Project\AI_An_Ninh\app.py","6238"
"aggressor_id","json-key","C:\DoAnTotNghiep\V-Shield-2.0\AI_Project\AI_An_Ninh\app.py","6240"
"_is_hazard_track_plausible","py-func","C:\DoAnTotNghiep\V-Shield-2.0\AI_Project\AI_An_Ninh\app.py","6244"
"_filter_hazard_tracks","py-func","C:\DoAnTotNghiep\V-Shield-2.0\AI_Project\AI_An_Ninh\app.py","6287"
"_process_frame","py-func","C:\DoAnTotNghiep\V-Shield-2.0\AI_Project\AI_An_Ninh\app.py","6315"
"persist","json-key","C:\DoAnTotNghiep\V-Shield-2.0\AI_Project\AI_An_Ninh\app.py","6379"
"conf","json-key","C:\DoAnTotNghiep\V-Shield-2.0\AI_Project\AI_An_Ninh\app.py","6380"
"iou","json-key","C:\DoAnTotNghiep\V-Shield-2.0\AI_Project\AI_An_Ninh\app.py","6381"
"imgsz","json-key","C:\DoAnTotNghiep\V-Shield-2.0\AI_Project\AI_An_Ninh\app.py","6382"
"verbose","json-key","C:\DoAnTotNghiep\V-Shield-2.0\AI_Project\AI_An_Ninh\app.py","6383"
"tracker","json-key","C:\DoAnTotNghiep\V-Shield-2.0\AI_Project\AI_An_Ninh\app.py","6384"
"max_det","json-key","C:\DoAnTotNghiep\V-Shield-2.0\AI_Project\AI_An_Ninh\app.py","6385"
"classes","json-key","C:\DoAnTotNghiep\V-Shield-2.0\AI_Project\AI_An_Ninh\app.py","6386"
"device","json-key","C:\DoAnTotNghiep\V-Shield-2.0\AI_Project\AI_An_Ninh\app.py","6387"
"track_id","json-key","C:\DoAnTotNghiep\V-Shield-2.0\AI_Project\AI_An_Ninh\app.py","6535"
"x1","json-key","C:\DoAnTotNghiep\V-Shield-2.0\AI_Project\AI_An_Ninh\app.py","6536"
"y1","json-key","C:\DoAnTotNghiep\V-Shield-2.0\AI_Project\AI_An_Ninh\app.py","6537"
"x2","json-key","C:\DoAnTotNghiep\V-Shield-2.0\AI_Project\AI_An_Ninh\app.py","6538"
"y2","json-key","C:\DoAnTotNghiep\V-Shield-2.0\AI_Project\AI_An_Ninh\app.py","6539"
"action","json-key","C:\DoAnTotNghiep\V-Shield-2.0\AI_Project\AI_An_Ninh\app.py","6540"
"color","json-key","C:\DoAnTotNghiep\V-Shield-2.0\AI_Project\AI_An_Ninh\app.py","6541"
"state","json-key","C:\DoAnTotNghiep\V-Shield-2.0\AI_Project\AI_An_Ninh\app.py","6542"
"interaction","json-key","C:\DoAnTotNghiep\V-Shield-2.0\AI_Project\AI_An_Ninh\app.py","6543"
"metrics","json-key","C:\DoAnTotNghiep\V-Shield-2.0\AI_Project\AI_An_Ninh\app.py","6544"
"preferred_interaction","py-func","C:\DoAnTotNghiep\V-Shield-2.0\AI_Project\AI_An_Ninh\app.py","6558"
"label","json-key","C:\DoAnTotNghiep\V-Shield-2.0\AI_Project\AI_An_Ninh\app.py","6612"
"target_id","json-key","C:\DoAnTotNghiep\V-Shield-2.0\AI_Project\AI_An_Ninh\app.py","6613"
"kind","json-key","C:\DoAnTotNghiep\V-Shield-2.0\AI_Project\AI_An_Ninh\app.py","6614"
"label","json-key","C:\DoAnTotNghiep\V-Shield-2.0\AI_Project\AI_An_Ninh\app.py","6621"
"target_id","json-key","C:\DoAnTotNghiep\V-Shield-2.0\AI_Project\AI_An_Ninh\app.py","6622"
"kind","json-key","C:\DoAnTotNghiep\V-Shield-2.0\AI_Project\AI_An_Ninh\app.py","6623"
"text","json-key","C:\DoAnTotNghiep\V-Shield-2.0\AI_Project\AI_An_Ninh\app.py","6635"
"color","json-key","C:\DoAnTotNghiep\V-Shield-2.0\AI_Project\AI_An_Ninh\app.py","6638"
"size","json-key","C:\DoAnTotNghiep\V-Shield-2.0\AI_Project\AI_An_Ninh\app.py","6639"
"bg","json-key","C:\DoAnTotNghiep\V-Shield-2.0\AI_Project\AI_An_Ninh\app.py","6640"
"track_id","json-key","C:\DoAnTotNghiep\V-Shield-2.0\AI_Project\AI_An_Ninh\app.py","6783"
"track_id","json-key","C:\DoAnTotNghiep\V-Shield-2.0\AI_Project\AI_An_Ninh\app.py","6786"
"track_id","json-key","C:\DoAnTotNghiep\V-Shield-2.0\AI_Project\AI_An_Ninh\app.py","6793"
"text","json-key","C:\DoAnTotNghiep\V-Shield-2.0\AI_Project\AI_An_Ninh\app.py","6801"
"color","json-key","C:\DoAnTotNghiep\V-Shield-2.0\AI_Project\AI_An_Ninh\app.py","6804"
"size","json-key","C:\DoAnTotNghiep\V-Shield-2.0\AI_Project\AI_An_Ninh\app.py","6805"
"bg","json-key","C:\DoAnTotNghiep\V-Shield-2.0\AI_Project\AI_An_Ninh\app.py","6806"
"text","json-key","C:\DoAnTotNghiep\V-Shield-2.0\AI_Project\AI_An_Ninh\app.py","6833"
"color","json-key","C:\DoAnTotNghiep\V-Shield-2.0\AI_Project\AI_An_Ninh\app.py","6836"
"size","json-key","C:\DoAnTotNghiep\V-Shield-2.0\AI_Project\AI_An_Ninh\app.py","6837"
"bg","json-key","C:\DoAnTotNghiep\V-Shield-2.0\AI_Project\AI_An_Ninh\app.py","6838"
"text","json-key","C:\DoAnTotNghiep\V-Shield-2.0\AI_Project\AI_An_Ninh\app.py","6853"
"color","json-key","C:\DoAnTotNghiep\V-Shield-2.0\AI_Project\AI_An_Ninh\app.py","6856"
"size","json-key","C:\DoAnTotNghiep\V-Shield-2.0\AI_Project\AI_An_Ninh\app.py","6857"
"bg","json-key","C:\DoAnTotNghiep\V-Shield-2.0\AI_Project\AI_An_Ninh\app.py","6858"
"track_id","json-key","C:\DoAnTotNghiep\V-Shield-2.0\AI_Project\AI_An_Ninh\app.py","6873"
"text","json-key","C:\DoAnTotNghiep\V-Shield-2.0\AI_Project\AI_An_Ninh\app.py","6878"
"color","json-key","C:\DoAnTotNghiep\V-Shield-2.0\AI_Project\AI_An_Ninh\app.py","6881"
"size","json-key","C:\DoAnTotNghiep\V-Shield-2.0\AI_Project\AI_An_Ninh\app.py","6882"
"bg","json-key","C:\DoAnTotNghiep\V-Shield-2.0\AI_Project\AI_An_Ninh\app.py","6883"
"_refresh_preview","py-func","C:\DoAnTotNghiep\V-Shield-2.0\AI_Project\AI_An_Ninh\app.py","6904"
"__main__","json-key","C:\DoAnTotNghiep\V-Shield-2.0\AI_Project\AI_An_Ninh\app.py","6941"
"extract_feature","py-func","C:\DoAnTotNghiep\V-Shield-2.0\AI_Project\AI_An_Ninh\build_dataset.py","13"
"process_video","py-func","C:\DoAnTotNghiep\V-Shield-2.0\AI_Project\AI_An_Ninh\build_dataset.py","31"
"Model","py-class","C:\DoAnTotNghiep\V-Shield-2.0\AI_Project\AI_An_Ninh\train_lstm.py","15"
"__init__","py-func","C:\DoAnTotNghiep\V-Shield-2.0\AI_Project\AI_An_Ninh\train_lstm.py","16"
"forward","py-func","C:\DoAnTotNghiep\V-Shield-2.0\AI_Project\AI_An_Ninh\train_lstm.py","21"
"model_state","json-key","C:\DoAnTotNghiep\V-Shield-2.0\AI_Project\AI_An_Ninh\train_lstm.py","49"
"check_port","py-func","C:\DoAnTotNghiep\V-Shield-2.0\AI_Project\cam\cam_gia_lap\cam_gia_lap.py","14"
"MediaMTX","py-class","C:\DoAnTotNghiep\V-Shield-2.0\AI_Project\cam\cam_gia_lap\cam_gia_lap.py","25"
"__init__","py-func","C:\DoAnTotNghiep\V-Shield-2.0\AI_Project\cam\cam_gia_lap\cam_gia_lap.py","26"
"start","py-func","C:\DoAnTotNghiep\V-Shield-2.0\AI_Project\cam\cam_gia_lap\cam_gia_lap.py","29"
"StreamManager","py-class","C:\DoAnTotNghiep\V-Shield-2.0\AI_Project\cam\cam_gia_lap\cam_gia_lap.py","54"
"__init__","py-func","C:\DoAnTotNghiep\V-Shield-2.0\AI_Project\cam\cam_gia_lap\cam_gia_lap.py","55"
"start","py-func","C:\DoAnTotNghiep\V-Shield-2.0\AI_Project\cam\cam_gia_lap\cam_gia_lap.py","58"
"read_log","py-func","C:\DoAnTotNghiep\V-Shield-2.0\AI_Project\cam\cam_gia_lap\cam_gia_lap.py","102"
"stop","py-func","C:\DoAnTotNghiep\V-Shield-2.0\AI_Project\cam\cam_gia_lap\cam_gia_lap.py","106"
"stop_all","py-func","C:\DoAnTotNghiep\V-Shield-2.0\AI_Project\cam\cam_gia_lap\cam_gia_lap.py","111"
"App","py-class","C:\DoAnTotNghiep\V-Shield-2.0\AI_Project\cam\cam_gia_lap\cam_gia_lap.py","117"
"__init__","py-func","C:\DoAnTotNghiep\V-Shield-2.0\AI_Project\cam\cam_gia_lap\cam_gia_lap.py","118"
"load_videos","py-func","C:\DoAnTotNghiep\V-Shield-2.0\AI_Project\cam\cam_gia_lap\cam_gia_lap.py","146"
"name","json-key","C:\DoAnTotNghiep\V-Shield-2.0\AI_Project\cam\cam_gia_lap\cam_gia_lap.py","153"
"video","json-key","C:\DoAnTotNghiep\V-Shield-2.0\AI_Project\cam\cam_gia_lap\cam_gia_lap.py","154"
"start_server","py-func","C:\DoAnTotNghiep\V-Shield-2.0\AI_Project\cam\cam_gia_lap\cam_gia_lap.py","158"
"start_all","py-func","C:\DoAnTotNghiep\V-Shield-2.0\AI_Project\cam\cam_gia_lap\cam_gia_lap.py","161"
"stop_all","py-func","C:\DoAnTotNghiep\V-Shield-2.0\AI_Project\cam\cam_gia_lap\cam_gia_lap.py","172"
"refresh","py-func","C:\DoAnTotNghiep\V-Shield-2.0\AI_Project\cam\cam_gia_lap\cam_gia_lap.py","177"
"loop","py-func","C:\DoAnTotNghiep\V-Shield-2.0\AI_Project\cam\cam_gia_lap\cam_gia_lap.py","188"
"__main__","json-key","C:\DoAnTotNghiep\V-Shield-2.0\AI_Project\cam\cam_gia_lap\cam_gia_lap.py","193"
"user","json-key","C:\DoAnTotNghiep\V-Shield-2.0\AI_Project\cam\cam_gia_lap\mediamtx_v1.17.1_windows_amd64\mediamtx.yml","99"
"password","json-key","C:\DoAnTotNghiep\V-Shield-2.0\AI_Project\cam\cam_gia_lap\mediamtx_v1.17.1_windows_amd64\mediamtx.yml","100"
"token","json-key","C:\DoAnTotNghiep\V-Shield-2.0\AI_Project\cam\cam_gia_lap\mediamtx_v1.17.1_windows_amd64\mediamtx.yml","101"
"ip","json-key","C:\DoAnTotNghiep\V-Shield-2.0\AI_Project\cam\cam_gia_lap\mediamtx_v1.17.1_windows_amd64\mediamtx.yml","102"
"action","json-key","C:\DoAnTotNghiep\V-Shield-2.0\AI_Project\cam\cam_gia_lap\mediamtx_v1.17.1_windows_amd64\mediamtx.yml","103"
"path","json-key","C:\DoAnTotNghiep\V-Shield-2.0\AI_Project\cam\cam_gia_lap\mediamtx_v1.17.1_windows_amd64\mediamtx.yml","104"
"protocol","json-key","C:\DoAnTotNghiep\V-Shield-2.0\AI_Project\cam\cam_gia_lap\mediamtx_v1.17.1_windows_amd64\mediamtx.yml","105"
"id","json-key","C:\DoAnTotNghiep\V-Shield-2.0\AI_Project\cam\cam_gia_lap\mediamtx_v1.17.1_windows_amd64\mediamtx.yml","106"
"query","json-key","C:\DoAnTotNghiep\V-Shield-2.0\AI_Project\cam\cam_gia_lap\mediamtx_v1.17.1_windows_amd64\mediamtx.yml","107"
"mediamtx_permissions","json-key","C:\DoAnTotNghiep\V-Shield-2.0\AI_Project\cam\cam_gia_lap\mediamtx_v1.17.1_windows_amd64\mediamtx.yml","130"
"action","json-key","C:\DoAnTotNghiep\V-Shield-2.0\AI_Project\cam\cam_gia_lap\mediamtx_v1.17.1_windows_amd64\mediamtx.yml","132"
"path","json-key","C:\DoAnTotNghiep\V-Shield-2.0\AI_Project\cam\cam_gia_lap\mediamtx_v1.17.1_windows_amd64\mediamtx.yml","133"
"title","json-key","C:\DoAnTotNghiep\V-Shield-2.0\AI_Project\doc_bien_gpu\docbien.py","102"
"uiversion","json-key","C:\DoAnTotNghiep\V-Shield-2.0\AI_Project\doc_bien_gpu\docbien.py","103"
"openapi","json-key","C:\DoAnTotNghiep\V-Shield-2.0\AI_Project\doc_bien_gpu\docbien.py","104"
"specs_route","json-key","C:\DoAnTotNghiep\V-Shield-2.0\AI_Project\doc_bien_gpu\docbien.py","105"
"openapi","json-key","C:\DoAnTotNghiep\V-Shield-2.0\AI_Project\doc_bien_gpu\docbien.py","109"
"info","json-key","C:\DoAnTotNghiep\V-Shield-2.0\AI_Project\doc_bien_gpu\docbien.py","110"
"title","json-key","C:\DoAnTotNghiep\V-Shield-2.0\AI_Project\doc_bien_gpu\docbien.py","111"
"description","json-key","C:\DoAnTotNghiep\V-Shield-2.0\AI_Project\doc_bien_gpu\docbien.py","112"
"version","json-key","C:\DoAnTotNghiep\V-Shield-2.0\AI_Project\doc_bien_gpu\docbien.py","113"
"servers","json-key","C:\DoAnTotNghiep\V-Shield-2.0\AI_Project\doc_bien_gpu\docbien.py","115"
"url","json-key","C:\DoAnTotNghiep\V-Shield-2.0\AI_Project\doc_bien_gpu\docbien.py","117"
"origins","json-key","C:\DoAnTotNghiep\V-Shield-2.0\AI_Project\doc_bien_gpu\docbien.py","129"
"cuda","json-key","C:\DoAnTotNghiep\V-Shield-2.0\AI_Project\doc_bien_gpu\docbien.py","146"
"success","json-key","C:\DoAnTotNghiep\V-Shield-2.0\AI_Project\doc_bien_gpu\docbien.py","204"
"session_id","json-key","C:\DoAnTotNghiep\V-Shield-2.0\AI_Project\doc_bien_gpu\docbien.py","205"
"camera_enabled","json-key","C:\DoAnTotNghiep\V-Shield-2.0\AI_Project\doc_bien_gpu\docbien.py","206"
"camera_connected","json-key","C:\DoAnTotNghiep\V-Shield-2.0\AI_Project\doc_bien_gpu\docbien.py","207"
"ip","json-key","C:\DoAnTotNghiep\V-Shield-2.0\AI_Project\doc_bien_gpu\docbien.py","208"
"device","json-key","C:\DoAnTotNghiep\V-Shield-2.0\AI_Project\doc_bien_gpu\docbien.py","209"
"model_path","json-key","C:\DoAnTotNghiep\V-Shield-2.0\AI_Project\doc_bien_gpu\docbien.py","210"
"bbox","json-key","C:\DoAnTotNghiep\V-Shield-2.0\AI_Project\doc_bien_gpu\docbien.py","211"
"stable_count","json-key","C:\DoAnTotNghiep\V-Shield-2.0\AI_Project\doc_bien_gpu\docbien.py","212"
"confirmed_plate","json-key","C:\DoAnTotNghiep\V-Shield-2.0\AI_Project\doc_bien_gpu\docbien.py","213"
"last_raw_plate","json-key","C:\DoAnTotNghiep\V-Shield-2.0\AI_Project\doc_bien_gpu\docbien.py","214"
"plate_votes","json-key","C:\DoAnTotNghiep\V-Shield-2.0\AI_Project\doc_bien_gpu\docbien.py","215"
"live_candidates","json-key","C:\DoAnTotNghiep\V-Shield-2.0\AI_Project\doc_bien_gpu\docbien.py","216"
"ocr_running","json-key","C:\DoAnTotNghiep\V-Shield-2.0\AI_Project\doc_bien_gpu\docbien.py","217"
"moving_fast","json-key","C:\DoAnTotNghiep\V-Shield-2.0\AI_Project\doc_bien_gpu\docbien.py","218"
"fps","json-key","C:\DoAnTotNghiep\V-Shield-2.0\AI_Project\doc_bien_gpu\docbien.py","219"
"scan_locked","json-key","C:\DoAnTotNghiep\V-Shield-2.0\AI_Project\doc_bien_gpu\docbien.py","220"
"scan_active","json-key","C:\DoAnTotNghiep\V-Shield-2.0\AI_Project\doc_bien_gpu\docbien.py","221"
"locked_snapshot","json-key","C:\DoAnTotNghiep\V-Shield-2.0\AI_Project\doc_bien_gpu\docbien.py","222"
"locked_plate_crop","json-key","C:\DoAnTotNghiep\V-Shield-2.0\AI_Project\doc_bien_gpu\docbien.py","223"
"last_update","json-key","C:\DoAnTotNghiep\V-Shield-2.0\AI_Project\doc_bien_gpu\docbien.py","224"
"message","json-key","C:\DoAnTotNghiep\V-Shield-2.0\AI_Project\doc_bien_gpu\docbien.py","225"
"make_json_safe","py-func","C:\DoAnTotNghiep\V-Shield-2.0\AI_Project\doc_bien_gpu\docbien.py","231"
"now_ts","py-func","C:\DoAnTotNghiep\V-Shield-2.0\AI_Project\doc_bien_gpu\docbien.py","254"
"safe_counter_to_dict","py-func","C:\DoAnTotNghiep\V-Shield-2.0\AI_Project\doc_bien_gpu\docbien.py","257"
"next_session_id","py-func","C:\DoAnTotNghiep\V-Shield-2.0\AI_Project\doc_bien_gpu\docbien.py","260"
"get_session_id","py-func","C:\DoAnTotNghiep\V-Shield-2.0\AI_Project\doc_bien_gpu\docbien.py","266"
"update_recognition_state","py-func","C:\DoAnTotNghiep\V-Shield-2.0\AI_Project\doc_bien_gpu\docbien.py","270"
"get_recognition_snapshot","py-func","C:\DoAnTotNghiep\V-Shield-2.0\AI_Project\doc_bien_gpu\docbien.py","276"
"success","json-key","C:\DoAnTotNghiep\V-Shield-2.0\AI_Project\doc_bien_gpu\docbien.py","279"
"session_id","json-key","C:\DoAnTotNghiep\V-Shield-2.0\AI_Project\doc_bien_gpu\docbien.py","280"
"camera_enabled","json-key","C:\DoAnTotNghiep\V-Shield-2.0\AI_Project\doc_bien_gpu\docbien.py","281"
"camera_connected","json-key","C:\DoAnTotNghiep\V-Shield-2.0\AI_Project\doc_bien_gpu\docbien.py","282"
"ip","json-key","C:\DoAnTotNghiep\V-Shield-2.0\AI_Project\doc_bien_gpu\docbien.py","283"
"device","json-key","C:\DoAnTotNghiep\V-Shield-2.0\AI_Project\doc_bien_gpu\docbien.py","284"
"model_path","json-key","C:\DoAnTotNghiep\V-Shield-2.0\AI_Project\doc_bien_gpu\docbien.py","285"
"bbox","json-key","C:\DoAnTotNghiep\V-Shield-2.0\AI_Project\doc_bien_gpu\docbien.py","286"
"stable_count","json-key","C:\DoAnTotNghiep\V-Shield-2.0\AI_Project\doc_bien_gpu\docbien.py","287"
"confirmed_plate","json-key","C:\DoAnTotNghiep\V-Shield-2.0\AI_Project\doc_bien_gpu\docbien.py","288"
"last_raw_plate","json-key","C:\DoAnTotNghiep\V-Shield-2.0\AI_Project\doc_bien_gpu\docbien.py","289"
"plate_votes","json-key","C:\DoAnTotNghiep\V-Shield-2.0\AI_Project\doc_bien_gpu\docbien.py","290"
"live_candidates","json-key","C:\DoAnTotNghiep\V-Shield-2.0\AI_Project\doc_bien_gpu\docbien.py","291"
"ocr_running","json-key","C:\DoAnTotNghiep\V-Shield-2.0\AI_Project\doc_bien_gpu\docbien.py","292"
"moving_fast","json-key","C:\DoAnTotNghiep\V-Shield-2.0\AI_Project\doc_bien_gpu\docbien.py","293"
"fps","json-key","C:\DoAnTotNghiep\V-Shield-2.0\AI_Project\doc_bien_gpu\docbien.py","294"
"scan_locked","json-key","C:\DoAnTotNghiep\V-Shield-2.0\AI_Project\doc_bien_gpu\docbien.py","295"
"scan_active","json-key","C:\DoAnTotNghiep\V-Shield-2.0\AI_Project\doc_bien_gpu\docbien.py","296"
"locked_snapshot","json-key","C:\DoAnTotNghiep\V-Shield-2.0\AI_Project\doc_bien_gpu\docbien.py","297"
"locked_plate_crop","json-key","C:\DoAnTotNghiep\V-Shield-2.0\AI_Project\doc_bien_gpu\docbien.py","298"
"last_update","json-key","C:\DoAnTotNghiep\V-Shield-2.0\AI_Project\doc_bien_gpu\docbien.py","299"
"message","json-key","C:\DoAnTotNghiep\V-Shield-2.0\AI_Project\doc_bien_gpu\docbien.py","300"
"set_camera_flags","py-func","C:\DoAnTotNghiep\V-Shield-2.0\AI_Project\doc_bien_gpu\docbien.py","307"
"get_camera_flags","py-func","C:\DoAnTotNghiep\V-Shield-2.0\AI_Project\doc_bien_gpu\docbien.py","317"
"get_latest_frame_copy","py-func","C:\DoAnTotNghiep\V-Shield-2.0\AI_Project\doc_bien_gpu\docbien.py","321"
"is_box_moving_fast","py-func","C:\DoAnTotNghiep\V-Shield-2.0\AI_Project\doc_bien_gpu\docbien.py","331"
"is_similar_box","py-func","C:\DoAnTotNghiep\V-Shield-2.0\AI_Project\doc_bien_gpu\docbien.py","341"
"normalize_plate_text","py-func","C:\DoAnTotNghiep\V-Shield-2.0\AI_Project\doc_bien_gpu\docbien.py","346"
"validate_plate","py-func","C:\DoAnTotNghiep\V-Shield-2.0\AI_Project\doc_bien_gpu\docbien.py","349"
"clear_ocr_queue","py-func","C:\DoAnTotNghiep\V-Shield-2.0\AI_Project\doc_bien_gpu\docbien.py","359"
"encode_frame_to_jpeg","py-func","C:\DoAnTotNghiep\V-Shield-2.0\AI_Project\doc_bien_gpu\docbien.py","370"
"image_to_base64","py-func","C:\DoAnTotNghiep\V-Shield-2.0\AI_Project\doc_bien_gpu\docbien.py","380"
"reset_recognition_state","py-func","C:\DoAnTotNghiep\V-Shield-2.0\AI_Project\doc_bien_gpu\docbien.py","388"
"auto_brightness_contrast","py-func","C:\DoAnTotNghiep\V-Shield-2.0\AI_Project\doc_bien_gpu\docbien.py","453"
"sharpen_image","py-func","C:\DoAnTotNghiep\V-Shield-2.0\AI_Project\doc_bien_gpu\docbien.py","461"
"deskew_plate","py-func","C:\DoAnTotNghiep\V-Shield-2.0\AI_Project\doc_bien_gpu\docbien.py","465"
"normalize_plate_size","py-func","C:\DoAnTotNghiep\V-Shield-2.0\AI_Project\doc_bien_gpu\docbien.py","499"
"is_bad_lighting","py-func","C:\DoAnTotNghiep\V-Shield-2.0\AI_Project\doc_bien_gpu\docbien.py","505"
"enhance_plate","py-func","C:\DoAnTotNghiep\V-Shield-2.0\AI_Project\doc_bien_gpu\docbien.py","509"
"extract_text_from_ocr","py-func","C:\DoAnTotNghiep\V-Shield-2.0\AI_Project\doc_bien_gpu\docbien.py","525"
"smart_rotate_ocr_candidates","py-func","C:\DoAnTotNghiep\V-Shield-2.0\AI_Project\doc_bien_gpu\docbien.py","549"
"text","json-key","C:\DoAnTotNghiep\V-Shield-2.0\AI_Project\doc_bien_gpu\docbien.py","573"
"conf","json-key","C:\DoAnTotNghiep\V-Shield-2.0\AI_Project\doc_bien_gpu\docbien.py","574"
"valid","json-key","C:\DoAnTotNghiep\V-Shield-2.0\AI_Project\doc_bien_gpu\docbien.py","575"
"score","json-key","C:\DoAnTotNghiep\V-Shield-2.0\AI_Project\doc_bien_gpu\docbien.py","576"
"lock_scan_result","py-func","C:\DoAnTotNghiep\V-Shield-2.0\AI_Project\doc_bien_gpu\docbien.py","591"
"ocr_worker","py-func","C:\DoAnTotNghiep\V-Shield-2.0\AI_Project\doc_bien_gpu\docbien.py","610"
"camera_reader_worker","py-func","C:\DoAnTotNghiep\V-Shield-2.0\AI_Project\doc_bien_gpu\docbien.py","742"
"get_display_text","py-func","C:\DoAnTotNghiep\V-Shield-2.0\AI_Project\doc_bien_gpu\docbien.py","874"
"draw_overlay","py-func","C:\DoAnTotNghiep\V-Shield-2.0\AI_Project\doc_bien_gpu\docbien.py","883"
"offline_frame","py-func","C:\DoAnTotNghiep\V-Shield-2.0\AI_Project\doc_bien_gpu\docbien.py","950"
"mjpeg_generator","py-func","C:\DoAnTotNghiep\V-Shield-2.0\AI_Project\doc_bien_gpu\docbien.py","963"
"open_camera","py-func","C:\DoAnTotNghiep\V-Shield-2.0\AI_Project\doc_bien_gpu\docbien.py","1015"
"close_camera","py-func","C:\DoAnTotNghiep\V-Shield-2.0\AI_Project\doc_bien_gpu\docbien.py","1041"
"api_camera_on","py-func","C:\DoAnTotNghiep\V-Shield-2.0\AI_Project\doc_bien_gpu\docbien.py","1066"
"success","json-key","C:\DoAnTotNghiep\V-Shield-2.0\AI_Project\doc_bien_gpu\docbien.py","1087"
"message","json-key","C:\DoAnTotNghiep\V-Shield-2.0\AI_Project\doc_bien_gpu\docbien.py","1088"
"success","json-key","C:\DoAnTotNghiep\V-Shield-2.0\AI_Project\doc_bien_gpu\docbien.py","1096"
"session_id","json-key","C:\DoAnTotNghiep\V-Shield-2.0\AI_Project\doc_bien_gpu\docbien.py","1097"
"message","json-key","C:\DoAnTotNghiep\V-Shield-2.0\AI_Project\doc_bien_gpu\docbien.py","1098"
"ip","json-key","C:\DoAnTotNghiep\V-Shield-2.0\AI_Project\doc_bien_gpu\docbien.py","1099"
"stream_url","json-key","C:\DoAnTotNghiep\V-Shield-2.0\AI_Project\doc_bien_gpu\docbien.py","1100"
"success","json-key","C:\DoAnTotNghiep\V-Shield-2.0\AI_Project\doc_bien_gpu\docbien.py","1104"
"message","json-key","C:\DoAnTotNghiep\V-Shield-2.0\AI_Project\doc_bien_gpu\docbien.py","1105"
"ip","json-key","C:\DoAnTotNghiep\V-Shield-2.0\AI_Project\doc_bien_gpu\docbien.py","1106"
"success","json-key","C:\DoAnTotNghiep\V-Shield-2.0\AI_Project\doc_bien_gpu\docbien.py","1111"
"message","json-key","C:\DoAnTotNghiep\V-Shield-2.0\AI_Project\doc_bien_gpu\docbien.py","1112"
"api_camera_off","py-func","C:\DoAnTotNghiep\V-Shield-2.0\AI_Project\doc_bien_gpu\docbien.py","1116"
"success","json-key","C:\DoAnTotNghiep\V-Shield-2.0\AI_Project\doc_bien_gpu\docbien.py","1136"
"session_id","json-key","C:\DoAnTotNghiep\V-Shield-2.0\AI_Project\doc_bien_gpu\docbien.py","1137"
"message","json-key","C:\DoAnTotNghiep\V-Shield-2.0\AI_Project\doc_bien_gpu\docbien.py","1138"
"success","json-key","C:\DoAnTotNghiep\V-Shield-2.0\AI_Project\doc_bien_gpu\docbien.py","1143"
"message","json-key","C:\DoAnTotNghiep\V-Shield-2.0\AI_Project\doc_bien_gpu\docbien.py","1144"
"api_camera_reset","py-func","C:\DoAnTotNghiep\V-Shield-2.0\AI_Project\doc_bien_gpu\docbien.py","1148"
"success","json-key","C:\DoAnTotNghiep\V-Shield-2.0\AI_Project\doc_bien_gpu\docbien.py","1183"
"session_id","json-key","C:\DoAnTotNghiep\V-Shield-2.0\AI_Project\doc_bien_gpu\docbien.py","1184"
"message","json-key","C:\DoAnTotNghiep\V-Shield-2.0\AI_Project\doc_bien_gpu\docbien.py","1185"
"success","json-key","C:\DoAnTotNghiep\V-Shield-2.0\AI_Project\doc_bien_gpu\docbien.py","1190"
"message","json-key","C:\DoAnTotNghiep\V-Shield-2.0\AI_Project\doc_bien_gpu\docbien.py","1191"
"api_camera_status","py-func","C:\DoAnTotNghiep\V-Shield-2.0\AI_Project\doc_bien_gpu\docbien.py","1195"
"success","json-key","C:\DoAnTotNghiep\V-Shield-2.0\AI_Project\doc_bien_gpu\docbien.py","1213"
"session_id","json-key","C:\DoAnTotNghiep\V-Shield-2.0\AI_Project\doc_bien_gpu\docbien.py","1214"
"camera_enabled","json-key","C:\DoAnTotNghiep\V-Shield-2.0\AI_Project\doc_bien_gpu\docbien.py","1215"
"camera_connected","json-key","C:\DoAnTotNghiep\V-Shield-2.0\AI_Project\doc_bien_gpu\docbien.py","1216"
"ip","json-key","C:\DoAnTotNghiep\V-Shield-2.0\AI_Project\doc_bien_gpu\docbien.py","1217"
"confirmed_plate","json-key","C:\DoAnTotNghiep\V-Shield-2.0\AI_Project\doc_bien_gpu\docbien.py","1218"
"last_raw_plate","json-key","C:\DoAnTotNghiep\V-Shield-2.0\AI_Project\doc_bien_gpu\docbien.py","1219"
"ocr_running","json-key","C:\DoAnTotNghiep\V-Shield-2.0\AI_Project\doc_bien_gpu\docbien.py","1220"
"fps","json-key","C:\DoAnTotNghiep\V-Shield-2.0\AI_Project\doc_bien_gpu\docbien.py","1221"
"stable_count","json-key","C:\DoAnTotNghiep\V-Shield-2.0\AI_Project\doc_bien_gpu\docbien.py","1222"
"moving_fast","json-key","C:\DoAnTotNghiep\V-Shield-2.0\AI_Project\doc_bien_gpu\docbien.py","1223"
"bbox","json-key","C:\DoAnTotNghiep\V-Shield-2.0\AI_Project\doc_bien_gpu\docbien.py","1224"
"plate_votes","json-key","C:\DoAnTotNghiep\V-Shield-2.0\AI_Project\doc_bien_gpu\docbien.py","1225"
"live_candidates","json-key","C:\DoAnTotNghiep\V-Shield-2.0\AI_Project\doc_bien_gpu\docbien.py","1226"
"scan_locked","json-key","C:\DoAnTotNghiep\V-Shield-2.0\AI_Project\doc_bien_gpu\docbien.py","1227"
"scan_active","json-key","C:\DoAnTotNghiep\V-Shield-2.0\AI_Project\doc_bien_gpu\docbien.py","1228"
"message","json-key","C:\DoAnTotNghiep\V-Shield-2.0\AI_Project\doc_bien_gpu\docbien.py","1229"
"last_update","json-key","C:\DoAnTotNghiep\V-Shield-2.0\AI_Project\doc_bien_gpu\docbien.py","1230"
"stream_url","json-key","C:\DoAnTotNghiep\V-Shield-2.0\AI_Project\doc_bien_gpu\docbien.py","1231"
"success","json-key","C:\DoAnTotNghiep\V-Shield-2.0\AI_Project\doc_bien_gpu\docbien.py","1235"
"message","json-key","C:\DoAnTotNghiep\V-Shield-2.0\AI_Project\doc_bien_gpu\docbien.py","1236"
"api_camera_result","py-func","C:\DoAnTotNghiep\V-Shield-2.0\AI_Project\doc_bien_gpu\docbien.py","1240"
"success","json-key","C:\DoAnTotNghiep\V-Shield-2.0\AI_Project\doc_bien_gpu\docbien.py","1259"
"message","json-key","C:\DoAnTotNghiep\V-Shield-2.0\AI_Project\doc_bien_gpu\docbien.py","1260"
"api_camera_locked_images","py-func","C:\DoAnTotNghiep\V-Shield-2.0\AI_Project\doc_bien_gpu\docbien.py","1264"
"success","json-key","C:\DoAnTotNghiep\V-Shield-2.0\AI_Project\doc_bien_gpu\docbien.py","1282"
"session_id","json-key","C:\DoAnTotNghiep\V-Shield-2.0\AI_Project\doc_bien_gpu\docbien.py","1283"
"scan_locked","json-key","C:\DoAnTotNghiep\V-Shield-2.0\AI_Project\doc_bien_gpu\docbien.py","1284"
"locked_snapshot","json-key","C:\DoAnTotNghiep\V-Shield-2.0\AI_Project\doc_bien_gpu\docbien.py","1285"
"locked_plate_crop","json-key","C:\DoAnTotNghiep\V-Shield-2.0\AI_Project\doc_bien_gpu\docbien.py","1286"
"success","json-key","C:\DoAnTotNghiep\V-Shield-2.0\AI_Project\doc_bien_gpu\docbien.py","1290"
"message","json-key","C:\DoAnTotNghiep\V-Shield-2.0\AI_Project\doc_bien_gpu\docbien.py","1291"
"api_camera_stream","py-func","C:\DoAnTotNghiep\V-Shield-2.0\AI_Project\doc_bien_gpu\docbien.py","1295"
"api_camera_events","py-func","C:\DoAnTotNghiep\V-Shield-2.0\AI_Project\doc_bien_gpu\docbien.py","1321"
"event_stream","py-func","C:\DoAnTotNghiep\V-Shield-2.0\AI_Project\doc_bien_gpu\docbien.py","1336"
"success","json-key","C:\DoAnTotNghiep\V-Shield-2.0\AI_Project\doc_bien_gpu\docbien.py","1344"
"session_id","json-key","C:\DoAnTotNghiep\V-Shield-2.0\AI_Project\doc_bien_gpu\docbien.py","1345"
"camera_enabled","json-key","C:\DoAnTotNghiep\V-Shield-2.0\AI_Project\doc_bien_gpu\docbien.py","1346"
"camera_connected","json-key","C:\DoAnTotNghiep\V-Shield-2.0\AI_Project\doc_bien_gpu\docbien.py","1347"
"ip","json-key","C:\DoAnTotNghiep\V-Shield-2.0\AI_Project\doc_bien_gpu\docbien.py","1348"
"bbox","json-key","C:\DoAnTotNghiep\V-Shield-2.0\AI_Project\doc_bien_gpu\docbien.py","1349"
"stable_count","json-key","C:\DoAnTotNghiep\V-Shield-2.0\AI_Project\doc_bien_gpu\docbien.py","1350"
"confirmed_plate","json-key","C:\DoAnTotNghiep\V-Shield-2.0\AI_Project\doc_bien_gpu\docbien.py","1351"
"last_raw_plate","json-key","C:\DoAnTotNghiep\V-Shield-2.0\AI_Project\doc_bien_gpu\docbien.py","1352"
"plate_votes","json-key","C:\DoAnTotNghiep\V-Shield-2.0\AI_Project\doc_bien_gpu\docbien.py","1353"
"live_candidates","json-key","C:\DoAnTotNghiep\V-Shield-2.0\AI_Project\doc_bien_gpu\docbien.py","1354"
"ocr_running","json-key","C:\DoAnTotNghiep\V-Shield-2.0\AI_Project\doc_bien_gpu\docbien.py","1355"
"moving_fast","json-key","C:\DoAnTotNghiep\V-Shield-2.0\AI_Project\doc_bien_gpu\docbien.py","1356"
"fps","json-key","C:\DoAnTotNghiep\V-Shield-2.0\AI_Project\doc_bien_gpu\docbien.py","1357"
"scan_locked","json-key","C:\DoAnTotNghiep\V-Shield-2.0\AI_Project\doc_bien_gpu\docbien.py","1358"
"last_update","json-key","C:\DoAnTotNghiep\V-Shield-2.0\AI_Project\doc_bien_gpu\docbien.py","1359"
"message","json-key","C:\DoAnTotNghiep\V-Shield-2.0\AI_Project\doc_bien_gpu\docbien.py","1360"
"api_health","py-func","C:\DoAnTotNghiep\V-Shield-2.0\AI_Project\doc_bien_gpu\docbien.py","1391"
"success","json-key","C:\DoAnTotNghiep\V-Shield-2.0\AI_Project\doc_bien_gpu\docbien.py","1408"
"message","json-key","C:\DoAnTotNghiep\V-Shield-2.0\AI_Project\doc_bien_gpu\docbien.py","1409"
"device","json-key","C:\DoAnTotNghiep\V-Shield-2.0\AI_Project\doc_bien_gpu\docbien.py","1410"
"session_id","json-key","C:\DoAnTotNghiep\V-Shield-2.0\AI_Project\doc_bien_gpu\docbien.py","1411"
"camera_enabled","json-key","C:\DoAnTotNghiep\V-Shield-2.0\AI_Project\doc_bien_gpu\docbien.py","1412"
"camera_connected","json-key","C:\DoAnTotNghiep\V-Shield-2.0\AI_Project\doc_bien_gpu\docbien.py","1413"
"ip","json-key","C:\DoAnTotNghiep\V-Shield-2.0\AI_Project\doc_bien_gpu\docbien.py","1414"
"last_update","json-key","C:\DoAnTotNghiep\V-Shield-2.0\AI_Project\doc_bien_gpu\docbien.py","1415"
"run_api_server","py-func","C:\DoAnTotNghiep\V-Shield-2.0\AI_Project\doc_bien_gpu\docbien.py","1418"
"main","py-func","C:\DoAnTotNghiep\V-Shield-2.0\AI_Project\doc_bien_gpu\docbien.py","1425"
"session_id","json-key","C:\DoAnTotNghiep\V-Shield-2.0\AI_Project\doc_bien_gpu\docbien.py","1569"
"crop","json-key","C:\DoAnTotNghiep\V-Shield-2.0\AI_Project\doc_bien_gpu\docbien.py","1570"
"frame","json-key","C:\DoAnTotNghiep\V-Shield-2.0\AI_Project\doc_bien_gpu\docbien.py","1571"
"x1","json-key","C:\DoAnTotNghiep\V-Shield-2.0\AI_Project\doc_bien_gpu\docbien.py","1587"
"y1","json-key","C:\DoAnTotNghiep\V-Shield-2.0\AI_Project\doc_bien_gpu\docbien.py","1588"
"x2","json-key","C:\DoAnTotNghiep\V-Shield-2.0\AI_Project\doc_bien_gpu\docbien.py","1589"
"y2","json-key","C:\DoAnTotNghiep\V-Shield-2.0\AI_Project\doc_bien_gpu\docbien.py","1590"
"__main__","json-key","C:\DoAnTotNghiep\V-Shield-2.0\AI_Project\doc_bien_gpu\docbien.py","1823"
"camera_running","json-key","C:\DoAnTotNghiep\V-Shield-2.0\AI_Project\face_recognition\FaceID.py","42"
"session_active","json-key","C:\DoAnTotNghiep\V-Shield-2.0\AI_Project\face_recognition\FaceID.py","43"
"session_confirmed","json-key","C:\DoAnTotNghiep\V-Shield-2.0\AI_Project\face_recognition\FaceID.py","44"
"face_match","json-key","C:\DoAnTotNghiep\V-Shield-2.0\AI_Project\face_recognition\FaceID.py","45"
"employee_id","json-key","C:\DoAnTotNghiep\V-Shield-2.0\AI_Project\face_recognition\FaceID.py","46"
"confirm_count","json-key","C:\DoAnTotNghiep\V-Shield-2.0\AI_Project\face_recognition\FaceID.py","47"
"distance","json-key","C:\DoAnTotNghiep\V-Shield-2.0\AI_Project\face_recognition\FaceID.py","48"
"last_seen","json-key","C:\DoAnTotNghiep\V-Shield-2.0\AI_Project\face_recognition\FaceID.py","49"
"face_box","json-key","C:\DoAnTotNghiep\V-Shield-2.0\AI_Project\face_recognition\FaceID.py","50"
"timeout","json-key","C:\DoAnTotNghiep\V-Shield-2.0\AI_Project\face_recognition\FaceID.py","51"
"alert","json-key","C:\DoAnTotNghiep\V-Shield-2.0\AI_Project\face_recognition\FaceID.py","52"
"reset_state","py-func","C:\DoAnTotNghiep\V-Shield-2.0\AI_Project\face_recognition\FaceID.py","99"
"session_active","json-key","C:\DoAnTotNghiep\V-Shield-2.0\AI_Project\face_recognition\FaceID.py","120"
"session_confirmed","json-key","C:\DoAnTotNghiep\V-Shield-2.0\AI_Project\face_recognition\FaceID.py","121"
"employee_id","json-key","C:\DoAnTotNghiep\V-Shield-2.0\AI_Project\face_recognition\FaceID.py","122"
"confirm_count","json-key","C:\DoAnTotNghiep\V-Shield-2.0\AI_Project\face_recognition\FaceID.py","123"
"distance","json-key","C:\DoAnTotNghiep\V-Shield-2.0\AI_Project\face_recognition\FaceID.py","124"
"last_seen","json-key","C:\DoAnTotNghiep\V-Shield-2.0\AI_Project\face_recognition\FaceID.py","125"
"face_box","json-key","C:\DoAnTotNghiep\V-Shield-2.0\AI_Project\face_recognition\FaceID.py","126"
"timeout","json-key","C:\DoAnTotNghiep\V-Shield-2.0\AI_Project\face_recognition\FaceID.py","127"
"alert","json-key","C:\DoAnTotNghiep\V-Shield-2.0\AI_Project\face_recognition\FaceID.py","128"
"camera_thread","py-func","C:\DoAnTotNghiep\V-Shield-2.0\AI_Project\face_recognition\FaceID.py","133"
"face_processing","py-func","C:\DoAnTotNghiep\V-Shield-2.0\AI_Project\face_recognition\FaceID.py","164"
"top","json-key","C:\DoAnTotNghiep\V-Shield-2.0\AI_Project\face_recognition\FaceID.py","216"
"right","json-key","C:\DoAnTotNghiep\V-Shield-2.0\AI_Project\face_recognition\FaceID.py","217"
"bottom","json-key","C:\DoAnTotNghiep\V-Shield-2.0\AI_Project\face_recognition\FaceID.py","218"
"left","json-key","C:\DoAnTotNghiep\V-Shield-2.0\AI_Project\face_recognition\FaceID.py","219"
"width","json-key","C:\DoAnTotNghiep\V-Shield-2.0\AI_Project\face_recognition\FaceID.py","220"
"height","json-key","C:\DoAnTotNghiep\V-Shield-2.0\AI_Project\face_recognition\FaceID.py","221"
"camera_running","json-key","C:\DoAnTotNghiep\V-Shield-2.0\AI_Project\face_recognition\FaceID.py","282"
"session_active","json-key","C:\DoAnTotNghiep\V-Shield-2.0\AI_Project\face_recognition\FaceID.py","283"
"session_confirmed","json-key","C:\DoAnTotNghiep\V-Shield-2.0\AI_Project\face_recognition\FaceID.py","284"
"face_match","json-key","C:\DoAnTotNghiep\V-Shield-2.0\AI_Project\face_recognition\FaceID.py","285"
"employee_id","json-key","C:\DoAnTotNghiep\V-Shield-2.0\AI_Project\face_recognition\FaceID.py","286"
"confirm_count","json-key","C:\DoAnTotNghiep\V-Shield-2.0\AI_Project\face_recognition\FaceID.py","287"
"distance","json-key","C:\DoAnTotNghiep\V-Shield-2.0\AI_Project\face_recognition\FaceID.py","288"
"last_seen","json-key","C:\DoAnTotNghiep\V-Shield-2.0\AI_Project\face_recognition\FaceID.py","290"
"face_box","json-key","C:\DoAnTotNghiep\V-Shield-2.0\AI_Project\face_recognition\FaceID.py","291"
"timeout","json-key","C:\DoAnTotNghiep\V-Shield-2.0\AI_Project\face_recognition\FaceID.py","292"
"alert","json-key","C:\DoAnTotNghiep\V-Shield-2.0\AI_Project\face_recognition\FaceID.py","293"
"face_match","json-key","C:\DoAnTotNghiep\V-Shield-2.0\AI_Project\face_recognition\FaceID.py","309"
"employee_id","json-key","C:\DoAnTotNghiep\V-Shield-2.0\AI_Project\face_recognition\FaceID.py","310"
"timeout","json-key","C:\DoAnTotNghiep\V-Shield-2.0\AI_Project\face_recognition\FaceID.py","311"
"root","py-func","C:\DoAnTotNghiep\V-Shield-2.0\AI_Project\face_recognition\FaceID.py","336"
"service","json-key","C:\DoAnTotNghiep\V-Shield-2.0\AI_Project\face_recognition\FaceID.py","337"
"start_camera","py-func","C:\DoAnTotNghiep\V-Shield-2.0\AI_Project\face_recognition\FaceID.py","341"
"status","json-key","C:\DoAnTotNghiep\V-Shield-2.0\AI_Project\face_recognition\FaceID.py","347"
"status","json-key","C:\DoAnTotNghiep\V-Shield-2.0\AI_Project\face_recognition\FaceID.py","352"
"status","json-key","C:\DoAnTotNghiep\V-Shield-2.0\AI_Project\face_recognition\FaceID.py","374"
"stop_camera","py-func","C:\DoAnTotNghiep\V-Shield-2.0\AI_Project\face_recognition\FaceID.py","378"
"status","json-key","C:\DoAnTotNghiep\V-Shield-2.0\AI_Project\face_recognition\FaceID.py","385"
"status","json-key","C:\DoAnTotNghiep\V-Shield-2.0\AI_Project\face_recognition\FaceID.py","401"
"camera_status","py-func","C:\DoAnTotNghiep\V-Shield-2.0\AI_Project\face_recognition\FaceID.py","405"
"signal_handler","py-func","C:\DoAnTotNghiep\V-Shield-2.0\AI_Project\face_recognition\ip_face_recognition_safe.py","19"
"camera_thread","py-func","C:\DoAnTotNghiep\V-Shield-2.0\AI_Project\face_recognition\ip_face_recognition_safe.py","51"
"face_processing","py-func","C:\DoAnTotNghiep\V-Shield-2.0\AI_Project\face_recognition\ip_face_recognition_safe.py","71"
"origins","json-key","C:\DoAnTotNghiep\V-Shield-2.0\AI_Project\face_recognition\nhandienface.py","82"
"success","json-key","C:\DoAnTotNghiep\V-Shield-2.0\AI_Project\face_recognition\nhandienface.py","140"
"camera_enabled","json-key","C:\DoAnTotNghiep\V-Shield-2.0\AI_Project\face_recognition\nhandienface.py","141"
"camera_connected","json-key","C:\DoAnTotNghiep\V-Shield-2.0\AI_Project\face_recognition\nhandienface.py","142"
"ip","json-key","C:\DoAnTotNghiep\V-Shield-2.0\AI_Project\face_recognition\nhandienface.py","143"
"face_model_dir","json-key","C:\DoAnTotNghiep\V-Shield-2.0\AI_Project\face_recognition\nhandienface.py","144"
"models_loaded","json-key","C:\DoAnTotNghiep\V-Shield-2.0\AI_Project\face_recognition\nhandienface.py","145"
"total_encodings","json-key","C:\DoAnTotNghiep\V-Shield-2.0\AI_Project\face_recognition\nhandienface.py","146"
"tracking_active","json-key","C:\DoAnTotNghiep\V-Shield-2.0\AI_Project\face_recognition\nhandienface.py","148"
"identity_confirmed","json-key","C:\DoAnTotNghiep\V-Shield-2.0\AI_Project\face_recognition\nhandienface.py","149"
"face_match","json-key","C:\DoAnTotNghiep\V-Shield-2.0\AI_Project\face_recognition\nhandienface.py","150"
"employee_id","json-key","C:\DoAnTotNghiep\V-Shield-2.0\AI_Project\face_recognition\nhandienface.py","151"
"confirm_count","json-key","C:\DoAnTotNghiep\V-Shield-2.0\AI_Project\face_recognition\nhandienface.py","152"
"distance","json-key","C:\DoAnTotNghiep\V-Shield-2.0\AI_Project\face_recognition\nhandienface.py","153"
"last_seen","json-key","C:\DoAnTotNghiep\V-Shield-2.0\AI_Project\face_recognition\nhandienface.py","154"
"bbox","json-key","C:\DoAnTotNghiep\V-Shield-2.0\AI_Project\face_recognition\nhandienface.py","155"
"timeout","json-key","C:\DoAnTotNghiep\V-Shield-2.0\AI_Project\face_recognition\nhandienface.py","156"
"alert","json-key","C:\DoAnTotNghiep\V-Shield-2.0\AI_Project\face_recognition\nhandienface.py","157"
"scan_locked","json-key","C:\DoAnTotNghiep\V-Shield-2.0\AI_Project\face_recognition\nhandienface.py","159"
"lock_reason","json-key","C:\DoAnTotNghiep\V-Shield-2.0\AI_Project\face_recognition\nhandienface.py","160"
"fps","json-key","C:\DoAnTotNghiep\V-Shield-2.0\AI_Project\face_recognition\nhandienface.py","162"
"last_snapshot","json-key","C:\DoAnTotNghiep\V-Shield-2.0\AI_Project\face_recognition\nhandienface.py","163"
"last_face_crop","json-key","C:\DoAnTotNghiep\V-Shield-2.0\AI_Project\face_recognition\nhandienface.py","164"
"locked_snapshot","json-key","C:\DoAnTotNghiep\V-Shield-2.0\AI_Project\face_recognition\nhandienface.py","165"
"locked_face_crop","json-key","C:\DoAnTotNghiep\V-Shield-2.0\AI_Project\face_recognition\nhandienface.py","166"
"last_update","json-key","C:\DoAnTotNghiep\V-Shield-2.0\AI_Project\face_recognition\nhandienface.py","167"
"message","json-key","C:\DoAnTotNghiep\V-Shield-2.0\AI_Project\face_recognition\nhandienface.py","168"
"make_json_safe","py-func","C:\DoAnTotNghiep\V-Shield-2.0\AI_Project\face_recognition\nhandienface.py","214"
"now_ts","py-func","C:\DoAnTotNghiep\V-Shield-2.0\AI_Project\face_recognition\nhandienface.py","237"
"update_recognition_state","py-func","C:\DoAnTotNghiep\V-Shield-2.0\AI_Project\face_recognition\nhandienface.py","240"
"get_recognition_snapshot","py-func","C:\DoAnTotNghiep\V-Shield-2.0\AI_Project\face_recognition\nhandienface.py","246"
"success","json-key","C:\DoAnTotNghiep\V-Shield-2.0\AI_Project\face_recognition\nhandienface.py","249"
"camera_enabled","json-key","C:\DoAnTotNghiep\V-Shield-2.0\AI_Project\face_recognition\nhandienface.py","250"
"camera_connected","json-key","C:\DoAnTotNghiep\V-Shield-2.0\AI_Project\face_recognition\nhandienface.py","251"
"ip","json-key","C:\DoAnTotNghiep\V-Shield-2.0\AI_Project\face_recognition\nhandienface.py","252"
"face_model_dir","json-key","C:\DoAnTotNghiep\V-Shield-2.0\AI_Project\face_recognition\nhandienface.py","253"
"models_loaded","json-key","C:\DoAnTotNghiep\V-Shield-2.0\AI_Project\face_recognition\nhandienface.py","254"
"total_encodings","json-key","C:\DoAnTotNghiep\V-Shield-2.0\AI_Project\face_recognition\nhandienface.py","255"
"tracking_active","json-key","C:\DoAnTotNghiep\V-Shield-2.0\AI_Project\face_recognition\nhandienface.py","257"
"identity_confirmed","json-key","C:\DoAnTotNghiep\V-Shield-2.0\AI_Project\face_recognition\nhandienface.py","258"
"face_match","json-key","C:\DoAnTotNghiep\V-Shield-2.0\AI_Project\face_recognition\nhandienface.py","259"
"employee_id","json-key","C:\DoAnTotNghiep\V-Shield-2.0\AI_Project\face_recognition\nhandienface.py","260"
"confirm_count","json-key","C:\DoAnTotNghiep\V-Shield-2.0\AI_Project\face_recognition\nhandienface.py","261"
"distance","json-key","C:\DoAnTotNghiep\V-Shield-2.0\AI_Project\face_recognition\nhandienface.py","262"
"last_seen","json-key","C:\DoAnTotNghiep\V-Shield-2.0\AI_Project\face_recognition\nhandienface.py","263"
"bbox","json-key","C:\DoAnTotNghiep\V-Shield-2.0\AI_Project\face_recognition\nhandienface.py","264"
"timeout","json-key","C:\DoAnTotNghiep\V-Shield-2.0\AI_Project\face_recognition\nhandienface.py","265"
"alert","json-key","C:\DoAnTotNghiep\V-Shield-2.0\AI_Project\face_recognition\nhandienface.py","266"
"scan_locked","json-key","C:\DoAnTotNghiep\V-Shield-2.0\AI_Project\face_recognition\nhandienface.py","268"
"lock_reason","json-key","C:\DoAnTotNghiep\V-Shield-2.0\AI_Project\face_recognition\nhandienface.py","269"
"fps","json-key","C:\DoAnTotNghiep\V-Shield-2.0\AI_Project\face_recognition\nhandienface.py","271"
"last_snapshot","json-key","C:\DoAnTotNghiep\V-Shield-2.0\AI_Project\face_recognition\nhandienface.py","272"
"last_face_crop","json-key","C:\DoAnTotNghiep\V-Shield-2.0\AI_Project\face_recognition\nhandienface.py","273"
"locked_snapshot","json-key","C:\DoAnTotNghiep\V-Shield-2.0\AI_Project\face_recognition\nhandienface.py","274"
"locked_face_crop","json-key","C:\DoAnTotNghiep\V-Shield-2.0\AI_Project\face_recognition\nhandienface.py","275"
"last_update","json-key","C:\DoAnTotNghiep\V-Shield-2.0\AI_Project\face_recognition\nhandienface.py","276"
"message","json-key","C:\DoAnTotNghiep\V-Shield-2.0\AI_Project\face_recognition\nhandienface.py","277"
"set_camera_flags","py-func","C:\DoAnTotNghiep\V-Shield-2.0\AI_Project\face_recognition\nhandienface.py","284"
"get_camera_flags","py-func","C:\DoAnTotNghiep\V-Shield-2.0\AI_Project\face_recognition\nhandienface.py","294"
"get_latest_frame_copy","py-func","C:\DoAnTotNghiep\V-Shield-2.0\AI_Project\face_recognition\nhandienface.py","298"
"encode_frame_to_jpeg","py-func","C:\DoAnTotNghiep\V-Shield-2.0\AI_Project\face_recognition\nhandienface.py","308"
"image_to_base64","py-func","C:\DoAnTotNghiep\V-Shield-2.0\AI_Project\face_recognition\nhandienface.py","318"
"offline_frame","py-func","C:\DoAnTotNghiep\V-Shield-2.0\AI_Project\face_recognition\nhandienface.py","326"
"reset_recognition_state","py-func","C:\DoAnTotNghiep\V-Shield-2.0\AI_Project\face_recognition\nhandienface.py","342"
"lock_scan_result","py-func","C:\DoAnTotNghiep\V-Shield-2.0\AI_Project\face_recognition\nhandienface.py","409"
"get_display_text","py-func","C:\DoAnTotNghiep\V-Shield-2.0\AI_Project\face_recognition\nhandienface.py","437"
"timeout","json-key","C:\DoAnTotNghiep\V-Shield-2.0\AI_Project\face_recognition\nhandienface.py","441"
"alert","json-key","C:\DoAnTotNghiep\V-Shield-2.0\AI_Project\face_recognition\nhandienface.py","443"
"draw_overlay","py-func","C:\DoAnTotNghiep\V-Shield-2.0\AI_Project\face_recognition\nhandienface.py","455"
"camera_reader_worker","py-func","C:\DoAnTotNghiep\V-Shield-2.0\AI_Project\face_recognition\nhandienface.py","572"
"preprocess_frame","py-func","C:\DoAnTotNghiep\V-Shield-2.0\AI_Project\face_recognition\nhandienface.py","694"
"crop_face_safe","py-func","C:\DoAnTotNghiep\V-Shield-2.0\AI_Project\face_recognition\nhandienface.py","711"
"update_face_state_no_face","py-func","C:\DoAnTotNghiep\V-Shield-2.0\AI_Project\face_recognition\nhandienface.py","728"
"face_processing_worker","py-func","C:\DoAnTotNghiep\V-Shield-2.0\AI_Project\face_recognition\nhandienface.py","760"
"top","json-key","C:\DoAnTotNghiep\V-Shield-2.0\AI_Project\face_recognition\nhandienface.py","908"
"right","json-key","C:\DoAnTotNghiep\V-Shield-2.0\AI_Project\face_recognition\nhandienface.py","909"
"bottom","json-key","C:\DoAnTotNghiep\V-Shield-2.0\AI_Project\face_recognition\nhandienface.py","910"
"left","json-key","C:\DoAnTotNghiep\V-Shield-2.0\AI_Project\face_recognition\nhandienface.py","911"
"width","json-key","C:\DoAnTotNghiep\V-Shield-2.0\AI_Project\face_recognition\nhandienface.py","912"
"height","json-key","C:\DoAnTotNghiep\V-Shield-2.0\AI_Project\face_recognition\nhandienface.py","913"
"mjpeg_generator","py-func","C:\DoAnTotNghiep\V-Shield-2.0\AI_Project\face_recognition\nhandienface.py","1067"
"open_camera","py-func","C:\DoAnTotNghiep\V-Shield-2.0\AI_Project\face_recognition\nhandienface.py","1119"
"close_camera","py-func","C:\DoAnTotNghiep\V-Shield-2.0\AI_Project\face_recognition\nhandienface.py","1141"
"api_camera_on","py-func","C:\DoAnTotNghiep\V-Shield-2.0\AI_Project\face_recognition\nhandienface.py","1170"
"success","json-key","C:\DoAnTotNghiep\V-Shield-2.0\AI_Project\face_recognition\nhandienface.py","1177"
"message","json-key","C:\DoAnTotNghiep\V-Shield-2.0\AI_Project\face_recognition\nhandienface.py","1178"
"success","json-key","C:\DoAnTotNghiep\V-Shield-2.0\AI_Project\face_recognition\nhandienface.py","1186"
"message","json-key","C:\DoAnTotNghiep\V-Shield-2.0\AI_Project\face_recognition\nhandienface.py","1187"
"ip","json-key","C:\DoAnTotNghiep\V-Shield-2.0\AI_Project\face_recognition\nhandienface.py","1188"
"stream_url","json-key","C:\DoAnTotNghiep\V-Shield-2.0\AI_Project\face_recognition\nhandienface.py","1189"
"success","json-key","C:\DoAnTotNghiep\V-Shield-2.0\AI_Project\face_recognition\nhandienface.py","1193"
"message","json-key","C:\DoAnTotNghiep\V-Shield-2.0\AI_Project\face_recognition\nhandienface.py","1194"
"ip","json-key","C:\DoAnTotNghiep\V-Shield-2.0\AI_Project\face_recognition\nhandienface.py","1195"
"success","json-key","C:\DoAnTotNghiep\V-Shield-2.0\AI_Project\face_recognition\nhandienface.py","1200"
"message","json-key","C:\DoAnTotNghiep\V-Shield-2.0\AI_Project\face_recognition\nhandienface.py","1201"
"api_camera_off","py-func","C:\DoAnTotNghiep\V-Shield-2.0\AI_Project\face_recognition\nhandienface.py","1205"
"success","json-key","C:\DoAnTotNghiep\V-Shield-2.0\AI_Project\face_recognition\nhandienface.py","1211"
"message","json-key","C:\DoAnTotNghiep\V-Shield-2.0\AI_Project\face_recognition\nhandienface.py","1212"
"success","json-key","C:\DoAnTotNghiep\V-Shield-2.0\AI_Project\face_recognition\nhandienface.py","1217"
"message","json-key","C:\DoAnTotNghiep\V-Shield-2.0\AI_Project\face_recognition\nhandienface.py","1218"
"api_camera_reset","py-func","C:\DoAnTotNghiep\V-Shield-2.0\AI_Project\face_recognition\nhandienface.py","1222"
"success","json-key","C:\DoAnTotNghiep\V-Shield-2.0\AI_Project\face_recognition\nhandienface.py","1236"
"message","json-key","C:\DoAnTotNghiep\V-Shield-2.0\AI_Project\face_recognition\nhandienface.py","1237"
"success","json-key","C:\DoAnTotNghiep\V-Shield-2.0\AI_Project\face_recognition\nhandienface.py","1242"
"message","json-key","C:\DoAnTotNghiep\V-Shield-2.0\AI_Project\face_recognition\nhandienface.py","1243"
"api_camera_status","py-func","C:\DoAnTotNghiep\V-Shield-2.0\AI_Project\face_recognition\nhandienface.py","1247"
"success","json-key","C:\DoAnTotNghiep\V-Shield-2.0\AI_Project\face_recognition\nhandienface.py","1251"
"camera_enabled","json-key","C:\DoAnTotNghiep\V-Shield-2.0\AI_Project\face_recognition\nhandienface.py","1252"
"camera_connected","json-key","C:\DoAnTotNghiep\V-Shield-2.0\AI_Project\face_recognition\nhandienface.py","1253"
"ip","json-key","C:\DoAnTotNghiep\V-Shield-2.0\AI_Project\face_recognition\nhandienface.py","1254"
"tracking_active","json-key","C:\DoAnTotNghiep\V-Shield-2.0\AI_Project\face_recognition\nhandienface.py","1255"
"identity_confirmed","json-key","C:\DoAnTotNghiep\V-Shield-2.0\AI_Project\face_recognition\nhandienface.py","1256"
"face_match","json-key","C:\DoAnTotNghiep\V-Shield-2.0\AI_Project\face_recognition\nhandienface.py","1257"
"employee_id","json-key","C:\DoAnTotNghiep\V-Shield-2.0\AI_Project\face_recognition\nhandienface.py","1258"
"confirm_count","json-key","C:\DoAnTotNghiep\V-Shield-2.0\AI_Project\face_recognition\nhandienface.py","1259"
"distance","json-key","C:\DoAnTotNghiep\V-Shield-2.0\AI_Project\face_recognition\nhandienface.py","1260"
"last_seen","json-key","C:\DoAnTotNghiep\V-Shield-2.0\AI_Project\face_recognition\nhandienface.py","1261"
"bbox","json-key","C:\DoAnTotNghiep\V-Shield-2.0\AI_Project\face_recognition\nhandienface.py","1262"
"timeout","json-key","C:\DoAnTotNghiep\V-Shield-2.0\AI_Project\face_recognition\nhandienface.py","1263"
"alert","json-key","C:\DoAnTotNghiep\V-Shield-2.0\AI_Project\face_recognition\nhandienface.py","1264"
"scan_locked","json-key","C:\DoAnTotNghiep\V-Shield-2.0\AI_Project\face_recognition\nhandienface.py","1265"
"lock_reason","json-key","C:\DoAnTotNghiep\V-Shield-2.0\AI_Project\face_recognition\nhandienface.py","1266"
"fps","json-key","C:\DoAnTotNghiep\V-Shield-2.0\AI_Project\face_recognition\nhandienface.py","1267"
"models_loaded","json-key","C:\DoAnTotNghiep\V-Shield-2.0\AI_Project\face_recognition\nhandienface.py","1268"
"total_encodings","json-key","C:\DoAnTotNghiep\V-Shield-2.0\AI_Project\face_recognition\nhandienface.py","1269"
"message","json-key","C:\DoAnTotNghiep\V-Shield-2.0\AI_Project\face_recognition\nhandienface.py","1270"
"last_update","json-key","C:\DoAnTotNghiep\V-Shield-2.0\AI_Project\face_recognition\nhandienface.py","1271"
"stream_url","json-key","C:\DoAnTotNghiep\V-Shield-2.0\AI_Project\face_recognition\nhandienface.py","1272"
"success","json-key","C:\DoAnTotNghiep\V-Shield-2.0\AI_Project\face_recognition\nhandienface.py","1276"
"message","json-key","C:\DoAnTotNghiep\V-Shield-2.0\AI_Project\face_recognition\nhandienface.py","1277"
"api_camera_result","py-func","C:\DoAnTotNghiep\V-Shield-2.0\AI_Project\face_recognition\nhandienface.py","1281"
"success","json-key","C:\DoAnTotNghiep\V-Shield-2.0\AI_Project\face_recognition\nhandienface.py","1286"
"message","json-key","C:\DoAnTotNghiep\V-Shield-2.0\AI_Project\face_recognition\nhandienface.py","1287"
"api_camera_locked_images","py-func","C:\DoAnTotNghiep\V-Shield-2.0\AI_Project\face_recognition\nhandienface.py","1291"
"success","json-key","C:\DoAnTotNghiep\V-Shield-2.0\AI_Project\face_recognition\nhandienface.py","1295"
"identity_confirmed","json-key","C:\DoAnTotNghiep\V-Shield-2.0\AI_Project\face_recognition\nhandienface.py","1296"
"employee_id","json-key","C:\DoAnTotNghiep\V-Shield-2.0\AI_Project\face_recognition\nhandienface.py","1297"
"scan_locked","json-key","C:\DoAnTotNghiep\V-Shield-2.0\AI_Project\face_recognition\nhandienface.py","1298"
"lock_reason","json-key","C:\DoAnTotNghiep\V-Shield-2.0\AI_Project\face_recognition\nhandienface.py","1299"
"locked_snapshot","json-key","C:\DoAnTotNghiep\V-Shield-2.0\AI_Project\face_recognition\nhandienface.py","1300"
"locked_face_crop","json-key","C:\DoAnTotNghiep\V-Shield-2.0\AI_Project\face_recognition\nhandienface.py","1301"
"success","json-key","C:\DoAnTotNghiep\V-Shield-2.0\AI_Project\face_recognition\nhandienface.py","1305"
"message","json-key","C:\DoAnTotNghiep\V-Shield-2.0\AI_Project\face_recognition\nhandienface.py","1306"
"api_camera_stream","py-func","C:\DoAnTotNghiep\V-Shield-2.0\AI_Project\face_recognition\nhandienface.py","1310"
"api_camera_events","py-func","C:\DoAnTotNghiep\V-Shield-2.0\AI_Project\face_recognition\nhandienface.py","1322"
"event_stream","py-func","C:\DoAnTotNghiep\V-Shield-2.0\AI_Project\face_recognition\nhandienface.py","1323"
"success","json-key","C:\DoAnTotNghiep\V-Shield-2.0\AI_Project\face_recognition\nhandienface.py","1331"
"camera_enabled","json-key","C:\DoAnTotNghiep\V-Shield-2.0\AI_Project\face_recognition\nhandienface.py","1332"
"camera_connected","json-key","C:\DoAnTotNghiep\V-Shield-2.0\AI_Project\face_recognition\nhandienface.py","1333"
"ip","json-key","C:\DoAnTotNghiep\V-Shield-2.0\AI_Project\face_recognition\nhandienface.py","1334"
"tracking_active","json-key","C:\DoAnTotNghiep\V-Shield-2.0\AI_Project\face_recognition\nhandienface.py","1335"
"identity_confirmed","json-key","C:\DoAnTotNghiep\V-Shield-2.0\AI_Project\face_recognition\nhandienface.py","1336"
"face_match","json-key","C:\DoAnTotNghiep\V-Shield-2.0\AI_Project\face_recognition\nhandienface.py","1337"
"employee_id","json-key","C:\DoAnTotNghiep\V-Shield-2.0\AI_Project\face_recognition\nhandienface.py","1338"
"confirm_count","json-key","C:\DoAnTotNghiep\V-Shield-2.0\AI_Project\face_recognition\nhandienface.py","1339"
"distance","json-key","C:\DoAnTotNghiep\V-Shield-2.0\AI_Project\face_recognition\nhandienface.py","1340"
"last_seen","json-key","C:\DoAnTotNghiep\V-Shield-2.0\AI_Project\face_recognition\nhandienface.py","1341"
"bbox","json-key","C:\DoAnTotNghiep\V-Shield-2.0\AI_Project\face_recognition\nhandienface.py","1342"
"timeout","json-key","C:\DoAnTotNghiep\V-Shield-2.0\AI_Project\face_recognition\nhandienface.py","1343"
"alert","json-key","C:\DoAnTotNghiep\V-Shield-2.0\AI_Project\face_recognition\nhandienface.py","1344"
"scan_locked","json-key","C:\DoAnTotNghiep\V-Shield-2.0\AI_Project\face_recognition\nhandienface.py","1345"
"lock_reason","json-key","C:\DoAnTotNghiep\V-Shield-2.0\AI_Project\face_recognition\nhandienface.py","1346"
"fps","json-key","C:\DoAnTotNghiep\V-Shield-2.0\AI_Project\face_recognition\nhandienface.py","1347"
"message","json-key","C:\DoAnTotNghiep\V-Shield-2.0\AI_Project\face_recognition\nhandienface.py","1348"
"last_update","json-key","C:\DoAnTotNghiep\V-Shield-2.0\AI_Project\face_recognition\nhandienface.py","1349"
"api_health","py-func","C:\DoAnTotNghiep\V-Shield-2.0\AI_Project\face_recognition\nhandienface.py","1380"
"success","json-key","C:\DoAnTotNghiep\V-Shield-2.0\AI_Project\face_recognition\nhandienface.py","1383"
"message","json-key","C:\DoAnTotNghiep\V-Shield-2.0\AI_Project\face_recognition\nhandienface.py","1384"
"camera_enabled","json-key","C:\DoAnTotNghiep\V-Shield-2.0\AI_Project\face_recognition\nhandienface.py","1385"
"camera_connected","json-key","C:\DoAnTotNghiep\V-Shield-2.0\AI_Project\face_recognition\nhandienface.py","1386"
"ip","json-key","C:\DoAnTotNghiep\V-Shield-2.0\AI_Project\face_recognition\nhandienface.py","1387"
"models_loaded","json-key","C:\DoAnTotNghiep\V-Shield-2.0\AI_Project\face_recognition\nhandienface.py","1388"
"total_encodings","json-key","C:\DoAnTotNghiep\V-Shield-2.0\AI_Project\face_recognition\nhandienface.py","1389"
"last_update","json-key","C:\DoAnTotNghiep\V-Shield-2.0\AI_Project\face_recognition\nhandienface.py","1390"
"run_api_server","py-func","C:\DoAnTotNghiep\V-Shield-2.0\AI_Project\face_recognition\nhandienface.py","1396"
"debug_view_loop","py-func","C:\DoAnTotNghiep\V-Shield-2.0\AI_Project\face_recognition\nhandienface.py","1403"
"main","py-func","C:\DoAnTotNghiep\V-Shield-2.0\AI_Project\face_recognition\nhandienface.py","1482"
"__main__","json-key","C:\DoAnTotNghiep\V-Shield-2.0\AI_Project\face_recognition\nhandienface.py","1517"
"Mock","py-class","C:\DoAnTotNghiep\V-Shield-2.0\AI_Project\face_recognition\docs\conf.py","20"
"__getattr__","py-func","C:\DoAnTotNghiep\V-Shield-2.0\AI_Project\face_recognition\docs\conf.py","22"
"run_test","py-func","C:\DoAnTotNghiep\V-Shield-2.0\AI_Project\face_recognition\examples\benchmark.py","17"
"main","py-func","C:\DoAnTotNghiep\V-Shield-2.0\AI_Project\face_recognition\examples\blink_detection.py","21"
"get_ear","py-func","C:\DoAnTotNghiep\V-Shield-2.0\AI_Project\face_recognition\examples\blink_detection.py","86"
"__main__","json-key","C:\DoAnTotNghiep\V-Shield-2.0\AI_Project\face_recognition\examples\blink_detection.py","103"
"next_id","py-func","C:\DoAnTotNghiep\V-Shield-2.0\AI_Project\face_recognition\examples\facerec_from_webcam_multiprocessing.py","19"
"prev_id","py-func","C:\DoAnTotNghiep\V-Shield-2.0\AI_Project\face_recognition\examples\facerec_from_webcam_multiprocessing.py","27"
"capture","py-func","C:\DoAnTotNghiep\V-Shield-2.0\AI_Project\face_recognition\examples\facerec_from_webcam_multiprocessing.py","35"
"process","py-func","C:\DoAnTotNghiep\V-Shield-2.0\AI_Project\face_recognition\examples\facerec_from_webcam_multiprocessing.py","58"
"train","py-func","C:\DoAnTotNghiep\V-Shield-2.0\AI_Project\face_recognition\examples\facerec_ipcamera_knn.py","51"
"predict","py-func","C:\DoAnTotNghiep\V-Shield-2.0\AI_Project\face_recognition\examples\facerec_ipcamera_knn.py","116"
"show_prediction_labels_on_image","py-func","C:\DoAnTotNghiep\V-Shield-2.0\AI_Project\face_recognition\examples\facerec_ipcamera_knn.py","153"
"__main__","json-key","C:\DoAnTotNghiep\V-Shield-2.0\AI_Project\face_recognition\examples\facerec_ipcamera_knn.py","190"
"train","py-func","C:\DoAnTotNghiep\V-Shield-2.0\AI_Project\face_recognition\examples\face_recognition_knn.py","46"
"predict","py-func","C:\DoAnTotNghiep\V-Shield-2.0\AI_Project\face_recognition\examples\face_recognition_knn.py","111"
"show_prediction_labels_on_image","py-func","C:\DoAnTotNghiep\V-Shield-2.0\AI_Project\face_recognition\examples\face_recognition_knn.py","153"
"__main__","json-key","C:\DoAnTotNghiep\V-Shield-2.0\AI_Project\face_recognition\examples\face_recognition_knn.py","184"
"face_found_in_image","json-key","C:\DoAnTotNghiep\V-Shield-2.0\AI_Project\face_recognition\examples\web_service_example.py","10"
"is_picture_of_obama","json-key","C:\DoAnTotNghiep\V-Shield-2.0\AI_Project\face_recognition\examples\web_service_example.py","11"
"allowed_file","py-func","C:\DoAnTotNghiep\V-Shield-2.0\AI_Project\face_recognition\examples\web_service_example.py","28"
"upload_image","py-func","C:\DoAnTotNghiep\V-Shield-2.0\AI_Project\face_recognition\examples\web_service_example.py","34"
"detect_faces_in_image","py-func","C:\DoAnTotNghiep\V-Shield-2.0\AI_Project\face_recognition\examples\web_service_example.py","61"
"face_found_in_image","json-key","C:\DoAnTotNghiep\V-Shield-2.0\AI_Project\face_recognition\examples\web_service_example.py","107"
"is_picture_of_obama","json-key","C:\DoAnTotNghiep\V-Shield-2.0\AI_Project\face_recognition\examples\web_service_example.py","108"
"__main__","json-key","C:\DoAnTotNghiep\V-Shield-2.0\AI_Project\face_recognition\examples\web_service_example.py","112"
"face_found_in_image","json-key","C:\DoAnTotNghiep\V-Shield-2.0\AI_Project\face_recognition\examples\web_service_example_Simplified_Chinese.py","6"
"is_picture_of_obama","json-key","C:\DoAnTotNghiep\V-Shield-2.0\AI_Project\face_recognition\examples\web_service_example_Simplified_Chinese.py","7"
"allowed_file","py-func","C:\DoAnTotNghiep\V-Shield-2.0\AI_Project\face_recognition\examples\web_service_example_Simplified_Chinese.py","24"
"upload_image","py-func","C:\DoAnTotNghiep\V-Shield-2.0\AI_Project\face_recognition\examples\web_service_example_Simplified_Chinese.py","30"
"detect_faces_in_image","py-func","C:\DoAnTotNghiep\V-Shield-2.0\AI_Project\face_recognition\examples\web_service_example_Simplified_Chinese.py","57"
"face_found_in_image","json-key","C:\DoAnTotNghiep\V-Shield-2.0\AI_Project\face_recognition\examples\web_service_example_Simplified_Chinese.py","103"
"is_picture_of_obama","json-key","C:\DoAnTotNghiep\V-Shield-2.0\AI_Project\face_recognition\examples\web_service_example_Simplified_Chinese.py","104"
"__main__","json-key","C:\DoAnTotNghiep\V-Shield-2.0\AI_Project\face_recognition\examples\web_service_example_Simplified_Chinese.py","109"
"_rect_to_css","py-func","C:\DoAnTotNghiep\V-Shield-2.0\AI_Project\face_recognition\face_recognition\api.py","32"
"_css_to_rect","py-func","C:\DoAnTotNghiep\V-Shield-2.0\AI_Project\face_recognition\face_recognition\api.py","42"
"_trim_css_to_bounds","py-func","C:\DoAnTotNghiep\V-Shield-2.0\AI_Project\face_recognition\face_recognition\api.py","52"
"face_distance","py-func","C:\DoAnTotNghiep\V-Shield-2.0\AI_Project\face_recognition\face_recognition\api.py","63"
"load_image_file","py-func","C:\DoAnTotNghiep\V-Shield-2.0\AI_Project\face_recognition\face_recognition\api.py","78"
"_raw_face_locations","py-func","C:\DoAnTotNghiep\V-Shield-2.0\AI_Project\face_recognition\face_recognition\api.py","92"
"cnn","json-key","C:\DoAnTotNghiep\V-Shield-2.0\AI_Project\face_recognition\face_recognition\api.py","102"
"face_locations","py-func","C:\DoAnTotNghiep\V-Shield-2.0\AI_Project\face_recognition\face_recognition\api.py","108"
"cnn","json-key","C:\DoAnTotNghiep\V-Shield-2.0\AI_Project\face_recognition\face_recognition\api.py","118"
"_raw_face_locations_batched","py-func","C:\DoAnTotNghiep\V-Shield-2.0\AI_Project\face_recognition\face_recognition\api.py","124"
"batch_face_locations","py-func","C:\DoAnTotNghiep\V-Shield-2.0\AI_Project\face_recognition\face_recognition\api.py","135"
"convert_cnn_detections_to_css","py-func","C:\DoAnTotNghiep\V-Shield-2.0\AI_Project\face_recognition\face_recognition\api.py","146"
"_raw_face_landmarks","py-func","C:\DoAnTotNghiep\V-Shield-2.0\AI_Project\face_recognition\face_recognition\api.py","154"
"small","json-key","C:\DoAnTotNghiep\V-Shield-2.0\AI_Project\face_recognition\face_recognition\api.py","162"
"face_landmarks","py-func","C:\DoAnTotNghiep\V-Shield-2.0\AI_Project\face_recognition\face_recognition\api.py","168"
"chin","json-key","C:\DoAnTotNghiep\V-Shield-2.0\AI_Project\face_recognition\face_recognition\api.py","183"
"left_eyebrow","json-key","C:\DoAnTotNghiep\V-Shield-2.0\AI_Project\face_recognition\face_recognition\api.py","184"
"right_eyebrow","json-key","C:\DoAnTotNghiep\V-Shield-2.0\AI_Project\face_recognition\face_recognition\api.py","185"
"nose_bridge","json-key","C:\DoAnTotNghiep\V-Shield-2.0\AI_Project\face_recognition\face_recognition\api.py","186"
"nose_tip","json-key","C:\DoAnTotNghiep\V-Shield-2.0\AI_Project\face_recognition\face_recognition\api.py","187"
"left_eye","json-key","C:\DoAnTotNghiep\V-Shield-2.0\AI_Project\face_recognition\face_recognition\api.py","188"
"right_eye","json-key","C:\DoAnTotNghiep\V-Shield-2.0\AI_Project\face_recognition\face_recognition\api.py","189"
"top_lip","json-key","C:\DoAnTotNghiep\V-Shield-2.0\AI_Project\face_recognition\face_recognition\api.py","190"
"bottom_lip","json-key","C:\DoAnTotNghiep\V-Shield-2.0\AI_Project\face_recognition\face_recognition\api.py","191"
"nose_tip","json-key","C:\DoAnTotNghiep\V-Shield-2.0\AI_Project\face_recognition\face_recognition\api.py","195"
"left_eye","json-key","C:\DoAnTotNghiep\V-Shield-2.0\AI_Project\face_recognition\face_recognition\api.py","196"
"right_eye","json-key","C:\DoAnTotNghiep\V-Shield-2.0\AI_Project\face_recognition\face_recognition\api.py","197"
"face_encodings","py-func","C:\DoAnTotNghiep\V-Shield-2.0\AI_Project\face_recognition\face_recognition\api.py","203"
"compare_faces","py-func","C:\DoAnTotNghiep\V-Shield-2.0\AI_Project\face_recognition\face_recognition\api.py","217"
"print_result","py-func","C:\DoAnTotNghiep\V-Shield-2.0\AI_Project\face_recognition\face_recognition\face_detection_cli.py","12"
"test_image","py-func","C:\DoAnTotNghiep\V-Shield-2.0\AI_Project\face_recognition\face_recognition\face_detection_cli.py","17"
"image_files_in_folder","py-func","C:\DoAnTotNghiep\V-Shield-2.0\AI_Project\face_recognition\face_recognition\face_detection_cli.py","25"
"process_images_in_process_pool","py-func","C:\DoAnTotNghiep\V-Shield-2.0\AI_Project\face_recognition\face_recognition\face_detection_cli.py","29"
"main","py-func","C:\DoAnTotNghiep\V-Shield-2.0\AI_Project\face_recognition\face_recognition\face_detection_cli.py","56"
"__main__","json-key","C:\DoAnTotNghiep\V-Shield-2.0\AI_Project\face_recognition\face_recognition\face_detection_cli.py","71"
"scan_known_people","py-func","C:\DoAnTotNghiep\V-Shield-2.0\AI_Project\face_recognition\face_recognition\face_recognition_cli.py","14"
"print_result","py-func","C:\DoAnTotNghiep\V-Shield-2.0\AI_Project\face_recognition\face_recognition\face_recognition_cli.py","35"
"test_image","py-func","C:\DoAnTotNghiep\V-Shield-2.0\AI_Project\face_recognition\face_recognition\face_recognition_cli.py","42"
"image_files_in_folder","py-func","C:\DoAnTotNghiep\V-Shield-2.0\AI_Project\face_recognition\face_recognition\face_recognition_cli.py","67"
"process_images_in_process_pool","py-func","C:\DoAnTotNghiep\V-Shield-2.0\AI_Project\face_recognition\face_recognition\face_recognition_cli.py","71"
"main","py-func","C:\DoAnTotNghiep\V-Shield-2.0\AI_Project\face_recognition\face_recognition\face_recognition_cli.py","101"
"__main__","json-key","C:\DoAnTotNghiep\V-Shield-2.0\AI_Project\face_recognition\face_recognition\face_recognition_cli.py","118"
"Test_face_recognition","py-class","C:\DoAnTotNghiep\V-Shield-2.0\AI_Project\face_recognition\tests\test_face_recognition.py","22"
"test_load_image_file","py-func","C:\DoAnTotNghiep\V-Shield-2.0\AI_Project\face_recognition\tests\test_face_recognition.py","24"
"test_load_image_file_32bit","py-func","C:\DoAnTotNghiep\V-Shield-2.0\AI_Project\face_recognition\tests\test_face_recognition.py","28"
"test_raw_face_locations","py-func","C:\DoAnTotNghiep\V-Shield-2.0\AI_Project\face_recognition\tests\test_face_recognition.py","32"
"test_cnn_raw_face_locations","py-func","C:\DoAnTotNghiep\V-Shield-2.0\AI_Project\face_recognition\tests\test_face_recognition.py","40"
"test_raw_face_locations_32bit_image","py-func","C:\DoAnTotNghiep\V-Shield-2.0\AI_Project\face_recognition\tests\test_face_recognition.py","48"
"test_cnn_raw_face_locations_32bit_image","py-func","C:\DoAnTotNghiep\V-Shield-2.0\AI_Project\face_recognition\tests\test_face_recognition.py","56"
"test_face_locations","py-func","C:\DoAnTotNghiep\V-Shield-2.0\AI_Project\face_recognition\tests\test_face_recognition.py","64"
"test_cnn_face_locations","py-func","C:\DoAnTotNghiep\V-Shield-2.0\AI_Project\face_recognition\tests\test_face_recognition.py","71"
"test_partial_face_locations","py-func","C:\DoAnTotNghiep\V-Shield-2.0\AI_Project\face_recognition\tests\test_face_recognition.py","81"
"test_raw_face_locations_batched","py-func","C:\DoAnTotNghiep\V-Shield-2.0\AI_Project\face_recognition\tests\test_face_recognition.py","94"
"test_batched_face_locations","py-func","C:\DoAnTotNghiep\V-Shield-2.0\AI_Project\face_recognition\tests\test_face_recognition.py","104"
"test_raw_face_landmarks","py-func","C:\DoAnTotNghiep\V-Shield-2.0\AI_Project\face_recognition\tests\test_face_recognition.py","114"
"test_face_landmarks","py-func","C:\DoAnTotNghiep\V-Shield-2.0\AI_Project\face_recognition\tests\test_face_recognition.py","123"
"test_face_landmarks_small_model","py-func","C:\DoAnTotNghiep\V-Shield-2.0\AI_Project\face_recognition\tests\test_face_recognition.py","139"
"test_face_encodings","py-func","C:\DoAnTotNghiep\V-Shield-2.0\AI_Project\face_recognition\tests\test_face_recognition.py","148"
"test_face_encodings_large_model","py-func","C:\DoAnTotNghiep\V-Shield-2.0\AI_Project\face_recognition\tests\test_face_recognition.py","155"
"test_face_distance","py-func","C:\DoAnTotNghiep\V-Shield-2.0\AI_Project\face_recognition\tests\test_face_recognition.py","162"
"test_face_distance_empty_lists","py-func","C:\DoAnTotNghiep\V-Shield-2.0\AI_Project\face_recognition\tests\test_face_recognition.py","188"
"test_compare_faces","py-func","C:\DoAnTotNghiep\V-Shield-2.0\AI_Project\face_recognition\tests\test_face_recognition.py","206"
"test_compare_faces_empty_lists","py-func","C:\DoAnTotNghiep\V-Shield-2.0\AI_Project\face_recognition\tests\test_face_recognition.py","230"
"test_command_line_interface_options","py-func","C:\DoAnTotNghiep\V-Shield-2.0\AI_Project\face_recognition\tests\test_face_recognition.py","248"
"test_command_line_interface","py-func","C:\DoAnTotNghiep\V-Shield-2.0\AI_Project\face_recognition\tests\test_face_recognition.py","255"
"test_command_line_interface_big_image","py-func","C:\DoAnTotNghiep\V-Shield-2.0\AI_Project\face_recognition\tests\test_face_recognition.py","266"
"test_command_line_interface_tolerance","py-func","C:\DoAnTotNghiep\V-Shield-2.0\AI_Project\face_recognition\tests\test_face_recognition.py","277"
"test_command_line_interface_show_distance","py-func","C:\DoAnTotNghiep\V-Shield-2.0\AI_Project\face_recognition\tests\test_face_recognition.py","288"
"test_fd_command_line_interface_options","py-func","C:\DoAnTotNghiep\V-Shield-2.0\AI_Project\face_recognition\tests\test_face_recognition.py","299"
"test_fd_command_line_interface","py-func","C:\DoAnTotNghiep\V-Shield-2.0\AI_Project\face_recognition\tests\test_face_recognition.py","306"
"test_fd_command_line_interface_folder","py-func","C:\DoAnTotNghiep\V-Shield-2.0\AI_Project\face_recognition\tests\test_face_recognition.py","316"
"test_fd_command_line_interface_hog_model","py-func","C:\DoAnTotNghiep\V-Shield-2.0\AI_Project\face_recognition\tests\test_face_recognition.py","328"
"test_fd_command_line_interface_cnn_model","py-func","C:\DoAnTotNghiep\V-Shield-2.0\AI_Project\face_recognition\tests\test_face_recognition.py","337"
"running","json-key","C:\DoAnTotNghiep\V-Shield-2.0\AI_Project\QR_Dong\QR_Dong.py","12"
"scan_enabled","json-key","C:\DoAnTotNghiep\V-Shield-2.0\AI_Project\QR_Dong\QR_Dong.py","13"
"locked","json-key","C:\DoAnTotNghiep\V-Shield-2.0\AI_Project\QR_Dong\QR_Dong.py","14"
"qr","json-key","C:\DoAnTotNghiep\V-Shield-2.0\AI_Project\QR_Dong\QR_Dong.py","15"
"rtsp","json-key","C:\DoAnTotNghiep\V-Shield-2.0\AI_Project\QR_Dong\QR_Dong.py","16"
"connected","json-key","C:\DoAnTotNghiep\V-Shield-2.0\AI_Project\QR_Dong\QR_Dong.py","17"
"enhance","py-func","C:\DoAnTotNghiep\V-Shield-2.0\AI_Project\QR_Dong\QR_Dong.py","38"
"camera_worker","py-func","C:\DoAnTotNghiep\V-Shield-2.0\AI_Project\QR_Dong\QR_Dong.py","44"
"decode_qr","py-func","C:\DoAnTotNghiep\V-Shield-2.0\AI_Project\QR_Dong\QR_Dong.py","92"
"scan_worker","py-func","C:\DoAnTotNghiep\V-Shield-2.0\AI_Project\QR_Dong\QR_Dong.py","118"
"api_start","py-func","C:\DoAnTotNghiep\V-Shield-2.0\AI_Project\QR_Dong\QR_Dong.py","152"
"success","json-key","C:\DoAnTotNghiep\V-Shield-2.0\AI_Project\QR_Dong\QR_Dong.py","162"
"api_scan","py-func","C:\DoAnTotNghiep\V-Shield-2.0\AI_Project\QR_Dong\QR_Dong.py","166"
"success","json-key","C:\DoAnTotNghiep\V-Shield-2.0\AI_Project\QR_Dong\QR_Dong.py","172"
"api_reset","py-func","C:\DoAnTotNghiep\V-Shield-2.0\AI_Project\QR_Dong\QR_Dong.py","176"
"success","json-key","C:\DoAnTotNghiep\V-Shield-2.0\AI_Project\QR_Dong\QR_Dong.py","183"
"api_stop","py-func","C:\DoAnTotNghiep\V-Shield-2.0\AI_Project\QR_Dong\QR_Dong.py","187"
"success","json-key","C:\DoAnTotNghiep\V-Shield-2.0\AI_Project\QR_Dong\QR_Dong.py","193"
"api_result","py-func","C:\DoAnTotNghiep\V-Shield-2.0\AI_Project\QR_Dong\QR_Dong.py","197"
"main","py-func","C:\DoAnTotNghiep\V-Shield-2.0\AI_Project\QR_Dong\QR_Dong.py","201"
"__main__","json-key","C:\DoAnTotNghiep\V-Shield-2.0\AI_Project\QR_Dong\QR_Dong.py","269"
"Track","py-class","C:\DoAnTotNghiep\V-Shield-2.0\AI_Project\test\app.py","22"
"SimpleTracker","py-class","C:\DoAnTotNghiep\V-Shield-2.0\AI_Project\test\app.py","35"
"__init__","py-func","C:\DoAnTotNghiep\V-Shield-2.0\AI_Project\test\app.py","36"
"_center","py-func","C:\DoAnTotNghiep\V-Shield-2.0\AI_Project\test\app.py","43"
"update","py-func","C:\DoAnTotNghiep\V-Shield-2.0\AI_Project\test\app.py","47"
"stable_tracks","py-func","C:\DoAnTotNghiep\V-Shield-2.0\AI_Project\test\app.py","102"
"FrameGrabber","py-class","C:\DoAnTotNghiep\V-Shield-2.0\AI_Project\test\app.py","111"
"__init__","py-func","C:\DoAnTotNghiep\V-Shield-2.0\AI_Project\test\app.py","112"
"start","py-func","C:\DoAnTotNghiep\V-Shield-2.0\AI_Project\test\app.py","126"
"stop","py-func","C:\DoAnTotNghiep\V-Shield-2.0\AI_Project\test\app.py","131"
"read_latest","py-func","C:\DoAnTotNghiep\V-Shield-2.0\AI_Project\test\app.py","140"
"_loop","py-func","C:\DoAnTotNghiep\V-Shield-2.0\AI_Project\test\app.py","146"
"FireSmokeApp","py-class","C:\DoAnTotNghiep\V-Shield-2.0\AI_Project\test\app.py","172"
"__init__","py-func","C:\DoAnTotNghiep\V-Shield-2.0\AI_Project\test\app.py","173"
"_build_ui","py-func","C:\DoAnTotNghiep\V-Shield-2.0\AI_Project\test\app.py","209"
"_toggle_source","py-func","C:\DoAnTotNghiep\V-Shield-2.0\AI_Project\test\app.py","273"
"_pick_video","py-func","C:\DoAnTotNghiep\V-Shield-2.0\AI_Project\test\app.py","279"
"download_model","py-func","C:\DoAnTotNghiep\V-Shield-2.0\AI_Project\test\app.py","284"
"_parse_rois","py-func","C:\DoAnTotNghiep\V-Shield-2.0\AI_Project\test\app.py","294"
"_inside_any_roi","py-func","C:\DoAnTotNghiep\V-Shield-2.0\AI_Project\test\app.py","308"
"start","py-func","C:\DoAnTotNghiep\V-Shield-2.0\AI_Project\test\app.py","319"
"stop","py-func","C:\DoAnTotNghiep\V-Shield-2.0\AI_Project\test\app.py","355"
"_resolve_source","py-func","C:\DoAnTotNghiep\V-Shield-2.0\AI_Project\test\app.py","359"
"video","json-key","C:\DoAnTotNghiep\V-Shield-2.0\AI_Project\test\app.py","360"
"_run_detection","py-func","C:\DoAnTotNghiep\V-Shield-2.0\AI_Project\test\app.py","375"
"_open_capture","py-func","C:\DoAnTotNghiep\V-Shield-2.0\AI_Project\test\app.py","535"
"udp","json-key","C:\DoAnTotNghiep\V-Shield-2.0\AI_Project\test\app.py","538"
"_start_save_thread","py-func","C:\DoAnTotNghiep\V-Shield-2.0\AI_Project\test\app.py","550"
"_stop_save_thread","py-func","C:\DoAnTotNghiep\V-Shield-2.0\AI_Project\test\app.py","556"
"_enqueue_raw_frame","py-func","C:\DoAnTotNghiep\V-Shield-2.0\AI_Project\test\app.py","562"
"_save_worker","py-func","C:\DoAnTotNghiep\V-Shield-2.0\AI_Project\test\app.py","572"
"_notify_ui_error","py-func","C:\DoAnTotNghiep\V-Shield-2.0\AI_Project\test\app.py","585"
"_reset_controls","py-func","C:\DoAnTotNghiep\V-Shield-2.0\AI_Project\test\app.py","588"
"_reset","py-func","C:\DoAnTotNghiep\V-Shield-2.0\AI_Project\test\app.py","591"
"main","py-func","C:\DoAnTotNghiep\V-Shield-2.0\AI_Project\test\app.py","598"
"__main__","json-key","C:\DoAnTotNghiep\V-Shield-2.0\AI_Project\test\app.py","609"
"collect_images","py-func","C:\DoAnTotNghiep\V-Shield-2.0\AI_Project\test\prepare_hard_negative.py","9"
"ensure_dirs","py-func","C:\DoAnTotNghiep\V-Shield-2.0\AI_Project\test\prepare_hard_negative.py","13"
"split_items","py-func","C:\DoAnTotNghiep\V-Shield-2.0\AI_Project\test\prepare_hard_negative.py","19"
"train","json-key","C:\DoAnTotNghiep\V-Shield-2.0\AI_Project\test\prepare_hard_negative.py","24"
"valid","json-key","C:\DoAnTotNghiep\V-Shield-2.0\AI_Project\test\prepare_hard_negative.py","25"
"test","json-key","C:\DoAnTotNghiep\V-Shield-2.0\AI_Project\test\prepare_hard_negative.py","26"
"append_negative_samples","py-func","C:\DoAnTotNghiep\V-Shield-2.0\AI_Project\test\prepare_hard_negative.py","30"
"count_split","py-func","C:\DoAnTotNghiep\V-Shield-2.0\AI_Project\test\prepare_hard_negative.py","49"
"main","py-func","C:\DoAnTotNghiep\V-Shield-2.0\AI_Project\test\prepare_hard_negative.py","55"
"__main__","json-key","C:\DoAnTotNghiep\V-Shield-2.0\AI_Project\test\prepare_hard_negative.py","84"
"parse_args","py-func","C:\DoAnTotNghiep\V-Shield-2.0\AI_Project\test\train_yolov8s_fire_smoke.py","8"
"resolve_device","py-func","C:\DoAnTotNghiep\V-Shield-2.0\AI_Project\test\train_yolov8s_fire_smoke.py","24"
"auto","json-key","C:\DoAnTotNghiep\V-Shield-2.0\AI_Project\test\train_yolov8s_fire_smoke.py","25"
"main","py-func","C:\DoAnTotNghiep\V-Shield-2.0\AI_Project\test\train_yolov8s_fire_smoke.py","30"
"__main__","json-key","C:\DoAnTotNghiep\V-Shield-2.0\AI_Project\test\train_yolov8s_fire_smoke.py","71"
"Logging","json-key","C:\DoAnTotNghiep\V-Shield-2.0\API\API\API\appsettings.Development.json","2"
"LogLevel","json-key","C:\DoAnTotNghiep\V-Shield-2.0\API\API\API\appsettings.Development.json","3"
"Default","json-key","C:\DoAnTotNghiep\V-Shield-2.0\API\API\API\appsettings.Development.json","4"
"ConnectionStrings","json-key","C:\DoAnTotNghiep\V-Shield-2.0\API\API\API\appsettings.Development.json","8"
"DefaultConnection","json-key","C:\DoAnTotNghiep\V-Shield-2.0\API\API\API\appsettings.Development.json","9"
"SeedAdmin","json-key","C:\DoAnTotNghiep\V-Shield-2.0\API\API\API\appsettings.Development.json","11"
"Username","json-key","C:\DoAnTotNghiep\V-Shield-2.0\API\API\API\appsettings.Development.json","12"
"Password","json-key","C:\DoAnTotNghiep\V-Shield-2.0\API\API\API\appsettings.Development.json","13"
"FullName","json-key","C:\DoAnTotNghiep\V-Shield-2.0\API\API\API\appsettings.Development.json","14"
"ResetPasswordOnStartup","json-key","C:\DoAnTotNghiep\V-Shield-2.0\API\API\API\appsettings.Development.json","15"
"AiServices","json-key","C:\DoAnTotNghiep\V-Shield-2.0\API\API\API\appsettings.Development.json","17"
"FaceCameraBaseUrl","json-key","C:\DoAnTotNghiep\V-Shield-2.0\API\API\API\appsettings.Development.json","18"
"PlateBaseUrl","json-key","C:\DoAnTotNghiep\V-Shield-2.0\API\API\API\appsettings.Development.json","19"
"FaceIdBaseUrl","json-key","C:\DoAnTotNghiep\V-Shield-2.0\API\API\API\appsettings.Development.json","20"
"AutoStartFaceId","json-key","C:\DoAnTotNghiep\V-Shield-2.0\API\API\API\appsettings.Development.json","21"
"AppSettings","json-key","C:\DoAnTotNghiep\V-Shield-2.0\API\API\API\appsettings.Development.json","23"
"FrontendUrl","json-key","C:\DoAnTotNghiep\V-Shield-2.0\API\API\API\appsettings.Development.json","24"
"AllowedOrigins","json-key","C:\DoAnTotNghiep\V-Shield-2.0\API\API\API\appsettings.Development.json","25"
"Cloudflared","json-key","C:\DoAnTotNghiep\V-Shield-2.0\API\API\API\appsettings.Development.json","31"
"TunnelName","json-key","C:\DoAnTotNghiep\V-Shield-2.0\API\API\API\appsettings.Development.json","32"
"PublicHostname","json-key","C:\DoAnTotNghiep\V-Shield-2.0\API\API\API\appsettings.Development.json","33"
"TargetService","json-key","C:\DoAnTotNghiep\V-Shield-2.0\API\API\API\appsettings.Development.json","34"
"Logging","json-key","C:\DoAnTotNghiep\V-Shield-2.0\API\API\API\appsettings.json","2"
"LogLevel","json-key","C:\DoAnTotNghiep\V-Shield-2.0\API\API\API\appsettings.json","3"
"Default","json-key","C:\DoAnTotNghiep\V-Shield-2.0\API\API\API\appsettings.json","4"
"AllowedHosts","json-key","C:\DoAnTotNghiep\V-Shield-2.0\API\API\API\appsettings.json","8"
"ConnectionStrings","json-key","C:\DoAnTotNghiep\V-Shield-2.0\API\API\API\appsettings.json","9"
"DefaultConnection","json-key","C:\DoAnTotNghiep\V-Shield-2.0\API\API\API\appsettings.json","10"
"JwtSettings","json-key","C:\DoAnTotNghiep\V-Shield-2.0\API\API\API\appsettings.json","12"
"Secret","json-key","C:\DoAnTotNghiep\V-Shield-2.0\API\API\API\appsettings.json","13"
"Issuer","json-key","C:\DoAnTotNghiep\V-Shield-2.0\API\API\API\appsettings.json","14"
"Audience","json-key","C:\DoAnTotNghiep\V-Shield-2.0\API\API\API\appsettings.json","15"
"ExpiresInMinutes","json-key","C:\DoAnTotNghiep\V-Shield-2.0\API\API\API\appsettings.json","16"
"SeedAdmin","json-key","C:\DoAnTotNghiep\V-Shield-2.0\API\API\API\appsettings.json","18"
"Username","json-key","C:\DoAnTotNghiep\V-Shield-2.0\API\API\API\appsettings.json","19"
"Password","json-key","C:\DoAnTotNghiep\V-Shield-2.0\API\API\API\appsettings.json","20"
"FullName","json-key","C:\DoAnTotNghiep\V-Shield-2.0\API\API\API\appsettings.json","21"
"ResetPasswordOnStartup","json-key","C:\DoAnTotNghiep\V-Shield-2.0\API\API\API\appsettings.json","22"
"AiServices","json-key","C:\DoAnTotNghiep\V-Shield-2.0\API\API\API\appsettings.json","24"
"FaceCameraBaseUrl","json-key","C:\DoAnTotNghiep\V-Shield-2.0\API\API\API\appsettings.json","25"
"PlateBaseUrl","json-key","C:\DoAnTotNghiep\V-Shield-2.0\API\API\API\appsettings.json","26"
"FaceIdBaseUrl","json-key","C:\DoAnTotNghiep\V-Shield-2.0\API\API\API\appsettings.json","27"
"AutoStartFaceId","json-key","C:\DoAnTotNghiep\V-Shield-2.0\API\API\API\appsettings.json","28"
"AppSettings","json-key","C:\DoAnTotNghiep\V-Shield-2.0\API\API\API\appsettings.json","30"
"FrontendUrl","json-key","C:\DoAnTotNghiep\V-Shield-2.0\API\API\API\appsettings.json","31"
"Go2RtcPublicBaseUrl","json-key","C:\DoAnTotNghiep\V-Shield-2.0\API\API\API\appsettings.json","32"
"AllowedOrigins","json-key","C:\DoAnTotNghiep\V-Shield-2.0\API\API\API\appsettings.json","33"
"Cloudflared","json-key","C:\DoAnTotNghiep\V-Shield-2.0\API\API\API\appsettings.json","39"
"TunnelName","json-key","C:\DoAnTotNghiep\V-Shield-2.0\API\API\API\appsettings.json","40"
"PublicHostname","json-key","C:\DoAnTotNghiep\V-Shield-2.0\API\API\API\appsettings.json","41"
"TargetService","json-key","C:\DoAnTotNghiep\V-Shield-2.0\API\API\API\appsettings.json","42"
"Logging","json-key","C:\DoAnTotNghiep\V-Shield-2.0\API\API\API\appsettings.Production.example.json","2"
"LogLevel","json-key","C:\DoAnTotNghiep\V-Shield-2.0\API\API\API\appsettings.Production.example.json","3"
"Default","json-key","C:\DoAnTotNghiep\V-Shield-2.0\API\API\API\appsettings.Production.example.json","4"
"ConnectionStrings","json-key","C:\DoAnTotNghiep\V-Shield-2.0\API\API\API\appsettings.Production.example.json","8"
"DefaultConnection","json-key","C:\DoAnTotNghiep\V-Shield-2.0\API\API\API\appsettings.Production.example.json","9"
"SeedAdmin","json-key","C:\DoAnTotNghiep\V-Shield-2.0\API\API\API\appsettings.Production.example.json","11"
"Username","json-key","C:\DoAnTotNghiep\V-Shield-2.0\API\API\API\appsettings.Production.example.json","12"
"Password","json-key","C:\DoAnTotNghiep\V-Shield-2.0\API\API\API\appsettings.Production.example.json","13"
"FullName","json-key","C:\DoAnTotNghiep\V-Shield-2.0\API\API\API\appsettings.Production.example.json","14"
"ResetPasswordOnStartup","json-key","C:\DoAnTotNghiep\V-Shield-2.0\API\API\API\appsettings.Production.example.json","15"
"AiServices","json-key","C:\DoAnTotNghiep\V-Shield-2.0\API\API\API\appsettings.Production.example.json","17"
"FaceCameraBaseUrl","json-key","C:\DoAnTotNghiep\V-Shield-2.0\API\API\API\appsettings.Production.example.json","18"
"PlateBaseUrl","json-key","C:\DoAnTotNghiep\V-Shield-2.0\API\API\API\appsettings.Production.example.json","19"
"FaceIdBaseUrl","json-key","C:\DoAnTotNghiep\V-Shield-2.0\API\API\API\appsettings.Production.example.json","20"
"AutoStartFaceId","json-key","C:\DoAnTotNghiep\V-Shield-2.0\API\API\API\appsettings.Production.example.json","21"
"AppSettings","json-key","C:\DoAnTotNghiep\V-Shield-2.0\API\API\API\appsettings.Production.example.json","23"
"FrontendUrl","json-key","C:\DoAnTotNghiep\V-Shield-2.0\API\API\API\appsettings.Production.example.json","24"
"Go2RtcPublicBaseUrl","json-key","C:\DoAnTotNghiep\V-Shield-2.0\API\API\API\appsettings.Production.example.json","25"
"AllowedOrigins","json-key","C:\DoAnTotNghiep\V-Shield-2.0\API\API\API\appsettings.Production.example.json","26"
"Cloudflared","json-key","C:\DoAnTotNghiep\V-Shield-2.0\API\API\API\appsettings.Production.example.json","31"
"TunnelName","json-key","C:\DoAnTotNghiep\V-Shield-2.0\API\API\API\appsettings.Production.example.json","32"
"PublicHostname","json-key","C:\DoAnTotNghiep\V-Shield-2.0\API\API\API\appsettings.Production.example.json","33"
"TargetService","json-key","C:\DoAnTotNghiep\V-Shield-2.0\API\API\API\appsettings.Production.example.json","34"
"watch","json-key","C:\DoAnTotNghiep\V-Shield-2.0\API\API\API\dotnet-watch.json","2"
"exclude","json-key","C:\DoAnTotNghiep\V-Shield-2.0\API\API\API\dotnet-watch.json","3"
"API","namespace","C:\DoAnTotNghiep\V-Shield-2.0\API\API\API\Program.cs","14"
"Program","class","C:\DoAnTotNghiep\V-Shield-2.0\API\API\API\Program.cs","16"
"Main","method","C:\DoAnTotNghiep\V-Shield-2.0\API\API\API\Program.cs","18"
"Bearer","html-id","C:\DoAnTotNghiep\V-Shield-2.0\API\API\API\Program.cs","90"
"EnsureSeedAdmin","method","C:\DoAnTotNghiep\V-Shield-2.0\API\API\API\Program.cs","160"
"NormalizeUsername","method","C:\DoAnTotNghiep\V-Shield-2.0\API\API\API\Program.cs","240"
"EnsureGo2RtcRunning","method","C:\DoAnTotNghiep\V-Shield-2.0\API\API\API\Program.cs","243"
"API","namespace","C:\DoAnTotNghiep\V-Shield-2.0\API\API\API\WeatherForecast.cs","1"
"WeatherForecast","class","C:\DoAnTotNghiep\V-Shield-2.0\API\API\API\WeatherForecast.cs","3"
"Date","property","C:\DoAnTotNghiep\V-Shield-2.0\API\API\API\WeatherForecast.cs","5"
"TemperatureC","property","C:\DoAnTotNghiep\V-Shield-2.0\API\API\API\WeatherForecast.cs","7"
"Summary","property","C:\DoAnTotNghiep\V-Shield-2.0\API\API\API\WeatherForecast.cs","11"
"API.Controllers","namespace","C:\DoAnTotNghiep\V-Shield-2.0\API\API\API\Controllers\AccessLogsController.cs","6"
"api/access-logs","route","C:\DoAnTotNghiep\V-Shield-2.0\API\API\API\Controllers\AccessLogsController.cs","9"
"AccessLogsController","class","C:\DoAnTotNghiep\V-Shield-2.0\API\API\API\Controllers\AccessLogsController.cs","11"
"[HttpGet]","http-attr","C:\DoAnTotNghiep\V-Shield-2.0\API\API\API\Controllers\AccessLogsController.cs","21"
"GetLogs","method","C:\DoAnTotNghiep\V-Shield-2.0\API\API\API\Controllers\AccessLogsController.cs","22"
"[HttpGet(""summary"")]","http-attr","C:\DoAnTotNghiep\V-Shield-2.0\API\API\API\Controllers\AccessLogsController.cs","97"
"GetSummary","method","C:\DoAnTotNghiep\V-Shield-2.0\API\API\API\Controllers\AccessLogsController.cs","98"
"[HttpGet(""exceptions"")]","http-attr","C:\DoAnTotNghiep\V-Shield-2.0\API\API\API\Controllers\AccessLogsController.cs","140"
"GetExceptions","method","C:\DoAnTotNghiep\V-Shield-2.0\API\API\API\Controllers\AccessLogsController.cs","141"
"[HttpGet(""{id:int}"")]","http-attr","C:\DoAnTotNghiep\V-Shield-2.0\API\API\API\Controllers\AccessLogsController.cs","212"
"GetDetail","method","C:\DoAnTotNghiep\V-Shield-2.0\API\API\API\Controllers\AccessLogsController.cs","213"
"BuildLogProjectionQuery","method","C:\DoAnTotNghiep\V-Shield-2.0\API\API\API\Controllers\AccessLogsController.cs","226"
"MapLogItem","method","C:\DoAnTotNghiep\V-Shield-2.0\API\API\API\Controllers\AccessLogsController.cs","267"
"IsExceptionLog","method","C:\DoAnTotNghiep\V-Shield-2.0\API\API\API\Controllers\AccessLogsController.cs","296"
"GetMethod","method","C:\DoAnTotNghiep\V-Shield-2.0\API\API\API\Controllers\AccessLogsController.cs","304"
"LogId","property","C:\DoAnTotNghiep\V-Shield-2.0\API\API\API\Controllers\AccessLogsController.cs","331"
"Timestamp","property","C:\DoAnTotNghiep\V-Shield-2.0\API\API\API\Controllers\AccessLogsController.cs","332"
"Direction","property","C:\DoAnTotNghiep\V-Shield-2.0\API\API\API\Controllers\AccessLogsController.cs","333"
"GateId","property","C:\DoAnTotNghiep\V-Shield-2.0\API\API\API\Controllers\AccessLogsController.cs","334"
"GateName","property","C:\DoAnTotNghiep\V-Shield-2.0\API\API\API\Controllers\AccessLogsController.cs","335"
"CameraId","property","C:\DoAnTotNghiep\V-Shield-2.0\API\API\API\Controllers\AccessLogsController.cs","336"
"CameraName","property","C:\DoAnTotNghiep\V-Shield-2.0\API\API\API\Controllers\AccessLogsController.cs","337"
"EmployeeId","property","C:\DoAnTotNghiep\V-Shield-2.0\API\API\API\Controllers\AccessLogsController.cs","338"
"RegistrationId","property","C:\DoAnTotNghiep\V-Shield-2.0\API\API\API\Controllers\AccessLogsController.cs","339"
"ActorName","property","C:\DoAnTotNghiep\V-Shield-2.0\API\API\API\Controllers\AccessLogsController.cs","340"
"ActorType","property","C:\DoAnTotNghiep\V-Shield-2.0\API\API\API\Controllers\AccessLogsController.cs","341"
"CapturedLicensePlate","property","C:\DoAnTotNghiep\V-Shield-2.0\API\API\API\Controllers\AccessLogsController.cs","342"
"CapturedFaceImageUrl","property","C:\DoAnTotNghiep\V-Shield-2.0\API\API\API\Controllers\AccessLogsController.cs","343"
"ResultStatus","property","C:\DoAnTotNghiep\V-Shield-2.0\API\API\API\Controllers\AccessLogsController.cs","344"
"IsBypass","property","C:\DoAnTotNghiep\V-Shield-2.0\API\API\API\Controllers\AccessLogsController.cs","345"
"ExceptionReasonId","property","C:\DoAnTotNghiep\V-Shield-2.0\API\API\API\Controllers\AccessLogsController.cs","346"
"ExceptionReasonCode","property","C:\DoAnTotNghiep\V-Shield-2.0\API\API\API\Controllers\AccessLogsController.cs","347"
"ExceptionReasonDescription","property","C:\DoAnTotNghiep\V-Shield-2.0\API\API\API\Controllers\AccessLogsController.cs","348"
"Note","property","C:\DoAnTotNghiep\V-Shield-2.0\API\API\API\Controllers\AccessLogsController.cs","349"
"EntryLogId","property","C:\DoAnTotNghiep\V-Shield-2.0\API\API\API\Controllers\AccessLogsController.cs","350"
"API.Controllers","namespace","C:\DoAnTotNghiep\V-Shield-2.0\API\API\API\Controllers\AccessPermissionController.cs","9"
"api/[controller]","route","C:\DoAnTotNghiep\V-Shield-2.0\API\API\API\Controllers\AccessPermissionController.cs","11"
"AccessPermissionController","class","C:\DoAnTotNghiep\V-Shield-2.0\API\API\API\Controllers\AccessPermissionController.cs","13"
"[HttpPost(""set-permission"")]","http-attr","C:\DoAnTotNghiep\V-Shield-2.0\API\API\API\Controllers\AccessPermissionController.cs","22"
"SetPermission","method","C:\DoAnTotNghiep\V-Shield-2.0\API\API\API\Controllers\AccessPermissionController.cs","23"
"API.Controllers","namespace","C:\DoAnTotNghiep\V-Shield-2.0\API\API\API\Controllers\AuthController.cs","8"
"api/[controller]","route","C:\DoAnTotNghiep\V-Shield-2.0\API\API\API\Controllers\AuthController.cs","11"
"AuthController","class","C:\DoAnTotNghiep\V-Shield-2.0\API\API\API\Controllers\AuthController.cs","12"
"[HttpPost(""login"")]","http-attr","C:\DoAnTotNghiep\V-Shield-2.0\API\API\API\Controllers\AuthController.cs","24"
"Login","method","C:\DoAnTotNghiep\V-Shield-2.0\API\API\API\Controllers\AuthController.cs","26"
"[HttpGet(""me"")]","http-attr","C:\DoAnTotNghiep\V-Shield-2.0\API\API\API\Controllers\AuthController.cs","40"
"GetMe","method","C:\DoAnTotNghiep\V-Shield-2.0\API\API\API\Controllers\AuthController.cs","42"
"API.Controllers","namespace","C:\DoAnTotNghiep\V-Shield-2.0\API\API\API\Controllers\BienSoController.cs","6"
"api/[controller]","route","C:\DoAnTotNghiep\V-Shield-2.0\API\API\API\Controllers\BienSoController.cs","8"
"BienSoController","class","C:\DoAnTotNghiep\V-Shield-2.0\API\API\API\Controllers\BienSoController.cs","10"
"[HttpGet(""cameras"")]","http-attr","C:\DoAnTotNghiep\V-Shield-2.0\API\API\API\Controllers\BienSoController.cs","23"
"GetCameras","method","C:\DoAnTotNghiep\V-Shield-2.0\API\API\API\Controllers\BienSoController.cs","24"
"[HttpGet(""plates"")]","http-attr","C:\DoAnTotNghiep\V-Shield-2.0\API\API\API\Controllers\BienSoController.cs","40"
"GetPlates","method","C:\DoAnTotNghiep\V-Shield-2.0\API\API\API\Controllers\BienSoController.cs","41"
"[HttpGet(""plate"")]","http-attr","C:\DoAnTotNghiep\V-Shield-2.0\API\API\API\Controllers\BienSoController.cs","64"
"GetPlate","method","C:\DoAnTotNghiep\V-Shield-2.0\API\API\API\Controllers\BienSoController.cs","65"
"[HttpGet(""camera-plates"")]","http-attr","C:\DoAnTotNghiep\V-Shield-2.0\API\API\API\Controllers\BienSoController.cs","80"
"GetCameraPlates","method","C:\DoAnTotNghiep\V-Shield-2.0\API\API\API\Controllers\BienSoController.cs","81"
"API.Controllers","namespace","C:\DoAnTotNghiep\V-Shield-2.0\API\API\API\Controllers\BiometricsController.cs","6"
"api/biometrics","route","C:\DoAnTotNghiep\V-Shield-2.0\API\API\API\Controllers\BiometricsController.cs","9"
"BiometricsController","class","C:\DoAnTotNghiep\V-Shield-2.0\API\API\API\Controllers\BiometricsController.cs","11"
"[HttpGet(""overview"")]","http-attr","C:\DoAnTotNghiep\V-Shield-2.0\API\API\API\Controllers\BiometricsController.cs","20"
"GetOverview","method","C:\DoAnTotNghiep\V-Shield-2.0\API\API\API\Controllers\BiometricsController.cs","21"
"API.Controllers","namespace","C:\DoAnTotNghiep\V-Shield-2.0\API\API\API\Controllers\DashboardController.cs","6"
"api/dashboard","route","C:\DoAnTotNghiep\V-Shield-2.0\API\API\API\Controllers\DashboardController.cs","9"
"DashboardController","class","C:\DoAnTotNghiep\V-Shield-2.0\API\API\API\Controllers\DashboardController.cs","11"
"[HttpGet(""overview"")]","http-attr","C:\DoAnTotNghiep\V-Shield-2.0\API\API\API\Controllers\DashboardController.cs","20"
"GetOverview","method","C:\DoAnTotNghiep\V-Shield-2.0\API\API\API\Controllers\DashboardController.cs","21"
"StartOfWeek","method","C:\DoAnTotNghiep\V-Shield-2.0\API\API\API\Controllers\DashboardController.cs","168"
"GetWeekdayLabel","method","C:\DoAnTotNghiep\V-Shield-2.0\API\API\API\Controllers\DashboardController.cs","174"
"API.Controllers","namespace","C:\DoAnTotNghiep\V-Shield-2.0\API\API\API\Controllers\DepartmentsController.cs","8"
"api/[controller]","route","C:\DoAnTotNghiep\V-Shield-2.0\API\API\API\Controllers\DepartmentsController.cs","11"
"DepartmentsController","class","C:\DoAnTotNghiep\V-Shield-2.0\API\API\API\Controllers\DepartmentsController.cs","13"
"[HttpGet]","http-attr","C:\DoAnTotNghiep\V-Shield-2.0\API\API\API\Controllers\DepartmentsController.cs","23"
"GetAll","method","C:\DoAnTotNghiep\V-Shield-2.0\API\API\API\Controllers\DepartmentsController.cs","24"
"[HttpGet(""{id}"")]","http-attr","C:\DoAnTotNghiep\V-Shield-2.0\API\API\API\Controllers\DepartmentsController.cs","40"
"GetById","method","C:\DoAnTotNghiep\V-Shield-2.0\API\API\API\Controllers\DepartmentsController.cs","41"
"[HttpPost]","http-attr","C:\DoAnTotNghiep\V-Shield-2.0\API\API\API\Controllers\DepartmentsController.cs","59"
"Create","method","C:\DoAnTotNghiep\V-Shield-2.0\API\API\API\Controllers\DepartmentsController.cs","60"
"[HttpPut(""{id}"")]","http-attr","C:\DoAnTotNghiep\V-Shield-2.0\API\API\API\Controllers\DepartmentsController.cs","86"
"Update","method","C:\DoAnTotNghiep\V-Shield-2.0\API\API\API\Controllers\DepartmentsController.cs","87"
"[HttpDelete(""{id}"")]","http-attr","C:\DoAnTotNghiep\V-Shield-2.0\API\API\API\Controllers\DepartmentsController.cs","112"
"Delete","method","C:\DoAnTotNghiep\V-Shield-2.0\API\API\API\Controllers\DepartmentsController.cs","113"
"API.Controllers","namespace","C:\DoAnTotNghiep\V-Shield-2.0\API\API\API\Controllers\DeviceManagementController.cs","9"
"api/device-management","route","C:\DoAnTotNghiep\V-Shield-2.0\API\API\API\Controllers\DeviceManagementController.cs","12"
"DeviceManagementController","class","C:\DoAnTotNghiep\V-Shield-2.0\API\API\API\Controllers\DeviceManagementController.cs","14"
"[HttpGet(""overview"")]","http-attr","C:\DoAnTotNghiep\V-Shield-2.0\API\API\API\Controllers\DeviceManagementController.cs","25"
"GetOverview","method","C:\DoAnTotNghiep\V-Shield-2.0\API\API\API\Controllers\DeviceManagementController.cs","26"
"[HttpGet(""cameras"")]","http-attr","C:\DoAnTotNghiep\V-Shield-2.0\API\API\API\Controllers\DeviceManagementController.cs","68"
"GetCameras","method","C:\DoAnTotNghiep\V-Shield-2.0\API\API\API\Controllers\DeviceManagementController.cs","69"
"[HttpPost(""cameras"")]","http-attr","C:\DoAnTotNghiep\V-Shield-2.0\API\API\API\Controllers\DeviceManagementController.cs","94"
"CreateCamera","method","C:\DoAnTotNghiep\V-Shield-2.0\API\API\API\Controllers\DeviceManagementController.cs","96"
"[HttpPut(""cameras/{id:int}"")]","http-attr","C:\DoAnTotNghiep\V-Shield-2.0\API\API\API\Controllers\DeviceManagementController.cs","133"
"UpdateCamera","method","C:\DoAnTotNghiep\V-Shield-2.0\API\API\API\Controllers\DeviceManagementController.cs","135"
"[HttpDelete(""cameras/{id:int}"")]","http-attr","C:\DoAnTotNghiep\V-Shield-2.0\API\API\API\Controllers\DeviceManagementController.cs","173"
"DeleteCamera","method","C:\DoAnTotNghiep\V-Shield-2.0\API\API\API\Controllers\DeviceManagementController.cs","175"
"[HttpGet(""gates"")]","http-attr","C:\DoAnTotNghiep\V-Shield-2.0\API\API\API\Controllers\DeviceManagementController.cs","201"
"GetGates","method","C:\DoAnTotNghiep\V-Shield-2.0\API\API\API\Controllers\DeviceManagementController.cs","202"
"[HttpPost(""gates"")]","http-attr","C:\DoAnTotNghiep\V-Shield-2.0\API\API\API\Controllers\DeviceManagementController.cs","233"
"CreateGate","method","C:\DoAnTotNghiep\V-Shield-2.0\API\API\API\Controllers\DeviceManagementController.cs","235"
"[HttpPut(""gates/{id:int}"")]","http-attr","C:\DoAnTotNghiep\V-Shield-2.0\API\API\API\Controllers\DeviceManagementController.cs","259"
"UpdateGate","method","C:\DoAnTotNghiep\V-Shield-2.0\API\API\API\Controllers\DeviceManagementController.cs","261"
"[HttpDelete(""gates/{id:int}"")]","http-attr","C:\DoAnTotNghiep\V-Shield-2.0\API\API\API\Controllers\DeviceManagementController.cs","287"
"DeleteGate","method","C:\DoAnTotNghiep\V-Shield-2.0\API\API\API\Controllers\DeviceManagementController.cs","289"
"BuildCameraQuery","method","C:\DoAnTotNghiep\V-Shield-2.0\API\API\API\Controllers\DeviceManagementController.cs","315"
"NormalizeOptional","method","C:\DoAnTotNghiep\V-Shield-2.0\API\API\API\Controllers\DeviceManagementController.cs","346"
"CameraName","property","C:\DoAnTotNghiep\V-Shield-2.0\API\API\API\Controllers\DeviceManagementController.cs","353"
"CameraType","property","C:\DoAnTotNghiep\V-Shield-2.0\API\API\API\Controllers\DeviceManagementController.cs","354"
"GateId","property","C:\DoAnTotNghiep\V-Shield-2.0\API\API\API\Controllers\DeviceManagementController.cs","355"
"StreamUrl","property","C:\DoAnTotNghiep\V-Shield-2.0\API\API\API\Controllers\DeviceManagementController.cs","356"
"GateName","property","C:\DoAnTotNghiep\V-Shield-2.0\API\API\API\Controllers\DeviceManagementController.cs","361"
"Location","property","C:\DoAnTotNghiep\V-Shield-2.0\API\API\API\Controllers\DeviceManagementController.cs","362"
"CameraId","property","C:\DoAnTotNghiep\V-Shield-2.0\API\API\API\Controllers\DeviceManagementController.cs","367"
"CameraName","property","C:\DoAnTotNghiep\V-Shield-2.0\API\API\API\Controllers\DeviceManagementController.cs","368"
"CameraType","property","C:\DoAnTotNghiep\V-Shield-2.0\API\API\API\Controllers\DeviceManagementController.cs","369"
"StreamUrl","property","C:\DoAnTotNghiep\V-Shield-2.0\API\API\API\Controllers\DeviceManagementController.cs","370"
"UrlView","property","C:\DoAnTotNghiep\V-Shield-2.0\API\API\API\Controllers\DeviceManagementController.cs","371"
"GateId","property","C:\DoAnTotNghiep\V-Shield-2.0\API\API\API\Controllers\DeviceManagementController.cs","372"
"GateName","property","C:\DoAnTotNghiep\V-Shield-2.0\API\API\API\Controllers\DeviceManagementController.cs","373"
"GateLocation","property","C:\DoAnTotNghiep\V-Shield-2.0\API\API\API\Controllers\DeviceManagementController.cs","374"
"AccessLogCount","property","C:\DoAnTotNghiep\V-Shield-2.0\API\API\API\Controllers\DeviceManagementController.cs","375"
"LastAccessAt","property","C:\DoAnTotNghiep\V-Shield-2.0\API\API\API\Controllers\DeviceManagementController.cs","376"
"LatestPlate","property","C:\DoAnTotNghiep\V-Shield-2.0\API\API\API\Controllers\DeviceManagementController.cs","377"
"LatestPlateAt","property","C:\DoAnTotNghiep\V-Shield-2.0\API\API\API\Controllers\DeviceManagementController.cs","378"
"NormalizeCameraUrl","method","C:\DoAnTotNghiep\V-Shield-2.0\API\API\API\Controllers\DeviceManagementController.cs","381"
"IsDirectWebStream","method","C:\DoAnTotNghiep\V-Shield-2.0\API\API\API\Controllers\DeviceManagementController.cs","387"
"ShouldProxyViaGo2Rtc","method","C:\DoAnTotNghiep\V-Shield-2.0\API\API\API\Controllers\DeviceManagementController.cs","403"
"BuildCameraViewUrl","method","C:\DoAnTotNghiep\V-Shield-2.0\API\API\API\Controllers\DeviceManagementController.cs","406"
"ResolveGo2RtcPublicBaseUrl","method","C:\DoAnTotNghiep\V-Shield-2.0\API\API\API\Controllers\DeviceManagementController.cs","425"
"ResolvePublicAppBaseUrl","method","C:\DoAnTotNghiep\V-Shield-2.0\API\API\API\Controllers\DeviceManagementController.cs","436"
"NormalizeBaseUrl","method","C:\DoAnTotNghiep\V-Shield-2.0\API\API\API\Controllers\DeviceManagementController.cs","447"
"TryReloadGo2RtcAsync","method","C:\DoAnTotNghiep\V-Shield-2.0\API\API\API\Controllers\DeviceManagementController.cs","450"
"API.Controllers","namespace","C:\DoAnTotNghiep\V-Shield-2.0\API\API\API\Controllers\EmployeesController.cs","10"
"api/[controller]","route","C:\DoAnTotNghiep\V-Shield-2.0\API\API\API\Controllers\EmployeesController.cs","13"
"EmployeesController","class","C:\DoAnTotNghiep\V-Shield-2.0\API\API\API\Controllers\EmployeesController.cs","15"
"[HttpGet]","http-attr","C:\DoAnTotNghiep\V-Shield-2.0\API\API\API\Controllers\EmployeesController.cs","27"
"GetAll","method","C:\DoAnTotNghiep\V-Shield-2.0\API\API\API\Controllers\EmployeesController.cs","28"
"[HttpGet(""{id}"")]","http-attr","C:\DoAnTotNghiep\V-Shield-2.0\API\API\API\Controllers\EmployeesController.cs","76"
"GetById","method","C:\DoAnTotNghiep\V-Shield-2.0\API\API\API\Controllers\EmployeesController.cs","77"
"[HttpPost]","http-attr","C:\DoAnTotNghiep\V-Shield-2.0\API\API\API\Controllers\EmployeesController.cs","103"
"Create","method","C:\DoAnTotNghiep\V-Shield-2.0\API\API\API\Controllers\EmployeesController.cs","104"
"[HttpPut(""{id}"")]","http-attr","C:\DoAnTotNghiep\V-Shield-2.0\API\API\API\Controllers\EmployeesController.cs","164"
"Update","method","C:\DoAnTotNghiep\V-Shield-2.0\API\API\API\Controllers\EmployeesController.cs","165"
"[HttpDelete(""{id}"")]","http-attr","C:\DoAnTotNghiep\V-Shield-2.0\API\API\API\Controllers\EmployeesController.cs","222"
"Delete","method","C:\DoAnTotNghiep\V-Shield-2.0\API\API\API\Controllers\EmployeesController.cs","223"
"[HttpPost(""{id}/face"")]","http-attr","C:\DoAnTotNghiep\V-Shield-2.0\API\API\API\Controllers\EmployeesController.cs","247"
"UploadFace","method","C:\DoAnTotNghiep\V-Shield-2.0\API\API\API\Controllers\EmployeesController.cs","249"
"API.Controllers","namespace","C:\DoAnTotNghiep\V-Shield-2.0\API\API\API\Controllers\ExceptionReasonsController.cs","7"
"api/exception-reasons","route","C:\DoAnTotNghiep\V-Shield-2.0\API\API\API\Controllers\ExceptionReasonsController.cs","10"
"ExceptionReasonsController","class","C:\DoAnTotNghiep\V-Shield-2.0\API\API\API\Controllers\ExceptionReasonsController.cs","12"
"[HttpGet]","http-attr","C:\DoAnTotNghiep\V-Shield-2.0\API\API\API\Controllers\ExceptionReasonsController.cs","21"
"GetAll","method","C:\DoAnTotNghiep\V-Shield-2.0\API\API\API\Controllers\ExceptionReasonsController.cs","22"
"[HttpPost]","http-attr","C:\DoAnTotNghiep\V-Shield-2.0\API\API\API\Controllers\ExceptionReasonsController.cs","38"
"Create","method","C:\DoAnTotNghiep\V-Shield-2.0\API\API\API\Controllers\ExceptionReasonsController.cs","40"
"[HttpPut(""{id:int}"")]","http-attr","C:\DoAnTotNghiep\V-Shield-2.0\API\API\API\Controllers\ExceptionReasonsController.cs","71"
"Update","method","C:\DoAnTotNghiep\V-Shield-2.0\API\API\API\Controllers\ExceptionReasonsController.cs","73"
"[HttpDelete(""{id:int}"")]","http-attr","C:\DoAnTotNghiep\V-Shield-2.0\API\API\API\Controllers\ExceptionReasonsController.cs","108"
"Delete","method","C:\DoAnTotNghiep\V-Shield-2.0\API\API\API\Controllers\ExceptionReasonsController.cs","110"
"ReasonCode","property","C:\DoAnTotNghiep\V-Shield-2.0\API\API\API\Controllers\ExceptionReasonsController.cs","137"
"Description","property","C:\DoAnTotNghiep\V-Shield-2.0\API\API\API\Controllers\ExceptionReasonsController.cs","138"
"API.Controllers","namespace","C:\DoAnTotNghiep\V-Shield-2.0\API\API\API\Controllers\FaceCameraController.cs","4"
"api/[controller]","route","C:\DoAnTotNghiep\V-Shield-2.0\API\API\API\Controllers\FaceCameraController.cs","6"
"FaceCameraController","class","C:\DoAnTotNghiep\V-Shield-2.0\API\API\API\Controllers\FaceCameraController.cs","8"
"[HttpPost(""camera/on"")]","http-attr","C:\DoAnTotNghiep\V-Shield-2.0\API\API\API\Controllers\FaceCameraController.cs","22"
"TurnOnCamera","method","C:\DoAnTotNghiep\V-Shield-2.0\API\API\API\Controllers\FaceCameraController.cs","23"
"[HttpPost(""camera/off"")]","http-attr","C:\DoAnTotNghiep\V-Shield-2.0\API\API\API\Controllers\FaceCameraController.cs","26"
"TurnOffCamera","method","C:\DoAnTotNghiep\V-Shield-2.0\API\API\API\Controllers\FaceCameraController.cs","27"
"[HttpPost(""camera/reset"")]","http-attr","C:\DoAnTotNghiep\V-Shield-2.0\API\API\API\Controllers\FaceCameraController.cs","30"
"ResetCameraState","method","C:\DoAnTotNghiep\V-Shield-2.0\API\API\API\Controllers\FaceCameraController.cs","31"
"[HttpGet(""camera/status"")]","http-attr","C:\DoAnTotNghiep\V-Shield-2.0\API\API\API\Controllers\FaceCameraController.cs","34"
"GetCameraStatus","method","C:\DoAnTotNghiep\V-Shield-2.0\API\API\API\Controllers\FaceCameraController.cs","35"
"[HttpGet(""camera/result"")]","http-attr","C:\DoAnTotNghiep\V-Shield-2.0\API\API\API\Controllers\FaceCameraController.cs","38"
"GetCameraResult","method","C:\DoAnTotNghiep\V-Shield-2.0\API\API\API\Controllers\FaceCameraController.cs","39"
"[HttpGet(""camera/locked-images"")]","http-attr","C:\DoAnTotNghiep\V-Shield-2.0\API\API\API\Controllers\FaceCameraController.cs","42"
"GetLockedImages","method","C:\DoAnTotNghiep\V-Shield-2.0\API\API\API\Controllers\FaceCameraController.cs","43"
"ProxyGetAsync","method","C:\DoAnTotNghiep\V-Shield-2.0\API\API\API\Controllers\FaceCameraController.cs","46"
"ProxyPostAsync","method","C:\DoAnTotNghiep\V-Shield-2.0\API\API\API\Controllers\FaceCameraController.cs","67"
"BuildServiceUrl","method","C:\DoAnTotNghiep\V-Shield-2.0\API\API\API\Controllers\FaceCameraController.cs","109"
"ResolveServiceBaseUrl","method","C:\DoAnTotNghiep\V-Shield-2.0\API\API\API\Controllers\FaceCameraController.cs","111"
"Ip","property","C:\DoAnTotNghiep\V-Shield-2.0\API\API\API\Controllers\FaceCameraController.cs","116"
"API.Controllers","namespace","C:\DoAnTotNghiep\V-Shield-2.0\API\API\API\Controllers\FaceIDController.cs","9"
"api/[controller]","route","C:\DoAnTotNghiep\V-Shield-2.0\API\API\API\Controllers\FaceIDController.cs","11"
"FaceIDController","class","C:\DoAnTotNghiep\V-Shield-2.0\API\API\API\Controllers\FaceIDController.cs","13"
"HttpClient","method","C:\DoAnTotNghiep\V-Shield-2.0\API\API\API\Controllers\FaceIDController.cs","15"
"StringBuilder","method","C:\DoAnTotNghiep\V-Shield-2.0\API\API\API\Controllers\FaceIDController.cs","18"
"ResolvePythonFolder","method","C:\DoAnTotNghiep\V-Shield-2.0\API\API\API\Controllers\FaceIDController.cs","24"
"IsPythonServiceAvailable","method","C:\DoAnTotNghiep\V-Shield-2.0\API\API\API\Controllers\FaceIDController.cs","68"
"BuildPythonUrl","method","C:\DoAnTotNghiep\V-Shield-2.0\API\API\API\Controllers\FaceIDController.cs","81"
"ResolveServiceBaseUrl","method","C:\DoAnTotNghiep\V-Shield-2.0\API\API\API\Controllers\FaceIDController.cs","89"
"ResolvePythonFolder","method","C:\DoAnTotNghiep\V-Shield-2.0\API\API\API\Controllers\FaceIDController.cs","92"
"ResolvePythonExecutable","method","C:\DoAnTotNghiep\V-Shield-2.0\API\API\API\Controllers\FaceIDController.cs","104"
"ResolveUvicornHost","method","C:\DoAnTotNghiep\V-Shield-2.0\API\API\API\Controllers\FaceIDController.cs","172"
"[HttpGet(""status"")]","http-attr","C:\DoAnTotNghiep\V-Shield-2.0\API\API\API\Controllers\FaceIDController.cs","194"
"Status","method","C:\DoAnTotNghiep\V-Shield-2.0\API\API\API\Controllers\FaceIDController.cs","195"
"[HttpPost(""start"")]","http-attr","C:\DoAnTotNghiep\V-Shield-2.0\API\API\API\Controllers\FaceIDController.cs","212"
"StartCamera","method","C:\DoAnTotNghiep\V-Shield-2.0\API\API\API\Controllers\FaceIDController.cs","213"
"[HttpPost(""stop"")]","http-attr","C:\DoAnTotNghiep\V-Shield-2.0\API\API\API\Controllers\FaceIDController.cs","236"
"StopCamera","method","C:\DoAnTotNghiep\V-Shield-2.0\API\API\API\Controllers\FaceIDController.cs","237"
"[HttpGet(""discover-ipwebcam"")]","http-attr","C:\DoAnTotNghiep\V-Shield-2.0\API\API\API\Controllers\FaceIDController.cs","259"
"DiscoverIpWebcam","method","C:\DoAnTotNghiep\V-Shield-2.0\API\API\API\Controllers\FaceIDController.cs","260"
"[HttpPost(""shutdown"")]","http-attr","C:\DoAnTotNghiep\V-Shield-2.0\API\API\API\Controllers\FaceIDController.cs","271"
"ShutdownPython","method","C:\DoAnTotNghiep\V-Shield-2.0\API\API\API\Controllers\FaceIDController.cs","272"
"API.Controllers","namespace","C:\DoAnTotNghiep\V-Shield-2.0\API\API\API\Controllers\GuestProfilesController.cs","7"
"api/guest-profiles","route","C:\DoAnTotNghiep\V-Shield-2.0\API\API\API\Controllers\GuestProfilesController.cs","10"
"GuestProfilesController","class","C:\DoAnTotNghiep\V-Shield-2.0\API\API\API\Controllers\GuestProfilesController.cs","12"
"[HttpGet]","http-attr","C:\DoAnTotNghiep\V-Shield-2.0\API\API\API\Controllers\GuestProfilesController.cs","21"
"GetAll","method","C:\DoAnTotNghiep\V-Shield-2.0\API\API\API\Controllers\GuestProfilesController.cs","22"
"[HttpGet(""{id:int}"")]","http-attr","C:\DoAnTotNghiep\V-Shield-2.0\API\API\API\Controllers\GuestProfilesController.cs","75"
"GetDetail","method","C:\DoAnTotNghiep\V-Shield-2.0\API\API\API\Controllers\GuestProfilesController.cs","76"
"[HttpPost]","http-attr","C:\DoAnTotNghiep\V-Shield-2.0\API\API\API\Controllers\GuestProfilesController.cs","111"
"Create","method","C:\DoAnTotNghiep\V-Shield-2.0\API\API\API\Controllers\GuestProfilesController.cs","112"
"[HttpPut(""{id:int}"")]","http-attr","C:\DoAnTotNghiep\V-Shield-2.0\API\API\API\Controllers\GuestProfilesController.cs","140"
"Update","method","C:\DoAnTotNghiep\V-Shield-2.0\API\API\API\Controllers\GuestProfilesController.cs","141"
"[HttpDelete(""{id:int}"")]","http-attr","C:\DoAnTotNghiep\V-Shield-2.0\API\API\API\Controllers\GuestProfilesController.cs","171"
"Delete","method","C:\DoAnTotNghiep\V-Shield-2.0\API\API\API\Controllers\GuestProfilesController.cs","172"
"NormalizeOptional","method","C:\DoAnTotNghiep\V-Shield-2.0\API\API\API\Controllers\GuestProfilesController.cs","197"
"FullName","property","C:\DoAnTotNghiep\V-Shield-2.0\API\API\API\Controllers\GuestProfilesController.cs","204"
"Phone","property","C:\DoAnTotNghiep\V-Shield-2.0\API\API\API\Controllers\GuestProfilesController.cs","205"
"DefaultLicensePlate","property","C:\DoAnTotNghiep\V-Shield-2.0\API\API\API\Controllers\GuestProfilesController.cs","206"
"FaceImageUrl","property","C:\DoAnTotNghiep\V-Shield-2.0\API\API\API\Controllers\GuestProfilesController.cs","207"
"API.Controllers","namespace","C:\DoAnTotNghiep\V-Shield-2.0\API\API\API\Controllers\PlateCameraController.cs","4"
"api/[controller]","route","C:\DoAnTotNghiep\V-Shield-2.0\API\API\API\Controllers\PlateCameraController.cs","6"
"PlateCameraController","class","C:\DoAnTotNghiep\V-Shield-2.0\API\API\API\Controllers\PlateCameraController.cs","8"
"[HttpPost(""camera/on"")]","http-attr","C:\DoAnTotNghiep\V-Shield-2.0\API\API\API\Controllers\PlateCameraController.cs","22"
"TurnOnCamera","method","C:\DoAnTotNghiep\V-Shield-2.0\API\API\API\Controllers\PlateCameraController.cs","23"
"[HttpPost(""camera/off"")]","http-attr","C:\DoAnTotNghiep\V-Shield-2.0\API\API\API\Controllers\PlateCameraController.cs","26"
"TurnOffCamera","method","C:\DoAnTotNghiep\V-Shield-2.0\API\API\API\Controllers\PlateCameraController.cs","27"
"[HttpPost(""camera/reset"")]","http-attr","C:\DoAnTotNghiep\V-Shield-2.0\API\API\API\Controllers\PlateCameraController.cs","30"
"ResetCameraState","method","C:\DoAnTotNghiep\V-Shield-2.0\API\API\API\Controllers\PlateCameraController.cs","31"
"[HttpGet(""camera/status"")]","http-attr","C:\DoAnTotNghiep\V-Shield-2.0\API\API\API\Controllers\PlateCameraController.cs","34"
"GetCameraStatus","method","C:\DoAnTotNghiep\V-Shield-2.0\API\API\API\Controllers\PlateCameraController.cs","35"
"[HttpGet(""camera/result"")]","http-attr","C:\DoAnTotNghiep\V-Shield-2.0\API\API\API\Controllers\PlateCameraController.cs","38"
"GetCameraResult","method","C:\DoAnTotNghiep\V-Shield-2.0\API\API\API\Controllers\PlateCameraController.cs","39"
"[HttpGet(""camera/locked-images"")]","http-attr","C:\DoAnTotNghiep\V-Shield-2.0\API\API\API\Controllers\PlateCameraController.cs","42"
"GetLockedImages","method","C:\DoAnTotNghiep\V-Shield-2.0\API\API\API\Controllers\PlateCameraController.cs","43"
"ProxyGetAsync","method","C:\DoAnTotNghiep\V-Shield-2.0\API\API\API\Controllers\PlateCameraController.cs","46"
"ProxyPostAsync","method","C:\DoAnTotNghiep\V-Shield-2.0\API\API\API\Controllers\PlateCameraController.cs","67"
"BuildServiceUrl","method","C:\DoAnTotNghiep\V-Shield-2.0\API\API\API\Controllers\PlateCameraController.cs","109"
"ResolveServiceBaseUrl","method","C:\DoAnTotNghiep\V-Shield-2.0\API\API\API\Controllers\PlateCameraController.cs","111"
"Ip","property","C:\DoAnTotNghiep\V-Shield-2.0\API\API\API\Controllers\PlateCameraController.cs","116"
"API.Controllers","namespace","C:\DoAnTotNghiep\V-Shield-2.0\API\API\API\Controllers\PositionsController.cs","8"
"api/[controller]","route","C:\DoAnTotNghiep\V-Shield-2.0\API\API\API\Controllers\PositionsController.cs","11"
"PositionsController","class","C:\DoAnTotNghiep\V-Shield-2.0\API\API\API\Controllers\PositionsController.cs","13"
"[HttpGet]","http-attr","C:\DoAnTotNghiep\V-Shield-2.0\API\API\API\Controllers\PositionsController.cs","23"
"GetAll","method","C:\DoAnTotNghiep\V-Shield-2.0\API\API\API\Controllers\PositionsController.cs","24"
"[HttpGet(""{id}"")]","http-attr","C:\DoAnTotNghiep\V-Shield-2.0\API\API\API\Controllers\PositionsController.cs","40"
"GetById","method","C:\DoAnTotNghiep\V-Shield-2.0\API\API\API\Controllers\PositionsController.cs","41"
"[HttpPost]","http-attr","C:\DoAnTotNghiep\V-Shield-2.0\API\API\API\Controllers\PositionsController.cs","59"
"Create","method","C:\DoAnTotNghiep\V-Shield-2.0\API\API\API\Controllers\PositionsController.cs","60"
"[HttpPut(""{id}"")]","http-attr","C:\DoAnTotNghiep\V-Shield-2.0\API\API\API\Controllers\PositionsController.cs","86"
"Update","method","C:\DoAnTotNghiep\V-Shield-2.0\API\API\API\Controllers\PositionsController.cs","87"
"[HttpDelete(""{id}"")]","http-attr","C:\DoAnTotNghiep\V-Shield-2.0\API\API\API\Controllers\PositionsController.cs","112"
"Delete","method","C:\DoAnTotNghiep\V-Shield-2.0\API\API\API\Controllers\PositionsController.cs","113"
"API.Controllers","namespace","C:\DoAnTotNghiep\V-Shield-2.0\API\API\API\Controllers\PreRegistrationController.cs","9"
"api/pre-registrations","route","C:\DoAnTotNghiep\V-Shield-2.0\API\API\API\Controllers\PreRegistrationController.cs","12"
"PreRegistrationController","class","C:\DoAnTotNghiep\V-Shield-2.0\API\API\API\Controllers\PreRegistrationController.cs","13"
"[HttpGet(""validate/{token}"")]","http-attr","C:\DoAnTotNghiep\V-Shield-2.0\API\API\API\Controllers\PreRegistrationController.cs","24"
"ValidateToken","method","C:\DoAnTotNghiep\V-Shield-2.0\API\API\API\Controllers\PreRegistrationController.cs","26"
"[HttpPost(""submit/{token}"")]","http-attr","C:\DoAnTotNghiep\V-Shield-2.0\API\API\API\Controllers\PreRegistrationController.cs","59"
"SubmitRegistration","method","C:\DoAnTotNghiep\V-Shield-2.0\API\API\API\Controllers\PreRegistrationController.cs","61"
"[HttpGet]","http-attr","C:\DoAnTotNghiep\V-Shield-2.0\API\API\API\Controllers\PreRegistrationController.cs","170"
"GetAll","method","C:\DoAnTotNghiep\V-Shield-2.0\API\API\API\Controllers\PreRegistrationController.cs","172"
"[HttpGet(""{id}"")]","http-attr","C:\DoAnTotNghiep\V-Shield-2.0\API\API\API\Controllers\PreRegistrationController.cs","223"
"GetDetail","method","C:\DoAnTotNghiep\V-Shield-2.0\API\API\API\Controllers\PreRegistrationController.cs","225"
"[HttpPatch(""{id}/status"")]","http-attr","C:\DoAnTotNghiep\V-Shield-2.0\API\API\API\Controllers\PreRegistrationController.cs","276"
"UpdateStatus","method","C:\DoAnTotNghiep\V-Shield-2.0\API\API\API\Controllers\PreRegistrationController.cs","278"
"[HttpPost(""verify-visitor-qr"")]","http-attr","C:\DoAnTotNghiep\V-Shield-2.0\API\API\API\Controllers\PreRegistrationController.cs","294"
"VerifyVisitorQr","method","C:\DoAnTotNghiep\V-Shield-2.0\API\API\API\Controllers\PreRegistrationController.cs","296"
"API.Controllers","namespace","C:\DoAnTotNghiep\V-Shield-2.0\API\API\API\Controllers\QrAccessController.cs","9"
"api/[controller]","route","C:\DoAnTotNghiep\V-Shield-2.0\API\API\API\Controllers\QrAccessController.cs","11"
"QrAccessController","class","C:\DoAnTotNghiep\V-Shield-2.0\API\API\API\Controllers\QrAccessController.cs","13"
"[HttpPost(""scan-access"")]","http-attr","C:\DoAnTotNghiep\V-Shield-2.0\API\API\API\Controllers\QrAccessController.cs","22"
"ScanAccess","method","C:\DoAnTotNghiep\V-Shield-2.0\API\API\API\Controllers\QrAccessController.cs","23"
"SUCCESS","json-key","C:\DoAnTotNghiep\V-Shield-2.0\API\API\API\Controllers\QrAccessController.cs","126"
"API.Controllers","namespace","C:\DoAnTotNghiep\V-Shield-2.0\API\API\API\Controllers\QR_DongController.cs","11"
"api/[controller]","route","C:\DoAnTotNghiep\V-Shield-2.0\API\API\API\Controllers\QR_DongController.cs","13"
"QR_DongController","class","C:\DoAnTotNghiep\V-Shield-2.0\API\API\API\Controllers\QR_DongController.cs","15"
"[HttpPost(""generate"")]","http-attr","C:\DoAnTotNghiep\V-Shield-2.0\API\API\API\Controllers\QR_DongController.cs","37"
"GenerateDynamicQr","method","C:\DoAnTotNghiep\V-Shield-2.0\API\API\API\Controllers\QR_DongController.cs","38"
"[HttpPost(""verify"")]","http-attr","C:\DoAnTotNghiep\V-Shield-2.0\API\API\API\Controllers\QR_DongController.cs","123"
"VerifyDynamicQr","method","C:\DoAnTotNghiep\V-Shield-2.0\API\API\API\Controllers\QR_DongController.cs","124"
"SaveScanLog","method","C:\DoAnTotNghiep\V-Shield-2.0\API\API\API\Controllers\QR_DongController.cs","308"
"GetCurrentCounter","method","C:\DoAnTotNghiep\V-Shield-2.0\API\API\API\Controllers\QR_DongController.cs","331"
"GetCounterExpiryUtc","method","C:\DoAnTotNghiep\V-Shield-2.0\API\API\API\Controllers\QR_DongController.cs","337"
"GenerateTotp","method","C:\DoAnTotNghiep\V-Shield-2.0\API\API\API\Controllers\QR_DongController.cs","344"
"GenerateBase32Secret","method","C:\DoAnTotNghiep\V-Shield-2.0\API\API\API\Controllers\QR_DongController.cs","367"
"ParseQrPayload","method","C:\DoAnTotNghiep\V-Shield-2.0\API\API\API\Controllers\QR_DongController.cs","374"
"FixedTimeEquals","method","C:\DoAnTotNghiep\V-Shield-2.0\API\API\API\Controllers\QR_DongController.cs","416"
"Base32Encode","method","C:\DoAnTotNghiep\V-Shield-2.0\API\API\API\Controllers\QR_DongController.cs","428"
"Base32Decode","method","C:\DoAnTotNghiep\V-Shield-2.0\API\API\API\Controllers\QR_DongController.cs","466"
"TryVerifyStaticVisitorQr","method","C:\DoAnTotNghiep\V-Shield-2.0\API\API\API\Controllers\QR_DongController.cs","495"
"API.Controllers","namespace","C:\DoAnTotNghiep\V-Shield-2.0\API\API\API\Controllers\RegistrationLinkController.cs","8"
"api/registration-links","route","C:\DoAnTotNghiep\V-Shield-2.0\API\API\API\Controllers\RegistrationLinkController.cs","11"
"RegistrationLinkController","class","C:\DoAnTotNghiep\V-Shield-2.0\API\API\API\Controllers\RegistrationLinkController.cs","12"
"[HttpPost]","http-attr","C:\DoAnTotNghiep\V-Shield-2.0\API\API\API\Controllers\RegistrationLinkController.cs","23"
"CreateLink","method","C:\DoAnTotNghiep\V-Shield-2.0\API\API\API\Controllers\RegistrationLinkController.cs","25"
"[HttpGet]","http-attr","C:\DoAnTotNghiep\V-Shield-2.0\API\API\API\Controllers\RegistrationLinkController.cs","56"
"GetLinks","method","C:\DoAnTotNghiep\V-Shield-2.0\API\API\API\Controllers\RegistrationLinkController.cs","58"
"API.Controllers","namespace","C:\DoAnTotNghiep\V-Shield-2.0\API\API\API\Controllers\RuntimeServicesController.cs","5"
"api/runtime-services","route","C:\DoAnTotNghiep\V-Shield-2.0\API\API\API\Controllers\RuntimeServicesController.cs","7"
"RuntimeServicesController","class","C:\DoAnTotNghiep\V-Shield-2.0\API\API\API\Controllers\RuntimeServicesController.cs","10"
"[HttpGet]","http-attr","C:\DoAnTotNghiep\V-Shield-2.0\API\API\API\Controllers\RuntimeServicesController.cs","19"
"GetAll","method","C:\DoAnTotNghiep\V-Shield-2.0\API\API\API\Controllers\RuntimeServicesController.cs","20"
"[HttpPut(""{name}"")]","http-attr","C:\DoAnTotNghiep\V-Shield-2.0\API\API\API\Controllers\RuntimeServicesController.cs","25"
"UpdateConfig","method","C:\DoAnTotNghiep\V-Shield-2.0\API\API\API\Controllers\RuntimeServicesController.cs","26"
"[HttpPost(""{name}/start"")]","http-attr","C:\DoAnTotNghiep\V-Shield-2.0\API\API\API\Controllers\RuntimeServicesController.cs","33"
"StartService","method","C:\DoAnTotNghiep\V-Shield-2.0\API\API\API\Controllers\RuntimeServicesController.cs","34"
"[HttpPost(""{name}/stop"")]","http-attr","C:\DoAnTotNghiep\V-Shield-2.0\API\API\API\Controllers\RuntimeServicesController.cs","41"
"StopService","method","C:\DoAnTotNghiep\V-Shield-2.0\API\API\API\Controllers\RuntimeServicesController.cs","42"
"Enabled","property","C:\DoAnTotNghiep\V-Shield-2.0\API\API\API\Controllers\RuntimeServicesController.cs","52"
"AutoStart","property","C:\DoAnTotNghiep\V-Shield-2.0\API\API\API\Controllers\RuntimeServicesController.cs","53"
"API.Controllers","namespace","C:\DoAnTotNghiep\V-Shield-2.0\API\API\API\Controllers\SetCamController.cs","9"
"api/[controller]","route","C:\DoAnTotNghiep\V-Shield-2.0\API\API\API\Controllers\SetCamController.cs","11"
"SetCamController","class","C:\DoAnTotNghiep\V-Shield-2.0\API\API\API\Controllers\SetCamController.cs","13"
"[HttpGet]","http-attr","C:\DoAnTotNghiep\V-Shield-2.0\API\API\API\Controllers\SetCamController.cs","25"
"GetAll","method","C:\DoAnTotNghiep\V-Shield-2.0\API\API\API\Controllers\SetCamController.cs","26"
"[HttpGet(""{id}"")]","http-attr","C:\DoAnTotNghiep\V-Shield-2.0\API\API\API\Controllers\SetCamController.cs","46"
"GetById","method","C:\DoAnTotNghiep\V-Shield-2.0\API\API\API\Controllers\SetCamController.cs","47"
"[HttpPost]","http-attr","C:\DoAnTotNghiep\V-Shield-2.0\API\API\API\Controllers\SetCamController.cs","71"
"Create","method","C:\DoAnTotNghiep\V-Shield-2.0\API\API\API\Controllers\SetCamController.cs","72"
"[HttpPut(""{id}"")]","http-attr","C:\DoAnTotNghiep\V-Shield-2.0\API\API\API\Controllers\SetCamController.cs","111"
"Update","method","C:\DoAnTotNghiep\V-Shield-2.0\API\API\API\Controllers\SetCamController.cs","112"
"[HttpDelete(""{id}"")]","http-attr","C:\DoAnTotNghiep\V-Shield-2.0\API\API\API\Controllers\SetCamController.cs","147"
"Delete","method","C:\DoAnTotNghiep\V-Shield-2.0\API\API\API\Controllers\SetCamController.cs","148"
"[HttpPost(""reload-go2rtc"")]","http-attr","C:\DoAnTotNghiep\V-Shield-2.0\API\API\API\Controllers\SetCamController.cs","162"
"ReloadGo2Rtc","method","C:\DoAnTotNghiep\V-Shield-2.0\API\API\API\Controllers\SetCamController.cs","163"
"[HttpPost(""stop-go2rtc"")]","http-attr","C:\DoAnTotNghiep\V-Shield-2.0\API\API\API\Controllers\SetCamController.cs","257"
"StopGo2Rtc","method","C:\DoAnTotNghiep\V-Shield-2.0\API\API\API\Controllers\SetCamController.cs","258"
"[HttpPost(""start-python-qr"")]","http-attr","C:\DoAnTotNghiep\V-Shield-2.0\API\API\API\Controllers\SetCamController.cs","278"
"StartPythonQr","method","C:\DoAnTotNghiep\V-Shield-2.0\API\API\API\Controllers\SetCamController.cs","279"
"[HttpPost(""stop-python-qr"")]","http-attr","C:\DoAnTotNghiep\V-Shield-2.0\API\API\API\Controllers\SetCamController.cs","284"
"StopPythonQr","method","C:\DoAnTotNghiep\V-Shield-2.0\API\API\API\Controllers\SetCamController.cs","285"
"[HttpPost(""start-python-plate"")]","http-attr","C:\DoAnTotNghiep\V-Shield-2.0\API\API\API\Controllers\SetCamController.cs","290"
"StartPythonPlate","method","C:\DoAnTotNghiep\V-Shield-2.0\API\API\API\Controllers\SetCamController.cs","291"
"[HttpPost(""stop-python-plate"")]","http-attr","C:\DoAnTotNghiep\V-Shield-2.0\API\API\API\Controllers\SetCamController.cs","296"
"StopPythonPlate","method","C:\DoAnTotNghiep\V-Shield-2.0\API\API\API\Controllers\SetCamController.cs","297"
"[HttpPost(""start-python-cam-gia-lap"")]","http-attr","C:\DoAnTotNghiep\V-Shield-2.0\API\API\API\Controllers\SetCamController.cs","302"
"StartPythonCamGiaLap","method","C:\DoAnTotNghiep\V-Shield-2.0\API\API\API\Controllers\SetCamController.cs","303"
"[HttpPost(""stop-python-cam-gia-lap"")]","http-attr","C:\DoAnTotNghiep\V-Shield-2.0\API\API\API\Controllers\SetCamController.cs","308"
"StopPythonCamGiaLap","method","C:\DoAnTotNghiep\V-Shield-2.0\API\API\API\Controllers\SetCamController.cs","309"
"[HttpGet(""status-python"")]","http-attr","C:\DoAnTotNghiep\V-Shield-2.0\API\API\API\Controllers\SetCamController.cs","320"
"StatusPython","method","C:\DoAnTotNghiep\V-Shield-2.0\API\API\API\Controllers\SetCamController.cs","321"
"StartPythonScript","method","C:\DoAnTotNghiep\V-Shield-2.0\API\API\API\Controllers\SetCamController.cs","337"
"StopPythonScript","method","C:\DoAnTotNghiep\V-Shield-2.0\API\API\API\Controllers\SetCamController.cs","375"
"IsPythonScriptRunning","method","C:\DoAnTotNghiep\V-Shield-2.0\API\API\API\Controllers\SetCamController.cs","400"
"NormalizeCameraUrl","method","C:\DoAnTotNghiep\V-Shield-2.0\API\API\API\Controllers\SetCamController.cs","432"
"IsDirectWebStream","method","C:\DoAnTotNghiep\V-Shield-2.0\API\API\API\Controllers\SetCamController.cs","438"
"ShouldProxyViaGo2Rtc","method","C:\DoAnTotNghiep\V-Shield-2.0\API\API\API\Controllers\SetCamController.cs","454"
"BuildCameraViewUrl","method","C:\DoAnTotNghiep\V-Shield-2.0\API\API\API\Controllers\SetCamController.cs","457"
"BuildDirectWebStreamUrl","method","C:\DoAnTotNghiep\V-Shield-2.0\API\API\API\Controllers\SetCamController.cs","475"
"ResolveGo2RtcPublicBaseUrl","method","C:\DoAnTotNghiep\V-Shield-2.0\API\API\API\Controllers\SetCamController.cs","485"
"ResolvePublicAppBaseUrl","method","C:\DoAnTotNghiep\V-Shield-2.0\API\API\API\Controllers\SetCamController.cs","505"
"NormalizeBaseUrl","method","C:\DoAnTotNghiep\V-Shield-2.0\API\API\API\Controllers\SetCamController.cs","516"
"GetLocalIPAddress","method","C:\DoAnTotNghiep\V-Shield-2.0\API\API\API\Controllers\SetCamController.cs","519"
"EnsureCloudflaredConfig","method","C:\DoAnTotNghiep\V-Shield-2.0\API\API\API\Controllers\SetCamController.cs","537"
"StartCloudflared","method","C:\DoAnTotNghiep\V-Shield-2.0\API\API\API\Controllers\SetCamController.cs","588"
"API.Controllers","namespace","C:\DoAnTotNghiep\V-Shield-2.0\API\API\API\Controllers\StatisticsController.cs","9"
"api/[controller]","route","C:\DoAnTotNghiep\V-Shield-2.0\API\API\API\Controllers\StatisticsController.cs","12"
"StatisticsController","class","C:\DoAnTotNghiep\V-Shield-2.0\API\API\API\Controllers\StatisticsController.cs","14"
"[HttpGet(""employees/summary"")]","http-attr","C:\DoAnTotNghiep\V-Shield-2.0\API\API\API\Controllers\StatisticsController.cs","29"
"GetSummary","method","C:\DoAnTotNghiep\V-Shield-2.0\API\API\API\Controllers\StatisticsController.cs","30"
"[HttpGet(""employees/stream"")]","http-attr","C:\DoAnTotNghiep\V-Shield-2.0\API\API\API\Controllers\StatisticsController.cs","76"
"StreamEmployeeCount","method","C:\DoAnTotNghiep\V-Shield-2.0\API\API\API\Controllers\StatisticsController.cs","77"
"API.Controllers","namespace","C:\DoAnTotNghiep\V-Shield-2.0\API\API\API\Controllers\ThongHanhController.cs","6"
"api/[controller]","route","C:\DoAnTotNghiep\V-Shield-2.0\API\API\API\Controllers\ThongHanhController.cs","8"
"GateController","class","C:\DoAnTotNghiep\V-Shield-2.0\API\API\API\Controllers\ThongHanhController.cs","10"
"[HttpPost(""scan"")]","http-attr","C:\DoAnTotNghiep\V-Shield-2.0\API\API\API\Controllers\ThongHanhController.cs","26"
"ScanVehicle","method","C:\DoAnTotNghiep\V-Shield-2.0\API\API\API\Controllers\ThongHanhController.cs","27"
"OUT","json-key","C:\DoAnTotNghiep\V-Shield-2.0\API\API\API\Controllers\ThongHanhController.cs","72"
"[HttpPost(""scan-guest"")]","http-attr","C:\DoAnTotNghiep\V-Shield-2.0\API\API\API\Controllers\ThongHanhController.cs","183"
"ScanGuest","method","C:\DoAnTotNghiep\V-Shield-2.0\API\API\API\Controllers\ThongHanhController.cs","184"
"OUT","json-key","C:\DoAnTotNghiep\V-Shield-2.0\API\API\API\Controllers\ThongHanhController.cs","266"
"[HttpGet(""vehicle-by-employee/{employeeId:int}"")]","http-attr","C:\DoAnTotNghiep\V-Shield-2.0\API\API\API\Controllers\ThongHanhController.cs","291"
"GetVehiclesByEmployee","method","C:\DoAnTotNghiep\V-Shield-2.0\API\API\API\Controllers\ThongHanhController.cs","292"
"[HttpGet(""vehicle-by-plate/{licensePlate}"")]","http-attr","C:\DoAnTotNghiep\V-Shield-2.0\API\API\API\Controllers\ThongHanhController.cs","318"
"GetVehicleByPlate","method","C:\DoAnTotNghiep\V-Shield-2.0\API\API\API\Controllers\ThongHanhController.cs","319"
"[HttpGet(""logs-by-plate/{licensePlate}"")]","http-attr","C:\DoAnTotNghiep\V-Shield-2.0\API\API\API\Controllers\ThongHanhController.cs","353"
"GetLogsByPlate","method","C:\DoAnTotNghiep\V-Shield-2.0\API\API\API\Controllers\ThongHanhController.cs","354"
"[HttpGet(""logs-by-employee/{employeeId:int}"")]","http-attr","C:\DoAnTotNghiep\V-Shield-2.0\API\API\API\Controllers\ThongHanhController.cs","388"
"GetLogsByEmployee","method","C:\DoAnTotNghiep\V-Shield-2.0\API\API\API\Controllers\ThongHanhController.cs","389"
"NormalizeLicensePlate","method","C:\DoAnTotNghiep\V-Shield-2.0\API\API\API\Controllers\ThongHanhController.cs","420"
"NormalizeParkingStatus","method","C:\DoAnTotNghiep\V-Shield-2.0\API\API\API\Controllers\ThongHanhController.cs","433"
"IN","json-key","C:\DoAnTotNghiep\V-Shield-2.0\API\API\API\Controllers\ThongHanhController.cs","440"
"GateScanRequest","class","C:\DoAnTotNghiep\V-Shield-2.0\API\API\API\Controllers\ThongHanhController.cs","444"
"LicensePlate","property","C:\DoAnTotNghiep\V-Shield-2.0\API\API\API\Controllers\ThongHanhController.cs","446"
"EmployeeId","property","C:\DoAnTotNghiep\V-Shield-2.0\API\API\API\Controllers\ThongHanhController.cs","447"
"VehicleTypeId","property","C:\DoAnTotNghiep\V-Shield-2.0\API\API\API\Controllers\ThongHanhController.cs","448"
"Description","property","C:\DoAnTotNghiep\V-Shield-2.0\API\API\API\Controllers\ThongHanhController.cs","449"
"GateId","property","C:\DoAnTotNghiep\V-Shield-2.0\API\API\API\Controllers\ThongHanhController.cs","450"
"CameraId","property","C:\DoAnTotNghiep\V-Shield-2.0\API\API\API\Controllers\ThongHanhController.cs","451"
"GuestId","property","C:\DoAnTotNghiep\V-Shield-2.0\API\API\API\Controllers\ThongHanhController.cs","452"
"VisitorDetailId","property","C:\DoAnTotNghiep\V-Shield-2.0\API\API\API\Controllers\ThongHanhController.cs","453"
"QrPayload","property","C:\DoAnTotNghiep\V-Shield-2.0\API\API\API\Controllers\ThongHanhController.cs","454"
"GateApiResponse","class","C:\DoAnTotNghiep\V-Shield-2.0\API\API\API\Controllers\ThongHanhController.cs","457"
"Success","property","C:\DoAnTotNghiep\V-Shield-2.0\API\API\API\Controllers\ThongHanhController.cs","459"
"Message","property","C:\DoAnTotNghiep\V-Shield-2.0\API\API\API\Controllers\ThongHanhController.cs","460"
"Data","property","C:\DoAnTotNghiep\V-Shield-2.0\API\API\API\Controllers\ThongHanhController.cs","461"
"CreateSuccess","method","C:\DoAnTotNghiep\V-Shield-2.0\API\API\API\Controllers\ThongHanhController.cs","463"
"CreateError","method","C:\DoAnTotNghiep\V-Shield-2.0\API\API\API\Controllers\ThongHanhController.cs","473"
"API.Controllers","namespace","C:\DoAnTotNghiep\V-Shield-2.0\API\API\API\Controllers\UsersController.cs","9"
"api/[controller]","route","C:\DoAnTotNghiep\V-Shield-2.0\API\API\API\Controllers\UsersController.cs","12"
"UsersController","class","C:\DoAnTotNghiep\V-Shield-2.0\API\API\API\Controllers\UsersController.cs","14"
"[HttpGet]","http-attr","C:\DoAnTotNghiep\V-Shield-2.0\API\API\API\Controllers\UsersController.cs","23"
"GetAll","method","C:\DoAnTotNghiep\V-Shield-2.0\API\API\API\Controllers\UsersController.cs","24"
"[HttpGet(""{id}"")]","http-attr","C:\DoAnTotNghiep\V-Shield-2.0\API\API\API\Controllers\UsersController.cs","43"
"GetById","method","C:\DoAnTotNghiep\V-Shield-2.0\API\API\API\Controllers\UsersController.cs","44"
"[HttpPost]","http-attr","C:\DoAnTotNghiep\V-Shield-2.0\API\API\API\Controllers\UsersController.cs","62"
"Create","method","C:\DoAnTotNghiep\V-Shield-2.0\API\API\API\Controllers\UsersController.cs","63"
"[HttpPut(""{id}"")]","http-attr","C:\DoAnTotNghiep\V-Shield-2.0\API\API\API\Controllers\UsersController.cs","109"
"Update","method","C:\DoAnTotNghiep\V-Shield-2.0\API\API\API\Controllers\UsersController.cs","110"
"[HttpDelete(""{id}"")]","http-attr","C:\DoAnTotNghiep\V-Shield-2.0\API\API\API\Controllers\UsersController.cs","160"
"Delete","method","C:\DoAnTotNghiep\V-Shield-2.0\API\API\API\Controllers\UsersController.cs","161"
"NormalizeUsername","method","C:\DoAnTotNghiep\V-Shield-2.0\API\API\API\Controllers\UsersController.cs","177"
"API.Controllers","namespace","C:\DoAnTotNghiep\V-Shield-2.0\API\API\API\Controllers\VehiclesController.cs","5"
"api/[controller]","route","C:\DoAnTotNghiep\V-Shield-2.0\API\API\API\Controllers\VehiclesController.cs","8"
"VehiclesController","class","C:\DoAnTotNghiep\V-Shield-2.0\API\API\API\Controllers\VehiclesController.cs","9"
"[HttpGet(""types"")]","http-attr","C:\DoAnTotNghiep\V-Shield-2.0\API\API\API\Controllers\VehiclesController.cs","18"
"GetVehicleTypes","method","C:\DoAnTotNghiep\V-Shield-2.0\API\API\API\Controllers\VehiclesController.cs","19"
"[HttpGet]","http-attr","C:\DoAnTotNghiep\V-Shield-2.0\API\API\API\Controllers\VehiclesController.cs","27"
"GetAll","method","C:\DoAnTotNghiep\V-Shield-2.0\API\API\API\Controllers\VehiclesController.cs","28"
"[HttpGet(""{id:int}"")]","http-attr","C:\DoAnTotNghiep\V-Shield-2.0\API\API\API\Controllers\VehiclesController.cs","36"
"GetById","method","C:\DoAnTotNghiep\V-Shield-2.0\API\API\API\Controllers\VehiclesController.cs","37"
"[HttpGet(""license-plate/{plate}"")]","http-attr","C:\DoAnTotNghiep\V-Shield-2.0\API\API\API\Controllers\VehiclesController.cs","48"
"GetByLicensePlate","method","C:\DoAnTotNghiep\V-Shield-2.0\API\API\API\Controllers\VehiclesController.cs","49"
"[HttpGet(""employee/{employeeId:int}"")]","http-attr","C:\DoAnTotNghiep\V-Shield-2.0\API\API\API\Controllers\VehiclesController.cs","60"
"GetByEmployeeId","method","C:\DoAnTotNghiep\V-Shield-2.0\API\API\API\Controllers\VehiclesController.cs","61"
"[HttpPost]","http-attr","C:\DoAnTotNghiep\V-Shield-2.0\API\API\API\Controllers\VehiclesController.cs","69"
"Create","method","C:\DoAnTotNghiep\V-Shield-2.0\API\API\API\Controllers\VehiclesController.cs","70"
"[HttpPut(""{id:int}"")]","http-attr","C:\DoAnTotNghiep\V-Shield-2.0\API\API\API\Controllers\VehiclesController.cs","92"
"Update","method","C:\DoAnTotNghiep\V-Shield-2.0\API\API\API\Controllers\VehiclesController.cs","93"
"[HttpDelete(""{id:int}"")]","http-attr","C:\DoAnTotNghiep\V-Shield-2.0\API\API\API\Controllers\VehiclesController.cs","118"
"Delete","method","C:\DoAnTotNghiep\V-Shield-2.0\API\API\API\Controllers\VehiclesController.cs","119"
"API.Controllers","namespace","C:\DoAnTotNghiep\V-Shield-2.0\API\API\API\Controllers\VideoController.cs","8"
"api/[controller]","route","C:\DoAnTotNghiep\V-Shield-2.0\API\API\API\Controllers\VideoController.cs","10"
"VideoController","class","C:\DoAnTotNghiep\V-Shield-2.0\API\API\API\Controllers\VideoController.cs","13"
"[HttpPost(""upload"")]","http-attr","C:\DoAnTotNghiep\V-Shield-2.0\API\API\API\Controllers\VideoController.cs","24"
"UploadVideo","method","C:\DoAnTotNghiep\V-Shield-2.0\API\API\API\Controllers\VideoController.cs","27"
"[HttpGet(""employee/{employeeId}"")]","http-attr","C:\DoAnTotNghiep\V-Shield-2.0\API\API\API\Controllers\VideoController.cs","126"
"GetVideosByEmployee","method","C:\DoAnTotNghiep\V-Shield-2.0\API\API\API\Controllers\VideoController.cs","127"
"[HttpDelete(""{id}"")]","http-attr","C:\DoAnTotNghiep\V-Shield-2.0\API\API\API\Controllers\VideoController.cs","138"
"DeleteVideo","method","C:\DoAnTotNghiep\V-Shield-2.0\API\API\API\Controllers\VideoController.cs","139"
"API.Controllers","namespace","C:\DoAnTotNghiep\V-Shield-2.0\API\API\API\Controllers\WeatherForecastController.cs","3"
"[controller]","route","C:\DoAnTotNghiep\V-Shield-2.0\API\API\API\Controllers\WeatherForecastController.cs","6"
"WeatherForecastController","class","C:\DoAnTotNghiep\V-Shield-2.0\API\API\API\Controllers\WeatherForecastController.cs","7"
"Get","method","C:\DoAnTotNghiep\V-Shield-2.0\API\API\API\Controllers\WeatherForecastController.cs","22"
"API.Data","namespace","C:\DoAnTotNghiep\V-Shield-2.0\API\API\API\Data\ApplicationDbContext.cs","6"
"ApplicationDbContext","class","C:\DoAnTotNghiep\V-Shield-2.0\API\API\API\Data\ApplicationDbContext.cs","8"
"AccessLogs","property","C:\DoAnTotNghiep\V-Shield-2.0\API\API\API\Data\ApplicationDbContext.cs","19"
"Cameras","property","C:\DoAnTotNghiep\V-Shield-2.0\API\API\API\Data\ApplicationDbContext.cs","21"
"CameraPlates","property","C:\DoAnTotNghiep\V-Shield-2.0\API\API\API\Data\ApplicationDbContext.cs","22"
"Departments","property","C:\DoAnTotNghiep\V-Shield-2.0\API\API\API\Data\ApplicationDbContext.cs","24"
"Employees","property","C:\DoAnTotNghiep\V-Shield-2.0\API\API\API\Data\ApplicationDbContext.cs","26"
"ExceptionReasons","property","C:\DoAnTotNghiep\V-Shield-2.0\API\API\API\Data\ApplicationDbContext.cs","28"
"Gates","property","C:\DoAnTotNghiep\V-Shield-2.0\API\API\API\Data\ApplicationDbContext.cs","30"
"GuestProfiles","property","C:\DoAnTotNghiep\V-Shield-2.0\API\API\API\Data\ApplicationDbContext.cs","32"
"Positions","property","C:\DoAnTotNghiep\V-Shield-2.0\API\API\API\Data\ApplicationDbContext.cs","34"
"PreRegistrations","property","C:\DoAnTotNghiep\V-Shield-2.0\API\API\API\Data\ApplicationDbContext.cs","36"
"Vehicles","property","C:\DoAnTotNghiep\V-Shield-2.0\API\API\API\Data\ApplicationDbContext.cs","38"
"VehicleTypes","property","C:\DoAnTotNghiep\V-Shield-2.0\API\API\API\Data\ApplicationDbContext.cs","40"
"AppUsers","property","C:\DoAnTotNghiep\V-Shield-2.0\API\API\API\Data\ApplicationDbContext.cs","42"
"RegistrationLinks","property","C:\DoAnTotNghiep\V-Shield-2.0\API\API\API\Data\ApplicationDbContext.cs","44"
"VisitorDetails","property","C:\DoAnTotNghiep\V-Shield-2.0\API\API\API\Data\ApplicationDbContext.cs","45"
"EmployeeFaceVideos","property","C:\DoAnTotNghiep\V-Shield-2.0\API\API\API\Data\ApplicationDbContext.cs","46"
"EmployeeFaceModels","property","C:\DoAnTotNghiep\V-Shield-2.0\API\API\API\Data\ApplicationDbContext.cs","47"
"EmployeeDynamicQrs","property","C:\DoAnTotNghiep\V-Shield-2.0\API\API\API\Data\ApplicationDbContext.cs","48"
"DynamicQrScanLogs","property","C:\DoAnTotNghiep\V-Shield-2.0\API\API\API\Data\ApplicationDbContext.cs","49"
"EmployeeAccessPermissions","property","C:\DoAnTotNghiep\V-Shield-2.0\API\API\API\Data\ApplicationDbContext.cs","50"
"VisitorAccessPermissions","property","C:\DoAnTotNghiep\V-Shield-2.0\API\API\API\Data\ApplicationDbContext.cs","51"
"OnModelCreating","method","C:\DoAnTotNghiep\V-Shield-2.0\API\API\API\Data\ApplicationDbContext.cs","53"
"API.DTOs","namespace","C:\DoAnTotNghiep\V-Shield-2.0\API\API\API\DTOs\AccessControlDtos.cs","1"
"SetPermissionRequest","class","C:\DoAnTotNghiep\V-Shield-2.0\API\API\API\DTOs\AccessControlDtos.cs","4"
"EmployeeId","property","C:\DoAnTotNghiep\V-Shield-2.0\API\API\API\DTOs\AccessControlDtos.cs","6"
"VisitorDetailId","property","C:\DoAnTotNghiep\V-Shield-2.0\API\API\API\DTOs\AccessControlDtos.cs","7"
"GateId","property","C:\DoAnTotNghiep\V-Shield-2.0\API\API\API\DTOs\AccessControlDtos.cs","8"
"IsAllowed","property","C:\DoAnTotNghiep\V-Shield-2.0\API\API\API\DTOs\AccessControlDtos.cs","9"
"QrScanAccessRequest","class","C:\DoAnTotNghiep\V-Shield-2.0\API\API\API\DTOs\AccessControlDtos.cs","12"
"QrPayload","property","C:\DoAnTotNghiep\V-Shield-2.0\API\API\API\DTOs\AccessControlDtos.cs","14"
"EmployeeId","property","C:\DoAnTotNghiep\V-Shield-2.0\API\API\API\DTOs\AccessControlDtos.cs","15"
"VisitorDetailId","property","C:\DoAnTotNghiep\V-Shield-2.0\API\API\API\DTOs\AccessControlDtos.cs","16"
"CameraId","property","C:\DoAnTotNghiep\V-Shield-2.0\API\API\API\DTOs\AccessControlDtos.cs","17"
"UserPassword","property","C:\DoAnTotNghiep\V-Shield-2.0\API\API\API\DTOs\AccessControlDtos.cs","18"
"LoggedInUserId","property","C:\DoAnTotNghiep\V-Shield-2.0\API\API\API\DTOs\AccessControlDtos.cs","19"
"API.DTOs","namespace","C:\DoAnTotNghiep\V-Shield-2.0\API\API\API\DTOs\CameraDTO.cs","1"
"CameraDTO","class","C:\DoAnTotNghiep\V-Shield-2.0\API\API\API\DTOs\CameraDTO.cs","3"
"CameraId","property","C:\DoAnTotNghiep\V-Shield-2.0\API\API\API\DTOs\CameraDTO.cs","5"
"CameraName","property","C:\DoAnTotNghiep\V-Shield-2.0\API\API\API\DTOs\CameraDTO.cs","6"
"GateId","property","C:\DoAnTotNghiep\V-Shield-2.0\API\API\API\DTOs\CameraDTO.cs","7"
"CameraType","property","C:\DoAnTotNghiep\V-Shield-2.0\API\API\API\DTOs\CameraDTO.cs","8"
"StreamUrl","property","C:\DoAnTotNghiep\V-Shield-2.0\API\API\API\DTOs\CameraDTO.cs","9"
"UrlView","property","C:\DoAnTotNghiep\V-Shield-2.0\API\API\API\DTOs\CameraDTO.cs","10"
"GateName","property","C:\DoAnTotNghiep\V-Shield-2.0\API\API\API\DTOs\CameraDTO.cs","12"
"API.DTOs","namespace","C:\DoAnTotNghiep\V-Shield-2.0\API\API\API\DTOs\CreateEmployeeRequest.cs","3"
"CreateEmployeeRequest","class","C:\DoAnTotNghiep\V-Shield-2.0\API\API\API\DTOs\CreateEmployeeRequest.cs","5"
"FullName","property","C:\DoAnTotNghiep\V-Shield-2.0\API\API\API\DTOs\CreateEmployeeRequest.cs","9"
"DepartmentId","property","C:\DoAnTotNghiep\V-Shield-2.0\API\API\API\DTOs\CreateEmployeeRequest.cs","11"
"PositionId","property","C:\DoAnTotNghiep\V-Shield-2.0\API\API\API\DTOs\CreateEmployeeRequest.cs","13"
"Phone","property","C:\DoAnTotNghiep\V-Shield-2.0\API\API\API\DTOs\CreateEmployeeRequest.cs","16"
"Email","property","C:\DoAnTotNghiep\V-Shield-2.0\API\API\API\DTOs\CreateEmployeeRequest.cs","20"
"FaceImageUrl","property","C:\DoAnTotNghiep\V-Shield-2.0\API\API\API\DTOs\CreateEmployeeRequest.cs","23"
"Status","property","C:\DoAnTotNghiep\V-Shield-2.0\API\API\API\DTOs\CreateEmployeeRequest.cs","25"
"API.DTOs","namespace","C:\DoAnTotNghiep\V-Shield-2.0\API\API\API\DTOs\CreateUserRequest.cs","3"
"CreateUserRequest","class","C:\DoAnTotNghiep\V-Shield-2.0\API\API\API\DTOs\CreateUserRequest.cs","5"
"Username","property","C:\DoAnTotNghiep\V-Shield-2.0\API\API\API\DTOs\CreateUserRequest.cs","9"
"Password","property","C:\DoAnTotNghiep\V-Shield-2.0\API\API\API\DTOs\CreateUserRequest.cs","13"
"FullName","property","C:\DoAnTotNghiep\V-Shield-2.0\API\API\API\DTOs\CreateUserRequest.cs","16"
"Role","property","C:\DoAnTotNghiep\V-Shield-2.0\API\API\API\DTOs\CreateUserRequest.cs","21"
"EmployeeId","property","C:\DoAnTotNghiep\V-Shield-2.0\API\API\API\DTOs\CreateUserRequest.cs","23"
"API.DTOs","namespace","C:\DoAnTotNghiep\V-Shield-2.0\API\API\API\DTOs\DepartmentRequest.cs","3"
"CreateDepartmentRequest","class","C:\DoAnTotNghiep\V-Shield-2.0\API\API\API\DTOs\DepartmentRequest.cs","5"
"Name","property","C:\DoAnTotNghiep\V-Shield-2.0\API\API\API\DTOs\DepartmentRequest.cs","9"
"UpdateDepartmentRequest","class","C:\DoAnTotNghiep\V-Shield-2.0\API\API\API\DTOs\DepartmentRequest.cs","12"
"Name","property","C:\DoAnTotNghiep\V-Shield-2.0\API\API\API\DTOs\DepartmentRequest.cs","16"
"DepartmentResponse","class","C:\DoAnTotNghiep\V-Shield-2.0\API\API\API\DTOs\DepartmentRequest.cs","19"
"DepartmentId","property","C:\DoAnTotNghiep\V-Shield-2.0\API\API\API\DTOs\DepartmentRequest.cs","21"
"Name","property","C:\DoAnTotNghiep\V-Shield-2.0\API\API\API\DTOs\DepartmentRequest.cs","22"
"EmployeeCount","property","C:\DoAnTotNghiep\V-Shield-2.0\API\API\API\DTOs\DepartmentRequest.cs","23"
"API.Models.DTOs","namespace","C:\DoAnTotNghiep\V-Shield-2.0\API\API\API\DTOs\DynamicQrDtos.cs","3"
"GenerateDynamicQrRequest","class","C:\DoAnTotNghiep\V-Shield-2.0\API\API\API\DTOs\DynamicQrDtos.cs","5"
"EmployeeId","property","C:\DoAnTotNghiep\V-Shield-2.0\API\API\API\DTOs\DynamicQrDtos.cs","8"
"VerifyDynamicQrRequest","class","C:\DoAnTotNghiep\V-Shield-2.0\API\API\API\DTOs\DynamicQrDtos.cs","11"
"QrPayload","property","C:\DoAnTotNghiep\V-Shield-2.0\API\API\API\DTOs\DynamicQrDtos.cs","14"
"ScannerDevice","property","C:\DoAnTotNghiep\V-Shield-2.0\API\API\API\DTOs\DynamicQrDtos.cs","16"
"API.DTOs","namespace","C:\DoAnTotNghiep\V-Shield-2.0\API\API\API\DTOs\EmployeeResponse.cs","1"
"EmployeeResponse","class","C:\DoAnTotNghiep\V-Shield-2.0\API\API\API\DTOs\EmployeeResponse.cs","3"
"EmployeeId","property","C:\DoAnTotNghiep\V-Shield-2.0\API\API\API\DTOs\EmployeeResponse.cs","5"
"FullName","property","C:\DoAnTotNghiep\V-Shield-2.0\API\API\API\DTOs\EmployeeResponse.cs","6"
"Phone","property","C:\DoAnTotNghiep\V-Shield-2.0\API\API\API\DTOs\EmployeeResponse.cs","7"
"Email","property","C:\DoAnTotNghiep\V-Shield-2.0\API\API\API\DTOs\EmployeeResponse.cs","8"
"FaceImageUrl","property","C:\DoAnTotNghiep\V-Shield-2.0\API\API\API\DTOs\EmployeeResponse.cs","9"
"Status","property","C:\DoAnTotNghiep\V-Shield-2.0\API\API\API\DTOs\EmployeeResponse.cs","10"
"DepartmentId","property","C:\DoAnTotNghiep\V-Shield-2.0\API\API\API\DTOs\EmployeeResponse.cs","13"
"DepartmentName","property","C:\DoAnTotNghiep\V-Shield-2.0\API\API\API\DTOs\EmployeeResponse.cs","14"
"PositionId","property","C:\DoAnTotNghiep\V-Shield-2.0\API\API\API\DTOs\EmployeeResponse.cs","17"
"PositionName","property","C:\DoAnTotNghiep\V-Shield-2.0\API\API\API\DTOs\EmployeeResponse.cs","18"
"API.DTOs","namespace","C:\DoAnTotNghiep\V-Shield-2.0\API\API\API\DTOs\EmployeeStatsResponse.cs","1"
"EmployeeSummaryResponse","class","C:\DoAnTotNghiep\V-Shield-2.0\API\API\API\DTOs\EmployeeStatsResponse.cs","3"
"TotalEmployees","property","C:\DoAnTotNghiep\V-Shield-2.0\API\API\API\DTOs\EmployeeStatsResponse.cs","6"
"ActiveEmployees","property","C:\DoAnTotNghiep\V-Shield-2.0\API\API\API\DTOs\EmployeeStatsResponse.cs","9"
"InactiveEmployees","property","C:\DoAnTotNghiep\V-Shield-2.0\API\API\API\DTOs\EmployeeStatsResponse.cs","12"
"new","method","C:\DoAnTotNghiep\V-Shield-2.0\API\API\API\DTOs\EmployeeStatsResponse.cs","15"
"ByDepartment","property","C:\DoAnTotNghiep\V-Shield-2.0\API\API\API\DTOs\EmployeeStatsResponse.cs","15"
"new","method","C:\DoAnTotNghiep\V-Shield-2.0\API\API\API\DTOs\EmployeeStatsResponse.cs","18"
"ByPosition","property","C:\DoAnTotNghiep\V-Shield-2.0\API\API\API\DTOs\EmployeeStatsResponse.cs","18"
"CalculatedAt","property","C:\DoAnTotNghiep\V-Shield-2.0\API\API\API\DTOs\EmployeeStatsResponse.cs","21"
"DepartmentStatItem","class","C:\DoAnTotNghiep\V-Shield-2.0\API\API\API\DTOs\EmployeeStatsResponse.cs","24"
"DepartmentId","property","C:\DoAnTotNghiep\V-Shield-2.0\API\API\API\DTOs\EmployeeStatsResponse.cs","26"
"DepartmentName","property","C:\DoAnTotNghiep\V-Shield-2.0\API\API\API\DTOs\EmployeeStatsResponse.cs","27"
"TotalCount","property","C:\DoAnTotNghiep\V-Shield-2.0\API\API\API\DTOs\EmployeeStatsResponse.cs","28"
"ActiveCount","property","C:\DoAnTotNghiep\V-Shield-2.0\API\API\API\DTOs\EmployeeStatsResponse.cs","29"
"PositionStatItem","class","C:\DoAnTotNghiep\V-Shield-2.0\API\API\API\DTOs\EmployeeStatsResponse.cs","32"
"PositionId","property","C:\DoAnTotNghiep\V-Shield-2.0\API\API\API\DTOs\EmployeeStatsResponse.cs","34"
"PositionName","property","C:\DoAnTotNghiep\V-Shield-2.0\API\API\API\DTOs\EmployeeStatsResponse.cs","35"
"TotalCount","property","C:\DoAnTotNghiep\V-Shield-2.0\API\API\API\DTOs\EmployeeStatsResponse.cs","36"
"ActiveCount","property","C:\DoAnTotNghiep\V-Shield-2.0\API\API\API\DTOs\EmployeeStatsResponse.cs","37"
"EmployeeCountChangedEvent","class","C:\DoAnTotNghiep\V-Shield-2.0\API\API\API\DTOs\EmployeeStatsResponse.cs","41"
"TotalEmployees","property","C:\DoAnTotNghiep\V-Shield-2.0\API\API\API\DTOs\EmployeeStatsResponse.cs","43"
"ActiveEmployees","property","C:\DoAnTotNghiep\V-Shield-2.0\API\API\API\DTOs\EmployeeStatsResponse.cs","44"
"ChangeType","property","C:\DoAnTotNghiep\V-Shield-2.0\API\API\API\DTOs\EmployeeStatsResponse.cs","45"
"ChangedAt","property","C:\DoAnTotNghiep\V-Shield-2.0\API\API\API\DTOs\EmployeeStatsResponse.cs","46"
"API.DTOs","namespace","C:\DoAnTotNghiep\V-Shield-2.0\API\API\API\DTOs\LoginRequest.cs","3"
"LoginRequest","class","C:\DoAnTotNghiep\V-Shield-2.0\API\API\API\DTOs\LoginRequest.cs","5"
"Username","property","C:\DoAnTotNghiep\V-Shield-2.0\API\API\API\DTOs\LoginRequest.cs","8"
"Password","property","C:\DoAnTotNghiep\V-Shield-2.0\API\API\API\DTOs\LoginRequest.cs","11"
"API.DTOs","namespace","C:\DoAnTotNghiep\V-Shield-2.0\API\API\API\DTOs\LoginResponse.cs","1"
"LoginResponse","class","C:\DoAnTotNghiep\V-Shield-2.0\API\API\API\DTOs\LoginResponse.cs","3"
"Token","property","C:\DoAnTotNghiep\V-Shield-2.0\API\API\API\DTOs\LoginResponse.cs","5"
"Username","property","C:\DoAnTotNghiep\V-Shield-2.0\API\API\API\DTOs\LoginResponse.cs","6"
"FullName","property","C:\DoAnTotNghiep\V-Shield-2.0\API\API\API\DTOs\LoginResponse.cs","7"
"Role","property","C:\DoAnTotNghiep\V-Shield-2.0\API\API\API\DTOs\LoginResponse.cs","8"
"EmployeeId","property","C:\DoAnTotNghiep\V-Shield-2.0\API\API\API\DTOs\LoginResponse.cs","9"
"ExpiresAt","property","C:\DoAnTotNghiep\V-Shield-2.0\API\API\API\DTOs\LoginResponse.cs","10"
"API.DTOs","namespace","C:\DoAnTotNghiep\V-Shield-2.0\API\API\API\DTOs\PositionRequest.cs","3"
"CreatePositionRequest","class","C:\DoAnTotNghiep\V-Shield-2.0\API\API\API\DTOs\PositionRequest.cs","5"
"Name","property","C:\DoAnTotNghiep\V-Shield-2.0\API\API\API\DTOs\PositionRequest.cs","9"
"UpdatePositionRequest","class","C:\DoAnTotNghiep\V-Shield-2.0\API\API\API\DTOs\PositionRequest.cs","12"
"Name","property","C:\DoAnTotNghiep\V-Shield-2.0\API\API\API\DTOs\PositionRequest.cs","16"
"PositionResponse","class","C:\DoAnTotNghiep\V-Shield-2.0\API\API\API\DTOs\PositionRequest.cs","19"
"PositionId","property","C:\DoAnTotNghiep\V-Shield-2.0\API\API\API\DTOs\PositionRequest.cs","21"
"Name","property","C:\DoAnTotNghiep\V-Shield-2.0\API\API\API\DTOs\PositionRequest.cs","22"
"EmployeeCount","property","C:\DoAnTotNghiep\V-Shield-2.0\API\API\API\DTOs\PositionRequest.cs","23"
"API.DTOs.PreRegistration","namespace","C:\DoAnTotNghiep\V-Shield-2.0\API\API\API\DTOs\PreRegistrationDtos.cs","5"
"CreateLinkRequestDto","class","C:\DoAnTotNghiep\V-Shield-2.0\API\API\API\DTOs\PreRegistrationDtos.cs","12"
"HostEmployeeId","property","C:\DoAnTotNghiep\V-Shield-2.0\API\API\API\DTOs\PreRegistrationDtos.cs","15"
"ExpiryHours","property","C:\DoAnTotNghiep\V-Shield-2.0\API\API\API\DTOs\PreRegistrationDtos.cs","18"
"SubmitRegistrationDto","class","C:\DoAnTotNghiep\V-Shield-2.0\API\API\API\DTOs\PreRegistrationDtos.cs","22"
"FullName","property","C:\DoAnTotNghiep\V-Shield-2.0\API\API\API\DTOs\PreRegistrationDtos.cs","26"
"Phone","property","C:\DoAnTotNghiep\V-Shield-2.0\API\API\API\DTOs\PreRegistrationDtos.cs","29"
"ExpectedTimeIn","property","C:\DoAnTotNghiep\V-Shield-2.0\API\API\API\DTOs\PreRegistrationDtos.cs","33"
"ExpectedTimeOut","property","C:\DoAnTotNghiep\V-Shield-2.0\API\API\API\DTOs\PreRegistrationDtos.cs","36"
"NumberOfVisitors","property","C:\DoAnTotNghiep\V-Shield-2.0\API\API\API\DTOs\PreRegistrationDtos.cs","40"
"new","method","C:\DoAnTotNghiep\V-Shield-2.0\API\API\API\DTOs\PreRegistrationDtos.cs","42"
"Visitors","property","C:\DoAnTotNghiep\V-Shield-2.0\API\API\API\DTOs\PreRegistrationDtos.cs","42"
"VisitorInfoDto","class","C:\DoAnTotNghiep\V-Shield-2.0\API\API\API\DTOs\PreRegistrationDtos.cs","46"
"FullName","property","C:\DoAnTotNghiep\V-Shield-2.0\API\API\API\DTOs\PreRegistrationDtos.cs","49"
"IdCardNumber","property","C:\DoAnTotNghiep\V-Shield-2.0\API\API\API\DTOs\PreRegistrationDtos.cs","52"
"ExpectedFaceImage","property","C:\DoAnTotNghiep\V-Shield-2.0\API\API\API\DTOs\PreRegistrationDtos.cs","55"
"QrCodeData","property","C:\DoAnTotNghiep\V-Shield-2.0\API\API\API\DTOs\PreRegistrationDtos.cs","57"
"QrIssuedAt","property","C:\DoAnTotNghiep\V-Shield-2.0\API\API\API\DTOs\PreRegistrationDtos.cs","58"
"IsQrActive","property","C:\DoAnTotNghiep\V-Shield-2.0\API\API\API\DTOs\PreRegistrationDtos.cs","59"
"VerifyVisitorQrDto","class","C:\DoAnTotNghiep\V-Shield-2.0\API\API\API\DTOs\PreRegistrationDtos.cs","61"
"QrPayload","property","C:\DoAnTotNghiep\V-Shield-2.0\API\API\API\DTOs\PreRegistrationDtos.cs","63"
"UpdateStatusDto","class","C:\DoAnTotNghiep\V-Shield-2.0\API\API\API\DTOs\PreRegistrationDtos.cs","65"
"Status","property","C:\DoAnTotNghiep\V-Shield-2.0\API\API\API\DTOs\PreRegistrationDtos.cs","70"
"CreateLinkResponseDto","class","C:\DoAnTotNghiep\V-Shield-2.0\API\API\API\DTOs\PreRegistrationDtos.cs","77"
"Token","property","C:\DoAnTotNghiep\V-Shield-2.0\API\API\API\DTOs\PreRegistrationDtos.cs","79"
"RegistrationUrl","property","C:\DoAnTotNghiep\V-Shield-2.0\API\API\API\DTOs\PreRegistrationDtos.cs","80"
"ExpiredAt","property","C:\DoAnTotNghiep\V-Shield-2.0\API\API\API\DTOs\PreRegistrationDtos.cs","81"
"ValidateTokenResponseDto","class","C:\DoAnTotNghiep\V-Shield-2.0\API\API\API\DTOs\PreRegistrationDtos.cs","84"
"HostEmployeeName","property","C:\DoAnTotNghiep\V-Shield-2.0\API\API\API\DTOs\PreRegistrationDtos.cs","86"
"HostEmployeePhone","property","C:\DoAnTotNghiep\V-Shield-2.0\API\API\API\DTOs\PreRegistrationDtos.cs","87"
"HostEmployeeEmail","property","C:\DoAnTotNghiep\V-Shield-2.0\API\API\API\DTOs\PreRegistrationDtos.cs","88"
"HostDepartmentName","property","C:\DoAnTotNghiep\V-Shield-2.0\API\API\API\DTOs\PreRegistrationDtos.cs","89"
"HostPositionName","property","C:\DoAnTotNghiep\V-Shield-2.0\API\API\API\DTOs\PreRegistrationDtos.cs","90"
"HostFaceImageUrl","property","C:\DoAnTotNghiep\V-Shield-2.0\API\API\API\DTOs\PreRegistrationDtos.cs","91"
"HostLicensePlates","property","C:\DoAnTotNghiep\V-Shield-2.0\API\API\API\DTOs\PreRegistrationDtos.cs","92"
"ExpiredAt","property","C:\DoAnTotNghiep\V-Shield-2.0\API\API\API\DTOs\PreRegistrationDtos.cs","93"
"RegistrationListItemDto","class","C:\DoAnTotNghiep\V-Shield-2.0\API\API\API\DTOs\PreRegistrationDtos.cs","96"
"RegistrationId","property","C:\DoAnTotNghiep\V-Shield-2.0\API\API\API\DTOs\PreRegistrationDtos.cs","98"
"GuestId","property","C:\DoAnTotNghiep\V-Shield-2.0\API\API\API\DTOs\PreRegistrationDtos.cs","99"
"GuestFullName","property","C:\DoAnTotNghiep\V-Shield-2.0\API\API\API\DTOs\PreRegistrationDtos.cs","100"
"GuestPhone","property","C:\DoAnTotNghiep\V-Shield-2.0\API\API\API\DTOs\PreRegistrationDtos.cs","101"
"ExpectedTimeIn","property","C:\DoAnTotNghiep\V-Shield-2.0\API\API\API\DTOs\PreRegistrationDtos.cs","102"
"ExpectedTimeOut","property","C:\DoAnTotNghiep\V-Shield-2.0\API\API\API\DTOs\PreRegistrationDtos.cs","103"
"NumberOfVisitors","property","C:\DoAnTotNghiep\V-Shield-2.0\API\API\API\DTOs\PreRegistrationDtos.cs","104"
"Status","property","C:\DoAnTotNghiep\V-Shield-2.0\API\API\API\DTOs\PreRegistrationDtos.cs","105"
"HostEmployeeName","property","C:\DoAnTotNghiep\V-Shield-2.0\API\API\API\DTOs\PreRegistrationDtos.cs","106"
"CreatedAt","property","C:\DoAnTotNghiep\V-Shield-2.0\API\API\API\DTOs\PreRegistrationDtos.cs","107"
"RegistrationDetailDto","class","C:\DoAnTotNghiep\V-Shield-2.0\API\API\API\DTOs\PreRegistrationDtos.cs","111"
"new","method","C:\DoAnTotNghiep\V-Shield-2.0\API\API\API\DTOs\PreRegistrationDtos.cs","113"
"Visitors","property","C:\DoAnTotNghiep\V-Shield-2.0\API\API\API\DTOs\PreRegistrationDtos.cs","113"
"new","method","C:\DoAnTotNghiep\V-Shield-2.0\API\API\API\DTOs\PreRegistrationDtos.cs","114"
"AccessLogs","property","C:\DoAnTotNghiep\V-Shield-2.0\API\API\API\DTOs\PreRegistrationDtos.cs","114"
"AccessLogDto","class","C:\DoAnTotNghiep\V-Shield-2.0\API\API\API\DTOs\PreRegistrationDtos.cs","117"
"LogId","property","C:\DoAnTotNghiep\V-Shield-2.0\API\API\API\DTOs\PreRegistrationDtos.cs","119"
"Timestamp","property","C:\DoAnTotNghiep\V-Shield-2.0\API\API\API\DTOs\PreRegistrationDtos.cs","120"
"Direction","property","C:\DoAnTotNghiep\V-Shield-2.0\API\API\API\DTOs\PreRegistrationDtos.cs","121"
"CapturedLicensePlate","property","C:\DoAnTotNghiep\V-Shield-2.0\API\API\API\DTOs\PreRegistrationDtos.cs","122"
"ResultStatus","property","C:\DoAnTotNghiep\V-Shield-2.0\API\API\API\DTOs\PreRegistrationDtos.cs","123"
"Note","property","C:\DoAnTotNghiep\V-Shield-2.0\API\API\API\DTOs\PreRegistrationDtos.cs","124"
"API.DTOs","namespace","C:\DoAnTotNghiep\V-Shield-2.0\API\API\API\DTOs\SetCamRequest.cs","1"
"SetCamRequest","class","C:\DoAnTotNghiep\V-Shield-2.0\API\API\API\DTOs\SetCamRequest.cs","3"
"CameraName","property","C:\DoAnTotNghiep\V-Shield-2.0\API\API\API\DTOs\SetCamRequest.cs","5"
"GateId","property","C:\DoAnTotNghiep\V-Shield-2.0\API\API\API\DTOs\SetCamRequest.cs","6"
"CameraType","property","C:\DoAnTotNghiep\V-Shield-2.0\API\API\API\DTOs\SetCamRequest.cs","7"
"StreamUrl","property","C:\DoAnTotNghiep\V-Shield-2.0\API\API\API\DTOs\SetCamRequest.cs","8"
"API.DTOs","namespace","C:\DoAnTotNghiep\V-Shield-2.0\API\API\API\DTOs\UpdateEmployeeRequest.cs","3"
"UpdateEmployeeRequest","class","C:\DoAnTotNghiep\V-Shield-2.0\API\API\API\DTOs\UpdateEmployeeRequest.cs","5"
"FullName","property","C:\DoAnTotNghiep\V-Shield-2.0\API\API\API\DTOs\UpdateEmployeeRequest.cs","8"
"DepartmentId","property","C:\DoAnTotNghiep\V-Shield-2.0\API\API\API\DTOs\UpdateEmployeeRequest.cs","10"
"PositionId","property","C:\DoAnTotNghiep\V-Shield-2.0\API\API\API\DTOs\UpdateEmployeeRequest.cs","12"
"Phone","property","C:\DoAnTotNghiep\V-Shield-2.0\API\API\API\DTOs\UpdateEmployeeRequest.cs","15"
"Email","property","C:\DoAnTotNghiep\V-Shield-2.0\API\API\API\DTOs\UpdateEmployeeRequest.cs","19"
"FaceImageUrl","property","C:\DoAnTotNghiep\V-Shield-2.0\API\API\API\DTOs\UpdateEmployeeRequest.cs","22"
"Status","property","C:\DoAnTotNghiep\V-Shield-2.0\API\API\API\DTOs\UpdateEmployeeRequest.cs","24"
"API.DTOs","namespace","C:\DoAnTotNghiep\V-Shield-2.0\API\API\API\DTOs\UpdateUserRequest.cs","3"
"UpdateUserRequest","class","C:\DoAnTotNghiep\V-Shield-2.0\API\API\API\DTOs\UpdateUserRequest.cs","5"
"FullName","property","C:\DoAnTotNghiep\V-Shield-2.0\API\API\API\DTOs\UpdateUserRequest.cs","8"
"Role","property","C:\DoAnTotNghiep\V-Shield-2.0\API\API\API\DTOs\UpdateUserRequest.cs","12"
"IsActive","property","C:\DoAnTotNghiep\V-Shield-2.0\API\API\API\DTOs\UpdateUserRequest.cs","14"
"Password","property","C:\DoAnTotNghiep\V-Shield-2.0\API\API\API\DTOs\UpdateUserRequest.cs","18"
"EmployeeId","property","C:\DoAnTotNghiep\V-Shield-2.0\API\API\API\DTOs\UpdateUserRequest.cs","20"
"API.DTOs","namespace","C:\DoAnTotNghiep\V-Shield-2.0\API\API\API\DTOs\UserResponse.cs","1"
"UserResponse","class","C:\DoAnTotNghiep\V-Shield-2.0\API\API\API\DTOs\UserResponse.cs","3"
"UserId","property","C:\DoAnTotNghiep\V-Shield-2.0\API\API\API\DTOs\UserResponse.cs","5"
"Username","property","C:\DoAnTotNghiep\V-Shield-2.0\API\API\API\DTOs\UserResponse.cs","6"
"FullName","property","C:\DoAnTotNghiep\V-Shield-2.0\API\API\API\DTOs\UserResponse.cs","7"
"Role","property","C:\DoAnTotNghiep\V-Shield-2.0\API\API\API\DTOs\UserResponse.cs","8"
"IsActive","property","C:\DoAnTotNghiep\V-Shield-2.0\API\API\API\DTOs\UserResponse.cs","9"
"CreatedAt","property","C:\DoAnTotNghiep\V-Shield-2.0\API\API\API\DTOs\UserResponse.cs","10"
"EmployeeId","property","C:\DoAnTotNghiep\V-Shield-2.0\API\API\API\DTOs\UserResponse.cs","11"
"API.DTOs","namespace","C:\DoAnTotNghiep\V-Shield-2.0\API\API\API\DTOs\VehicleDtos.cs","1"
"VehicleDto","class","C:\DoAnTotNghiep\V-Shield-2.0\API\API\API\DTOs\VehicleDtos.cs","6"
"VehicleId","property","C:\DoAnTotNghiep\V-Shield-2.0\API\API\API\DTOs\VehicleDtos.cs","8"
"LicensePlate","property","C:\DoAnTotNghiep\V-Shield-2.0\API\API\API\DTOs\VehicleDtos.cs","9"
"VehicleTypeId","property","C:\DoAnTotNghiep\V-Shield-2.0\API\API\API\DTOs\VehicleDtos.cs","10"
"VehicleTypeName","property","C:\DoAnTotNghiep\V-Shield-2.0\API\API\API\DTOs\VehicleDtos.cs","11"
"EmployeeId","property","C:\DoAnTotNghiep\V-Shield-2.0\API\API\API\DTOs\VehicleDtos.cs","12"
"EmployeeFullName","property","C:\DoAnTotNghiep\V-Shield-2.0\API\API\API\DTOs\VehicleDtos.cs","13"
"Description","property","C:\DoAnTotNghiep\V-Shield-2.0\API\API\API\DTOs\VehicleDtos.cs","14"
"VehicleTypeDto","class","C:\DoAnTotNghiep\V-Shield-2.0\API\API\API\DTOs\VehicleDtos.cs","17"
"VehicleTypeId","property","C:\DoAnTotNghiep\V-Shield-2.0\API\API\API\DTOs\VehicleDtos.cs","19"
"TypeName","property","C:\DoAnTotNghiep\V-Shield-2.0\API\API\API\DTOs\VehicleDtos.cs","20"
"CreateVehicleDto","class","C:\DoAnTotNghiep\V-Shield-2.0\API\API\API\DTOs\VehicleDtos.cs","24"
"LicensePlate","property","C:\DoAnTotNghiep\V-Shield-2.0\API\API\API\DTOs\VehicleDtos.cs","28"
"VehicleTypeId","property","C:\DoAnTotNghiep\V-Shield-2.0\API\API\API\DTOs\VehicleDtos.cs","30"
"EmployeeId","property","C:\DoAnTotNghiep\V-Shield-2.0\API\API\API\DTOs\VehicleDtos.cs","33"
"Description","property","C:\DoAnTotNghiep\V-Shield-2.0\API\API\API\DTOs\VehicleDtos.cs","36"
"UpdateVehicleDto","class","C:\DoAnTotNghiep\V-Shield-2.0\API\API\API\DTOs\VehicleDtos.cs","40"
"LicensePlate","property","C:\DoAnTotNghiep\V-Shield-2.0\API\API\API\DTOs\VehicleDtos.cs","43"
"VehicleTypeId","property","C:\DoAnTotNghiep\V-Shield-2.0\API\API\API\DTOs\VehicleDtos.cs","45"
"EmployeeId","property","C:\DoAnTotNghiep\V-Shield-2.0\API\API\API\DTOs\VehicleDtos.cs","47"
"Description","property","C:\DoAnTotNghiep\V-Shield-2.0\API\API\API\DTOs\VehicleDtos.cs","50"
"API.Hubs","namespace","C:\DoAnTotNghiep\V-Shield-2.0\API\API\API\Hubs\EmployeeStatsHub.cs","3"
"ReceiveStatsUpdate","json-key","C:\DoAnTotNghiep\V-Shield-2.0\API\API\API\Hubs\EmployeeStatsHub.cs","8"
"EmployeeStatsHub","class","C:\DoAnTotNghiep\V-Shield-2.0\API\API\API\Hubs\EmployeeStatsHub.cs","10"
"JoinStatsGroup","method","C:\DoAnTotNghiep\V-Shield-2.0\API\API\API\Hubs\EmployeeStatsHub.cs","15"
"LeaveStatsGroup","method","C:\DoAnTotNghiep\V-Shield-2.0\API\API\API\Hubs\EmployeeStatsHub.cs","23"
"API.Migrations","namespace","C:\DoAnTotNghiep\V-Shield-2.0\API\API\API\Migrations\20260522060405_InitialCreate.cs","8"
"InitialCreate","class","C:\DoAnTotNghiep\V-Shield-2.0\API\API\API\Migrations\20260522060405_InitialCreate.cs","11"
"Up","method","C:\DoAnTotNghiep\V-Shield-2.0\API\API\API\Migrations\20260522060405_InitialCreate.cs","14"
"Down","method","C:\DoAnTotNghiep\V-Shield-2.0\API\API\API\Migrations\20260522060405_InitialCreate.cs","652"
"API.Migrations","namespace","C:\DoAnTotNghiep\V-Shield-2.0\API\API\API\Migrations\20260522060405_InitialCreate.Designer.cs","12"
"InitialCreate","class","C:\DoAnTotNghiep\V-Shield-2.0\API\API\API\Migrations\20260522060405_InitialCreate.Designer.cs","16"
"BuildTargetModel","method","C:\DoAnTotNghiep\V-Shield-2.0\API\API\API\Migrations\20260522060405_InitialCreate.Designer.cs","19"
"API.Migrations","namespace","C:\DoAnTotNghiep\V-Shield-2.0\API\API\API\Migrations\ApplicationDbContextModelSnapshot.cs","11"
"ApplicationDbContextModelSnapshot","class","C:\DoAnTotNghiep\V-Shield-2.0\API\API\API\Migrations\ApplicationDbContextModelSnapshot.cs","14"
"BuildModel","method","C:\DoAnTotNghiep\V-Shield-2.0\API\API\API\Migrations\ApplicationDbContextModelSnapshot.cs","16"
"API.Models","namespace","C:\DoAnTotNghiep\V-Shield-2.0\API\API\API\Models\AccessLog.cs","7"
"AccessLog","class","C:\DoAnTotNghiep\V-Shield-2.0\API\API\API\Models\AccessLog.cs","10"
"LogId","property","C:\DoAnTotNghiep\V-Shield-2.0\API\API\API\Models\AccessLog.cs","13"
"Timestamp","property","C:\DoAnTotNghiep\V-Shield-2.0\API\API\API\Models\AccessLog.cs","16"
"Direction","property","C:\DoAnTotNghiep\V-Shield-2.0\API\API\API\Models\AccessLog.cs","20"
"GateId","property","C:\DoAnTotNghiep\V-Shield-2.0\API\API\API\Models\AccessLog.cs","22"
"CameraId","property","C:\DoAnTotNghiep\V-Shield-2.0\API\API\API\Models\AccessLog.cs","24"
"CapturedLicensePlate","property","C:\DoAnTotNghiep\V-Shield-2.0\API\API\API\Models\AccessLog.cs","27"
"CapturedFaceImageUrl","property","C:\DoAnTotNghiep\V-Shield-2.0\API\API\API\Models\AccessLog.cs","31"
"EmployeeId","property","C:\DoAnTotNghiep\V-Shield-2.0\API\API\API\Models\AccessLog.cs","33"
"RegistrationId","property","C:\DoAnTotNghiep\V-Shield-2.0\API\API\API\Models\AccessLog.cs","35"
"ResultStatus","property","C:\DoAnTotNghiep\V-Shield-2.0\API\API\API\Models\AccessLog.cs","39"
"IsBypass","property","C:\DoAnTotNghiep\V-Shield-2.0\API\API\API\Models\AccessLog.cs","41"
"ExceptionReasonId","property","C:\DoAnTotNghiep\V-Shield-2.0\API\API\API\Models\AccessLog.cs","43"
"Note","property","C:\DoAnTotNghiep\V-Shield-2.0\API\API\API\Models\AccessLog.cs","46"
"EntryLogId","property","C:\DoAnTotNghiep\V-Shield-2.0\API\API\API\Models\AccessLog.cs","48"
"Camera","property","C:\DoAnTotNghiep\V-Shield-2.0\API\API\API\Models\AccessLog.cs","52"
"Employee","property","C:\DoAnTotNghiep\V-Shield-2.0\API\API\API\Models\AccessLog.cs","56"
"EntryLog","property","C:\DoAnTotNghiep\V-Shield-2.0\API\API\API\Models\AccessLog.cs","60"
"ExceptionReason","property","C:\DoAnTotNghiep\V-Shield-2.0\API\API\API\Models\AccessLog.cs","64"
"Gate","property","C:\DoAnTotNghiep\V-Shield-2.0\API\API\API\Models\AccessLog.cs","68"
"InverseEntryLog","property","C:\DoAnTotNghiep\V-Shield-2.0\API\API\API\Models\AccessLog.cs","71"
"Registration","property","C:\DoAnTotNghiep\V-Shield-2.0\API\API\API\Models\AccessLog.cs","75"
"GuestId","property","C:\DoAnTotNghiep\V-Shield-2.0\API\API\API\Models\AccessLog.cs","76"
"VisitorDetailId","property","C:\DoAnTotNghiep\V-Shield-2.0\API\API\API\Models\AccessLog.cs","77"
"VisitorDetail","property","C:\DoAnTotNghiep\V-Shield-2.0\API\API\API\Models\AccessLog.cs","78"
"API.Models","namespace","C:\DoAnTotNghiep\V-Shield-2.0\API\API\API\Models\AccessPermissions.cs","5"
"EmployeeAccessPermission","class","C:\DoAnTotNghiep\V-Shield-2.0\API\API\API\Models\AccessPermissions.cs","9"
"Id","property","C:\DoAnTotNghiep\V-Shield-2.0\API\API\API\Models\AccessPermissions.cs","12"
"EmployeeId","property","C:\DoAnTotNghiep\V-Shield-2.0\API\API\API\Models\AccessPermissions.cs","15"
"GateId","property","C:\DoAnTotNghiep\V-Shield-2.0\API\API\API\Models\AccessPermissions.cs","18"
"IsAllowed","property","C:\DoAnTotNghiep\V-Shield-2.0\API\API\API\Models\AccessPermissions.cs","20"
"CreatedAt","property","C:\DoAnTotNghiep\V-Shield-2.0\API\API\API\Models\AccessPermissions.cs","22"
"VisitorAccessPermission","class","C:\DoAnTotNghiep\V-Shield-2.0\API\API\API\Models\AccessPermissions.cs","27"
"Id","property","C:\DoAnTotNghiep\V-Shield-2.0\API\API\API\Models\AccessPermissions.cs","30"
"VisitorDetailId","property","C:\DoAnTotNghiep\V-Shield-2.0\API\API\API\Models\AccessPermissions.cs","33"
"GateId","property","C:\DoAnTotNghiep\V-Shield-2.0\API\API\API\Models\AccessPermissions.cs","36"
"IsAllowed","property","C:\DoAnTotNghiep\V-Shield-2.0\API\API\API\Models\AccessPermissions.cs","38"
"CreatedAt","property","C:\DoAnTotNghiep\V-Shield-2.0\API\API\API\Models\AccessPermissions.cs","40"
"API.Models","namespace","C:\DoAnTotNghiep\V-Shield-2.0\API\API\API\Models\AppUser.cs","4"
"AppUser","class","C:\DoAnTotNghiep\V-Shield-2.0\API\API\API\Models\AppUser.cs","7"
"UserId","property","C:\DoAnTotNghiep\V-Shield-2.0\API\API\API\Models\AppUser.cs","10"
"Username","property","C:\DoAnTotNghiep\V-Shield-2.0\API\API\API\Models\AppUser.cs","14"
"PasswordHash","property","C:\DoAnTotNghiep\V-Shield-2.0\API\API\API\Models\AppUser.cs","18"
"FullName","property","C:\DoAnTotNghiep\V-Shield-2.0\API\API\API\Models\AppUser.cs","21"
"Role","property","C:\DoAnTotNghiep\V-Shield-2.0\API\API\API\Models\AppUser.cs","26"
"IsActive","property","C:\DoAnTotNghiep\V-Shield-2.0\API\API\API\Models\AppUser.cs","28"
"CreatedAt","property","C:\DoAnTotNghiep\V-Shield-2.0\API\API\API\Models\AppUser.cs","30"
"EmployeeId","property","C:\DoAnTotNghiep\V-Shield-2.0\API\API\API\Models\AppUser.cs","33"
"Employee","property","C:\DoAnTotNghiep\V-Shield-2.0\API\API\API\Models\AppUser.cs","36"
"API.Models","namespace","C:\DoAnTotNghiep\V-Shield-2.0\API\API\API\Models\Camera.cs","7"
"Camera","class","C:\DoAnTotNghiep\V-Shield-2.0\API\API\API\Models\Camera.cs","10"
"CameraId","property","C:\DoAnTotNghiep\V-Shield-2.0\API\API\API\Models\Camera.cs","13"
"CameraName","property","C:\DoAnTotNghiep\V-Shield-2.0\API\API\API\Models\Camera.cs","16"
"GateId","property","C:\DoAnTotNghiep\V-Shield-2.0\API\API\API\Models\Camera.cs","18"
"CameraType","property","C:\DoAnTotNghiep\V-Shield-2.0\API\API\API\Models\Camera.cs","22"
"StreamUrl","property","C:\DoAnTotNghiep\V-Shield-2.0\API\API\API\Models\Camera.cs","24"
"UrlView","property","C:\DoAnTotNghiep\V-Shield-2.0\API\API\API\Models\Camera.cs","26"
"AccessLogs","property","C:\DoAnTotNghiep\V-Shield-2.0\API\API\API\Models\Camera.cs","30"
"Gate","property","C:\DoAnTotNghiep\V-Shield-2.0\API\API\API\Models\Camera.cs","34"
"API.Models","namespace","C:\DoAnTotNghiep\V-Shield-2.0\API\API\API\Models\CameraPlate.cs","4"
"CameraPlate","class","C:\DoAnTotNghiep\V-Shield-2.0\API\API\API\Models\CameraPlate.cs","6"
"CameraIP","property","C:\DoAnTotNghiep\V-Shield-2.0\API\API\API\Models\CameraPlate.cs","9"
"PlateNumber","property","C:\DoAnTotNghiep\V-Shield-2.0\API\API\API\Models\CameraPlate.cs","11"
"X1","property","C:\DoAnTotNghiep\V-Shield-2.0\API\API\API\Models\CameraPlate.cs","13"
"Y1","property","C:\DoAnTotNghiep\V-Shield-2.0\API\API\API\Models\CameraPlate.cs","14"
"X2","property","C:\DoAnTotNghiep\V-Shield-2.0\API\API\API\Models\CameraPlate.cs","15"
"Y2","property","C:\DoAnTotNghiep\V-Shield-2.0\API\API\API\Models\CameraPlate.cs","16"
"LastUpdate","property","C:\DoAnTotNghiep\V-Shield-2.0\API\API\API\Models\CameraPlate.cs","18"
"API.Models","namespace","C:\DoAnTotNghiep\V-Shield-2.0\API\API\API\Models\Department.cs","7"
"Department","class","C:\DoAnTotNghiep\V-Shield-2.0\API\API\API\Models\Department.cs","10"
"DepartmentId","property","C:\DoAnTotNghiep\V-Shield-2.0\API\API\API\Models\Department.cs","13"
"Name","property","C:\DoAnTotNghiep\V-Shield-2.0\API\API\API\Models\Department.cs","16"
"Employees","property","C:\DoAnTotNghiep\V-Shield-2.0\API\API\API\Models\Department.cs","19"
"API.Models","namespace","C:\DoAnTotNghiep\V-Shield-2.0\API\API\API\Models\DynamicQrScanLog.cs","3"
"DynamicQrScanLog","class","C:\DoAnTotNghiep\V-Shield-2.0\API\API\API\Models\DynamicQrScanLog.cs","5"
"Id","property","C:\DoAnTotNghiep\V-Shield-2.0\API\API\API\Models\DynamicQrScanLog.cs","7"
"EmployeeId","property","C:\DoAnTotNghiep\V-Shield-2.0\API\API\API\Models\DynamicQrScanLog.cs","9"
"QrPayload","property","C:\DoAnTotNghiep\V-Shield-2.0\API\API\API\Models\DynamicQrScanLog.cs","11"
"IsValid","property","C:\DoAnTotNghiep\V-Shield-2.0\API\API\API\Models\DynamicQrScanLog.cs","13"
"Message","property","C:\DoAnTotNghiep\V-Shield-2.0\API\API\API\Models\DynamicQrScanLog.cs","15"
"ScannerDevice","property","C:\DoAnTotNghiep\V-Shield-2.0\API\API\API\Models\DynamicQrScanLog.cs","17"
"ScannedAt","property","C:\DoAnTotNghiep\V-Shield-2.0\API\API\API\Models\DynamicQrScanLog.cs","19"
"API.Models","namespace","C:\DoAnTotNghiep\V-Shield-2.0\API\API\API\Models\Employee.cs","7"
"Employee","class","C:\DoAnTotNghiep\V-Shield-2.0\API\API\API\Models\Employee.cs","10"
"EmployeeId","property","C:\DoAnTotNghiep\V-Shield-2.0\API\API\API\Models\Employee.cs","13"
"DepartmentId","property","C:\DoAnTotNghiep\V-Shield-2.0\API\API\API\Models\Employee.cs","15"
"PositionId","property","C:\DoAnTotNghiep\V-Shield-2.0\API\API\API\Models\Employee.cs","17"
"FullName","property","C:\DoAnTotNghiep\V-Shield-2.0\API\API\API\Models\Employee.cs","20"
"Phone","property","C:\DoAnTotNghiep\V-Shield-2.0\API\API\API\Models\Employee.cs","23"
"Email","property","C:\DoAnTotNghiep\V-Shield-2.0\API\API\API\Models\Employee.cs","26"
"FaceImageUrl","property","C:\DoAnTotNghiep\V-Shield-2.0\API\API\API\Models\Employee.cs","30"
"Status","property","C:\DoAnTotNghiep\V-Shield-2.0\API\API\API\Models\Employee.cs","32"
"AccessLogs","property","C:\DoAnTotNghiep\V-Shield-2.0\API\API\API\Models\Employee.cs","35"
"Department","property","C:\DoAnTotNghiep\V-Shield-2.0\API\API\API\Models\Employee.cs","39"
"Position","property","C:\DoAnTotNghiep\V-Shield-2.0\API\API\API\Models\Employee.cs","43"
"PreRegistrations","property","C:\DoAnTotNghiep\V-Shield-2.0\API\API\API\Models\Employee.cs","46"
"Vehicles","property","C:\DoAnTotNghiep\V-Shield-2.0\API\API\API\Models\Employee.cs","49"
"AppUser","property","C:\DoAnTotNghiep\V-Shield-2.0\API\API\API\Models\Employee.cs","53"
"API.Models","namespace","C:\DoAnTotNghiep\V-Shield-2.0\API\API\API\Models\EmployeeDynamicQr.cs","3"
"EmployeeDynamicQr","class","C:\DoAnTotNghiep\V-Shield-2.0\API\API\API\Models\EmployeeDynamicQr.cs","5"
"Id","property","C:\DoAnTotNghiep\V-Shield-2.0\API\API\API\Models\EmployeeDynamicQr.cs","7"
"EmployeeId","property","C:\DoAnTotNghiep\V-Shield-2.0\API\API\API\Models\EmployeeDynamicQr.cs","9"
"SecretKey","property","C:\DoAnTotNghiep\V-Shield-2.0\API\API\API\Models\EmployeeDynamicQr.cs","11"
"TimeStepSeconds","property","C:\DoAnTotNghiep\V-Shield-2.0\API\API\API\Models\EmployeeDynamicQr.cs","13"
"Digits","property","C:\DoAnTotNghiep\V-Shield-2.0\API\API\API\Models\EmployeeDynamicQr.cs","15"
"IsActive","property","C:\DoAnTotNghiep\V-Shield-2.0\API\API\API\Models\EmployeeDynamicQr.cs","17"
"LastUsedCounter","property","C:\DoAnTotNghiep\V-Shield-2.0\API\API\API\Models\EmployeeDynamicQr.cs","19"
"CreatedAt","property","C:\DoAnTotNghiep\V-Shield-2.0\API\API\API\Models\EmployeeDynamicQr.cs","21"
"UpdatedAt","property","C:\DoAnTotNghiep\V-Shield-2.0\API\API\API\Models\EmployeeDynamicQr.cs","23"
"Employee","property","C:\DoAnTotNghiep\V-Shield-2.0\API\API\API\Models\EmployeeDynamicQr.cs","26"
"API.Models","namespace","C:\DoAnTotNghiep\V-Shield-2.0\API\API\API\Models\EmployeeFaceModel.cs","4"
"EmployeeFaceModel","class","C:\DoAnTotNghiep\V-Shield-2.0\API\API\API\Models\EmployeeFaceModel.cs","6"
"Id","property","C:\DoAnTotNghiep\V-Shield-2.0\API\API\API\Models\EmployeeFaceModel.cs","9"
"EmployeeId","property","C:\DoAnTotNghiep\V-Shield-2.0\API\API\API\Models\EmployeeFaceModel.cs","11"
"ModelFileName","property","C:\DoAnTotNghiep\V-Shield-2.0\API\API\API\Models\EmployeeFaceModel.cs","13"
"ModelPath","property","C:\DoAnTotNghiep\V-Shield-2.0\API\API\API\Models\EmployeeFaceModel.cs","15"
"CreatedAt","property","C:\DoAnTotNghiep\V-Shield-2.0\API\API\API\Models\EmployeeFaceModel.cs","17"
"Employee","property","C:\DoAnTotNghiep\V-Shield-2.0\API\API\API\Models\EmployeeFaceModel.cs","19"
"API.Models","namespace","C:\DoAnTotNghiep\V-Shield-2.0\API\API\API\Models\EmployeeFaceVideo.cs","4"
"EmployeeFaceVideo","class","C:\DoAnTotNghiep\V-Shield-2.0\API\API\API\Models\EmployeeFaceVideo.cs","6"
"Id","property","C:\DoAnTotNghiep\V-Shield-2.0\API\API\API\Models\EmployeeFaceVideo.cs","9"
"EmployeeId","property","C:\DoAnTotNghiep\V-Shield-2.0\API\API\API\Models\EmployeeFaceVideo.cs","11"
"FileName","property","C:\DoAnTotNghiep\V-Shield-2.0\API\API\API\Models\EmployeeFaceVideo.cs","13"
"FilePath","property","C:\DoAnTotNghiep\V-Shield-2.0\API\API\API\Models\EmployeeFaceVideo.cs","15"
"FileSize","property","C:\DoAnTotNghiep\V-Shield-2.0\API\API\API\Models\EmployeeFaceVideo.cs","17"
"CreatedAt","property","C:\DoAnTotNghiep\V-Shield-2.0\API\API\API\Models\EmployeeFaceVideo.cs","19"
"Employee","property","C:\DoAnTotNghiep\V-Shield-2.0\API\API\API\Models\EmployeeFaceVideo.cs","21"
"API.Models","namespace","C:\DoAnTotNghiep\V-Shield-2.0\API\API\API\Models\ExceptionReason.cs","7"
"ExceptionReason","class","C:\DoAnTotNghiep\V-Shield-2.0\API\API\API\Models\ExceptionReason.cs","11"
"ReasonId","property","C:\DoAnTotNghiep\V-Shield-2.0\API\API\API\Models\ExceptionReason.cs","14"
"ReasonCode","property","C:\DoAnTotNghiep\V-Shield-2.0\API\API\API\Models\ExceptionReason.cs","18"
"Description","property","C:\DoAnTotNghiep\V-Shield-2.0\API\API\API\Models\ExceptionReason.cs","21"
"AccessLogs","property","C:\DoAnTotNghiep\V-Shield-2.0\API\API\API\Models\ExceptionReason.cs","24"
"API.Models","namespace","C:\DoAnTotNghiep\V-Shield-2.0\API\API\API\Models\Gate.cs","7"
"Gate","class","C:\DoAnTotNghiep\V-Shield-2.0\API\API\API\Models\Gate.cs","10"
"GateId","property","C:\DoAnTotNghiep\V-Shield-2.0\API\API\API\Models\Gate.cs","13"
"GateName","property","C:\DoAnTotNghiep\V-Shield-2.0\API\API\API\Models\Gate.cs","16"
"Location","property","C:\DoAnTotNghiep\V-Shield-2.0\API\API\API\Models\Gate.cs","19"
"AccessLogs","property","C:\DoAnTotNghiep\V-Shield-2.0\API\API\API\Models\Gate.cs","22"
"Cameras","property","C:\DoAnTotNghiep\V-Shield-2.0\API\API\API\Models\Gate.cs","25"
"API.Models","namespace","C:\DoAnTotNghiep\V-Shield-2.0\API\API\API\Models\GuestProfile.cs","7"
"GuestProfile","class","C:\DoAnTotNghiep\V-Shield-2.0\API\API\API\Models\GuestProfile.cs","10"
"GuestId","property","C:\DoAnTotNghiep\V-Shield-2.0\API\API\API\Models\GuestProfile.cs","13"
"FullName","property","C:\DoAnTotNghiep\V-Shield-2.0\API\API\API\Models\GuestProfile.cs","16"
"Phone","property","C:\DoAnTotNghiep\V-Shield-2.0\API\API\API\Models\GuestProfile.cs","19"
"DefaultLicensePlate","property","C:\DoAnTotNghiep\V-Shield-2.0\API\API\API\Models\GuestProfile.cs","22"
"FaceImageUrl","property","C:\DoAnTotNghiep\V-Shield-2.0\API\API\API\Models\GuestProfile.cs","26"
"PreRegistrations","property","C:\DoAnTotNghiep\V-Shield-2.0\API\API\API\Models\GuestProfile.cs","29"
"API.Models","namespace","C:\DoAnTotNghiep\V-Shield-2.0\API\API\API\Models\Position.cs","7"
"Position","class","C:\DoAnTotNghiep\V-Shield-2.0\API\API\API\Models\Position.cs","10"
"PositionId","property","C:\DoAnTotNghiep\V-Shield-2.0\API\API\API\Models\Position.cs","13"
"Name","property","C:\DoAnTotNghiep\V-Shield-2.0\API\API\API\Models\Position.cs","16"
"Employees","property","C:\DoAnTotNghiep\V-Shield-2.0\API\API\API\Models\Position.cs","19"
"API.Models","namespace","C:\DoAnTotNghiep\V-Shield-2.0\API\API\API\Models\PreRegistration.cs","7"
"PreRegistration","class","C:\DoAnTotNghiep\V-Shield-2.0\API\API\API\Models\PreRegistration.cs","10"
"RegistrationId","property","C:\DoAnTotNghiep\V-Shield-2.0\API\API\API\Models\PreRegistration.cs","13"
"GuestId","property","C:\DoAnTotNghiep\V-Shield-2.0\API\API\API\Models\PreRegistration.cs","15"
"HostEmployeeId","property","C:\DoAnTotNghiep\V-Shield-2.0\API\API\API\Models\PreRegistration.cs","17"
"ExpectedTimeIn","property","C:\DoAnTotNghiep\V-Shield-2.0\API\API\API\Models\PreRegistration.cs","20"
"ExpectedTimeOut","property","C:\DoAnTotNghiep\V-Shield-2.0\API\API\API\Models\PreRegistration.cs","23"
"Status","property","C:\DoAnTotNghiep\V-Shield-2.0\API\API\API\Models\PreRegistration.cs","27"
"AccessLogs","property","C:\DoAnTotNghiep\V-Shield-2.0\API\API\API\Models\PreRegistration.cs","30"
"Guest","property","C:\DoAnTotNghiep\V-Shield-2.0\API\API\API\Models\PreRegistration.cs","34"
"HostEmployee","property","C:\DoAnTotNghiep\V-Shield-2.0\API\API\API\Models\PreRegistration.cs","38"
"NumberOfVisitors","property","C:\DoAnTotNghiep\V-Shield-2.0\API\API\API\Models\PreRegistration.cs","40"
"CreatedAt","property","C:\DoAnTotNghiep\V-Shield-2.0\API\API\API\Models\PreRegistration.cs","43"
"VisitorDetails","property","C:\DoAnTotNghiep\V-Shield-2.0\API\API\API\Models\PreRegistration.cs","48"
"API.Models","namespace","C:\DoAnTotNghiep\V-Shield-2.0\API\API\API\Models\RegistrationLink.cs","6"
"RegistrationLink","class","C:\DoAnTotNghiep\V-Shield-2.0\API\API\API\Models\RegistrationLink.cs","9"
"LinkId","property","C:\DoAnTotNghiep\V-Shield-2.0\API\API\API\Models\RegistrationLink.cs","12"
"Token","property","C:\DoAnTotNghiep\V-Shield-2.0\API\API\API\Models\RegistrationLink.cs","17"
"HostEmployeeId","property","C:\DoAnTotNghiep\V-Shield-2.0\API\API\API\Models\RegistrationLink.cs","19"
"ExpiredAt","property","C:\DoAnTotNghiep\V-Shield-2.0\API\API\API\Models\RegistrationLink.cs","22"
"IsUsed","property","C:\DoAnTotNghiep\V-Shield-2.0\API\API\API\Models\RegistrationLink.cs","24"
"CreatedAt","property","C:\DoAnTotNghiep\V-Shield-2.0\API\API\API\Models\RegistrationLink.cs","27"
"HostEmployee","property","C:\DoAnTotNghiep\V-Shield-2.0\API\API\API\Models\RegistrationLink.cs","30"
"API.Models","namespace","C:\DoAnTotNghiep\V-Shield-2.0\API\API\API\Models\UploadVideoRequest.cs","3"
"UploadVideoRequest","class","C:\DoAnTotNghiep\V-Shield-2.0\API\API\API\Models\UploadVideoRequest.cs","5"
"File","property","C:\DoAnTotNghiep\V-Shield-2.0\API\API\API\Models\UploadVideoRequest.cs","7"
"EmployeeId","property","C:\DoAnTotNghiep\V-Shield-2.0\API\API\API\Models\UploadVideoRequest.cs","9"
"API.Models","namespace","C:\DoAnTotNghiep\V-Shield-2.0\API\API\API\Models\Vehicle.cs","7"
"Vehicle","class","C:\DoAnTotNghiep\V-Shield-2.0\API\API\API\Models\Vehicle.cs","11"
"VehicleId","property","C:\DoAnTotNghiep\V-Shield-2.0\API\API\API\Models\Vehicle.cs","14"
"LicensePlate","property","C:\DoAnTotNghiep\V-Shield-2.0\API\API\API\Models\Vehicle.cs","17"
"VehicleTypeId","property","C:\DoAnTotNghiep\V-Shield-2.0\API\API\API\Models\Vehicle.cs","19"
"EmployeeId","property","C:\DoAnTotNghiep\V-Shield-2.0\API\API\API\Models\Vehicle.cs","21"
"Description","property","C:\DoAnTotNghiep\V-Shield-2.0\API\API\API\Models\Vehicle.cs","24"
"ParkingStatus","property","C:\DoAnTotNghiep\V-Shield-2.0\API\API\API\Models\Vehicle.cs","28"
"Employee","property","C:\DoAnTotNghiep\V-Shield-2.0\API\API\API\Models\Vehicle.cs","29"
"VehicleType","property","C:\DoAnTotNghiep\V-Shield-2.0\API\API\API\Models\Vehicle.cs","33"
"VisitorDetailId","property","C:\DoAnTotNghiep\V-Shield-2.0\API\API\API\Models\Vehicle.cs","34"
"VisitorDetail","property","C:\DoAnTotNghiep\V-Shield-2.0\API\API\API\Models\Vehicle.cs","35"
"API.Models","namespace","C:\DoAnTotNghiep\V-Shield-2.0\API\API\API\Models\VehicleType.cs","7"
"VehicleType","class","C:\DoAnTotNghiep\V-Shield-2.0\API\API\API\Models\VehicleType.cs","10"
"VehicleTypeId","property","C:\DoAnTotNghiep\V-Shield-2.0\API\API\API\Models\VehicleType.cs","13"
"TypeName","property","C:\DoAnTotNghiep\V-Shield-2.0\API\API\API\Models\VehicleType.cs","16"
"Vehicles","property","C:\DoAnTotNghiep\V-Shield-2.0\API\API\API\Models\VehicleType.cs","19"
"API.Models","namespace","C:\DoAnTotNghiep\V-Shield-2.0\API\API\API\Models\VisitorDetail.cs","4"
"VisitorDetail","class","C:\DoAnTotNghiep\V-Shield-2.0\API\API\API\Models\VisitorDetail.cs","7"
"VisitorDetailId","property","C:\DoAnTotNghiep\V-Shield-2.0\API\API\API\Models\VisitorDetail.cs","10"
"RegistrationId","property","C:\DoAnTotNghiep\V-Shield-2.0\API\API\API\Models\VisitorDetail.cs","12"
"FullName","property","C:\DoAnTotNghiep\V-Shield-2.0\API\API\API\Models\VisitorDetail.cs","16"
"IdCardNumber","property","C:\DoAnTotNghiep\V-Shield-2.0\API\API\API\Models\VisitorDetail.cs","19"
"ExpectedFaceImage","property","C:\DoAnTotNghiep\V-Shield-2.0\API\API\API\Models\VisitorDetail.cs","20"
"Registration","property","C:\DoAnTotNghiep\V-Shield-2.0\API\API\API\Models\VisitorDetail.cs","24"
"QrSecret","property","C:\DoAnTotNghiep\V-Shield-2.0\API\API\API\Models\VisitorDetail.cs","26"
"QrPayload","property","C:\DoAnTotNghiep\V-Shield-2.0\API\API\API\Models\VisitorDetail.cs","27"
"QrIssuedAt","property","C:\DoAnTotNghiep\V-Shield-2.0\API\API\API\Models\VisitorDetail.cs","28"
"IsQrActive","property","C:\DoAnTotNghiep\V-Shield-2.0\API\API\API\Models\VisitorDetail.cs","29"
"iisSettings","json-key","C:\DoAnTotNghiep\V-Shield-2.0\API\API\API\Properties\launchSettings.json","3"
"windowsAuthentication","json-key","C:\DoAnTotNghiep\V-Shield-2.0\API\API\API\Properties\launchSettings.json","4"
"anonymousAuthentication","json-key","C:\DoAnTotNghiep\V-Shield-2.0\API\API\API\Properties\launchSettings.json","5"
"iisExpress","json-key","C:\DoAnTotNghiep\V-Shield-2.0\API\API\API\Properties\launchSettings.json","6"
"applicationUrl","json-key","C:\DoAnTotNghiep\V-Shield-2.0\API\API\API\Properties\launchSettings.json","7"
"sslPort","json-key","C:\DoAnTotNghiep\V-Shield-2.0\API\API\API\Properties\launchSettings.json","8"
"profiles","json-key","C:\DoAnTotNghiep\V-Shield-2.0\API\API\API\Properties\launchSettings.json","11"
"http","json-key","C:\DoAnTotNghiep\V-Shield-2.0\API\API\API\Properties\launchSettings.json","12"
"commandName","json-key","C:\DoAnTotNghiep\V-Shield-2.0\API\API\API\Properties\launchSettings.json","13"
"dotnetRunMessages","json-key","C:\DoAnTotNghiep\V-Shield-2.0\API\API\API\Properties\launchSettings.json","14"
"launchBrowser","json-key","C:\DoAnTotNghiep\V-Shield-2.0\API\API\API\Properties\launchSettings.json","15"
"launchUrl","json-key","C:\DoAnTotNghiep\V-Shield-2.0\API\API\API\Properties\launchSettings.json","16"
"applicationUrl","json-key","C:\DoAnTotNghiep\V-Shield-2.0\API\API\API\Properties\launchSettings.json","17"
"environmentVariables","json-key","C:\DoAnTotNghiep\V-Shield-2.0\API\API\API\Properties\launchSettings.json","18"
"ASPNETCORE_ENVIRONMENT","json-key","C:\DoAnTotNghiep\V-Shield-2.0\API\API\API\Properties\launchSettings.json","19"
"https","json-key","C:\DoAnTotNghiep\V-Shield-2.0\API\API\API\Properties\launchSettings.json","22"
"commandName","json-key","C:\DoAnTotNghiep\V-Shield-2.0\API\API\API\Properties\launchSettings.json","23"
"dotnetRunMessages","json-key","C:\DoAnTotNghiep\V-Shield-2.0\API\API\API\Properties\launchSettings.json","24"
"launchBrowser","json-key","C:\DoAnTotNghiep\V-Shield-2.0\API\API\API\Properties\launchSettings.json","25"
"launchUrl","json-key","C:\DoAnTotNghiep\V-Shield-2.0\API\API\API\Properties\launchSettings.json","26"
"applicationUrl","json-key","C:\DoAnTotNghiep\V-Shield-2.0\API\API\API\Properties\launchSettings.json","27"
"environmentVariables","json-key","C:\DoAnTotNghiep\V-Shield-2.0\API\API\API\Properties\launchSettings.json","28"
"ASPNETCORE_ENVIRONMENT","json-key","C:\DoAnTotNghiep\V-Shield-2.0\API\API\API\Properties\launchSettings.json","29"
"commandName","json-key","C:\DoAnTotNghiep\V-Shield-2.0\API\API\API\Properties\launchSettings.json","33"
"launchBrowser","json-key","C:\DoAnTotNghiep\V-Shield-2.0\API\API\API\Properties\launchSettings.json","34"
"launchUrl","json-key","C:\DoAnTotNghiep\V-Shield-2.0\API\API\API\Properties\launchSettings.json","35"
"environmentVariables","json-key","C:\DoAnTotNghiep\V-Shield-2.0\API\API\API\Properties\launchSettings.json","36"
"ASPNETCORE_ENVIRONMENT","json-key","C:\DoAnTotNghiep\V-Shield-2.0\API\API\API\Properties\launchSettings.json","37"
"API.Services","namespace","C:\DoAnTotNghiep\V-Shield-2.0\API\API\API\Services\AuthService.cs","9"
"AuthService","class","C:\DoAnTotNghiep\V-Shield-2.0\API\API\API\Services\AuthService.cs","11"
"LoginAsync","method","C:\DoAnTotNghiep\V-Shield-2.0\API\API\API\Services\AuthService.cs","22"
"NormalizeUsername","method","C:\DoAnTotNghiep\V-Shield-2.0\API\API\API\Services\AuthService.cs","78"
"API.Services","namespace","C:\DoAnTotNghiep\V-Shield-2.0\API\API\API\Services\IAuthService.cs","3"
"IAuthService","interface","C:\DoAnTotNghiep\V-Shield-2.0\API\API\API\Services\IAuthService.cs","5"
"API.Services","namespace","C:\DoAnTotNghiep\V-Shield-2.0\API\API\API\Services\LanCameraDiscoveryService.cs","9"
"ILanCameraDiscoveryService","interface","C:\DoAnTotNghiep\V-Shield-2.0\API\API\API\Services\LanCameraDiscoveryService.cs","11"
"new","method","C:\DoAnTotNghiep\V-Shield-2.0\API\API\API\Services\LanCameraDiscoveryService.cs","19"
"DiscoverIpWebcamsAsync","method","C:\DoAnTotNghiep\V-Shield-2.0\API\API\API\Services\LanCameraDiscoveryService.cs","34"
"GetPrivateLocalIps","method","C:\DoAnTotNghiep\V-Shield-2.0\API\API\API\Services\LanCameraDiscoveryService.cs","102"
"LooksLikeHotspotInterface","method","C:\DoAnTotNghiep\V-Shield-2.0\API\API\API\Services\LanCameraDiscoveryService.cs","145"
"IsPrivateIpv4","method","C:\DoAnTotNghiep\V-Shield-2.0\API\API\API\Services\LanCameraDiscoveryService.cs","154"
"ToSubnetPrefix","method","C:\DoAnTotNghiep\V-Shield-2.0\API\API\API\Services\LanCameraDiscoveryService.cs","169"
"LooksLikeIpCameraLite","method","C:\DoAnTotNghiep\V-Shield-2.0\API\API\API\Services\LanCameraDiscoveryService.cs","175"
"BuildDisplayName","method","C:\DoAnTotNghiep\V-Shield-2.0\API\API\API\Services\LanCameraDiscoveryService.cs","184"
"ExtractTitle","method","C:\DoAnTotNghiep\V-Shield-2.0\API\API\API\Services\LanCameraDiscoveryService.cs","206"
"LooksLikeIpWebcam","method","C:\DoAnTotNghiep\V-Shield-2.0\API\API\API\Services\LanCameraDiscoveryService.cs","217"
"LooksLikeSupportedLanCamera","method","C:\DoAnTotNghiep\V-Shield-2.0\API\API\API\Services\LanCameraDiscoveryService.cs","225"
"LooksLikePreviewContentType","method","C:\DoAnTotNghiep\V-Shield-2.0\API\API\API\Services\LanCameraDiscoveryService.cs","230"
"BuildRtspUrls","method","C:\DoAnTotNghiep\V-Shield-2.0\API\API\API\Services\LanCameraDiscoveryService.cs","242"
"BuildCandidate","method","C:\DoAnTotNghiep\V-Shield-2.0\API\API\API\Services\LanCameraDiscoveryService.cs","286"
"BuildPreviewCandidate","method","C:\DoAnTotNghiep\V-Shield-2.0\API\API\API\Services\LanCameraDiscoveryService.cs","302"
"CanOpenPortAsync","method","C:\DoAnTotNghiep\V-Shield-2.0\API\API\API\Services\LanCameraDiscoveryService.cs","320"
"ReadBodySnippetAsync","method","C:\DoAnTotNghiep\V-Shield-2.0\API\API\API\Services\LanCameraDiscoveryService.cs","337"
"ProbePreviewEndpointAsync","method","C:\DoAnTotNghiep\V-Shield-2.0\API\API\API\Services\LanCameraDiscoveryService.cs","346"
"ProbeIpWebcamAsync","method","C:\DoAnTotNghiep\V-Shield-2.0\API\API\API\Services\LanCameraDiscoveryService.cs","371"
"Name","property","C:\DoAnTotNghiep\V-Shield-2.0\API\API\API\Services\LanCameraDiscoveryService.cs","423"
"IpAddress","property","C:\DoAnTotNghiep\V-Shield-2.0\API\API\API\Services\LanCameraDiscoveryService.cs","424"
"Port","property","C:\DoAnTotNghiep\V-Shield-2.0\API\API\API\Services\LanCameraDiscoveryService.cs","425"
"BaseUrl","property","C:\DoAnTotNghiep\V-Shield-2.0\API\API\API\Services\LanCameraDiscoveryService.cs","426"
"PreviewUrl","property","C:\DoAnTotNghiep\V-Shield-2.0\API\API\API\Services\LanCameraDiscoveryService.cs","427"
"SnapshotUrl","property","C:\DoAnTotNghiep\V-Shield-2.0\API\API\API\Services\LanCameraDiscoveryService.cs","428"
"RtspUrls","property","C:\DoAnTotNghiep\V-Shield-2.0\API\API\API\Services\LanCameraDiscoveryService.cs","429"
"API.Services","namespace","C:\DoAnTotNghiep\V-Shield-2.0\API\API\API\Services\RuntimeAutoStartHostedService.cs","1"
"StartAsync","method","C:\DoAnTotNghiep\V-Shield-2.0\API\API\API\Services\RuntimeAutoStartHostedService.cs","14"
"StopAsync","method","C:\DoAnTotNghiep\V-Shield-2.0\API\API\API\Services\RuntimeAutoStartHostedService.cs","27"
"API.Services","namespace","C:\DoAnTotNghiep\V-Shield-2.0\API\API\API\Services\RuntimeOrchestrator.cs","4"
"new","method","C:\DoAnTotNghiep\V-Shield-2.0\API\API\API\Services\RuntimeOrchestrator.cs","11"
"GetServices","method","C:\DoAnTotNghiep\V-Shield-2.0\API\API\API\Services\RuntimeOrchestrator.cs","19"
"GetService","method","C:\DoAnTotNghiep\V-Shield-2.0\API\API\API\Services\RuntimeOrchestrator.cs","25"
"UpdateConfig","method","C:\DoAnTotNghiep\V-Shield-2.0\API\API\API\Services\RuntimeOrchestrator.cs","31"
"EnsureAutoStartAsync","method","C:\DoAnTotNghiep\V-Shield-2.0\API\API\API\Services\RuntimeOrchestrator.cs","44"
"StartAsync","method","C:\DoAnTotNghiep\V-Shield-2.0\API\API\API\Services\RuntimeOrchestrator.cs","53"
"StopAsync","method","C:\DoAnTotNghiep\V-Shield-2.0\API\API\API\Services\RuntimeOrchestrator.cs","78"
"ToState","method","C:\DoAnTotNghiep\V-Shield-2.0\API\API\API\Services\RuntimeOrchestrator.cs","99"
"LoadConfigs","method","C:\DoAnTotNghiep\V-Shield-2.0\API\API\API\Services\RuntimeOrchestrator.cs","123"
"SaveConfigs","method","C:\DoAnTotNghiep\V-Shield-2.0\API\API\API\Services\RuntimeOrchestrator.cs","157"
"GetConfigFilePath","method","C:\DoAnTotNghiep\V-Shield-2.0\API\API\API\Services\RuntimeOrchestrator.cs","174"
"GetDefaultConfigs","method","C:\DoAnTotNghiep\V-Shield-2.0\API\API\API\Services\RuntimeOrchestrator.cs","177"
"StartGo2Rtc","method","C:\DoAnTotNghiep\V-Shield-2.0\API\API\API\Services\RuntimeOrchestrator.cs","187"
"StartCloudflared","method","C:\DoAnTotNghiep\V-Shield-2.0\API\API\API\Services\RuntimeOrchestrator.cs","205"
"StartPythonScript","method","C:\DoAnTotNghiep\V-Shield-2.0\API\API\API\Services\RuntimeOrchestrator.cs","224"
"StopPythonCamGiaLap","method","C:\DoAnTotNghiep\V-Shield-2.0\API\API\API\Services\RuntimeOrchestrator.cs","252"
"StopPythonScript","method","C:\DoAnTotNghiep\V-Shield-2.0\API\API\API\Services\RuntimeOrchestrator.cs","267"
"KillProcesses","method","C:\DoAnTotNghiep\V-Shield-2.0\API\API\API\Services\RuntimeOrchestrator.cs","284"
"IsProcessRunning","method","C:\DoAnTotNghiep\V-Shield-2.0\API\API\API\Services\RuntimeOrchestrator.cs","293"
"IsPythonScriptRunning","method","C:\DoAnTotNghiep\V-Shield-2.0\API\API\API\Services\RuntimeOrchestrator.cs","296"
"Name","property","C:\DoAnTotNghiep\V-Shield-2.0\API\API\API\Services\RuntimeOrchestrator.cs","335"
"DisplayName","property","C:\DoAnTotNghiep\V-Shield-2.0\API\API\API\Services\RuntimeOrchestrator.cs","336"
"Enabled","property","C:\DoAnTotNghiep\V-Shield-2.0\API\API\API\Services\RuntimeOrchestrator.cs","337"
"AutoStart","property","C:\DoAnTotNghiep\V-Shield-2.0\API\API\API\Services\RuntimeOrchestrator.cs","338"
"ManagedMode","property","C:\DoAnTotNghiep\V-Shield-2.0\API\API\API\Services\RuntimeOrchestrator.cs","339"
"UpdatedAt","property","C:\DoAnTotNghiep\V-Shield-2.0\API\API\API\Services\RuntimeOrchestrator.cs","340"
"Name","property","C:\DoAnTotNghiep\V-Shield-2.0\API\API\API\Services\RuntimeOrchestrator.cs","345"
"DisplayName","property","C:\DoAnTotNghiep\V-Shield-2.0\API\API\API\Services\RuntimeOrchestrator.cs","346"
"Enabled","property","C:\DoAnTotNghiep\V-Shield-2.0\API\API\API\Services\RuntimeOrchestrator.cs","347"
"AutoStart","property","C:\DoAnTotNghiep\V-Shield-2.0\API\API\API\Services\RuntimeOrchestrator.cs","348"
"ManagedMode","property","C:\DoAnTotNghiep\V-Shield-2.0\API\API\API\Services\RuntimeOrchestrator.cs","349"
"Running","property","C:\DoAnTotNghiep\V-Shield-2.0\API\API\API\Services\RuntimeOrchestrator.cs","350"
"UpdatedAt","property","C:\DoAnTotNghiep\V-Shield-2.0\API\API\API\Services\RuntimeOrchestrator.cs","351"
"Success","property","C:\DoAnTotNghiep\V-Shield-2.0\API\API\API\Services\RuntimeOrchestrator.cs","356"
"Message","property","C:\DoAnTotNghiep\V-Shield-2.0\API\API\API\Services\RuntimeOrchestrator.cs","357"
"new","method","C:\DoAnTotNghiep\V-Shield-2.0\API\API\API\Services\RuntimeOrchestrator.cs","359"
"new","method","C:\DoAnTotNghiep\V-Shield-2.0\API\API\API\Services\RuntimeOrchestrator.cs","360"
"API.Services","namespace","C:\DoAnTotNghiep\V-Shield-2.0\API\API\API\Services\StaticVisitorQrService.cs","4"
"GenerateSecret","method","C:\DoAnTotNghiep\V-Shield-2.0\API\API\API\Services\StaticVisitorQrService.cs","10"
"GenerateOtp","method","C:\DoAnTotNghiep\V-Shield-2.0\API\API\API\Services\StaticVisitorQrService.cs","17"
"BuildPayload","method","C:\DoAnTotNghiep\V-Shield-2.0\API\API\API\Services\StaticVisitorQrService.cs","36"
"TryParsePayload","method","C:\DoAnTotNghiep\V-Shield-2.0\API\API\API\Services\StaticVisitorQrService.cs","41"
"FixedTimeEquals","method","C:\DoAnTotNghiep\V-Shield-2.0\API\API\API\Services\StaticVisitorQrService.cs","118"
"Base32Encode","method","C:\DoAnTotNghiep\V-Shield-2.0\API\API\API\Services\StaticVisitorQrService.cs","130"
"Base32Decode","method","C:\DoAnTotNghiep\V-Shield-2.0\API\API\API\Services\StaticVisitorQrService.cs","168"
"VisitorQrParsedPayload","method","C:\DoAnTotNghiep\V-Shield-2.0\API\API\API\Services\StaticVisitorQrService.cs","199"
"API.Services","namespace","C:\DoAnTotNghiep\V-Shield-2.0\API\API\API\Services\VehicleService.cs","6"
"IVehicleService","interface","C:\DoAnTotNghiep\V-Shield-2.0\API\API\API\Services\VehicleService.cs","9"
"VehicleService","class","C:\DoAnTotNghiep\V-Shield-2.0\API\API\API\Services\VehicleService.cs","22"
"GetVehicleTypesAsync","method","C:\DoAnTotNghiep\V-Shield-2.0\API\API\API\Services\VehicleService.cs","31"
"GetAllAsync","method","C:\DoAnTotNghiep\V-Shield-2.0\API\API\API\Services\VehicleService.cs","47"
"GetByIdAsync","method","C:\DoAnTotNghiep\V-Shield-2.0\API\API\API\Services\VehicleService.cs","57"
"GetByEmployeeIdAsync","method","C:\DoAnTotNghiep\V-Shield-2.0\API\API\API\Services\VehicleService.cs","68"
"GetByLicensePlateAsync","method","C:\DoAnTotNghiep\V-Shield-2.0\API\API\API\Services\VehicleService.cs","79"
"CreateAsync","method","C:\DoAnTotNghiep\V-Shield-2.0\API\API\API\Services\VehicleService.cs","90"
"UpdateAsync","method","C:\DoAnTotNghiep\V-Shield-2.0\API\API\API\Services\VehicleService.cs","134"
"DeleteAsync","method","C:\DoAnTotNghiep\V-Shield-2.0\API\API\API\Services\VehicleService.cs","191"
"EnsureDefaultVehicleTypesAsync","method","C:\DoAnTotNghiep\V-Shield-2.0\API\API\API\Services\VehicleService.cs","201"
"MapToDto","method","C:\DoAnTotNghiep\V-Shield-2.0\API\API\API\Services\VehicleService.cs","223"
"app","html-id","C:\DoAnTotNghiep\V-Shield-2.0\View\index.html","11"
"name","json-key","C:\DoAnTotNghiep\V-Shield-2.0\View\package-lock.json","2"
"version","json-key","C:\DoAnTotNghiep\V-Shield-2.0\View\package-lock.json","3"
"lockfileVersion","json-key","C:\DoAnTotNghiep\V-Shield-2.0\View\package-lock.json","4"
"requires","json-key","C:\DoAnTotNghiep\V-Shield-2.0\View\package-lock.json","5"
"packages","json-key","C:\DoAnTotNghiep\V-Shield-2.0\View\package-lock.json","6"
"name","json-key","C:\DoAnTotNghiep\V-Shield-2.0\View\package-lock.json","8"
"version","json-key","C:\DoAnTotNghiep\V-Shield-2.0\View\package-lock.json","9"
"dependencies","json-key","C:\DoAnTotNghiep\V-Shield-2.0\View\package-lock.json","10"
"axios","json-key","C:\DoAnTotNghiep\V-Shield-2.0\View\package-lock.json","12"
"jsqr","json-key","C:\DoAnTotNghiep\V-Shield-2.0\View\package-lock.json","14"
"qrcode","json-key","C:\DoAnTotNghiep\V-Shield-2.0\View\package-lock.json","15"
"vue","json-key","C:\DoAnTotNghiep\V-Shield-2.0\View\package-lock.json","16"
"devDependencies","json-key","C:\DoAnTotNghiep\V-Shield-2.0\View\package-lock.json","19"
"autoprefixer","json-key","C:\DoAnTotNghiep\V-Shield-2.0\View\package-lock.json","21"
"postcss","json-key","C:\DoAnTotNghiep\V-Shield-2.0\View\package-lock.json","22"
"tailwindcss","json-key","C:\DoAnTotNghiep\V-Shield-2.0\View\package-lock.json","23"
"vite","json-key","C:\DoAnTotNghiep\V-Shield-2.0\View\package-lock.json","24"
"version","json-key","C:\DoAnTotNghiep\V-Shield-2.0\View\package-lock.json","28"
"resolved","json-key","C:\DoAnTotNghiep\V-Shield-2.0\View\package-lock.json","29"
"integrity","json-key","C:\DoAnTotNghiep\V-Shield-2.0\View\package-lock.json","30"
"dev","json-key","C:\DoAnTotNghiep\V-Shield-2.0\View\package-lock.json","31"
"license","json-key","C:\DoAnTotNghiep\V-Shield-2.0\View\package-lock.json","32"
"engines","json-key","C:\DoAnTotNghiep\V-Shield-2.0\View\package-lock.json","33"
"node","json-key","C:\DoAnTotNghiep\V-Shield-2.0\View\package-lock.json","34"
"funding","json-key","C:\DoAnTotNghiep\V-Shield-2.0\View\package-lock.json","36"
"url","json-key","C:\DoAnTotNghiep\V-Shield-2.0\View\package-lock.json","37"
"version","json-key","C:\DoAnTotNghiep\V-Shield-2.0\View\package-lock.json","41"
"resolved","json-key","C:\DoAnTotNghiep\V-Shield-2.0\View\package-lock.json","42"
"integrity","json-key","C:\DoAnTotNghiep\V-Shield-2.0\View\package-lock.json","43"
"license","json-key","C:\DoAnTotNghiep\V-Shield-2.0\View\package-lock.json","44"
"engines","json-key","C:\DoAnTotNghiep\V-Shield-2.0\View\package-lock.json","45"
"node","json-key","C:\DoAnTotNghiep\V-Shield-2.0\View\package-lock.json","46"
"version","json-key","C:\DoAnTotNghiep\V-Shield-2.0\View\package-lock.json","50"
"resolved","json-key","C:\DoAnTotNghiep\V-Shield-2.0\View\package-lock.json","51"
"integrity","json-key","C:\DoAnTotNghiep\V-Shield-2.0\View\package-lock.json","52"
"license","json-key","C:\DoAnTotNghiep\V-Shield-2.0\View\package-lock.json","53"
"engines","json-key","C:\DoAnTotNghiep\V-Shield-2.0\View\package-lock.json","54"
"node","json-key","C:\DoAnTotNghiep\V-Shield-2.0\View\package-lock.json","55"
"version","json-key","C:\DoAnTotNghiep\V-Shield-2.0\View\package-lock.json","59"
"resolved","json-key","C:\DoAnTotNghiep\V-Shield-2.0\View\package-lock.json","60"
"integrity","json-key","C:\DoAnTotNghiep\V-Shield-2.0\View\package-lock.json","61"
"license","json-key","C:\DoAnTotNghiep\V-Shield-2.0\View\package-lock.json","62"
"dependencies","json-key","C:\DoAnTotNghiep\V-Shield-2.0\View\package-lock.json","63"
"bin","json-key","C:\DoAnTotNghiep\V-Shield-2.0\View\package-lock.json","66"
"parser","json-key","C:\DoAnTotNghiep\V-Shield-2.0\View\package-lock.json","67"
"engines","json-key","C:\DoAnTotNghiep\V-Shield-2.0\View\package-lock.json","69"
"node","json-key","C:\DoAnTotNghiep\V-Shield-2.0\View\package-lock.json","70"
"version","json-key","C:\DoAnTotNghiep\V-Shield-2.0\View\package-lock.json","74"
"resolved","json-key","C:\DoAnTotNghiep\V-Shield-2.0\View\package-lock.json","75"
"integrity","json-key","C:\DoAnTotNghiep\V-Shield-2.0\View\package-lock.json","76"
"license","json-key","C:\DoAnTotNghiep\V-Shield-2.0\View\package-lock.json","77"
"dependencies","json-key","C:\DoAnTotNghiep\V-Shield-2.0\View\package-lock.json","78"
"engines","json-key","C:\DoAnTotNghiep\V-Shield-2.0\View\package-lock.json","82"
"node","json-key","C:\DoAnTotNghiep\V-Shield-2.0\View\package-lock.json","83"
"version","json-key","C:\DoAnTotNghiep\V-Shield-2.0\View\package-lock.json","87"
"resolved","json-key","C:\DoAnTotNghiep\V-Shield-2.0\View\package-lock.json","88"
"integrity","json-key","C:\DoAnTotNghiep\V-Shield-2.0\View\package-lock.json","89"
"cpu","json-key","C:\DoAnTotNghiep\V-Shield-2.0\View\package-lock.json","90"
"dev","json-key","C:\DoAnTotNghiep\V-Shield-2.0\View\package-lock.json","93"
"license","json-key","C:\DoAnTotNghiep\V-Shield-2.0\View\package-lock.json","94"
"optional","json-key","C:\DoAnTotNghiep\V-Shield-2.0\View\package-lock.json","95"
"os","json-key","C:\DoAnTotNghiep\V-Shield-2.0\View\package-lock.json","96"
"engines","json-key","C:\DoAnTotNghiep\V-Shield-2.0\View\package-lock.json","99"
"node","json-key","C:\DoAnTotNghiep\V-Shield-2.0\View\package-lock.json","100"
"version","json-key","C:\DoAnTotNghiep\V-Shield-2.0\View\package-lock.json","104"
"resolved","json-key","C:\DoAnTotNghiep\V-Shield-2.0\View\package-lock.json","105"
"integrity","json-key","C:\DoAnTotNghiep\V-Shield-2.0\View\package-lock.json","106"
"cpu","json-key","C:\DoAnTotNghiep\V-Shield-2.0\View\package-lock.json","107"
"dev","json-key","C:\DoAnTotNghiep\V-Shield-2.0\View\package-lock.json","110"
"license","json-key","C:\DoAnTotNghiep\V-Shield-2.0\View\package-lock.json","111"
"optional","json-key","C:\DoAnTotNghiep\V-Shield-2.0\View\package-lock.json","112"
"os","json-key","C:\DoAnTotNghiep\V-Shield-2.0\View\package-lock.json","113"
"engines","json-key","C:\DoAnTotNghiep\V-Shield-2.0\View\package-lock.json","116"
"node","json-key","C:\DoAnTotNghiep\V-Shield-2.0\View\package-lock.json","117"
"version","json-key","C:\DoAnTotNghiep\V-Shield-2.0\View\package-lock.json","121"
"resolved","json-key","C:\DoAnTotNghiep\V-Shield-2.0\View\package-lock.json","122"
"integrity","json-key","C:\DoAnTotNghiep\V-Shield-2.0\View\package-lock.json","123"
"cpu","json-key","C:\DoAnTotNghiep\V-Shield-2.0\View\package-lock.json","124"
"dev","json-key","C:\DoAnTotNghiep\V-Shield-2.0\View\package-lock.json","127"
"license","json-key","C:\DoAnTotNghiep\V-Shield-2.0\View\package-lock.json","128"
"optional","json-key","C:\DoAnTotNghiep\V-Shield-2.0\View\package-lock.json","129"
"os","json-key","C:\DoAnTotNghiep\V-Shield-2.0\View\package-lock.json","130"
"engines","json-key","C:\DoAnTotNghiep\V-Shield-2.0\View\package-lock.json","133"
"node","json-key","C:\DoAnTotNghiep\V-Shield-2.0\View\package-lock.json","134"
"version","json-key","C:\DoAnTotNghiep\V-Shield-2.0\View\package-lock.json","138"
"resolved","json-key","C:\DoAnTotNghiep\V-Shield-2.0\View\package-lock.json","139"
"integrity","json-key","C:\DoAnTotNghiep\V-Shield-2.0\View\package-lock.json","140"
"cpu","json-key","C:\DoAnTotNghiep\V-Shield-2.0\View\package-lock.json","141"
"dev","json-key","C:\DoAnTotNghiep\V-Shield-2.0\View\package-lock.json","144"
"license","json-key","C:\DoAnTotNghiep\V-Shield-2.0\View\package-lock.json","145"
"optional","json-key","C:\DoAnTotNghiep\V-Shield-2.0\View\package-lock.json","146"
"os","json-key","C:\DoAnTotNghiep\V-Shield-2.0\View\package-lock.json","147"
"engines","json-key","C:\DoAnTotNghiep\V-Shield-2.0\View\package-lock.json","150"
"node","json-key","C:\DoAnTotNghiep\V-Shield-2.0\View\package-lock.json","151"
"version","json-key","C:\DoAnTotNghiep\V-Shield-2.0\View\package-lock.json","155"
"resolved","json-key","C:\DoAnTotNghiep\V-Shield-2.0\View\package-lock.json","156"
"integrity","json-key","C:\DoAnTotNghiep\V-Shield-2.0\View\package-lock.json","157"
"cpu","json-key","C:\DoAnTotNghiep\V-Shield-2.0\View\package-lock.json","158"
"dev","json-key","C:\DoAnTotNghiep\V-Shield-2.0\View\package-lock.json","161"
"license","json-key","C:\DoAnTotNghiep\V-Shield-2.0\View\package-lock.json","162"
"optional","json-key","C:\DoAnTotNghiep\V-Shield-2.0\View\package-lock.json","163"
"os","json-key","C:\DoAnTotNghiep\V-Shield-2.0\View\package-lock.json","164"
"engines","json-key","C:\DoAnTotNghiep\V-Shield-2.0\View\package-lock.json","167"
"node","json-key","C:\DoAnTotNghiep\V-Shield-2.0\View\package-lock.json","168"
"version","json-key","C:\DoAnTotNghiep\V-Shield-2.0\View\package-lock.json","172"
"resolved","json-key","C:\DoAnTotNghiep\V-Shield-2.0\View\package-lock.json","173"
"integrity","json-key","C:\DoAnTotNghiep\V-Shield-2.0\View\package-lock.json","174"
"cpu","json-key","C:\DoAnTotNghiep\V-Shield-2.0\View\package-lock.json","175"
"dev","json-key","C:\DoAnTotNghiep\V-Shield-2.0\View\package-lock.json","178"
"license","json-key","C:\DoAnTotNghiep\V-Shield-2.0\View\package-lock.json","179"
"optional","json-key","C:\DoAnTotNghiep\V-Shield-2.0\View\package-lock.json","180"
"os","json-key","C:\DoAnTotNghiep\V-Shield-2.0\View\package-lock.json","181"
"engines","json-key","C:\DoAnTotNghiep\V-Shield-2.0\View\package-lock.json","184"
"node","json-key","C:\DoAnTotNghiep\V-Shield-2.0\View\package-lock.json","185"
"version","json-key","C:\DoAnTotNghiep\V-Shield-2.0\View\package-lock.json","189"
"resolved","json-key","C:\DoAnTotNghiep\V-Shield-2.0\View\package-lock.json","190"
"integrity","json-key","C:\DoAnTotNghiep\V-Shield-2.0\View\package-lock.json","191"
"cpu","json-key","C:\DoAnTotNghiep\V-Shield-2.0\View\package-lock.json","192"
"dev","json-key","C:\DoAnTotNghiep\V-Shield-2.0\View\package-lock.json","195"
"license","json-key","C:\DoAnTotNghiep\V-Shield-2.0\View\package-lock.json","196"
"optional","json-key","C:\DoAnTotNghiep\V-Shield-2.0\View\package-lock.json","197"
"os","json-key","C:\DoAnTotNghiep\V-Shield-2.0\View\package-lock.json","198"
"engines","json-key","C:\DoAnTotNghiep\V-Shield-2.0\View\package-lock.json","201"
"node","json-key","C:\DoAnTotNghiep\V-Shield-2.0\View\package-lock.json","202"
"version","json-key","C:\DoAnTotNghiep\V-Shield-2.0\View\package-lock.json","206"
"resolved","json-key","C:\DoAnTotNghiep\V-Shield-2.0\View\package-lock.json","207"
"integrity","json-key","C:\DoAnTotNghiep\V-Shield-2.0\View\package-lock.json","208"
"cpu","json-key","C:\DoAnTotNghiep\V-Shield-2.0\View\package-lock.json","209"
"dev","json-key","C:\DoAnTotNghiep\V-Shield-2.0\View\package-lock.json","212"
"license","json-key","C:\DoAnTotNghiep\V-Shield-2.0\View\package-lock.json","213"
"optional","json-key","C:\DoAnTotNghiep\V-Shield-2.0\View\package-lock.json","214"
"os","json-key","C:\DoAnTotNghiep\V-Shield-2.0\View\package-lock.json","215"
"engines","json-key","C:\DoAnTotNghiep\V-Shield-2.0\View\package-lock.json","218"
"node","json-key","C:\DoAnTotNghiep\V-Shield-2.0\View\package-lock.json","219"
"version","json-key","C:\DoAnTotNghiep\V-Shield-2.0\View\package-lock.json","223"
"resolved","json-key","C:\DoAnTotNghiep\V-Shield-2.0\View\package-lock.json","224"
"integrity","json-key","C:\DoAnTotNghiep\V-Shield-2.0\View\package-lock.json","225"
"cpu","json-key","C:\DoAnTotNghiep\V-Shield-2.0\View\package-lock.json","226"
"dev","json-key","C:\DoAnTotNghiep\V-Shield-2.0\View\package-lock.json","229"
"license","json-key","C:\DoAnTotNghiep\V-Shield-2.0\View\package-lock.json","230"
"optional","json-key","C:\DoAnTotNghiep\V-Shield-2.0\View\package-lock.json","231"
"os","json-key","C:\DoAnTotNghiep\V-Shield-2.0\View\package-lock.json","232"
"engines","json-key","C:\DoAnTotNghiep\V-Shield-2.0\View\package-lock.json","235"
"node","json-key","C:\DoAnTotNghiep\V-Shield-2.0\View\package-lock.json","236"
"version","json-key","C:\DoAnTotNghiep\V-Shield-2.0\View\package-lock.json","240"
"resolved","json-key","C:\DoAnTotNghiep\V-Shield-2.0\View\package-lock.json","241"
"integrity","json-key","C:\DoAnTotNghiep\V-Shield-2.0\View\package-lock.json","242"
"cpu","json-key","C:\DoAnTotNghiep\V-Shield-2.0\View\package-lock.json","243"
"dev","json-key","C:\DoAnTotNghiep\V-Shield-2.0\View\package-lock.json","246"
"license","json-key","C:\DoAnTotNghiep\V-Shield-2.0\View\package-lock.json","247"
"optional","json-key","C:\DoAnTotNghiep\V-Shield-2.0\View\package-lock.json","248"
"os","json-key","C:\DoAnTotNghiep\V-Shield-2.0\View\package-lock.json","249"
"engines","json-key","C:\DoAnTotNghiep\V-Shield-2.0\View\package-lock.json","252"
"node","json-key","C:\DoAnTotNghiep\V-Shield-2.0\View\package-lock.json","253"
"version","json-key","C:\DoAnTotNghiep\V-Shield-2.0\View\package-lock.json","257"
"resolved","json-key","C:\DoAnTotNghiep\V-Shield-2.0\View\package-lock.json","258"
"integrity","json-key","C:\DoAnTotNghiep\V-Shield-2.0\View\package-lock.json","259"
"cpu","json-key","C:\DoAnTotNghiep\V-Shield-2.0\View\package-lock.json","260"
"dev","json-key","C:\DoAnTotNghiep\V-Shield-2.0\View\package-lock.json","263"
"license","json-key","C:\DoAnTotNghiep\V-Shield-2.0\View\package-lock.json","264"
"optional","json-key","C:\DoAnTotNghiep\V-Shield-2.0\View\package-lock.json","265"
"os","json-key","C:\DoAnTotNghiep\V-Shield-2.0\View\package-lock.json","266"
"engines","json-key","C:\DoAnTotNghiep\V-Shield-2.0\View\package-lock.json","269"
"node","json-key","C:\DoAnTotNghiep\V-Shield-2.0\View\package-lock.json","270"
"version","json-key","C:\DoAnTotNghiep\V-Shield-2.0\View\package-lock.json","274"
"resolved","json-key","C:\DoAnTotNghiep\V-Shield-2.0\View\package-lock.json","275"
"integrity","json-key","C:\DoAnTotNghiep\V-Shield-2.0\View\package-lock.json","276"
"cpu","json-key","C:\DoAnTotNghiep\V-Shield-2.0\View\package-lock.json","277"
"dev","json-key","C:\DoAnTotNghiep\V-Shield-2.0\View\package-lock.json","280"
"license","json-key","C:\DoAnTotNghiep\V-Shield-2.0\View\package-lock.json","281"
"optional","json-key","C:\DoAnTotNghiep\V-Shield-2.0\View\package-lock.json","282"
"os","json-key","C:\DoAnTotNghiep\V-Shield-2.0\View\package-lock.json","283"
"engines","json-key","C:\DoAnTotNghiep\V-Shield-2.0\View\package-lock.json","286"
"node","json-key","C:\DoAnTotNghiep\V-Shield-2.0\View\package-lock.json","287"
"version","json-key","C:\DoAnTotNghiep\V-Shield-2.0\View\package-lock.json","291"
"resolved","json-key","C:\DoAnTotNghiep\V-Shield-2.0\View\package-lock.json","292"
"integrity","json-key","C:\DoAnTotNghiep\V-Shield-2.0\View\package-lock.json","293"
"cpu","json-key","C:\DoAnTotNghiep\V-Shield-2.0\View\package-lock.json","294"
"dev","json-key","C:\DoAnTotNghiep\V-Shield-2.0\View\package-lock.json","297"
"license","json-key","C:\DoAnTotNghiep\V-Shield-2.0\View\package-lock.json","298"
"optional","json-key","C:\DoAnTotNghiep\V-Shield-2.0\View\package-lock.json","299"
"os","json-key","C:\DoAnTotNghiep\V-Shield-2.0\View\package-lock.json","300"
"engines","json-key","C:\DoAnTotNghiep\V-Shield-2.0\View\package-lock.json","303"
"node","json-key","C:\DoAnTotNghiep\V-Shield-2.0\View\package-lock.json","304"
"version","json-key","C:\DoAnTotNghiep\V-Shield-2.0\View\package-lock.json","308"
"resolved","json-key","C:\DoAnTotNghiep\V-Shield-2.0\View\package-lock.json","309"
"integrity","json-key","C:\DoAnTotNghiep\V-Shield-2.0\View\package-lock.json","310"
"cpu","json-key","C:\DoAnTotNghiep\V-Shield-2.0\View\package-lock.json","311"
"dev","json-key","C:\DoAnTotNghiep\V-Shield-2.0\View\package-lock.json","314"
"license","json-key","C:\DoAnTotNghiep\V-Shield-2.0\View\package-lock.json","315"
"optional","json-key","C:\DoAnTotNghiep\V-Shield-2.0\View\package-lock.json","316"
"os","json-key","C:\DoAnTotNghiep\V-Shield-2.0\View\package-lock.json","317"
"engines","json-key","C:\DoAnTotNghiep\V-Shield-2.0\View\package-lock.json","320"
"node","json-key","C:\DoAnTotNghiep\V-Shield-2.0\View\package-lock.json","321"
"version","json-key","C:\DoAnTotNghiep\V-Shield-2.0\View\package-lock.json","325"
"resolved","json-key","C:\DoAnTotNghiep\V-Shield-2.0\View\package-lock.json","326"
"integrity","json-key","C:\DoAnTotNghiep\V-Shield-2.0\View\package-lock.json","327"
"cpu","json-key","C:\DoAnTotNghiep\V-Shield-2.0\View\package-lock.json","328"
"dev","json-key","C:\DoAnTotNghiep\V-Shield-2.0\View\package-lock.json","331"
"license","json-key","C:\DoAnTotNghiep\V-Shield-2.0\View\package-lock.json","332"
"optional","json-key","C:\DoAnTotNghiep\V-Shield-2.0\View\package-lock.json","333"
"os","json-key","C:\DoAnTotNghiep\V-Shield-2.0\View\package-lock.json","334"
"engines","json-key","C:\DoAnTotNghiep\V-Shield-2.0\View\package-lock.json","337"
"node","json-key","C:\DoAnTotNghiep\V-Shield-2.0\View\package-lock.json","338"
"version","json-key","C:\DoAnTotNghiep\V-Shield-2.0\View\package-lock.json","342"
"resolved","json-key","C:\DoAnTotNghiep\V-Shield-2.0\View\package-lock.json","343"
"integrity","json-key","C:\DoAnTotNghiep\V-Shield-2.0\View\package-lock.json","344"
"cpu","json-key","C:\DoAnTotNghiep\V-Shield-2.0\View\package-lock.json","345"
"dev","json-key","C:\DoAnTotNghiep\V-Shield-2.0\View\package-lock.json","348"
"license","json-key","C:\DoAnTotNghiep\V-Shield-2.0\View\package-lock.json","349"
"optional","json-key","C:\DoAnTotNghiep\V-Shield-2.0\View\package-lock.json","350"
"os","json-key","C:\DoAnTotNghiep\V-Shield-2.0\View\package-lock.json","351"
"engines","json-key","C:\DoAnTotNghiep\V-Shield-2.0\View\package-lock.json","354"
"node","json-key","C:\DoAnTotNghiep\V-Shield-2.0\View\package-lock.json","355"
"version","json-key","C:\DoAnTotNghiep\V-Shield-2.0\View\package-lock.json","359"
"resolved","json-key","C:\DoAnTotNghiep\V-Shield-2.0\View\package-lock.json","360"
"integrity","json-key","C:\DoAnTotNghiep\V-Shield-2.0\View\package-lock.json","361"
"cpu","json-key","C:\DoAnTotNghiep\V-Shield-2.0\View\package-lock.json","362"
"dev","json-key","C:\DoAnTotNghiep\V-Shield-2.0\View\package-lock.json","365"
"license","json-key","C:\DoAnTotNghiep\V-Shield-2.0\View\package-lock.json","366"
"optional","json-key","C:\DoAnTotNghiep\V-Shield-2.0\View\package-lock.json","367"
"os","json-key","C:\DoAnTotNghiep\V-Shield-2.0\View\package-lock.json","368"
"engines","json-key","C:\DoAnTotNghiep\V-Shield-2.0\View\package-lock.json","371"
"node","json-key","C:\DoAnTotNghiep\V-Shield-2.0\View\package-lock.json","372"
"version","json-key","C:\DoAnTotNghiep\V-Shield-2.0\View\package-lock.json","376"
"resolved","json-key","C:\DoAnTotNghiep\V-Shield-2.0\View\package-lock.json","377"
"integrity","json-key","C:\DoAnTotNghiep\V-Shield-2.0\View\package-lock.json","378"
"cpu","json-key","C:\DoAnTotNghiep\V-Shield-2.0\View\package-lock.json","379"
"dev","json-key","C:\DoAnTotNghiep\V-Shield-2.0\View\package-lock.json","382"
"license","json-key","C:\DoAnTotNghiep\V-Shield-2.0\View\package-lock.json","383"
"optional","json-key","C:\DoAnTotNghiep\V-Shield-2.0\View\package-lock.json","384"
"os","json-key","C:\DoAnTotNghiep\V-Shield-2.0\View\package-lock.json","385"
"engines","json-key","C:\DoAnTotNghiep\V-Shield-2.0\View\package-lock.json","388"
"node","json-key","C:\DoAnTotNghiep\V-Shield-2.0\View\package-lock.json","389"
"version","json-key","C:\DoAnTotNghiep\V-Shield-2.0\View\package-lock.json","393"
"resolved","json-key","C:\DoAnTotNghiep\V-Shield-2.0\View\package-lock.json","394"
"integrity","json-key","C:\DoAnTotNghiep\V-Shield-2.0\View\package-lock.json","395"
"cpu","json-key","C:\DoAnTotNghiep\V-Shield-2.0\View\package-lock.json","396"
"dev","json-key","C:\DoAnTotNghiep\V-Shield-2.0\View\package-lock.json","399"
"license","json-key","C:\DoAnTotNghiep\V-Shield-2.0\View\package-lock.json","400"
"optional","json-key","C:\DoAnTotNghiep\V-Shield-2.0\View\package-lock.json","401"
"os","json-key","C:\DoAnTotNghiep\V-Shield-2.0\View\package-lock.json","402"
"engines","json-key","C:\DoAnTotNghiep\V-Shield-2.0\View\package-lock.json","405"
"node","json-key","C:\DoAnTotNghiep\V-Shield-2.0\View\package-lock.json","406"
"version","json-key","C:\DoAnTotNghiep\V-Shield-2.0\View\package-lock.json","410"
"resolved","json-key","C:\DoAnTotNghiep\V-Shield-2.0\View\package-lock.json","411"
"integrity","json-key","C:\DoAnTotNghiep\V-Shield-2.0\View\package-lock.json","412"
"cpu","json-key","C:\DoAnTotNghiep\V-Shield-2.0\View\package-lock.json","413"
"dev","json-key","C:\DoAnTotNghiep\V-Shield-2.0\View\package-lock.json","416"
"license","json-key","C:\DoAnTotNghiep\V-Shield-2.0\View\package-lock.json","417"
"optional","json-key","C:\DoAnTotNghiep\V-Shield-2.0\View\package-lock.json","418"
"os","json-key","C:\DoAnTotNghiep\V-Shield-2.0\View\package-lock.json","419"
"engines","json-key","C:\DoAnTotNghiep\V-Shield-2.0\View\package-lock.json","422"
"node","json-key","C:\DoAnTotNghiep\V-Shield-2.0\View\package-lock.json","423"
"version","json-key","C:\DoAnTotNghiep\V-Shield-2.0\View\package-lock.json","427"
"resolved","json-key","C:\DoAnTotNghiep\V-Shield-2.0\View\package-lock.json","428"
"integrity","json-key","C:\DoAnTotNghiep\V-Shield-2.0\View\package-lock.json","429"
"cpu","json-key","C:\DoAnTotNghiep\V-Shield-2.0\View\package-lock.json","430"
"dev","json-key","C:\DoAnTotNghiep\V-Shield-2.0\View\package-lock.json","433"
"license","json-key","C:\DoAnTotNghiep\V-Shield-2.0\View\package-lock.json","434"
"optional","json-key","C:\DoAnTotNghiep\V-Shield-2.0\View\package-lock.json","435"
"os","json-key","C:\DoAnTotNghiep\V-Shield-2.0\View\package-lock.json","436"
"engines","json-key","C:\DoAnTotNghiep\V-Shield-2.0\View\package-lock.json","439"
"node","json-key","C:\DoAnTotNghiep\V-Shield-2.0\View\package-lock.json","440"
"version","json-key","C:\DoAnTotNghiep\V-Shield-2.0\View\package-lock.json","444"
"resolved","json-key","C:\DoAnTotNghiep\V-Shield-2.0\View\package-lock.json","445"
"integrity","json-key","C:\DoAnTotNghiep\V-Shield-2.0\View\package-lock.json","446"
"cpu","json-key","C:\DoAnTotNghiep\V-Shield-2.0\View\package-lock.json","447"
"dev","json-key","C:\DoAnTotNghiep\V-Shield-2.0\View\package-lock.json","450"
"license","json-key","C:\DoAnTotNghiep\V-Shield-2.0\View\package-lock.json","451"
"optional","json-key","C:\DoAnTotNghiep\V-Shield-2.0\View\package-lock.json","452"
"os","json-key","C:\DoAnTotNghiep\V-Shield-2.0\View\package-lock.json","453"
"engines","json-key","C:\DoAnTotNghiep\V-Shield-2.0\View\package-lock.json","456"
"node","json-key","C:\DoAnTotNghiep\V-Shield-2.0\View\package-lock.json","457"
"version","json-key","C:\DoAnTotNghiep\V-Shield-2.0\View\package-lock.json","461"
"resolved","json-key","C:\DoAnTotNghiep\V-Shield-2.0\View\package-lock.json","462"
"integrity","json-key","C:\DoAnTotNghiep\V-Shield-2.0\View\package-lock.json","463"
"cpu","json-key","C:\DoAnTotNghiep\V-Shield-2.0\View\package-lock.json","464"
"dev","json-key","C:\DoAnTotNghiep\V-Shield-2.0\View\package-lock.json","467"
"license","json-key","C:\DoAnTotNghiep\V-Shield-2.0\View\package-lock.json","468"
"optional","json-key","C:\DoAnTotNghiep\V-Shield-2.0\View\package-lock.json","469"
"os","json-key","C:\DoAnTotNghiep\V-Shield-2.0\View\package-lock.json","470"
"engines","json-key","C:\DoAnTotNghiep\V-Shield-2.0\View\package-lock.json","473"
"node","json-key","C:\DoAnTotNghiep\V-Shield-2.0\View\package-lock.json","474"
"version","json-key","C:\DoAnTotNghiep\V-Shield-2.0\View\package-lock.json","478"
"resolved","json-key","C:\DoAnTotNghiep\V-Shield-2.0\View\package-lock.json","479"
"integrity","json-key","C:\DoAnTotNghiep\V-Shield-2.0\View\package-lock.json","480"
"cpu","json-key","C:\DoAnTotNghiep\V-Shield-2.0\View\package-lock.json","481"
"dev","json-key","C:\DoAnTotNghiep\V-Shield-2.0\View\package-lock.json","484"
"license","json-key","C:\DoAnTotNghiep\V-Shield-2.0\View\package-lock.json","485"
"optional","json-key","C:\DoAnTotNghiep\V-Shield-2.0\View\package-lock.json","486"
"os","json-key","C:\DoAnTotNghiep\V-Shield-2.0\View\package-lock.json","487"
"engines","json-key","C:\DoAnTotNghiep\V-Shield-2.0\View\package-lock.json","490"
"node","json-key","C:\DoAnTotNghiep\V-Shield-2.0\View\package-lock.json","491"
"version","json-key","C:\DoAnTotNghiep\V-Shield-2.0\View\package-lock.json","495"
"resolved","json-key","C:\DoAnTotNghiep\V-Shield-2.0\View\package-lock.json","496"
"integrity","json-key","C:\DoAnTotNghiep\V-Shield-2.0\View\package-lock.json","497"
"cpu","json-key","C:\DoAnTotNghiep\V-Shield-2.0\View\package-lock.json","498"
"dev","json-key","C:\DoAnTotNghiep\V-Shield-2.0\View\package-lock.json","501"
"license","json-key","C:\DoAnTotNghiep\V-Shield-2.0\View\package-lock.json","502"
"optional","json-key","C:\DoAnTotNghiep\V-Shield-2.0\View\package-lock.json","503"
"os","json-key","C:\DoAnTotNghiep\V-Shield-2.0\View\package-lock.json","504"
"engines","json-key","C:\DoAnTotNghiep\V-Shield-2.0\View\package-lock.json","507"
"node","json-key","C:\DoAnTotNghiep\V-Shield-2.0\View\package-lock.json","508"
"version","json-key","C:\DoAnTotNghiep\V-Shield-2.0\View\package-lock.json","512"
"resolved","json-key","C:\DoAnTotNghiep\V-Shield-2.0\View\package-lock.json","513"
"integrity","json-key","C:\DoAnTotNghiep\V-Shield-2.0\View\package-lock.json","514"
"cpu","json-key","C:\DoAnTotNghiep\V-Shield-2.0\View\package-lock.json","515"
"dev","json-key","C:\DoAnTotNghiep\V-Shield-2.0\View\package-lock.json","518"
"license","json-key","C:\DoAnTotNghiep\V-Shield-2.0\View\package-lock.json","519"
"optional","json-key","C:\DoAnTotNghiep\V-Shield-2.0\View\package-lock.json","520"
"os","json-key","C:\DoAnTotNghiep\V-Shield-2.0\View\package-lock.json","521"
"engines","json-key","C:\DoAnTotNghiep\V-Shield-2.0\View\package-lock.json","524"
"node","json-key","C:\DoAnTotNghiep\V-Shield-2.0\View\package-lock.json","525"
"version","json-key","C:\DoAnTotNghiep\V-Shield-2.0\View\package-lock.json","529"
"resolved","json-key","C:\DoAnTotNghiep\V-Shield-2.0\View\package-lock.json","530"
"integrity","json-key","C:\DoAnTotNghiep\V-Shield-2.0\View\package-lock.json","531"
"cpu","json-key","C:\DoAnTotNghiep\V-Shield-2.0\View\package-lock.json","532"
"hasInstallScript","json-key","C:\DoAnTotNghiep\V-Shield-2.0\View\package-lock.json","535"
"license","json-key","C:\DoAnTotNghiep\V-Shield-2.0\View\package-lock.json","536"
"optional","json-key","C:\DoAnTotNghiep\V-Shield-2.0\View\package-lock.json","537"
"os","json-key","C:\DoAnTotNghiep\V-Shield-2.0\View\package-lock.json","538"
"version","json-key","C:\DoAnTotNghiep\V-Shield-2.0\View\package-lock.json","543"
"resolved","json-key","C:\DoAnTotNghiep\V-Shield-2.0\View\package-lock.json","544"
"integrity","json-key","C:\DoAnTotNghiep\V-Shield-2.0\View\package-lock.json","545"
"cpu","json-key","C:\DoAnTotNghiep\V-Shield-2.0\View\package-lock.json","546"
"hasInstallScript","json-key","C:\DoAnTotNghiep\V-Shield-2.0\View\package-lock.json","549"
"license","json-key","C:\DoAnTotNghiep\V-Shield-2.0\View\package-lock.json","550"
"optional","json-key","C:\DoAnTotNghiep\V-Shield-2.0\View\package-lock.json","551"
"os","json-key","C:\DoAnTotNghiep\V-Shield-2.0\View\package-lock.json","552"
"version","json-key","C:\DoAnTotNghiep\V-Shield-2.0\View\package-lock.json","557"
"resolved","json-key","C:\DoAnTotNghiep\V-Shield-2.0\View\package-lock.json","558"
"integrity","json-key","C:\DoAnTotNghiep\V-Shield-2.0\View\package-lock.json","559"
"license","json-key","C:\DoAnTotNghiep\V-Shield-2.0\View\package-lock.json","560"
"optionalDependencies","json-key","C:\DoAnTotNghiep\V-Shield-2.0\View\package-lock.json","561"
"version","json-key","C:\DoAnTotNghiep\V-Shield-2.0\View\package-lock.json","573"
"resolved","json-key","C:\DoAnTotNghiep\V-Shield-2.0\View\package-lock.json","574"
"integrity","json-key","C:\DoAnTotNghiep\V-Shield-2.0\View\package-lock.json","575"
"cpu","json-key","C:\DoAnTotNghiep\V-Shield-2.0\View\package-lock.json","576"
"hasInstallScript","json-key","C:\DoAnTotNghiep\V-Shield-2.0\View\package-lock.json","579"
"license","json-key","C:\DoAnTotNghiep\V-Shield-2.0\View\package-lock.json","580"
"optional","json-key","C:\DoAnTotNghiep\V-Shield-2.0\View\package-lock.json","581"
"os","json-key","C:\DoAnTotNghiep\V-Shield-2.0\View\package-lock.json","582"
"version","json-key","C:\DoAnTotNghiep\V-Shield-2.0\View\package-lock.json","587"
"resolved","json-key","C:\DoAnTotNghiep\V-Shield-2.0\View\package-lock.json","588"
"integrity","json-key","C:\DoAnTotNghiep\V-Shield-2.0\View\package-lock.json","589"
"cpu","json-key","C:\DoAnTotNghiep\V-Shield-2.0\View\package-lock.json","590"
"hasInstallScript","json-key","C:\DoAnTotNghiep\V-Shield-2.0\View\package-lock.json","593"
"license","json-key","C:\DoAnTotNghiep\V-Shield-2.0\View\package-lock.json","594"
"optional","json-key","C:\DoAnTotNghiep\V-Shield-2.0\View\package-lock.json","595"
"os","json-key","C:\DoAnTotNghiep\V-Shield-2.0\View\package-lock.json","596"
"version","json-key","C:\DoAnTotNghiep\V-Shield-2.0\View\package-lock.json","601"
"resolved","json-key","C:\DoAnTotNghiep\V-Shield-2.0\View\package-lock.json","602"
"integrity","json-key","C:\DoAnTotNghiep\V-Shield-2.0\View\package-lock.json","603"
"cpu","json-key","C:\DoAnTotNghiep\V-Shield-2.0\View\package-lock.json","604"
"hasInstallScript","json-key","C:\DoAnTotNghiep\V-Shield-2.0\View\package-lock.json","607"
"license","json-key","C:\DoAnTotNghiep\V-Shield-2.0\View\package-lock.json","608"
"optional","json-key","C:\DoAnTotNghiep\V-Shield-2.0\View\package-lock.json","609"
"os","json-key","C:\DoAnTotNghiep\V-Shield-2.0\View\package-lock.json","610"
"version","json-key","C:\DoAnTotNghiep\V-Shield-2.0\View\package-lock.json","615"
"resolved","json-key","C:\DoAnTotNghiep\V-Shield-2.0\View\package-lock.json","616"
"integrity","json-key","C:\DoAnTotNghiep\V-Shield-2.0\View\package-lock.json","617"
"cpu","json-key","C:\DoAnTotNghiep\V-Shield-2.0\View\package-lock.json","618"
"hasInstallScript","json-key","C:\DoAnTotNghiep\V-Shield-2.0\View\package-lock.json","621"
"license","json-key","C:\DoAnTotNghiep\V-Shield-2.0\View\package-lock.json","622"
"optional","json-key","C:\DoAnTotNghiep\V-Shield-2.0\View\package-lock.json","623"
"os","json-key","C:\DoAnTotNghiep\V-Shield-2.0\View\package-lock.json","624"
"version","json-key","C:\DoAnTotNghiep\V-Shield-2.0\View\package-lock.json","629"
"resolved","json-key","C:\DoAnTotNghiep\V-Shield-2.0\View\package-lock.json","630"
"integrity","json-key","C:\DoAnTotNghiep\V-Shield-2.0\View\package-lock.json","631"
"cpu","json-key","C:\DoAnTotNghiep\V-Shield-2.0\View\package-lock.json","632"
"license","json-key","C:\DoAnTotNghiep\V-Shield-2.0\View\package-lock.json","635"
"optional","json-key","C:\DoAnTotNghiep\V-Shield-2.0\View\package-lock.json","636"
"os","json-key","C:\DoAnTotNghiep\V-Shield-2.0\View\package-lock.json","637"
"version","json-key","C:\DoAnTotNghiep\V-Shield-2.0\View\package-lock.json","642"
"resolved","json-key","C:\DoAnTotNghiep\V-Shield-2.0\View\package-lock.json","643"
"integrity","json-key","C:\DoAnTotNghiep\V-Shield-2.0\View\package-lock.json","644"
"cpu","json-key","C:\DoAnTotNghiep\V-Shield-2.0\View\package-lock.json","645"
"license","json-key","C:\DoAnTotNghiep\V-Shield-2.0\View\package-lock.json","648"
"optional","json-key","C:\DoAnTotNghiep\V-Shield-2.0\View\package-lock.json","649"
"os","json-key","C:\DoAnTotNghiep\V-Shield-2.0\View\package-lock.json","650"
"version","json-key","C:\DoAnTotNghiep\V-Shield-2.0\View\package-lock.json","655"
"resolved","json-key","C:\DoAnTotNghiep\V-Shield-2.0\View\package-lock.json","656"
"integrity","json-key","C:\DoAnTotNghiep\V-Shield-2.0\View\package-lock.json","657"
"dev","json-key","C:\DoAnTotNghiep\V-Shield-2.0\View\package-lock.json","658"
"license","json-key","C:\DoAnTotNghiep\V-Shield-2.0\View\package-lock.json","659"
"dependencies","json-key","C:\DoAnTotNghiep\V-Shield-2.0\View\package-lock.json","660"
"version","json-key","C:\DoAnTotNghiep\V-Shield-2.0\View\package-lock.json","666"
"resolved","json-key","C:\DoAnTotNghiep\V-Shield-2.0\View\package-lock.json","667"
"integrity","json-key","C:\DoAnTotNghiep\V-Shield-2.0\View\package-lock.json","668"
"dev","json-key","C:\DoAnTotNghiep\V-Shield-2.0\View\package-lock.json","669"
"license","json-key","C:\DoAnTotNghiep\V-Shield-2.0\View\package-lock.json","670"
"engines","json-key","C:\DoAnTotNghiep\V-Shield-2.0\View\package-lock.json","671"
"node","json-key","C:\DoAnTotNghiep\V-Shield-2.0\View\package-lock.json","672"
"version","json-key","C:\DoAnTotNghiep\V-Shield-2.0\View\package-lock.json","676"
"resolved","json-key","C:\DoAnTotNghiep\V-Shield-2.0\View\package-lock.json","677"
"integrity","json-key","C:\DoAnTotNghiep\V-Shield-2.0\View\package-lock.json","678"
"license","json-key","C:\DoAnTotNghiep\V-Shield-2.0\View\package-lock.json","679"
"version","json-key","C:\DoAnTotNghiep\V-Shield-2.0\View\package-lock.json","682"
"resolved","json-key","C:\DoAnTotNghiep\V-Shield-2.0\View\package-lock.json","683"
"integrity","json-key","C:\DoAnTotNghiep\V-Shield-2.0\View\package-lock.json","684"
"dev","json-key","C:\DoAnTotNghiep\V-Shield-2.0\View\package-lock.json","685"
"license","json-key","C:\DoAnTotNghiep\V-Shield-2.0\View\package-lock.json","686"
"dependencies","json-key","C:\DoAnTotNghiep\V-Shield-2.0\View\package-lock.json","687"
"version","json-key","C:\DoAnTotNghiep\V-Shield-2.0\View\package-lock.json","693"
"resolved","json-key","C:\DoAnTotNghiep\V-Shield-2.0\View\package-lock.json","694"
"integrity","json-key","C:\DoAnTotNghiep\V-Shield-2.0\View\package-lock.json","695"
"dev","json-key","C:\DoAnTotNghiep\V-Shield-2.0\View\package-lock.json","696"
"license","json-key","C:\DoAnTotNghiep\V-Shield-2.0\View\package-lock.json","697"
"dependencies","json-key","C:\DoAnTotNghiep\V-Shield-2.0\View\package-lock.json","698"
"engines","json-key","C:\DoAnTotNghiep\V-Shield-2.0\View\package-lock.json","702"
"node","json-key","C:\DoAnTotNghiep\V-Shield-2.0\View\package-lock.json","703"
"version","json-key","C:\DoAnTotNghiep\V-Shield-2.0\View\package-lock.json","707"
"resolved","json-key","C:\DoAnTotNghiep\V-Shield-2.0\View\package-lock.json","708"
"integrity","json-key","C:\DoAnTotNghiep\V-Shield-2.0\View\package-lock.json","709"
"dev","json-key","C:\DoAnTotNghiep\V-Shield-2.0\View\package-lock.json","710"
"license","json-key","C:\DoAnTotNghiep\V-Shield-2.0\View\package-lock.json","711"
"engines","json-key","C:\DoAnTotNghiep\V-Shield-2.0\View\package-lock.json","712"
"node","json-key","C:\DoAnTotNghiep\V-Shield-2.0\View\package-lock.json","713"
"version","json-key","C:\DoAnTotNghiep\V-Shield-2.0\View\package-lock.json","717"
"resolved","json-key","C:\DoAnTotNghiep\V-Shield-2.0\View\package-lock.json","718"
"integrity","json-key","C:\DoAnTotNghiep\V-Shield-2.0\View\package-lock.json","719"
"dev","json-key","C:\DoAnTotNghiep\V-Shield-2.0\View\package-lock.json","720"
"license","json-key","C:\DoAnTotNghiep\V-Shield-2.0\View\package-lock.json","721"
"dependencies","json-key","C:\DoAnTotNghiep\V-Shield-2.0\View\package-lock.json","722"
"fastq","json-key","C:\DoAnTotNghiep\V-Shield-2.0\View\package-lock.json","724"
"engines","json-key","C:\DoAnTotNghiep\V-Shield-2.0\View\package-lock.json","726"
"node","json-key","C:\DoAnTotNghiep\V-Shield-2.0\View\package-lock.json","727"
"version","json-key","C:\DoAnTotNghiep\V-Shield-2.0\View\package-lock.json","731"
"resolved","json-key","C:\DoAnTotNghiep\V-Shield-2.0\View\package-lock.json","732"
"integrity","json-key","C:\DoAnTotNghiep\V-Shield-2.0\View\package-lock.json","733"
"dev","json-key","C:\DoAnTotNghiep\V-Shield-2.0\View\package-lock.json","734"
"license","json-key","C:\DoAnTotNghiep\V-Shield-2.0\View\package-lock.json","735"
"version","json-key","C:\DoAnTotNghiep\V-Shield-2.0\View\package-lock.json","738"
"resolved","json-key","C:\DoAnTotNghiep\V-Shield-2.0\View\package-lock.json","739"
"integrity","json-key","C:\DoAnTotNghiep\V-Shield-2.0\View\package-lock.json","740"
"cpu","json-key","C:\DoAnTotNghiep\V-Shield-2.0\View\package-lock.json","741"
"dev","json-key","C:\DoAnTotNghiep\V-Shield-2.0\View\package-lock.json","744"
"license","json-key","C:\DoAnTotNghiep\V-Shield-2.0\View\package-lock.json","745"
"optional","json-key","C:\DoAnTotNghiep\V-Shield-2.0\View\package-lock.json","746"
"os","json-key","C:\DoAnTotNghiep\V-Shield-2.0\View\package-lock.json","747"
"version","json-key","C:\DoAnTotNghiep\V-Shield-2.0\View\package-lock.json","752"
"resolved","json-key","C:\DoAnTotNghiep\V-Shield-2.0\View\package-lock.json","753"
"integrity","json-key","C:\DoAnTotNghiep\V-Shield-2.0\View\package-lock.json","754"
"cpu","json-key","C:\DoAnTotNghiep\V-Shield-2.0\View\package-lock.json","755"
"dev","json-key","C:\DoAnTotNghiep\V-Shield-2.0\View\package-lock.json","758"
"license","json-key","C:\DoAnTotNghiep\V-Shield-2.0\View\package-lock.json","759"
"optional","json-key","C:\DoAnTotNghiep\V-Shield-2.0\View\package-lock.json","760"
"os","json-key","C:\DoAnTotNghiep\V-Shield-2.0\View\package-lock.json","761"
"version","json-key","C:\DoAnTotNghiep\V-Shield-2.0\View\package-lock.json","766"
"resolved","json-key","C:\DoAnTotNghiep\V-Shield-2.0\View\package-lock.json","767"
"integrity","json-key","C:\DoAnTotNghiep\V-Shield-2.0\View\package-lock.json","768"
"cpu","json-key","C:\DoAnTotNghiep\V-Shield-2.0\View\package-lock.json","769"
"dev","json-key","C:\DoAnTotNghiep\V-Shield-2.0\View\package-lock.json","772"
"license","json-key","C:\DoAnTotNghiep\V-Shield-2.0\View\package-lock.json","773"
"optional","json-key","C:\DoAnTotNghiep\V-Shield-2.0\View\package-lock.json","774"
"os","json-key","C:\DoAnTotNghiep\V-Shield-2.0\View\package-lock.json","775"
"version","json-key","C:\DoAnTotNghiep\V-Shield-2.0\View\package-lock.json","780"
"resolved","json-key","C:\DoAnTotNghiep\V-Shield-2.0\View\package-lock.json","781"
"integrity","json-key","C:\DoAnTotNghiep\V-Shield-2.0\View\package-lock.json","782"
"cpu","json-key","C:\DoAnTotNghiep\V-Shield-2.0\View\package-lock.json","783"
"dev","json-key","C:\DoAnTotNghiep\V-Shield-2.0\View\package-lock.json","786"
"license","json-key","C:\DoAnTotNghiep\V-Shield-2.0\View\package-lock.json","787"
"optional","json-key","C:\DoAnTotNghiep\V-Shield-2.0\View\package-lock.json","788"
"os","json-key","C:\DoAnTotNghiep\V-Shield-2.0\View\package-lock.json","789"
"version","json-key","C:\DoAnTotNghiep\V-Shield-2.0\View\package-lock.json","794"
"resolved","json-key","C:\DoAnTotNghiep\V-Shield-2.0\View\package-lock.json","795"
"integrity","json-key","C:\DoAnTotNghiep\V-Shield-2.0\View\package-lock.json","796"
"cpu","json-key","C:\DoAnTotNghiep\V-Shield-2.0\View\package-lock.json","797"
"dev","json-key","C:\DoAnTotNghiep\V-Shield-2.0\View\package-lock.json","800"
"license","json-key","C:\DoAnTotNghiep\V-Shield-2.0\View\package-lock.json","801"
"optional","json-key","C:\DoAnTotNghiep\V-Shield-2.0\View\package-lock.json","802"
"os","json-key","C:\DoAnTotNghiep\V-Shield-2.0\View\package-lock.json","803"
"version","json-key","C:\DoAnTotNghiep\V-Shield-2.0\View\package-lock.json","808"
"resolved","json-key","C:\DoAnTotNghiep\V-Shield-2.0\View\package-lock.json","809"
"integrity","json-key","C:\DoAnTotNghiep\V-Shield-2.0\View\package-lock.json","810"
"cpu","json-key","C:\DoAnTotNghiep\V-Shield-2.0\View\package-lock.json","811"
"dev","json-key","C:\DoAnTotNghiep\V-Shield-2.0\View\package-lock.json","814"
"license","json-key","C:\DoAnTotNghiep\V-Shield-2.0\View\package-lock.json","815"
"optional","json-key","C:\DoAnTotNghiep\V-Shield-2.0\View\package-lock.json","816"
"os","json-key","C:\DoAnTotNghiep\V-Shield-2.0\View\package-lock.json","817"
"version","json-key","C:\DoAnTotNghiep\V-Shield-2.0\View\package-lock.json","822"
"resolved","json-key","C:\DoAnTotNghiep\V-Shield-2.0\View\package-lock.json","823"
"integrity","json-key","C:\DoAnTotNghiep\V-Shield-2.0\View\package-lock.json","824"
"cpu","json-key","C:\DoAnTotNghiep\V-Shield-2.0\View\package-lock.json","825"
"dev","json-key","C:\DoAnTotNghiep\V-Shield-2.0\View\package-lock.json","828"
"license","json-key","C:\DoAnTotNghiep\V-Shield-2.0\View\package-lock.json","829"
"optional","json-key","C:\DoAnTotNghiep\V-Shield-2.0\View\package-lock.json","830"
"os","json-key","C:\DoAnTotNghiep\V-Shield-2.0\View\package-lock.json","831"
"version","json-key","C:\DoAnTotNghiep\V-Shield-2.0\View\package-lock.json","836"
"resolved","json-key","C:\DoAnTotNghiep\V-Shield-2.0\View\package-lock.json","837"
"integrity","json-key","C:\DoAnTotNghiep\V-Shield-2.0\View\package-lock.json","838"
"cpu","json-key","C:\DoAnTotNghiep\V-Shield-2.0\View\package-lock.json","839"
"dev","json-key","C:\DoAnTotNghiep\V-Shield-2.0\View\package-lock.json","842"
"license","json-key","C:\DoAnTotNghiep\V-Shield-2.0\View\package-lock.json","843"
"optional","json-key","C:\DoAnTotNghiep\V-Shield-2.0\View\package-lock.json","844"
"os","json-key","C:\DoAnTotNghiep\V-Shield-2.0\View\package-lock.json","845"
"version","json-key","C:\DoAnTotNghiep\V-Shield-2.0\View\package-lock.json","850"
"resolved","json-key","C:\DoAnTotNghiep\V-Shield-2.0\View\package-lock.json","851"
"integrity","json-key","C:\DoAnTotNghiep\V-Shield-2.0\View\package-lock.json","852"
"cpu","json-key","C:\DoAnTotNghiep\V-Shield-2.0\View\package-lock.json","853"
"dev","json-key","C:\DoAnTotNghiep\V-Shield-2.0\View\package-lock.json","856"
"license","json-key","C:\DoAnTotNghiep\V-Shield-2.0\View\package-lock.json","857"
"optional","json-key","C:\DoAnTotNghiep\V-Shield-2.0\View\package-lock.json","858"
"os","json-key","C:\DoAnTotNghiep\V-Shield-2.0\View\package-lock.json","859"
"version","json-key","C:\DoAnTotNghiep\V-Shield-2.0\View\package-lock.json","864"
"resolved","json-key","C:\DoAnTotNghiep\V-Shield-2.0\View\package-lock.json","865"
"integrity","json-key","C:\DoAnTotNghiep\V-Shield-2.0\View\package-lock.json","866"
"cpu","json-key","C:\DoAnTotNghiep\V-Shield-2.0\View\package-lock.json","867"
"dev","json-key","C:\DoAnTotNghiep\V-Shield-2.0\View\package-lock.json","870"
"license","json-key","C:\DoAnTotNghiep\V-Shield-2.0\View\package-lock.json","871"
"optional","json-key","C:\DoAnTotNghiep\V-Shield-2.0\View\package-lock.json","872"
"os","json-key","C:\DoAnTotNghiep\V-Shield-2.0\View\package-lock.json","873"
"version","json-key","C:\DoAnTotNghiep\V-Shield-2.0\View\package-lock.json","878"
"resolved","json-key","C:\DoAnTotNghiep\V-Shield-2.0\View\package-lock.json","879"
"integrity","json-key","C:\DoAnTotNghiep\V-Shield-2.0\View\package-lock.json","880"
"cpu","json-key","C:\DoAnTotNghiep\V-Shield-2.0\View\package-lock.json","881"
"dev","json-key","C:\DoAnTotNghiep\V-Shield-2.0\View\package-lock.json","884"
"license","json-key","C:\DoAnTotNghiep\V-Shield-2.0\View\package-lock.json","885"
"optional","json-key","C:\DoAnTotNghiep\V-Shield-2.0\View\package-lock.json","886"
"os","json-key","C:\DoAnTotNghiep\V-Shield-2.0\View\package-lock.json","887"
"version","json-key","C:\DoAnTotNghiep\V-Shield-2.0\View\package-lock.json","892"
"resolved","json-key","C:\DoAnTotNghiep\V-Shield-2.0\View\package-lock.json","893"
"integrity","json-key","C:\DoAnTotNghiep\V-Shield-2.0\View\package-lock.json","894"
"cpu","json-key","C:\DoAnTotNghiep\V-Shield-2.0\View\package-lock.json","895"
"dev","json-key","C:\DoAnTotNghiep\V-Shield-2.0\View\package-lock.json","898"
"license","json-key","C:\DoAnTotNghiep\V-Shield-2.0\View\package-lock.json","899"
"optional","json-key","C:\DoAnTotNghiep\V-Shield-2.0\View\package-lock.json","900"
"os","json-key","C:\DoAnTotNghiep\V-Shield-2.0\View\package-lock.json","901"
"version","json-key","C:\DoAnTotNghiep\V-Shield-2.0\View\package-lock.json","906"
"resolved","json-key","C:\DoAnTotNghiep\V-Shield-2.0\View\package-lock.json","907"
"integrity","json-key","C:\DoAnTotNghiep\V-Shield-2.0\View\package-lock.json","908"
"cpu","json-key","C:\DoAnTotNghiep\V-Shield-2.0\View\package-lock.json","909"
"dev","json-key","C:\DoAnTotNghiep\V-Shield-2.0\View\package-lock.json","912"
"license","json-key","C:\DoAnTotNghiep\V-Shield-2.0\View\package-lock.json","913"
"optional","json-key","C:\DoAnTotNghiep\V-Shield-2.0\View\package-lock.json","914"
"os","json-key","C:\DoAnTotNghiep\V-Shield-2.0\View\package-lock.json","915"
"version","json-key","C:\DoAnTotNghiep\V-Shield-2.0\View\package-lock.json","920"
"resolved","json-key","C:\DoAnTotNghiep\V-Shield-2.0\View\package-lock.json","921"
"integrity","json-key","C:\DoAnTotNghiep\V-Shield-2.0\View\package-lock.json","922"
"cpu","json-key","C:\DoAnTotNghiep\V-Shield-2.0\View\package-lock.json","923"
"dev","json-key","C:\DoAnTotNghiep\V-Shield-2.0\View\package-lock.json","926"
"license","json-key","C:\DoAnTotNghiep\V-Shield-2.0\View\package-lock.json","927"
"optional","json-key","C:\DoAnTotNghiep\V-Shield-2.0\View\package-lock.json","928"
"os","json-key","C:\DoAnTotNghiep\V-Shield-2.0\View\package-lock.json","929"
"version","json-key","C:\DoAnTotNghiep\V-Shield-2.0\View\package-lock.json","934"
"resolved","json-key","C:\DoAnTotNghiep\V-Shield-2.0\View\package-lock.json","935"
"integrity","json-key","C:\DoAnTotNghiep\V-Shield-2.0\View\package-lock.json","936"
"cpu","json-key","C:\DoAnTotNghiep\V-Shield-2.0\View\package-lock.json","937"
"dev","json-key","C:\DoAnTotNghiep\V-Shield-2.0\View\package-lock.json","940"
"license","json-key","C:\DoAnTotNghiep\V-Shield-2.0\View\package-lock.json","941"
"optional","json-key","C:\DoAnTotNghiep\V-Shield-2.0\View\package-lock.json","942"
"os","json-key","C:\DoAnTotNghiep\V-Shield-2.0\View\package-lock.json","943"
"version","json-key","C:\DoAnTotNghiep\V-Shield-2.0\View\package-lock.json","948"
"resolved","json-key","C:\DoAnTotNghiep\V-Shield-2.0\View\package-lock.json","949"
"integrity","json-key","C:\DoAnTotNghiep\V-Shield-2.0\View\package-lock.json","950"
"cpu","json-key","C:\DoAnTotNghiep\V-Shield-2.0\View\package-lock.json","951"
"dev","json-key","C:\DoAnTotNghiep\V-Shield-2.0\View\package-lock.json","954"
"license","json-key","C:\DoAnTotNghiep\V-Shield-2.0\View\package-lock.json","955"
"optional","json-key","C:\DoAnTotNghiep\V-Shield-2.0\View\package-lock.json","956"
"os","json-key","C:\DoAnTotNghiep\V-Shield-2.0\View\package-lock.json","957"
"version","json-key","C:\DoAnTotNghiep\V-Shield-2.0\View\package-lock.json","962"
"resolved","json-key","C:\DoAnTotNghiep\V-Shield-2.0\View\package-lock.json","963"
"integrity","json-key","C:\DoAnTotNghiep\V-Shield-2.0\View\package-lock.json","964"
"cpu","json-key","C:\DoAnTotNghiep\V-Shield-2.0\View\package-lock.json","965"
"dev","json-key","C:\DoAnTotNghiep\V-Shield-2.0\View\package-lock.json","968"
"license","json-key","C:\DoAnTotNghiep\V-Shield-2.0\View\package-lock.json","969"
"optional","json-key","C:\DoAnTotNghiep\V-Shield-2.0\View\package-lock.json","970"
"os","json-key","C:\DoAnTotNghiep\V-Shield-2.0\View\package-lock.json","971"
"version","json-key","C:\DoAnTotNghiep\V-Shield-2.0\View\package-lock.json","976"
"resolved","json-key","C:\DoAnTotNghiep\V-Shield-2.0\View\package-lock.json","977"
"integrity","json-key","C:\DoAnTotNghiep\V-Shield-2.0\View\package-lock.json","978"
"cpu","json-key","C:\DoAnTotNghiep\V-Shield-2.0\View\package-lock.json","979"
"dev","json-key","C:\DoAnTotNghiep\V-Shield-2.0\View\package-lock.json","982"
"license","json-key","C:\DoAnTotNghiep\V-Shield-2.0\View\package-lock.json","983"
"optional","json-key","C:\DoAnTotNghiep\V-Shield-2.0\View\package-lock.json","984"
"os","json-key","C:\DoAnTotNghiep\V-Shield-2.0\View\package-lock.json","985"
"version","json-key","C:\DoAnTotNghiep\V-Shield-2.0\View\package-lock.json","990"
"resolved","json-key","C:\DoAnTotNghiep\V-Shield-2.0\View\package-lock.json","991"
"integrity","json-key","C:\DoAnTotNghiep\V-Shield-2.0\View\package-lock.json","992"
"cpu","json-key","C:\DoAnTotNghiep\V-Shield-2.0\View\package-lock.json","993"
"dev","json-key","C:\DoAnTotNghiep\V-Shield-2.0\View\package-lock.json","996"
"license","json-key","C:\DoAnTotNghiep\V-Shield-2.0\View\package-lock.json","997"
"optional","json-key","C:\DoAnTotNghiep\V-Shield-2.0\View\package-lock.json","998"
"os","json-key","C:\DoAnTotNghiep\V-Shield-2.0\View\package-lock.json","999"
"version","json-key","C:\DoAnTotNghiep\V-Shield-2.0\View\package-lock.json","1004"
"resolved","json-key","C:\DoAnTotNghiep\V-Shield-2.0\View\package-lock.json","1005"
"integrity","json-key","C:\DoAnTotNghiep\V-Shield-2.0\View\package-lock.json","1006"
"cpu","json-key","C:\DoAnTotNghiep\V-Shield-2.0\View\package-lock.json","1007"
"dev","json-key","C:\DoAnTotNghiep\V-Shield-2.0\View\package-lock.json","1010"
"license","json-key","C:\DoAnTotNghiep\V-Shield-2.0\View\package-lock.json","1011"
"optional","json-key","C:\DoAnTotNghiep\V-Shield-2.0\View\package-lock.json","1012"
"os","json-key","C:\DoAnTotNghiep\V-Shield-2.0\View\package-lock.json","1013"
"version","json-key","C:\DoAnTotNghiep\V-Shield-2.0\View\package-lock.json","1018"
"resolved","json-key","C:\DoAnTotNghiep\V-Shield-2.0\View\package-lock.json","1019"
"integrity","json-key","C:\DoAnTotNghiep\V-Shield-2.0\View\package-lock.json","1020"
"cpu","json-key","C:\DoAnTotNghiep\V-Shield-2.0\View\package-lock.json","1021"
"dev","json-key","C:\DoAnTotNghiep\V-Shield-2.0\View\package-lock.json","1024"
"license","json-key","C:\DoAnTotNghiep\V-Shield-2.0\View\package-lock.json","1025"
"optional","json-key","C:\DoAnTotNghiep\V-Shield-2.0\View\package-lock.json","1026"
"os","json-key","C:\DoAnTotNghiep\V-Shield-2.0\View\package-lock.json","1027"
"version","json-key","C:\DoAnTotNghiep\V-Shield-2.0\View\package-lock.json","1032"
"resolved","json-key","C:\DoAnTotNghiep\V-Shield-2.0\View\package-lock.json","1033"
"integrity","json-key","C:\DoAnTotNghiep\V-Shield-2.0\View\package-lock.json","1034"
"cpu","json-key","C:\DoAnTotNghiep\V-Shield-2.0\View\package-lock.json","1035"
"dev","json-key","C:\DoAnTotNghiep\V-Shield-2.0\View\package-lock.json","1038"
"license","json-key","C:\DoAnTotNghiep\V-Shield-2.0\View\package-lock.json","1039"
"optional","json-key","C:\DoAnTotNghiep\V-Shield-2.0\View\package-lock.json","1040"
"os","json-key","C:\DoAnTotNghiep\V-Shield-2.0\View\package-lock.json","1041"
"version","json-key","C:\DoAnTotNghiep\V-Shield-2.0\View\package-lock.json","1046"
"resolved","json-key","C:\DoAnTotNghiep\V-Shield-2.0\View\package-lock.json","1047"
"integrity","json-key","C:\DoAnTotNghiep\V-Shield-2.0\View\package-lock.json","1048"
"cpu","json-key","C:\DoAnTotNghiep\V-Shield-2.0\View\package-lock.json","1049"
"dev","json-key","C:\DoAnTotNghiep\V-Shield-2.0\View\package-lock.json","1052"
"license","json-key","C:\DoAnTotNghiep\V-Shield-2.0\View\package-lock.json","1053"
"optional","json-key","C:\DoAnTotNghiep\V-Shield-2.0\View\package-lock.json","1054"
"os","json-key","C:\DoAnTotNghiep\V-Shield-2.0\View\package-lock.json","1055"
"version","json-key","C:\DoAnTotNghiep\V-Shield-2.0\View\package-lock.json","1060"
"resolved","json-key","C:\DoAnTotNghiep\V-Shield-2.0\View\package-lock.json","1061"
"integrity","json-key","C:\DoAnTotNghiep\V-Shield-2.0\View\package-lock.json","1062"
"cpu","json-key","C:\DoAnTotNghiep\V-Shield-2.0\View\package-lock.json","1063"
"dev","json-key","C:\DoAnTotNghiep\V-Shield-2.0\View\package-lock.json","1066"
"license","json-key","C:\DoAnTotNghiep\V-Shield-2.0\View\package-lock.json","1067"
"optional","json-key","C:\DoAnTotNghiep\V-Shield-2.0\View\package-lock.json","1068"
"os","json-key","C:\DoAnTotNghiep\V-Shield-2.0\View\package-lock.json","1069"
"version","json-key","C:\DoAnTotNghiep\V-Shield-2.0\View\package-lock.json","1074"
"resolved","json-key","C:\DoAnTotNghiep\V-Shield-2.0\View\package-lock.json","1075"
"integrity","json-key","C:\DoAnTotNghiep\V-Shield-2.0\View\package-lock.json","1076"
"cpu","json-key","C:\DoAnTotNghiep\V-Shield-2.0\View\package-lock.json","1077"
"dev","json-key","C:\DoAnTotNghiep\V-Shield-2.0\View\package-lock.json","1080"
"license","json-key","C:\DoAnTotNghiep\V-Shield-2.0\View\package-lock.json","1081"
"optional","json-key","C:\DoAnTotNghiep\V-Shield-2.0\View\package-lock.json","1082"
"os","json-key","C:\DoAnTotNghiep\V-Shield-2.0\View\package-lock.json","1083"
"version","json-key","C:\DoAnTotNghiep\V-Shield-2.0\View\package-lock.json","1088"
"resolved","json-key","C:\DoAnTotNghiep\V-Shield-2.0\View\package-lock.json","1089"
"integrity","json-key","C:\DoAnTotNghiep\V-Shield-2.0\View\package-lock.json","1090"
"dev","json-key","C:\DoAnTotNghiep\V-Shield-2.0\View\package-lock.json","1091"
"license","json-key","C:\DoAnTotNghiep\V-Shield-2.0\View\package-lock.json","1092"
"version","json-key","C:\DoAnTotNghiep\V-Shield-2.0\View\package-lock.json","1095"
"resolved","json-key","C:\DoAnTotNghiep\V-Shield-2.0\View\package-lock.json","1096"
"integrity","json-key","C:\DoAnTotNghiep\V-Shield-2.0\View\package-lock.json","1097"
"dev","json-key","C:\DoAnTotNghiep\V-Shield-2.0\View\package-lock.json","1098"
"license","json-key","C:\DoAnTotNghiep\V-Shield-2.0\View\package-lock.json","1099"
"dependencies","json-key","C:\DoAnTotNghiep\V-Shield-2.0\View\package-lock.json","1100"
"engines","json-key","C:\DoAnTotNghiep\V-Shield-2.0\View\package-lock.json","1103"
"node","json-key","C:\DoAnTotNghiep\V-Shield-2.0\View\package-lock.json","1104"
"peerDependencies","json-key","C:\DoAnTotNghiep\V-Shield-2.0\View\package-lock.json","1106"
"vite","json-key","C:\DoAnTotNghiep\V-Shield-2.0\View\package-lock.json","1107"
"vue","json-key","C:\DoAnTotNghiep\V-Shield-2.0\View\package-lock.json","1108"
"version","json-key","C:\DoAnTotNghiep\V-Shield-2.0\View\package-lock.json","1112"
"resolved","json-key","C:\DoAnTotNghiep\V-Shield-2.0\View\package-lock.json","1113"
"integrity","json-key","C:\DoAnTotNghiep\V-Shield-2.0\View\package-lock.json","1114"
"license","json-key","C:\DoAnTotNghiep\V-Shield-2.0\View\package-lock.json","1115"
"dependencies","json-key","C:\DoAnTotNghiep\V-Shield-2.0\View\package-lock.json","1116"
"entities","json-key","C:\DoAnTotNghiep\V-Shield-2.0\View\package-lock.json","1119"
"version","json-key","C:\DoAnTotNghiep\V-Shield-2.0\View\package-lock.json","1125"
"resolved","json-key","C:\DoAnTotNghiep\V-Shield-2.0\View\package-lock.json","1126"
"integrity","json-key","C:\DoAnTotNghiep\V-Shield-2.0\View\package-lock.json","1127"
"license","json-key","C:\DoAnTotNghiep\V-Shield-2.0\View\package-lock.json","1128"
"dependencies","json-key","C:\DoAnTotNghiep\V-Shield-2.0\View\package-lock.json","1129"
"version","json-key","C:\DoAnTotNghiep\V-Shield-2.0\View\package-lock.json","1135"
"resolved","json-key","C:\DoAnTotNghiep\V-Shield-2.0\View\package-lock.json","1136"
"integrity","json-key","C:\DoAnTotNghiep\V-Shield-2.0\View\package-lock.json","1137"
"license","json-key","C:\DoAnTotNghiep\V-Shield-2.0\View\package-lock.json","1138"
"dependencies","json-key","C:\DoAnTotNghiep\V-Shield-2.0\View\package-lock.json","1139"
"postcss","json-key","C:\DoAnTotNghiep\V-Shield-2.0\View\package-lock.json","1147"
"version","json-key","C:\DoAnTotNghiep\V-Shield-2.0\View\package-lock.json","1152"
"resolved","json-key","C:\DoAnTotNghiep\V-Shield-2.0\View\package-lock.json","1153"
"integrity","json-key","C:\DoAnTotNghiep\V-Shield-2.0\View\package-lock.json","1154"
"license","json-key","C:\DoAnTotNghiep\V-Shield-2.0\View\package-lock.json","1155"
"dependencies","json-key","C:\DoAnTotNghiep\V-Shield-2.0\View\package-lock.json","1156"
"version","json-key","C:\DoAnTotNghiep\V-Shield-2.0\View\package-lock.json","1162"
"resolved","json-key","C:\DoAnTotNghiep\V-Shield-2.0\View\package-lock.json","1163"
"integrity","json-key","C:\DoAnTotNghiep\V-Shield-2.0\View\package-lock.json","1164"
"license","json-key","C:\DoAnTotNghiep\V-Shield-2.0\View\package-lock.json","1165"
"version","json-key","C:\DoAnTotNghiep\V-Shield-2.0\View\package-lock.json","1168"
"resolved","json-key","C:\DoAnTotNghiep\V-Shield-2.0\View\package-lock.json","1169"
"integrity","json-key","C:\DoAnTotNghiep\V-Shield-2.0\View\package-lock.json","1170"
"license","json-key","C:\DoAnTotNghiep\V-Shield-2.0\View\package-lock.json","1171"
"dependencies","json-key","C:\DoAnTotNghiep\V-Shield-2.0\View\package-lock.json","1172"
"version","json-key","C:\DoAnTotNghiep\V-Shield-2.0\View\package-lock.json","1177"
"resolved","json-key","C:\DoAnTotNghiep\V-Shield-2.0\View\package-lock.json","1178"
"integrity","json-key","C:\DoAnTotNghiep\V-Shield-2.0\View\package-lock.json","1179"
"license","json-key","C:\DoAnTotNghiep\V-Shield-2.0\View\package-lock.json","1180"
"dependencies","json-key","C:\DoAnTotNghiep\V-Shield-2.0\View\package-lock.json","1181"
"version","json-key","C:\DoAnTotNghiep\V-Shield-2.0\View\package-lock.json","1187"
"resolved","json-key","C:\DoAnTotNghiep\V-Shield-2.0\View\package-lock.json","1188"
"integrity","json-key","C:\DoAnTotNghiep\V-Shield-2.0\View\package-lock.json","1189"
"license","json-key","C:\DoAnTotNghiep\V-Shield-2.0\View\package-lock.json","1190"
"dependencies","json-key","C:\DoAnTotNghiep\V-Shield-2.0\View\package-lock.json","1191"
"csstype","json-key","C:\DoAnTotNghiep\V-Shield-2.0\View\package-lock.json","1195"
"version","json-key","C:\DoAnTotNghiep\V-Shield-2.0\View\package-lock.json","1199"
"resolved","json-key","C:\DoAnTotNghiep\V-Shield-2.0\View\package-lock.json","1200"
"integrity","json-key","C:\DoAnTotNghiep\V-Shield-2.0\View\package-lock.json","1201"
"license","json-key","C:\DoAnTotNghiep\V-Shield-2.0\View\package-lock.json","1202"
"dependencies","json-key","C:\DoAnTotNghiep\V-Shield-2.0\View\package-lock.json","1203"
"peerDependencies","json-key","C:\DoAnTotNghiep\V-Shield-2.0\View\package-lock.json","1207"
"vue","json-key","C:\DoAnTotNghiep\V-Shield-2.0\View\package-lock.json","1208"
"version","json-key","C:\DoAnTotNghiep\V-Shield-2.0\View\package-lock.json","1212"
"resolved","json-key","C:\DoAnTotNghiep\V-Shield-2.0\View\package-lock.json","1213"
"integrity","json-key","C:\DoAnTotNghiep\V-Shield-2.0\View\package-lock.json","1214"
"license","json-key","C:\DoAnTotNghiep\V-Shield-2.0\View\package-lock.json","1215"
"version","json-key","C:\DoAnTotNghiep\V-Shield-2.0\View\package-lock.json","1218"
"resolved","json-key","C:\DoAnTotNghiep\V-Shield-2.0\View\package-lock.json","1219"
"integrity","json-key","C:\DoAnTotNghiep\V-Shield-2.0\View\package-lock.json","1220"
"license","json-key","C:\DoAnTotNghiep\V-Shield-2.0\View\package-lock.json","1221"
"engines","json-key","C:\DoAnTotNghiep\V-Shield-2.0\View\package-lock.json","1222"
"node","json-key","C:\DoAnTotNghiep\V-Shield-2.0\View\package-lock.json","1223"
"version","json-key","C:\DoAnTotNghiep\V-Shield-2.0\View\package-lock.json","1227"
"resolved","json-key","C:\DoAnTotNghiep\V-Shield-2.0\View\package-lock.json","1228"
"integrity","json-key","C:\DoAnTotNghiep\V-Shield-2.0\View\package-lock.json","1229"
"license","json-key","C:\DoAnTotNghiep\V-Shield-2.0\View\package-lock.json","1230"
"dependencies","json-key","C:\DoAnTotNghiep\V-Shield-2.0\View\package-lock.json","1231"
"engines","json-key","C:\DoAnTotNghiep\V-Shield-2.0\View\package-lock.json","1234"
"node","json-key","C:\DoAnTotNghiep\V-Shield-2.0\View\package-lock.json","1235"
"funding","json-key","C:\DoAnTotNghiep\V-Shield-2.0\View\package-lock.json","1237"
"url","json-key","C:\DoAnTotNghiep\V-Shield-2.0\View\package-lock.json","1238"
"version","json-key","C:\DoAnTotNghiep\V-Shield-2.0\View\package-lock.json","1242"
"resolved","json-key","C:\DoAnTotNghiep\V-Shield-2.0\View\package-lock.json","1243"
"integrity","json-key","C:\DoAnTotNghiep\V-Shield-2.0\View\package-lock.json","1244"
"dev","json-key","C:\DoAnTotNghiep\V-Shield-2.0\View\package-lock.json","1245"
"license","json-key","C:\DoAnTotNghiep\V-Shield-2.0\View\package-lock.json","1246"
"version","json-key","C:\DoAnTotNghiep\V-Shield-2.0\View\package-lock.json","1249"
"resolved","json-key","C:\DoAnTotNghiep\V-Shield-2.0\View\package-lock.json","1250"
"integrity","json-key","C:\DoAnTotNghiep\V-Shield-2.0\View\package-lock.json","1251"
"dev","json-key","C:\DoAnTotNghiep\V-Shield-2.0\View\package-lock.json","1252"
"license","json-key","C:\DoAnTotNghiep\V-Shield-2.0\View\package-lock.json","1253"
"dependencies","json-key","C:\DoAnTotNghiep\V-Shield-2.0\View\package-lock.json","1254"
"picomatch","json-key","C:\DoAnTotNghiep\V-Shield-2.0\View\package-lock.json","1256"
"engines","json-key","C:\DoAnTotNghiep\V-Shield-2.0\View\package-lock.json","1258"
"node","json-key","C:\DoAnTotNghiep\V-Shield-2.0\View\package-lock.json","1259"
"version","json-key","C:\DoAnTotNghiep\V-Shield-2.0\View\package-lock.json","1263"
"resolved","json-key","C:\DoAnTotNghiep\V-Shield-2.0\View\package-lock.json","1264"
"integrity","json-key","C:\DoAnTotNghiep\V-Shield-2.0\View\package-lock.json","1265"
"dev","json-key","C:\DoAnTotNghiep\V-Shield-2.0\View\package-lock.json","1266"
"license","json-key","C:\DoAnTotNghiep\V-Shield-2.0\View\package-lock.json","1267"
"engines","json-key","C:\DoAnTotNghiep\V-Shield-2.0\View\package-lock.json","1268"
"node","json-key","C:\DoAnTotNghiep\V-Shield-2.0\View\package-lock.json","1269"
"funding","json-key","C:\DoAnTotNghiep\V-Shield-2.0\View\package-lock.json","1271"
"url","json-key","C:\DoAnTotNghiep\V-Shield-2.0\View\package-lock.json","1272"
"version","json-key","C:\DoAnTotNghiep\V-Shield-2.0\View\package-lock.json","1276"
"resolved","json-key","C:\DoAnTotNghiep\V-Shield-2.0\View\package-lock.json","1277"
"integrity","json-key","C:\DoAnTotNghiep\V-Shield-2.0\View\package-lock.json","1278"
"dev","json-key","C:\DoAnTotNghiep\V-Shield-2.0\View\package-lock.json","1279"
"license","json-key","C:\DoAnTotNghiep\V-Shield-2.0\View\package-lock.json","1280"
"version","json-key","C:\DoAnTotNghiep\V-Shield-2.0\View\package-lock.json","1283"
"resolved","json-key","C:\DoAnTotNghiep\V-Shield-2.0\View\package-lock.json","1284"
"integrity","json-key","C:\DoAnTotNghiep\V-Shield-2.0\View\package-lock.json","1285"
"license","json-key","C:\DoAnTotNghiep\V-Shield-2.0\View\package-lock.json","1286"
"version","json-key","C:\DoAnTotNghiep\V-Shield-2.0\View\package-lock.json","1289"
"resolved","json-key","C:\DoAnTotNghiep\V-Shield-2.0\View\package-lock.json","1290"
"integrity","json-key","C:\DoAnTotNghiep\V-Shield-2.0\View\package-lock.json","1291"
"dev","json-key","C:\DoAnTotNghiep\V-Shield-2.0\View\package-lock.json","1292"
"funding","json-key","C:\DoAnTotNghiep\V-Shield-2.0\View\package-lock.json","1293"
"type","json-key","C:\DoAnTotNghiep\V-Shield-2.0\View\package-lock.json","1295"
"url","json-key","C:\DoAnTotNghiep\V-Shield-2.0\View\package-lock.json","1296"
"type","json-key","C:\DoAnTotNghiep\V-Shield-2.0\View\package-lock.json","1299"
"url","json-key","C:\DoAnTotNghiep\V-Shield-2.0\View\package-lock.json","1300"
"type","json-key","C:\DoAnTotNghiep\V-Shield-2.0\View\package-lock.json","1303"
"url","json-key","C:\DoAnTotNghiep\V-Shield-2.0\View\package-lock.json","1304"
"license","json-key","C:\DoAnTotNghiep\V-Shield-2.0\View\package-lock.json","1307"
"dependencies","json-key","C:\DoAnTotNghiep\V-Shield-2.0\View\package-lock.json","1308"
"browserslist","json-key","C:\DoAnTotNghiep\V-Shield-2.0\View\package-lock.json","1309"
"picocolors","json-key","C:\DoAnTotNghiep\V-Shield-2.0\View\package-lock.json","1312"
"bin","json-key","C:\DoAnTotNghiep\V-Shield-2.0\View\package-lock.json","1315"
"autoprefixer","json-key","C:\DoAnTotNghiep\V-Shield-2.0\View\package-lock.json","1316"
"engines","json-key","C:\DoAnTotNghiep\V-Shield-2.0\View\package-lock.json","1318"
"node","json-key","C:\DoAnTotNghiep\V-Shield-2.0\View\package-lock.json","1319"
"peerDependencies","json-key","C:\DoAnTotNghiep\V-Shield-2.0\View\package-lock.json","1321"
"postcss","json-key","C:\DoAnTotNghiep\V-Shield-2.0\View\package-lock.json","1322"
"version","json-key","C:\DoAnTotNghiep\V-Shield-2.0\View\package-lock.json","1326"
"resolved","json-key","C:\DoAnTotNghiep\V-Shield-2.0\View\package-lock.json","1327"
"integrity","json-key","C:\DoAnTotNghiep\V-Shield-2.0\View\package-lock.json","1328"
"license","json-key","C:\DoAnTotNghiep\V-Shield-2.0\View\package-lock.json","1329"
"dependencies","json-key","C:\DoAnTotNghiep\V-Shield-2.0\View\package-lock.json","1330"
"version","json-key","C:\DoAnTotNghiep\V-Shield-2.0\View\package-lock.json","1337"
"resolved","json-key","C:\DoAnTotNghiep\V-Shield-2.0\View\package-lock.json","1338"
"integrity","json-key","C:\DoAnTotNghiep\V-Shield-2.0\View\package-lock.json","1339"
"dev","json-key","C:\DoAnTotNghiep\V-Shield-2.0\View\package-lock.json","1340"
"license","json-key","C:\DoAnTotNghiep\V-Shield-2.0\View\package-lock.json","1341"
"bin","json-key","C:\DoAnTotNghiep\V-Shield-2.0\View\package-lock.json","1342"
"engines","json-key","C:\DoAnTotNghiep\V-Shield-2.0\View\package-lock.json","1345"
"node","json-key","C:\DoAnTotNghiep\V-Shield-2.0\View\package-lock.json","1346"
"version","json-key","C:\DoAnTotNghiep\V-Shield-2.0\View\package-lock.json","1350"
"resolved","json-key","C:\DoAnTotNghiep\V-Shield-2.0\View\package-lock.json","1351"
"integrity","json-key","C:\DoAnTotNghiep\V-Shield-2.0\View\package-lock.json","1352"
"dev","json-key","C:\DoAnTotNghiep\V-Shield-2.0\View\package-lock.json","1353"
"license","json-key","C:\DoAnTotNghiep\V-Shield-2.0\View\package-lock.json","1354"
"engines","json-key","C:\DoAnTotNghiep\V-Shield-2.0\View\package-lock.json","1355"
"node","json-key","C:\DoAnTotNghiep\V-Shield-2.0\View\package-lock.json","1356"
"funding","json-key","C:\DoAnTotNghiep\V-Shield-2.0\View\package-lock.json","1358"
"url","json-key","C:\DoAnTotNghiep\V-Shield-2.0\View\package-lock.json","1359"
"version","json-key","C:\DoAnTotNghiep\V-Shield-2.0\View\package-lock.json","1363"
"resolved","json-key","C:\DoAnTotNghiep\V-Shield-2.0\View\package-lock.json","1364"
"integrity","json-key","C:\DoAnTotNghiep\V-Shield-2.0\View\package-lock.json","1365"
"dev","json-key","C:\DoAnTotNghiep\V-Shield-2.0\View\package-lock.json","1366"
"license","json-key","C:\DoAnTotNghiep\V-Shield-2.0\View\package-lock.json","1367"
"dependencies","json-key","C:\DoAnTotNghiep\V-Shield-2.0\View\package-lock.json","1368"
"engines","json-key","C:\DoAnTotNghiep\V-Shield-2.0\View\package-lock.json","1371"
"node","json-key","C:\DoAnTotNghiep\V-Shield-2.0\View\package-lock.json","1372"
"version","json-key","C:\DoAnTotNghiep\V-Shield-2.0\View\package-lock.json","1376"
"resolved","json-key","C:\DoAnTotNghiep\V-Shield-2.0\View\package-lock.json","1377"
"integrity","json-key","C:\DoAnTotNghiep\V-Shield-2.0\View\package-lock.json","1378"
"dev","json-key","C:\DoAnTotNghiep\V-Shield-2.0\View\package-lock.json","1379"
"funding","json-key","C:\DoAnTotNghiep\V-Shield-2.0\View\package-lock.json","1380"
"type","json-key","C:\DoAnTotNghiep\V-Shield-2.0\View\package-lock.json","1382"
"url","json-key","C:\DoAnTotNghiep\V-Shield-2.0\View\package-lock.json","1383"
"type","json-key","C:\DoAnTotNghiep\V-Shield-2.0\View\package-lock.json","1386"
"url","json-key","C:\DoAnTotNghiep\V-Shield-2.0\View\package-lock.json","1387"
"type","json-key","C:\DoAnTotNghiep\V-Shield-2.0\View\package-lock.json","1390"
"url","json-key","C:\DoAnTotNghiep\V-Shield-2.0\View\package-lock.json","1391"
"license","json-key","C:\DoAnTotNghiep\V-Shield-2.0\View\package-lock.json","1394"
"dependencies","json-key","C:\DoAnTotNghiep\V-Shield-2.0\View\package-lock.json","1395"
"bin","json-key","C:\DoAnTotNghiep\V-Shield-2.0\View\package-lock.json","1402"
"browserslist","json-key","C:\DoAnTotNghiep\V-Shield-2.0\View\package-lock.json","1403"
"engines","json-key","C:\DoAnTotNghiep\V-Shield-2.0\View\package-lock.json","1405"
"node","json-key","C:\DoAnTotNghiep\V-Shield-2.0\View\package-lock.json","1406"
"version","json-key","C:\DoAnTotNghiep\V-Shield-2.0\View\package-lock.json","1410"
"resolved","json-key","C:\DoAnTotNghiep\V-Shield-2.0\View\package-lock.json","1411"
"integrity","json-key","C:\DoAnTotNghiep\V-Shield-2.0\View\package-lock.json","1412"
"license","json-key","C:\DoAnTotNghiep\V-Shield-2.0\View\package-lock.json","1413"
"dependencies","json-key","C:\DoAnTotNghiep\V-Shield-2.0\View\package-lock.json","1414"
"engines","json-key","C:\DoAnTotNghiep\V-Shield-2.0\View\package-lock.json","1418"
"node","json-key","C:\DoAnTotNghiep\V-Shield-2.0\View\package-lock.json","1419"
"version","json-key","C:\DoAnTotNghiep\V-Shield-2.0\View\package-lock.json","1423"
"resolved","json-key","C:\DoAnTotNghiep\V-Shield-2.0\View\package-lock.json","1424"
"integrity","json-key","C:\DoAnTotNghiep\V-Shield-2.0\View\package-lock.json","1425"
"license","json-key","C:\DoAnTotNghiep\V-Shield-2.0\View\package-lock.json","1426"
"engines","json-key","C:\DoAnTotNghiep\V-Shield-2.0\View\package-lock.json","1427"
"node","json-key","C:\DoAnTotNghiep\V-Shield-2.0\View\package-lock.json","1428"
"version","json-key","C:\DoAnTotNghiep\V-Shield-2.0\View\package-lock.json","1432"
"resolved","json-key","C:\DoAnTotNghiep\V-Shield-2.0\View\package-lock.json","1433"
"integrity","json-key","C:\DoAnTotNghiep\V-Shield-2.0\View\package-lock.json","1434"
"dev","json-key","C:\DoAnTotNghiep\V-Shield-2.0\View\package-lock.json","1435"
"license","json-key","C:\DoAnTotNghiep\V-Shield-2.0\View\package-lock.json","1436"
"engines","json-key","C:\DoAnTotNghiep\V-Shield-2.0\View\package-lock.json","1437"
"node","json-key","C:\DoAnTotNghiep\V-Shield-2.0\View\package-lock.json","1438"
"version","json-key","C:\DoAnTotNghiep\V-Shield-2.0\View\package-lock.json","1442"
"resolved","json-key","C:\DoAnTotNghiep\V-Shield-2.0\View\package-lock.json","1443"
"integrity","json-key","C:\DoAnTotNghiep\V-Shield-2.0\View\package-lock.json","1444"
"dev","json-key","C:\DoAnTotNghiep\V-Shield-2.0\View\package-lock.json","1445"
"funding","json-key","C:\DoAnTotNghiep\V-Shield-2.0\View\package-lock.json","1446"
"type","json-key","C:\DoAnTotNghiep\V-Shield-2.0\View\package-lock.json","1448"
"url","json-key","C:\DoAnTotNghiep\V-Shield-2.0\View\package-lock.json","1449"
"type","json-key","C:\DoAnTotNghiep\V-Shield-2.0\View\package-lock.json","1452"
"url","json-key","C:\DoAnTotNghiep\V-Shield-2.0\View\package-lock.json","1453"
"type","json-key","C:\DoAnTotNghiep\V-Shield-2.0\View\package-lock.json","1456"
"url","json-key","C:\DoAnTotNghiep\V-Shield-2.0\View\package-lock.json","1457"
"license","json-key","C:\DoAnTotNghiep\V-Shield-2.0\View\package-lock.json","1460"
"version","json-key","C:\DoAnTotNghiep\V-Shield-2.0\View\package-lock.json","1463"
"resolved","json-key","C:\DoAnTotNghiep\V-Shield-2.0\View\package-lock.json","1464"
"integrity","json-key","C:\DoAnTotNghiep\V-Shield-2.0\View\package-lock.json","1465"
"dev","json-key","C:\DoAnTotNghiep\V-Shield-2.0\View\package-lock.json","1466"
"license","json-key","C:\DoAnTotNghiep\V-Shield-2.0\View\package-lock.json","1467"
"dependencies","json-key","C:\DoAnTotNghiep\V-Shield-2.0\View\package-lock.json","1468"
"anymatch","json-key","C:\DoAnTotNghiep\V-Shield-2.0\View\package-lock.json","1469"
"braces","json-key","C:\DoAnTotNghiep\V-Shield-2.0\View\package-lock.json","1470"
"readdirp","json-key","C:\DoAnTotNghiep\V-Shield-2.0\View\package-lock.json","1475"
"engines","json-key","C:\DoAnTotNghiep\V-Shield-2.0\View\package-lock.json","1477"
"node","json-key","C:\DoAnTotNghiep\V-Shield-2.0\View\package-lock.json","1478"
"funding","json-key","C:\DoAnTotNghiep\V-Shield-2.0\View\package-lock.json","1480"
"url","json-key","C:\DoAnTotNghiep\V-Shield-2.0\View\package-lock.json","1481"
"optionalDependencies","json-key","C:\DoAnTotNghiep\V-Shield-2.0\View\package-lock.json","1483"
"fsevents","json-key","C:\DoAnTotNghiep\V-Shield-2.0\View\package-lock.json","1484"
"version","json-key","C:\DoAnTotNghiep\V-Shield-2.0\View\package-lock.json","1488"
"resolved","json-key","C:\DoAnTotNghiep\V-Shield-2.0\View\package-lock.json","1489"
"integrity","json-key","C:\DoAnTotNghiep\V-Shield-2.0\View\package-lock.json","1490"
"dev","json-key","C:\DoAnTotNghiep\V-Shield-2.0\View\package-lock.json","1491"
"license","json-key","C:\DoAnTotNghiep\V-Shield-2.0\View\package-lock.json","1492"
"dependencies","json-key","C:\DoAnTotNghiep\V-Shield-2.0\View\package-lock.json","1493"
"engines","json-key","C:\DoAnTotNghiep\V-Shield-2.0\View\package-lock.json","1496"
"node","json-key","C:\DoAnTotNghiep\V-Shield-2.0\View\package-lock.json","1497"
"version","json-key","C:\DoAnTotNghiep\V-Shield-2.0\View\package-lock.json","1501"
"resolved","json-key","C:\DoAnTotNghiep\V-Shield-2.0\View\package-lock.json","1502"
"integrity","json-key","C:\DoAnTotNghiep\V-Shield-2.0\View\package-lock.json","1503"
"license","json-key","C:\DoAnTotNghiep\V-Shield-2.0\View\package-lock.json","1504"
"dependencies","json-key","C:\DoAnTotNghiep\V-Shield-2.0\View\package-lock.json","1505"
"version","json-key","C:\DoAnTotNghiep\V-Shield-2.0\View\package-lock.json","1512"
"resolved","json-key","C:\DoAnTotNghiep\V-Shield-2.0\View\package-lock.json","1513"
"integrity","json-key","C:\DoAnTotNghiep\V-Shield-2.0\View\package-lock.json","1514"
"license","json-key","C:\DoAnTotNghiep\V-Shield-2.0\View\package-lock.json","1515"
"dependencies","json-key","C:\DoAnTotNghiep\V-Shield-2.0\View\package-lock.json","1516"
"engines","json-key","C:\DoAnTotNghiep\V-Shield-2.0\View\package-lock.json","1519"
"node","json-key","C:\DoAnTotNghiep\V-Shield-2.0\View\package-lock.json","1520"
"version","json-key","C:\DoAnTotNghiep\V-Shield-2.0\View\package-lock.json","1524"
"resolved","json-key","C:\DoAnTotNghiep\V-Shield-2.0\View\package-lock.json","1525"
"integrity","json-key","C:\DoAnTotNghiep\V-Shield-2.0\View\package-lock.json","1526"
"license","json-key","C:\DoAnTotNghiep\V-Shield-2.0\View\package-lock.json","1527"
"version","json-key","C:\DoAnTotNghiep\V-Shield-2.0\View\package-lock.json","1530"
"resolved","json-key","C:\DoAnTotNghiep\V-Shield-2.0\View\package-lock.json","1531"
"integrity","json-key","C:\DoAnTotNghiep\V-Shield-2.0\View\package-lock.json","1532"
"license","json-key","C:\DoAnTotNghiep\V-Shield-2.0\View\package-lock.json","1533"
"dependencies","json-key","C:\DoAnTotNghiep\V-Shield-2.0\View\package-lock.json","1534"
"engines","json-key","C:\DoAnTotNghiep\V-Shield-2.0\View\package-lock.json","1537"
"node","json-key","C:\DoAnTotNghiep\V-Shield-2.0\View\package-lock.json","1538"
"version","json-key","C:\DoAnTotNghiep\V-Shield-2.0\View\package-lock.json","1542"
"resolved","json-key","C:\DoAnTotNghiep\V-Shield-2.0\View\package-lock.json","1543"
"integrity","json-key","C:\DoAnTotNghiep\V-Shield-2.0\View\package-lock.json","1544"
"dev","json-key","C:\DoAnTotNghiep\V-Shield-2.0\View\package-lock.json","1545"
"license","json-key","C:\DoAnTotNghiep\V-Shield-2.0\View\package-lock.json","1546"
"engines","json-key","C:\DoAnTotNghiep\V-Shield-2.0\View\package-lock.json","1547"
"node","json-key","C:\DoAnTotNghiep\V-Shield-2.0\View\package-lock.json","1548"
"version","json-key","C:\DoAnTotNghiep\V-Shield-2.0\View\package-lock.json","1552"
"resolved","json-key","C:\DoAnTotNghiep\V-Shield-2.0\View\package-lock.json","1553"
"integrity","json-key","C:\DoAnTotNghiep\V-Shield-2.0\View\package-lock.json","1554"
"dev","json-key","C:\DoAnTotNghiep\V-Shield-2.0\View\package-lock.json","1555"
"license","json-key","C:\DoAnTotNghiep\V-Shield-2.0\View\package-lock.json","1556"
"bin","json-key","C:\DoAnTotNghiep\V-Shield-2.0\View\package-lock.json","1557"
"cssesc","json-key","C:\DoAnTotNghiep\V-Shield-2.0\View\package-lock.json","1558"
"engines","json-key","C:\DoAnTotNghiep\V-Shield-2.0\View\package-lock.json","1560"
"node","json-key","C:\DoAnTotNghiep\V-Shield-2.0\View\package-lock.json","1561"
"version","json-key","C:\DoAnTotNghiep\V-Shield-2.0\View\package-lock.json","1565"
"resolved","json-key","C:\DoAnTotNghiep\V-Shield-2.0\View\package-lock.json","1566"
"integrity","json-key","C:\DoAnTotNghiep\V-Shield-2.0\View\package-lock.json","1567"
"license","json-key","C:\DoAnTotNghiep\V-Shield-2.0\View\package-lock.json","1568"
"version","json-key","C:\DoAnTotNghiep\V-Shield-2.0\View\package-lock.json","1571"
"resolved","json-key","C:\DoAnTotNghiep\V-Shield-2.0\View\package-lock.json","1572"
"integrity","json-key","C:\DoAnTotNghiep\V-Shield-2.0\View\package-lock.json","1573"
"license","json-key","C:\DoAnTotNghiep\V-Shield-2.0\View\package-lock.json","1574"
"engines","json-key","C:\DoAnTotNghiep\V-Shield-2.0\View\package-lock.json","1575"
"node","json-key","C:\DoAnTotNghiep\V-Shield-2.0\View\package-lock.json","1576"
"version","json-key","C:\DoAnTotNghiep\V-Shield-2.0\View\package-lock.json","1580"
"resolved","json-key","C:\DoAnTotNghiep\V-Shield-2.0\View\package-lock.json","1581"
"integrity","json-key","C:\DoAnTotNghiep\V-Shield-2.0\View\package-lock.json","1582"
"license","json-key","C:\DoAnTotNghiep\V-Shield-2.0\View\package-lock.json","1583"
"engines","json-key","C:\DoAnTotNghiep\V-Shield-2.0\View\package-lock.json","1584"
"node","json-key","C:\DoAnTotNghiep\V-Shield-2.0\View\package-lock.json","1585"
"version","json-key","C:\DoAnTotNghiep\V-Shield-2.0\View\package-lock.json","1589"
"resolved","json-key","C:\DoAnTotNghiep\V-Shield-2.0\View\package-lock.json","1590"
"integrity","json-key","C:\DoAnTotNghiep\V-Shield-2.0\View\package-lock.json","1591"
"dev","json-key","C:\DoAnTotNghiep\V-Shield-2.0\View\package-lock.json","1592"
"license","json-key","C:\DoAnTotNghiep\V-Shield-2.0\View\package-lock.json","1593"
"version","json-key","C:\DoAnTotNghiep\V-Shield-2.0\View\package-lock.json","1596"
"resolved","json-key","C:\DoAnTotNghiep\V-Shield-2.0\View\package-lock.json","1597"
"integrity","json-key","C:\DoAnTotNghiep\V-Shield-2.0\View\package-lock.json","1598"
"license","json-key","C:\DoAnTotNghiep\V-Shield-2.0\View\package-lock.json","1599"
"version","json-key","C:\DoAnTotNghiep\V-Shield-2.0\View\package-lock.json","1602"
"resolved","json-key","C:\DoAnTotNghiep\V-Shield-2.0\View\package-lock.json","1603"
"integrity","json-key","C:\DoAnTotNghiep\V-Shield-2.0\View\package-lock.json","1604"
"dev","json-key","C:\DoAnTotNghiep\V-Shield-2.0\View\package-lock.json","1605"
"license","json-key","C:\DoAnTotNghiep\V-Shield-2.0\View\package-lock.json","1606"
"version","json-key","C:\DoAnTotNghiep\V-Shield-2.0\View\package-lock.json","1609"
"resolved","json-key","C:\DoAnTotNghiep\V-Shield-2.0\View\package-lock.json","1610"
"integrity","json-key","C:\DoAnTotNghiep\V-Shield-2.0\View\package-lock.json","1611"
"license","json-key","C:\DoAnTotNghiep\V-Shield-2.0\View\package-lock.json","1612"
"dependencies","json-key","C:\DoAnTotNghiep\V-Shield-2.0\View\package-lock.json","1613"
"gopd","json-key","C:\DoAnTotNghiep\V-Shield-2.0\View\package-lock.json","1616"
"engines","json-key","C:\DoAnTotNghiep\V-Shield-2.0\View\package-lock.json","1618"
"node","json-key","C:\DoAnTotNghiep\V-Shield-2.0\View\package-lock.json","1619"
"version","json-key","C:\DoAnTotNghiep\V-Shield-2.0\View\package-lock.json","1623"
"resolved","json-key","C:\DoAnTotNghiep\V-Shield-2.0\View\package-lock.json","1624"
"integrity","json-key","C:\DoAnTotNghiep\V-Shield-2.0\View\package-lock.json","1625"
"dev","json-key","C:\DoAnTotNghiep\V-Shield-2.0\View\package-lock.json","1626"
"license","json-key","C:\DoAnTotNghiep\V-Shield-2.0\View\package-lock.json","1627"
"version","json-key","C:\DoAnTotNghiep\V-Shield-2.0\View\package-lock.json","1630"
"resolved","json-key","C:\DoAnTotNghiep\V-Shield-2.0\View\package-lock.json","1631"
"integrity","json-key","C:\DoAnTotNghiep\V-Shield-2.0\View\package-lock.json","1632"
"license","json-key","C:\DoAnTotNghiep\V-Shield-2.0\View\package-lock.json","1633"
"version","json-key","C:\DoAnTotNghiep\V-Shield-2.0\View\package-lock.json","1636"
"resolved","json-key","C:\DoAnTotNghiep\V-Shield-2.0\View\package-lock.json","1637"
"integrity","json-key","C:\DoAnTotNghiep\V-Shield-2.0\View\package-lock.json","1638"
"license","json-key","C:\DoAnTotNghiep\V-Shield-2.0\View\package-lock.json","1639"
"engines","json-key","C:\DoAnTotNghiep\V-Shield-2.0\View\package-lock.json","1640"
"node","json-key","C:\DoAnTotNghiep\V-Shield-2.0\View\package-lock.json","1641"
"funding","json-key","C:\DoAnTotNghiep\V-Shield-2.0\View\package-lock.json","1643"
"url","json-key","C:\DoAnTotNghiep\V-Shield-2.0\View\package-lock.json","1644"
"version","json-key","C:\DoAnTotNghiep\V-Shield-2.0\View\package-lock.json","1648"
"resolved","json-key","C:\DoAnTotNghiep\V-Shield-2.0\View\package-lock.json","1649"
"integrity","json-key","C:\DoAnTotNghiep\V-Shield-2.0\View\package-lock.json","1650"
"license","json-key","C:\DoAnTotNghiep\V-Shield-2.0\View\package-lock.json","1651"
"engines","json-key","C:\DoAnTotNghiep\V-Shield-2.0\View\package-lock.json","1652"
"node","json-key","C:\DoAnTotNghiep\V-Shield-2.0\View\package-lock.json","1653"
"version","json-key","C:\DoAnTotNghiep\V-Shield-2.0\View\package-lock.json","1657"
"resolved","json-key","C:\DoAnTotNghiep\V-Shield-2.0\View\package-lock.json","1658"
"integrity","json-key","C:\DoAnTotNghiep\V-Shield-2.0\View\package-lock.json","1659"
"license","json-key","C:\DoAnTotNghiep\V-Shield-2.0\View\package-lock.json","1660"
"engines","json-key","C:\DoAnTotNghiep\V-Shield-2.0\View\package-lock.json","1661"
"node","json-key","C:\DoAnTotNghiep\V-Shield-2.0\View\package-lock.json","1662"
"version","json-key","C:\DoAnTotNghiep\V-Shield-2.0\View\package-lock.json","1666"
"resolved","json-key","C:\DoAnTotNghiep\V-Shield-2.0\View\package-lock.json","1667"
"integrity","json-key","C:\DoAnTotNghiep\V-Shield-2.0\View\package-lock.json","1668"
"license","json-key","C:\DoAnTotNghiep\V-Shield-2.0\View\package-lock.json","1669"
"dependencies","json-key","C:\DoAnTotNghiep\V-Shield-2.0\View\package-lock.json","1670"
"engines","json-key","C:\DoAnTotNghiep\V-Shield-2.0\View\package-lock.json","1673"
"node","json-key","C:\DoAnTotNghiep\V-Shield-2.0\View\package-lock.json","1674"
"version","json-key","C:\DoAnTotNghiep\V-Shield-2.0\View\package-lock.json","1678"
"resolved","json-key","C:\DoAnTotNghiep\V-Shield-2.0\View\package-lock.json","1679"
"integrity","json-key","C:\DoAnTotNghiep\V-Shield-2.0\View\package-lock.json","1680"
"license","json-key","C:\DoAnTotNghiep\V-Shield-2.0\View\package-lock.json","1681"
"dependencies","json-key","C:\DoAnTotNghiep\V-Shield-2.0\View\package-lock.json","1682"
"hasown","json-key","C:\DoAnTotNghiep\V-Shield-2.0\View\package-lock.json","1686"
"engines","json-key","C:\DoAnTotNghiep\V-Shield-2.0\View\package-lock.json","1688"
"node","json-key","C:\DoAnTotNghiep\V-Shield-2.0\View\package-lock.json","1689"
"version","json-key","C:\DoAnTotNghiep\V-Shield-2.0\View\package-lock.json","1693"
"resolved","json-key","C:\DoAnTotNghiep\V-Shield-2.0\View\package-lock.json","1694"
"integrity","json-key","C:\DoAnTotNghiep\V-Shield-2.0\View\package-lock.json","1695"
"dev","json-key","C:\DoAnTotNghiep\V-Shield-2.0\View\package-lock.json","1696"
"hasInstallScript","json-key","C:\DoAnTotNghiep\V-Shield-2.0\View\package-lock.json","1697"
"license","json-key","C:\DoAnTotNghiep\V-Shield-2.0\View\package-lock.json","1698"
"bin","json-key","C:\DoAnTotNghiep\V-Shield-2.0\View\package-lock.json","1699"
"esbuild","json-key","C:\DoAnTotNghiep\V-Shield-2.0\View\package-lock.json","1700"
"engines","json-key","C:\DoAnTotNghiep\V-Shield-2.0\View\package-lock.json","1702"
"node","json-key","C:\DoAnTotNghiep\V-Shield-2.0\View\package-lock.json","1703"
"optionalDependencies","json-key","C:\DoAnTotNghiep\V-Shield-2.0\View\package-lock.json","1705"
"version","json-key","C:\DoAnTotNghiep\V-Shield-2.0\View\package-lock.json","1735"
"resolved","json-key","C:\DoAnTotNghiep\V-Shield-2.0\View\package-lock.json","1736"
"integrity","json-key","C:\DoAnTotNghiep\V-Shield-2.0\View\package-lock.json","1737"
"dev","json-key","C:\DoAnTotNghiep\V-Shield-2.0\View\package-lock.json","1738"
"license","json-key","C:\DoAnTotNghiep\V-Shield-2.0\View\package-lock.json","1739"
"engines","json-key","C:\DoAnTotNghiep\V-Shield-2.0\View\package-lock.json","1740"
"node","json-key","C:\DoAnTotNghiep\V-Shield-2.0\View\package-lock.json","1741"
"version","json-key","C:\DoAnTotNghiep\V-Shield-2.0\View\package-lock.json","1745"
"resolved","json-key","C:\DoAnTotNghiep\V-Shield-2.0\View\package-lock.json","1746"
"integrity","json-key","C:\DoAnTotNghiep\V-Shield-2.0\View\package-lock.json","1747"
"license","json-key","C:\DoAnTotNghiep\V-Shield-2.0\View\package-lock.json","1748"
"version","json-key","C:\DoAnTotNghiep\V-Shield-2.0\View\package-lock.json","1751"
"resolved","json-key","C:\DoAnTotNghiep\V-Shield-2.0\View\package-lock.json","1752"
"integrity","json-key","C:\DoAnTotNghiep\V-Shield-2.0\View\package-lock.json","1753"
"dev","json-key","C:\DoAnTotNghiep\V-Shield-2.0\View\package-lock.json","1754"
"license","json-key","C:\DoAnTotNghiep\V-Shield-2.0\View\package-lock.json","1755"
"dependencies","json-key","C:\DoAnTotNghiep\V-Shield-2.0\View\package-lock.json","1756"
"merge2","json-key","C:\DoAnTotNghiep\V-Shield-2.0\View\package-lock.json","1760"
"micromatch","json-key","C:\DoAnTotNghiep\V-Shield-2.0\View\package-lock.json","1761"
"engines","json-key","C:\DoAnTotNghiep\V-Shield-2.0\View\package-lock.json","1763"
"node","json-key","C:\DoAnTotNghiep\V-Shield-2.0\View\package-lock.json","1764"
"version","json-key","C:\DoAnTotNghiep\V-Shield-2.0\View\package-lock.json","1768"
"resolved","json-key","C:\DoAnTotNghiep\V-Shield-2.0\View\package-lock.json","1769"
"integrity","json-key","C:\DoAnTotNghiep\V-Shield-2.0\View\package-lock.json","1770"
"dev","json-key","C:\DoAnTotNghiep\V-Shield-2.0\View\package-lock.json","1771"
"license","json-key","C:\DoAnTotNghiep\V-Shield-2.0\View\package-lock.json","1772"
"dependencies","json-key","C:\DoAnTotNghiep\V-Shield-2.0\View\package-lock.json","1773"
"engines","json-key","C:\DoAnTotNghiep\V-Shield-2.0\View\package-lock.json","1776"
"node","json-key","C:\DoAnTotNghiep\V-Shield-2.0\View\package-lock.json","1777"
"version","json-key","C:\DoAnTotNghiep\V-Shield-2.0\View\package-lock.json","1781"
"resolved","json-key","C:\DoAnTotNghiep\V-Shield-2.0\View\package-lock.json","1782"
"integrity","json-key","C:\DoAnTotNghiep\V-Shield-2.0\View\package-lock.json","1783"
"dev","json-key","C:\DoAnTotNghiep\V-Shield-2.0\View\package-lock.json","1784"
"license","json-key","C:\DoAnTotNghiep\V-Shield-2.0\View\package-lock.json","1785"
"dependencies","json-key","C:\DoAnTotNghiep\V-Shield-2.0\View\package-lock.json","1786"
"reusify","json-key","C:\DoAnTotNghiep\V-Shield-2.0\View\package-lock.json","1787"
"version","json-key","C:\DoAnTotNghiep\V-Shield-2.0\View\package-lock.json","1791"
"resolved","json-key","C:\DoAnTotNghiep\V-Shield-2.0\View\package-lock.json","1792"
"integrity","json-key","C:\DoAnTotNghiep\V-Shield-2.0\View\package-lock.json","1793"
"dev","json-key","C:\DoAnTotNghiep\V-Shield-2.0\View\package-lock.json","1794"
"license","json-key","C:\DoAnTotNghiep\V-Shield-2.0\View\package-lock.json","1795"
"engines","json-key","C:\DoAnTotNghiep\V-Shield-2.0\View\package-lock.json","1796"
"node","json-key","C:\DoAnTotNghiep\V-Shield-2.0\View\package-lock.json","1797"
"peerDependencies","json-key","C:\DoAnTotNghiep\V-Shield-2.0\View\package-lock.json","1799"
"picomatch","json-key","C:\DoAnTotNghiep\V-Shield-2.0\View\package-lock.json","1800"
"peerDependenciesMeta","json-key","C:\DoAnTotNghiep\V-Shield-2.0\View\package-lock.json","1802"
"picomatch","json-key","C:\DoAnTotNghiep\V-Shield-2.0\View\package-lock.json","1803"
"optional","json-key","C:\DoAnTotNghiep\V-Shield-2.0\View\package-lock.json","1804"
"version","json-key","C:\DoAnTotNghiep\V-Shield-2.0\View\package-lock.json","1809"
"resolved","json-key","C:\DoAnTotNghiep\V-Shield-2.0\View\package-lock.json","1810"
"integrity","json-key","C:\DoAnTotNghiep\V-Shield-2.0\View\package-lock.json","1811"
"dev","json-key","C:\DoAnTotNghiep\V-Shield-2.0\View\package-lock.json","1812"
"license","json-key","C:\DoAnTotNghiep\V-Shield-2.0\View\package-lock.json","1813"
"dependencies","json-key","C:\DoAnTotNghiep\V-Shield-2.0\View\package-lock.json","1814"
"engines","json-key","C:\DoAnTotNghiep\V-Shield-2.0\View\package-lock.json","1817"
"node","json-key","C:\DoAnTotNghiep\V-Shield-2.0\View\package-lock.json","1818"
"version","json-key","C:\DoAnTotNghiep\V-Shield-2.0\View\package-lock.json","1822"
"resolved","json-key","C:\DoAnTotNghiep\V-Shield-2.0\View\package-lock.json","1823"
"integrity","json-key","C:\DoAnTotNghiep\V-Shield-2.0\View\package-lock.json","1824"
"license","json-key","C:\DoAnTotNghiep\V-Shield-2.0\View\package-lock.json","1825"
"dependencies","json-key","C:\DoAnTotNghiep\V-Shield-2.0\View\package-lock.json","1826"
"engines","json-key","C:\DoAnTotNghiep\V-Shield-2.0\View\package-lock.json","1830"
"node","json-key","C:\DoAnTotNghiep\V-Shield-2.0\View\package-lock.json","1831"
"version","json-key","C:\DoAnTotNghiep\V-Shield-2.0\View\package-lock.json","1835"
"resolved","json-key","C:\DoAnTotNghiep\V-Shield-2.0\View\package-lock.json","1836"
"integrity","json-key","C:\DoAnTotNghiep\V-Shield-2.0\View\package-lock.json","1837"
"funding","json-key","C:\DoAnTotNghiep\V-Shield-2.0\View\package-lock.json","1838"
"type","json-key","C:\DoAnTotNghiep\V-Shield-2.0\View\package-lock.json","1840"
"url","json-key","C:\DoAnTotNghiep\V-Shield-2.0\View\package-lock.json","1841"
"license","json-key","C:\DoAnTotNghiep\V-Shield-2.0\View\package-lock.json","1844"
"engines","json-key","C:\DoAnTotNghiep\V-Shield-2.0\View\package-lock.json","1845"
"node","json-key","C:\DoAnTotNghiep\V-Shield-2.0\View\package-lock.json","1846"
"peerDependenciesMeta","json-key","C:\DoAnTotNghiep\V-Shield-2.0\View\package-lock.json","1848"
"debug","json-key","C:\DoAnTotNghiep\V-Shield-2.0\View\package-lock.json","1849"
"optional","json-key","C:\DoAnTotNghiep\V-Shield-2.0\View\package-lock.json","1850"
"version","json-key","C:\DoAnTotNghiep\V-Shield-2.0\View\package-lock.json","1855"
"resolved","json-key","C:\DoAnTotNghiep\V-Shield-2.0\View\package-lock.json","1856"
"integrity","json-key","C:\DoAnTotNghiep\V-Shield-2.0\View\package-lock.json","1857"
"license","json-key","C:\DoAnTotNghiep\V-Shield-2.0\View\package-lock.json","1858"
"dependencies","json-key","C:\DoAnTotNghiep\V-Shield-2.0\View\package-lock.json","1859"
"asynckit","json-key","C:\DoAnTotNghiep\V-Shield-2.0\View\package-lock.json","1860"
"hasown","json-key","C:\DoAnTotNghiep\V-Shield-2.0\View\package-lock.json","1863"
"engines","json-key","C:\DoAnTotNghiep\V-Shield-2.0\View\package-lock.json","1866"
"node","json-key","C:\DoAnTotNghiep\V-Shield-2.0\View\package-lock.json","1867"
"version","json-key","C:\DoAnTotNghiep\V-Shield-2.0\View\package-lock.json","1871"
"resolved","json-key","C:\DoAnTotNghiep\V-Shield-2.0\View\package-lock.json","1872"
"integrity","json-key","C:\DoAnTotNghiep\V-Shield-2.0\View\package-lock.json","1873"
"dev","json-key","C:\DoAnTotNghiep\V-Shield-2.0\View\package-lock.json","1874"
"license","json-key","C:\DoAnTotNghiep\V-Shield-2.0\View\package-lock.json","1875"
"engines","json-key","C:\DoAnTotNghiep\V-Shield-2.0\View\package-lock.json","1876"
"node","json-key","C:\DoAnTotNghiep\V-Shield-2.0\View\package-lock.json","1877"
"funding","json-key","C:\DoAnTotNghiep\V-Shield-2.0\View\package-lock.json","1879"
"type","json-key","C:\DoAnTotNghiep\V-Shield-2.0\View\package-lock.json","1880"
"url","json-key","C:\DoAnTotNghiep\V-Shield-2.0\View\package-lock.json","1881"
"version","json-key","C:\DoAnTotNghiep\V-Shield-2.0\View\package-lock.json","1885"
"resolved","json-key","C:\DoAnTotNghiep\V-Shield-2.0\View\package-lock.json","1886"
"integrity","json-key","C:\DoAnTotNghiep\V-Shield-2.0\View\package-lock.json","1887"
"dev","json-key","C:\DoAnTotNghiep\V-Shield-2.0\View\package-lock.json","1888"
"hasInstallScript","json-key","C:\DoAnTotNghiep\V-Shield-2.0\View\package-lock.json","1889"
"license","json-key","C:\DoAnTotNghiep\V-Shield-2.0\View\package-lock.json","1890"
"optional","json-key","C:\DoAnTotNghiep\V-Shield-2.0\View\package-lock.json","1891"
"os","json-key","C:\DoAnTotNghiep\V-Shield-2.0\View\package-lock.json","1892"
"engines","json-key","C:\DoAnTotNghiep\V-Shield-2.0\View\package-lock.json","1895"
"node","json-key","C:\DoAnTotNghiep\V-Shield-2.0\View\package-lock.json","1896"
"version","json-key","C:\DoAnTotNghiep\V-Shield-2.0\View\package-lock.json","1900"
"resolved","json-key","C:\DoAnTotNghiep\V-Shield-2.0\View\package-lock.json","1901"
"integrity","json-key","C:\DoAnTotNghiep\V-Shield-2.0\View\package-lock.json","1902"
"license","json-key","C:\DoAnTotNghiep\V-Shield-2.0\View\package-lock.json","1903"
"funding","json-key","C:\DoAnTotNghiep\V-Shield-2.0\View\package-lock.json","1904"
"url","json-key","C:\DoAnTotNghiep\V-Shield-2.0\View\package-lock.json","1905"
"version","json-key","C:\DoAnTotNghiep\V-Shield-2.0\View\package-lock.json","1909"
"resolved","json-key","C:\DoAnTotNghiep\V-Shield-2.0\View\package-lock.json","1910"
"integrity","json-key","C:\DoAnTotNghiep\V-Shield-2.0\View\package-lock.json","1911"
"license","json-key","C:\DoAnTotNghiep\V-Shield-2.0\View\package-lock.json","1912"
"engines","json-key","C:\DoAnTotNghiep\V-Shield-2.0\View\package-lock.json","1913"
"node","json-key","C:\DoAnTotNghiep\V-Shield-2.0\View\package-lock.json","1914"
"version","json-key","C:\DoAnTotNghiep\V-Shield-2.0\View\package-lock.json","1918"
"resolved","json-key","C:\DoAnTotNghiep\V-Shield-2.0\View\package-lock.json","1919"
"integrity","json-key","C:\DoAnTotNghiep\V-Shield-2.0\View\package-lock.json","1920"
"license","json-key","C:\DoAnTotNghiep\V-Shield-2.0\View\package-lock.json","1921"
"dependencies","json-key","C:\DoAnTotNghiep\V-Shield-2.0\View\package-lock.json","1922"
"gopd","json-key","C:\DoAnTotNghiep\V-Shield-2.0\View\package-lock.json","1929"
"hasown","json-key","C:\DoAnTotNghiep\V-Shield-2.0\View\package-lock.json","1931"
"engines","json-key","C:\DoAnTotNghiep\V-Shield-2.0\View\package-lock.json","1934"
"node","json-key","C:\DoAnTotNghiep\V-Shield-2.0\View\package-lock.json","1935"
"funding","json-key","C:\DoAnTotNghiep\V-Shield-2.0\View\package-lock.json","1937"
"url","json-key","C:\DoAnTotNghiep\V-Shield-2.0\View\package-lock.json","1938"
"version","json-key","C:\DoAnTotNghiep\V-Shield-2.0\View\package-lock.json","1942"
"resolved","json-key","C:\DoAnTotNghiep\V-Shield-2.0\View\package-lock.json","1943"
"integrity","json-key","C:\DoAnTotNghiep\V-Shield-2.0\View\package-lock.json","1944"
"license","json-key","C:\DoAnTotNghiep\V-Shield-2.0\View\package-lock.json","1945"
"dependencies","json-key","C:\DoAnTotNghiep\V-Shield-2.0\View\package-lock.json","1946"
"engines","json-key","C:\DoAnTotNghiep\V-Shield-2.0\View\package-lock.json","1950"
"node","json-key","C:\DoAnTotNghiep\V-Shield-2.0\View\package-lock.json","1951"
"version","json-key","C:\DoAnTotNghiep\V-Shield-2.0\View\package-lock.json","1955"
"resolved","json-key","C:\DoAnTotNghiep\V-Shield-2.0\View\package-lock.json","1956"
"integrity","json-key","C:\DoAnTotNghiep\V-Shield-2.0\View\package-lock.json","1957"
"dev","json-key","C:\DoAnTotNghiep\V-Shield-2.0\View\package-lock.json","1958"
"license","json-key","C:\DoAnTotNghiep\V-Shield-2.0\View\package-lock.json","1959"
"dependencies","json-key","C:\DoAnTotNghiep\V-Shield-2.0\View\package-lock.json","1960"
"engines","json-key","C:\DoAnTotNghiep\V-Shield-2.0\View\package-lock.json","1963"
"node","json-key","C:\DoAnTotNghiep\V-Shield-2.0\View\package-lock.json","1964"
"version","json-key","C:\DoAnTotNghiep\V-Shield-2.0\View\package-lock.json","1968"
"resolved","json-key","C:\DoAnTotNghiep\V-Shield-2.0\View\package-lock.json","1969"
"integrity","json-key","C:\DoAnTotNghiep\V-Shield-2.0\View\package-lock.json","1970"
"license","json-key","C:\DoAnTotNghiep\V-Shield-2.0\View\package-lock.json","1971"
"engines","json-key","C:\DoAnTotNghiep\V-Shield-2.0\View\package-lock.json","1972"
"node","json-key","C:\DoAnTotNghiep\V-Shield-2.0\View\package-lock.json","1973"
"funding","json-key","C:\DoAnTotNghiep\V-Shield-2.0\View\package-lock.json","1975"
"url","json-key","C:\DoAnTotNghiep\V-Shield-2.0\View\package-lock.json","1976"
"version","json-key","C:\DoAnTotNghiep\V-Shield-2.0\View\package-lock.json","1980"
"resolved","json-key","C:\DoAnTotNghiep\V-Shield-2.0\View\package-lock.json","1981"
"integrity","json-key","C:\DoAnTotNghiep\V-Shield-2.0\View\package-lock.json","1982"
"license","json-key","C:\DoAnTotNghiep\V-Shield-2.0\View\package-lock.json","1983"
"engines","json-key","C:\DoAnTotNghiep\V-Shield-2.0\View\package-lock.json","1984"
"node","json-key","C:\DoAnTotNghiep\V-Shield-2.0\View\package-lock.json","1985"
"funding","json-key","C:\DoAnTotNghiep\V-Shield-2.0\View\package-lock.json","1987"
"url","json-key","C:\DoAnTotNghiep\V-Shield-2.0\View\package-lock.json","1988"
"version","json-key","C:\DoAnTotNghiep\V-Shield-2.0\View\package-lock.json","1992"
"resolved","json-key","C:\DoAnTotNghiep\V-Shield-2.0\View\package-lock.json","1993"
"integrity","json-key","C:\DoAnTotNghiep\V-Shield-2.0\View\package-lock.json","1994"
"license","json-key","C:\DoAnTotNghiep\V-Shield-2.0\View\package-lock.json","1995"
"dependencies","json-key","C:\DoAnTotNghiep\V-Shield-2.0\View\package-lock.json","1996"
"engines","json-key","C:\DoAnTotNghiep\V-Shield-2.0\View\package-lock.json","1999"
"node","json-key","C:\DoAnTotNghiep\V-Shield-2.0\View\package-lock.json","2000"
"funding","json-key","C:\DoAnTotNghiep\V-Shield-2.0\View\package-lock.json","2002"
"url","json-key","C:\DoAnTotNghiep\V-Shield-2.0\View\package-lock.json","2003"
"version","json-key","C:\DoAnTotNghiep\V-Shield-2.0\View\package-lock.json","2007"
"resolved","json-key","C:\DoAnTotNghiep\V-Shield-2.0\View\package-lock.json","2008"
"integrity","json-key","C:\DoAnTotNghiep\V-Shield-2.0\View\package-lock.json","2009"
"license","json-key","C:\DoAnTotNghiep\V-Shield-2.0\View\package-lock.json","2010"
"dependencies","json-key","C:\DoAnTotNghiep\V-Shield-2.0\View\package-lock.json","2011"
"engines","json-key","C:\DoAnTotNghiep\V-Shield-2.0\View\package-lock.json","2014"
"node","json-key","C:\DoAnTotNghiep\V-Shield-2.0\View\package-lock.json","2015"
"version","json-key","C:\DoAnTotNghiep\V-Shield-2.0\View\package-lock.json","2019"
"resolved","json-key","C:\DoAnTotNghiep\V-Shield-2.0\View\package-lock.json","2020"
"integrity","json-key","C:\DoAnTotNghiep\V-Shield-2.0\View\package-lock.json","2021"
"license","json-key","C:\DoAnTotNghiep\V-Shield-2.0\View\package-lock.json","2022"
"version","json-key","C:\DoAnTotNghiep\V-Shield-2.0\View\package-lock.json","2025"
"resolved","json-key","C:\DoAnTotNghiep\V-Shield-2.0\View\package-lock.json","2026"
"integrity","json-key","C:\DoAnTotNghiep\V-Shield-2.0\View\package-lock.json","2027"
"dev","json-key","C:\DoAnTotNghiep\V-Shield-2.0\View\package-lock.json","2028"
"license","json-key","C:\DoAnTotNghiep\V-Shield-2.0\View\package-lock.json","2029"
"dependencies","json-key","C:\DoAnTotNghiep\V-Shield-2.0\View\package-lock.json","2030"
"engines","json-key","C:\DoAnTotNghiep\V-Shield-2.0\View\package-lock.json","2033"
"node","json-key","C:\DoAnTotNghiep\V-Shield-2.0\View\package-lock.json","2034"
"version","json-key","C:\DoAnTotNghiep\V-Shield-2.0\View\package-lock.json","2038"
"resolved","json-key","C:\DoAnTotNghiep\V-Shield-2.0\View\package-lock.json","2039"
"integrity","json-key","C:\DoAnTotNghiep\V-Shield-2.0\View\package-lock.json","2040"
"dev","json-key","C:\DoAnTotNghiep\V-Shield-2.0\View\package-lock.json","2041"
"license","json-key","C:\DoAnTotNghiep\V-Shield-2.0\View\package-lock.json","2042"
"dependencies","json-key","C:\DoAnTotNghiep\V-Shield-2.0\View\package-lock.json","2043"
"hasown","json-key","C:\DoAnTotNghiep\V-Shield-2.0\View\package-lock.json","2044"
"engines","json-key","C:\DoAnTotNghiep\V-Shield-2.0\View\package-lock.json","2046"
"node","json-key","C:\DoAnTotNghiep\V-Shield-2.0\View\package-lock.json","2047"
"funding","json-key","C:\DoAnTotNghiep\V-Shield-2.0\View\package-lock.json","2049"
"url","json-key","C:\DoAnTotNghiep\V-Shield-2.0\View\package-lock.json","2050"
"version","json-key","C:\DoAnTotNghiep\V-Shield-2.0\View\package-lock.json","2054"
"resolved","json-key","C:\DoAnTotNghiep\V-Shield-2.0\View\package-lock.json","2055"
"integrity","json-key","C:\DoAnTotNghiep\V-Shield-2.0\View\package-lock.json","2056"
"dev","json-key","C:\DoAnTotNghiep\V-Shield-2.0\View\package-lock.json","2057"
"license","json-key","C:\DoAnTotNghiep\V-Shield-2.0\View\package-lock.json","2058"
"engines","json-key","C:\DoAnTotNghiep\V-Shield-2.0\View\package-lock.json","2059"
"node","json-key","C:\DoAnTotNghiep\V-Shield-2.0\View\package-lock.json","2060"
"version","json-key","C:\DoAnTotNghiep\V-Shield-2.0\View\package-lock.json","2064"
"resolved","json-key","C:\DoAnTotNghiep\V-Shield-2.0\View\package-lock.json","2065"
"integrity","json-key","C:\DoAnTotNghiep\V-Shield-2.0\View\package-lock.json","2066"
"license","json-key","C:\DoAnTotNghiep\V-Shield-2.0\View\package-lock.json","2067"
"engines","json-key","C:\DoAnTotNghiep\V-Shield-2.0\View\package-lock.json","2068"
"node","json-key","C:\DoAnTotNghiep\V-Shield-2.0\View\package-lock.json","2069"
"version","json-key","C:\DoAnTotNghiep\V-Shield-2.0\View\package-lock.json","2073"
"resolved","json-key","C:\DoAnTotNghiep\V-Shield-2.0\View\package-lock.json","2074"
"integrity","json-key","C:\DoAnTotNghiep\V-Shield-2.0\View\package-lock.json","2075"
"dev","json-key","C:\DoAnTotNghiep\V-Shield-2.0\View\package-lock.json","2076"
"license","json-key","C:\DoAnTotNghiep\V-Shield-2.0\View\package-lock.json","2077"
"dependencies","json-key","C:\DoAnTotNghiep\V-Shield-2.0\View\package-lock.json","2078"
"engines","json-key","C:\DoAnTotNghiep\V-Shield-2.0\View\package-lock.json","2081"
"node","json-key","C:\DoAnTotNghiep\V-Shield-2.0\View\package-lock.json","2082"
"version","json-key","C:\DoAnTotNghiep\V-Shield-2.0\View\package-lock.json","2086"
"resolved","json-key","C:\DoAnTotNghiep\V-Shield-2.0\View\package-lock.json","2087"
"integrity","json-key","C:\DoAnTotNghiep\V-Shield-2.0\View\package-lock.json","2088"
"dev","json-key","C:\DoAnTotNghiep\V-Shield-2.0\View\package-lock.json","2089"
"license","json-key","C:\DoAnTotNghiep\V-Shield-2.0\View\package-lock.json","2090"
"engines","json-key","C:\DoAnTotNghiep\V-Shield-2.0\View\package-lock.json","2091"
"node","json-key","C:\DoAnTotNghiep\V-Shield-2.0\View\package-lock.json","2092"
"version","json-key","C:\DoAnTotNghiep\V-Shield-2.0\View\package-lock.json","2096"
"resolved","json-key","C:\DoAnTotNghiep\V-Shield-2.0\View\package-lock.json","2097"
"integrity","json-key","C:\DoAnTotNghiep\V-Shield-2.0\View\package-lock.json","2098"
"dev","json-key","C:\DoAnTotNghiep\V-Shield-2.0\View\package-lock.json","2099"
"license","json-key","C:\DoAnTotNghiep\V-Shield-2.0\View\package-lock.json","2100"
"bin","json-key","C:\DoAnTotNghiep\V-Shield-2.0\View\package-lock.json","2101"
"jiti","json-key","C:\DoAnTotNghiep\V-Shield-2.0\View\package-lock.json","2102"
"version","json-key","C:\DoAnTotNghiep\V-Shield-2.0\View\package-lock.json","2106"
"resolved","json-key","C:\DoAnTotNghiep\V-Shield-2.0\View\package-lock.json","2107"
"integrity","json-key","C:\DoAnTotNghiep\V-Shield-2.0\View\package-lock.json","2108"
"license","json-key","C:\DoAnTotNghiep\V-Shield-2.0\View\package-lock.json","2109"
"version","json-key","C:\DoAnTotNghiep\V-Shield-2.0\View\package-lock.json","2112"
"resolved","json-key","C:\DoAnTotNghiep\V-Shield-2.0\View\package-lock.json","2113"
"integrity","json-key","C:\DoAnTotNghiep\V-Shield-2.0\View\package-lock.json","2114"
"dev","json-key","C:\DoAnTotNghiep\V-Shield-2.0\View\package-lock.json","2115"
"license","json-key","C:\DoAnTotNghiep\V-Shield-2.0\View\package-lock.json","2116"
"engines","json-key","C:\DoAnTotNghiep\V-Shield-2.0\View\package-lock.json","2117"
"node","json-key","C:\DoAnTotNghiep\V-Shield-2.0\View\package-lock.json","2118"
"funding","json-key","C:\DoAnTotNghiep\V-Shield-2.0\View\package-lock.json","2120"
"url","json-key","C:\DoAnTotNghiep\V-Shield-2.0\View\package-lock.json","2121"
"version","json-key","C:\DoAnTotNghiep\V-Shield-2.0\View\package-lock.json","2125"
"resolved","json-key","C:\DoAnTotNghiep\V-Shield-2.0\View\package-lock.json","2126"
"integrity","json-key","C:\DoAnTotNghiep\V-Shield-2.0\View\package-lock.json","2127"
"dev","json-key","C:\DoAnTotNghiep\V-Shield-2.0\View\package-lock.json","2128"
"license","json-key","C:\DoAnTotNghiep\V-Shield-2.0\View\package-lock.json","2129"
"version","json-key","C:\DoAnTotNghiep\V-Shield-2.0\View\package-lock.json","2132"
"resolved","json-key","C:\DoAnTotNghiep\V-Shield-2.0\View\package-lock.json","2133"
"integrity","json-key","C:\DoAnTotNghiep\V-Shield-2.0\View\package-lock.json","2134"
"license","json-key","C:\DoAnTotNghiep\V-Shield-2.0\View\package-lock.json","2135"
"dependencies","json-key","C:\DoAnTotNghiep\V-Shield-2.0\View\package-lock.json","2136"
"engines","json-key","C:\DoAnTotNghiep\V-Shield-2.0\View\package-lock.json","2139"
"node","json-key","C:\DoAnTotNghiep\V-Shield-2.0\View\package-lock.json","2140"
"version","json-key","C:\DoAnTotNghiep\V-Shield-2.0\View\package-lock.json","2144"
"resolved","json-key","C:\DoAnTotNghiep\V-Shield-2.0\View\package-lock.json","2145"
"integrity","json-key","C:\DoAnTotNghiep\V-Shield-2.0\View\package-lock.json","2146"
"license","json-key","C:\DoAnTotNghiep\V-Shield-2.0\View\package-lock.json","2147"
"dependencies","json-key","C:\DoAnTotNghiep\V-Shield-2.0\View\package-lock.json","2148"
"version","json-key","C:\DoAnTotNghiep\V-Shield-2.0\View\package-lock.json","2153"
"resolved","json-key","C:\DoAnTotNghiep\V-Shield-2.0\View\package-lock.json","2154"
"integrity","json-key","C:\DoAnTotNghiep\V-Shield-2.0\View\package-lock.json","2155"
"license","json-key","C:\DoAnTotNghiep\V-Shield-2.0\View\package-lock.json","2156"
"engines","json-key","C:\DoAnTotNghiep\V-Shield-2.0\View\package-lock.json","2157"
"node","json-key","C:\DoAnTotNghiep\V-Shield-2.0\View\package-lock.json","2158"
"version","json-key","C:\DoAnTotNghiep\V-Shield-2.0\View\package-lock.json","2162"
"resolved","json-key","C:\DoAnTotNghiep\V-Shield-2.0\View\package-lock.json","2163"
"integrity","json-key","C:\DoAnTotNghiep\V-Shield-2.0\View\package-lock.json","2164"
"dev","json-key","C:\DoAnTotNghiep\V-Shield-2.0\View\package-lock.json","2165"
"license","json-key","C:\DoAnTotNghiep\V-Shield-2.0\View\package-lock.json","2166"
"engines","json-key","C:\DoAnTotNghiep\V-Shield-2.0\View\package-lock.json","2167"
"node","json-key","C:\DoAnTotNghiep\V-Shield-2.0\View\package-lock.json","2168"
"version","json-key","C:\DoAnTotNghiep\V-Shield-2.0\View\package-lock.json","2172"
"resolved","json-key","C:\DoAnTotNghiep\V-Shield-2.0\View\package-lock.json","2173"
"integrity","json-key","C:\DoAnTotNghiep\V-Shield-2.0\View\package-lock.json","2174"
"dev","json-key","C:\DoAnTotNghiep\V-Shield-2.0\View\package-lock.json","2175"
"license","json-key","C:\DoAnTotNghiep\V-Shield-2.0\View\package-lock.json","2176"
"dependencies","json-key","C:\DoAnTotNghiep\V-Shield-2.0\View\package-lock.json","2177"
"braces","json-key","C:\DoAnTotNghiep\V-Shield-2.0\View\package-lock.json","2178"
"picomatch","json-key","C:\DoAnTotNghiep\V-Shield-2.0\View\package-lock.json","2179"
"engines","json-key","C:\DoAnTotNghiep\V-Shield-2.0\View\package-lock.json","2181"
"node","json-key","C:\DoAnTotNghiep\V-Shield-2.0\View\package-lock.json","2182"
"version","json-key","C:\DoAnTotNghiep\V-Shield-2.0\View\package-lock.json","2186"
"resolved","json-key","C:\DoAnTotNghiep\V-Shield-2.0\View\package-lock.json","2187"
"integrity","json-key","C:\DoAnTotNghiep\V-Shield-2.0\View\package-lock.json","2188"
"dev","json-key","C:\DoAnTotNghiep\V-Shield-2.0\View\package-lock.json","2189"
"license","json-key","C:\DoAnTotNghiep\V-Shield-2.0\View\package-lock.json","2190"
"engines","json-key","C:\DoAnTotNghiep\V-Shield-2.0\View\package-lock.json","2191"
"node","json-key","C:\DoAnTotNghiep\V-Shield-2.0\View\package-lock.json","2192"
"funding","json-key","C:\DoAnTotNghiep\V-Shield-2.0\View\package-lock.json","2194"
"url","json-key","C:\DoAnTotNghiep\V-Shield-2.0\View\package-lock.json","2195"
"version","json-key","C:\DoAnTotNghiep\V-Shield-2.0\View\package-lock.json","2199"
"resolved","json-key","C:\DoAnTotNghiep\V-Shield-2.0\View\package-lock.json","2200"
"integrity","json-key","C:\DoAnTotNghiep\V-Shield-2.0\View\package-lock.json","2201"
"license","json-key","C:\DoAnTotNghiep\V-Shield-2.0\View\package-lock.json","2202"
"engines","json-key","C:\DoAnTotNghiep\V-Shield-2.0\View\package-lock.json","2203"
"node","json-key","C:\DoAnTotNghiep\V-Shield-2.0\View\package-lock.json","2204"
"version","json-key","C:\DoAnTotNghiep\V-Shield-2.0\View\package-lock.json","2208"
"resolved","json-key","C:\DoAnTotNghiep\V-Shield-2.0\View\package-lock.json","2209"
"integrity","json-key","C:\DoAnTotNghiep\V-Shield-2.0\View\package-lock.json","2210"
"license","json-key","C:\DoAnTotNghiep\V-Shield-2.0\View\package-lock.json","2211"
"dependencies","json-key","C:\DoAnTotNghiep\V-Shield-2.0\View\package-lock.json","2212"
"engines","json-key","C:\DoAnTotNghiep\V-Shield-2.0\View\package-lock.json","2215"
"node","json-key","C:\DoAnTotNghiep\V-Shield-2.0\View\package-lock.json","2216"
"version","json-key","C:\DoAnTotNghiep\V-Shield-2.0\View\package-lock.json","2220"
"resolved","json-key","C:\DoAnTotNghiep\V-Shield-2.0\View\package-lock.json","2221"
"integrity","json-key","C:\DoAnTotNghiep\V-Shield-2.0\View\package-lock.json","2222"
"dev","json-key","C:\DoAnTotNghiep\V-Shield-2.0\View\package-lock.json","2223"
"license","json-key","C:\DoAnTotNghiep\V-Shield-2.0\View\package-lock.json","2224"
"dependencies","json-key","C:\DoAnTotNghiep\V-Shield-2.0\View\package-lock.json","2225"
"version","json-key","C:\DoAnTotNghiep\V-Shield-2.0\View\package-lock.json","2232"
"resolved","json-key","C:\DoAnTotNghiep\V-Shield-2.0\View\package-lock.json","2233"
"integrity","json-key","C:\DoAnTotNghiep\V-Shield-2.0\View\package-lock.json","2234"
"funding","json-key","C:\DoAnTotNghiep\V-Shield-2.0\View\package-lock.json","2235"
"type","json-key","C:\DoAnTotNghiep\V-Shield-2.0\View\package-lock.json","2237"
"url","json-key","C:\DoAnTotNghiep\V-Shield-2.0\View\package-lock.json","2238"
"license","json-key","C:\DoAnTotNghiep\V-Shield-2.0\View\package-lock.json","2241"
"bin","json-key","C:\DoAnTotNghiep\V-Shield-2.0\View\package-lock.json","2242"
"nanoid","json-key","C:\DoAnTotNghiep\V-Shield-2.0\View\package-lock.json","2243"
"engines","json-key","C:\DoAnTotNghiep\V-Shield-2.0\View\package-lock.json","2245"
"node","json-key","C:\DoAnTotNghiep\V-Shield-2.0\View\package-lock.json","2246"
"version","json-key","C:\DoAnTotNghiep\V-Shield-2.0\View\package-lock.json","2250"
"resolved","json-key","C:\DoAnTotNghiep\V-Shield-2.0\View\package-lock.json","2251"
"integrity","json-key","C:\DoAnTotNghiep\V-Shield-2.0\View\package-lock.json","2252"
"dev","json-key","C:\DoAnTotNghiep\V-Shield-2.0\View\package-lock.json","2253"
"license","json-key","C:\DoAnTotNghiep\V-Shield-2.0\View\package-lock.json","2254"
"version","json-key","C:\DoAnTotNghiep\V-Shield-2.0\View\package-lock.json","2257"
"resolved","json-key","C:\DoAnTotNghiep\V-Shield-2.0\View\package-lock.json","2258"
"integrity","json-key","C:\DoAnTotNghiep\V-Shield-2.0\View\package-lock.json","2259"
"dev","json-key","C:\DoAnTotNghiep\V-Shield-2.0\View\package-lock.json","2260"
"license","json-key","C:\DoAnTotNghiep\V-Shield-2.0\View\package-lock.json","2261"
"engines","json-key","C:\DoAnTotNghiep\V-Shield-2.0\View\package-lock.json","2262"
"node","json-key","C:\DoAnTotNghiep\V-Shield-2.0\View\package-lock.json","2263"
"version","json-key","C:\DoAnTotNghiep\V-Shield-2.0\View\package-lock.json","2267"
"resolved","json-key","C:\DoAnTotNghiep\V-Shield-2.0\View\package-lock.json","2268"
"integrity","json-key","C:\DoAnTotNghiep\V-Shield-2.0\View\package-lock.json","2269"
"dev","json-key","C:\DoAnTotNghiep\V-Shield-2.0\View\package-lock.json","2270"
"license","json-key","C:\DoAnTotNghiep\V-Shield-2.0\View\package-lock.json","2271"
"engines","json-key","C:\DoAnTotNghiep\V-Shield-2.0\View\package-lock.json","2272"
"node","json-key","C:\DoAnTotNghiep\V-Shield-2.0\View\package-lock.json","2273"
"version","json-key","C:\DoAnTotNghiep\V-Shield-2.0\View\package-lock.json","2277"
"resolved","json-key","C:\DoAnTotNghiep\V-Shield-2.0\View\package-lock.json","2278"
"integrity","json-key","C:\DoAnTotNghiep\V-Shield-2.0\View\package-lock.json","2279"
"dev","json-key","C:\DoAnTotNghiep\V-Shield-2.0\View\package-lock.json","2280"
"license","json-key","C:\DoAnTotNghiep\V-Shield-2.0\View\package-lock.json","2281"
"engines","json-key","C:\DoAnTotNghiep\V-Shield-2.0\View\package-lock.json","2282"
"node","json-key","C:\DoAnTotNghiep\V-Shield-2.0\View\package-lock.json","2283"
"version","json-key","C:\DoAnTotNghiep\V-Shield-2.0\View\package-lock.json","2287"
"resolved","json-key","C:\DoAnTotNghiep\V-Shield-2.0\View\package-lock.json","2288"
"integrity","json-key","C:\DoAnTotNghiep\V-Shield-2.0\View\package-lock.json","2289"
"license","json-key","C:\DoAnTotNghiep\V-Shield-2.0\View\package-lock.json","2290"
"dependencies","json-key","C:\DoAnTotNghiep\V-Shield-2.0\View\package-lock.json","2291"
"engines","json-key","C:\DoAnTotNghiep\V-Shield-2.0\View\package-lock.json","2294"
"node","json-key","C:\DoAnTotNghiep\V-Shield-2.0\View\package-lock.json","2295"
"funding","json-key","C:\DoAnTotNghiep\V-Shield-2.0\View\package-lock.json","2297"
"url","json-key","C:\DoAnTotNghiep\V-Shield-2.0\View\package-lock.json","2298"
"version","json-key","C:\DoAnTotNghiep\V-Shield-2.0\View\package-lock.json","2302"
"resolved","json-key","C:\DoAnTotNghiep\V-Shield-2.0\View\package-lock.json","2303"
"integrity","json-key","C:\DoAnTotNghiep\V-Shield-2.0\View\package-lock.json","2304"
"license","json-key","C:\DoAnTotNghiep\V-Shield-2.0\View\package-lock.json","2305"
"dependencies","json-key","C:\DoAnTotNghiep\V-Shield-2.0\View\package-lock.json","2306"
"engines","json-key","C:\DoAnTotNghiep\V-Shield-2.0\View\package-lock.json","2309"
"node","json-key","C:\DoAnTotNghiep\V-Shield-2.0\View\package-lock.json","2310"
"version","json-key","C:\DoAnTotNghiep\V-Shield-2.0\View\package-lock.json","2314"
"resolved","json-key","C:\DoAnTotNghiep\V-Shield-2.0\View\package-lock.json","2315"
"integrity","json-key","C:\DoAnTotNghiep\V-Shield-2.0\View\package-lock.json","2316"
"license","json-key","C:\DoAnTotNghiep\V-Shield-2.0\View\package-lock.json","2317"
"engines","json-key","C:\DoAnTotNghiep\V-Shield-2.0\View\package-lock.json","2318"
"node","json-key","C:\DoAnTotNghiep\V-Shield-2.0\View\package-lock.json","2319"
"version","json-key","C:\DoAnTotNghiep\V-Shield-2.0\View\package-lock.json","2323"
"resolved","json-key","C:\DoAnTotNghiep\V-Shield-2.0\View\package-lock.json","2324"
"integrity","json-key","C:\DoAnTotNghiep\V-Shield-2.0\View\package-lock.json","2325"
"license","json-key","C:\DoAnTotNghiep\V-Shield-2.0\View\package-lock.json","2326"
"engines","json-key","C:\DoAnTotNghiep\V-Shield-2.0\View\package-lock.json","2327"
"node","json-key","C:\DoAnTotNghiep\V-Shield-2.0\View\package-lock.json","2328"
"version","json-key","C:\DoAnTotNghiep\V-Shield-2.0\View\package-lock.json","2332"
"resolved","json-key","C:\DoAnTotNghiep\V-Shield-2.0\View\package-lock.json","2333"
"integrity","json-key","C:\DoAnTotNghiep\V-Shield-2.0\View\package-lock.json","2334"
"dev","json-key","C:\DoAnTotNghiep\V-Shield-2.0\View\package-lock.json","2335"
"license","json-key","C:\DoAnTotNghiep\V-Shield-2.0\View\package-lock.json","2336"
"version","json-key","C:\DoAnTotNghiep\V-Shield-2.0\View\package-lock.json","2339"
"resolved","json-key","C:\DoAnTotNghiep\V-Shield-2.0\View\package-lock.json","2340"
"integrity","json-key","C:\DoAnTotNghiep\V-Shield-2.0\View\package-lock.json","2341"
"license","json-key","C:\DoAnTotNghiep\V-Shield-2.0\View\package-lock.json","2342"
"version","json-key","C:\DoAnTotNghiep\V-Shield-2.0\View\package-lock.json","2345"
"resolved","json-key","C:\DoAnTotNghiep\V-Shield-2.0\View\package-lock.json","2346"
"integrity","json-key","C:\DoAnTotNghiep\V-Shield-2.0\View\package-lock.json","2347"
"dev","json-key","C:\DoAnTotNghiep\V-Shield-2.0\View\package-lock.json","2348"
"license","json-key","C:\DoAnTotNghiep\V-Shield-2.0\View\package-lock.json","2349"
"engines","json-key","C:\DoAnTotNghiep\V-Shield-2.0\View\package-lock.json","2350"
"node","json-key","C:\DoAnTotNghiep\V-Shield-2.0\View\package-lock.json","2351"
"funding","json-key","C:\DoAnTotNghiep\V-Shield-2.0\View\package-lock.json","2353"
"url","json-key","C:\DoAnTotNghiep\V-Shield-2.0\View\package-lock.json","2354"
"version","json-key","C:\DoAnTotNghiep\V-Shield-2.0\View\package-lock.json","2358"
"resolved","json-key","C:\DoAnTotNghiep\V-Shield-2.0\View\package-lock.json","2359"
"integrity","json-key","C:\DoAnTotNghiep\V-Shield-2.0\View\package-lock.json","2360"
"dev","json-key","C:\DoAnTotNghiep\V-Shield-2.0\View\package-lock.json","2361"
"license","json-key","C:\DoAnTotNghiep\V-Shield-2.0\View\package-lock.json","2362"
"engines","json-key","C:\DoAnTotNghiep\V-Shield-2.0\View\package-lock.json","2363"
"node","json-key","C:\DoAnTotNghiep\V-Shield-2.0\View\package-lock.json","2364"
"version","json-key","C:\DoAnTotNghiep\V-Shield-2.0\View\package-lock.json","2368"
"resolved","json-key","C:\DoAnTotNghiep\V-Shield-2.0\View\package-lock.json","2369"
"integrity","json-key","C:\DoAnTotNghiep\V-Shield-2.0\View\package-lock.json","2370"
"dev","json-key","C:\DoAnTotNghiep\V-Shield-2.0\View\package-lock.json","2371"
"license","json-key","C:\DoAnTotNghiep\V-Shield-2.0\View\package-lock.json","2372"
"engines","json-key","C:\DoAnTotNghiep\V-Shield-2.0\View\package-lock.json","2373"
"node","json-key","C:\DoAnTotNghiep\V-Shield-2.0\View\package-lock.json","2374"
"version","json-key","C:\DoAnTotNghiep\V-Shield-2.0\View\package-lock.json","2378"
"resolved","json-key","C:\DoAnTotNghiep\V-Shield-2.0\View\package-lock.json","2379"
"integrity","json-key","C:\DoAnTotNghiep\V-Shield-2.0\View\package-lock.json","2380"
"license","json-key","C:\DoAnTotNghiep\V-Shield-2.0\View\package-lock.json","2381"
"engines","json-key","C:\DoAnTotNghiep\V-Shield-2.0\View\package-lock.json","2382"
"node","json-key","C:\DoAnTotNghiep\V-Shield-2.0\View\package-lock.json","2383"
"version","json-key","C:\DoAnTotNghiep\V-Shield-2.0\View\package-lock.json","2387"
"resolved","json-key","C:\DoAnTotNghiep\V-Shield-2.0\View\package-lock.json","2388"
"integrity","json-key","C:\DoAnTotNghiep\V-Shield-2.0\View\package-lock.json","2389"
"funding","json-key","C:\DoAnTotNghiep\V-Shield-2.0\View\package-lock.json","2390"
"type","json-key","C:\DoAnTotNghiep\V-Shield-2.0\View\package-lock.json","2392"
"url","json-key","C:\DoAnTotNghiep\V-Shield-2.0\View\package-lock.json","2393"
"type","json-key","C:\DoAnTotNghiep\V-Shield-2.0\View\package-lock.json","2396"
"url","json-key","C:\DoAnTotNghiep\V-Shield-2.0\View\package-lock.json","2397"
"type","json-key","C:\DoAnTotNghiep\V-Shield-2.0\View\package-lock.json","2400"
"url","json-key","C:\DoAnTotNghiep\V-Shield-2.0\View\package-lock.json","2401"
"license","json-key","C:\DoAnTotNghiep\V-Shield-2.0\View\package-lock.json","2404"
"dependencies","json-key","C:\DoAnTotNghiep\V-Shield-2.0\View\package-lock.json","2405"
"nanoid","json-key","C:\DoAnTotNghiep\V-Shield-2.0\View\package-lock.json","2406"
"picocolors","json-key","C:\DoAnTotNghiep\V-Shield-2.0\View\package-lock.json","2407"
"engines","json-key","C:\DoAnTotNghiep\V-Shield-2.0\View\package-lock.json","2410"
"node","json-key","C:\DoAnTotNghiep\V-Shield-2.0\View\package-lock.json","2411"
"version","json-key","C:\DoAnTotNghiep\V-Shield-2.0\View\package-lock.json","2415"
"resolved","json-key","C:\DoAnTotNghiep\V-Shield-2.0\View\package-lock.json","2416"
"integrity","json-key","C:\DoAnTotNghiep\V-Shield-2.0\View\package-lock.json","2417"
"dev","json-key","C:\DoAnTotNghiep\V-Shield-2.0\View\package-lock.json","2418"
"license","json-key","C:\DoAnTotNghiep\V-Shield-2.0\View\package-lock.json","2419"
"dependencies","json-key","C:\DoAnTotNghiep\V-Shield-2.0\View\package-lock.json","2420"
"resolve","json-key","C:\DoAnTotNghiep\V-Shield-2.0\View\package-lock.json","2423"
"engines","json-key","C:\DoAnTotNghiep\V-Shield-2.0\View\package-lock.json","2425"
"node","json-key","C:\DoAnTotNghiep\V-Shield-2.0\View\package-lock.json","2426"
"peerDependencies","json-key","C:\DoAnTotNghiep\V-Shield-2.0\View\package-lock.json","2428"
"postcss","json-key","C:\DoAnTotNghiep\V-Shield-2.0\View\package-lock.json","2429"
"version","json-key","C:\DoAnTotNghiep\V-Shield-2.0\View\package-lock.json","2433"
"resolved","json-key","C:\DoAnTotNghiep\V-Shield-2.0\View\package-lock.json","2434"
"integrity","json-key","C:\DoAnTotNghiep\V-Shield-2.0\View\package-lock.json","2435"
"dev","json-key","C:\DoAnTotNghiep\V-Shield-2.0\View\package-lock.json","2436"
"funding","json-key","C:\DoAnTotNghiep\V-Shield-2.0\View\package-lock.json","2437"
"type","json-key","C:\DoAnTotNghiep\V-Shield-2.0\View\package-lock.json","2439"
"url","json-key","C:\DoAnTotNghiep\V-Shield-2.0\View\package-lock.json","2440"
"type","json-key","C:\DoAnTotNghiep\V-Shield-2.0\View\package-lock.json","2443"
"url","json-key","C:\DoAnTotNghiep\V-Shield-2.0\View\package-lock.json","2444"
"license","json-key","C:\DoAnTotNghiep\V-Shield-2.0\View\package-lock.json","2447"
"dependencies","json-key","C:\DoAnTotNghiep\V-Shield-2.0\View\package-lock.json","2448"
"engines","json-key","C:\DoAnTotNghiep\V-Shield-2.0\View\package-lock.json","2451"
"node","json-key","C:\DoAnTotNghiep\V-Shield-2.0\View\package-lock.json","2452"
"peerDependencies","json-key","C:\DoAnTotNghiep\V-Shield-2.0\View\package-lock.json","2454"
"postcss","json-key","C:\DoAnTotNghiep\V-Shield-2.0\View\package-lock.json","2455"
"version","json-key","C:\DoAnTotNghiep\V-Shield-2.0\View\package-lock.json","2459"
"resolved","json-key","C:\DoAnTotNghiep\V-Shield-2.0\View\package-lock.json","2460"
"integrity","json-key","C:\DoAnTotNghiep\V-Shield-2.0\View\package-lock.json","2461"
"dev","json-key","C:\DoAnTotNghiep\V-Shield-2.0\View\package-lock.json","2462"
"funding","json-key","C:\DoAnTotNghiep\V-Shield-2.0\View\package-lock.json","2463"
"type","json-key","C:\DoAnTotNghiep\V-Shield-2.0\View\package-lock.json","2465"
"url","json-key","C:\DoAnTotNghiep\V-Shield-2.0\View\package-lock.json","2466"
"type","json-key","C:\DoAnTotNghiep\V-Shield-2.0\View\package-lock.json","2469"
"url","json-key","C:\DoAnTotNghiep\V-Shield-2.0\View\package-lock.json","2470"
"license","json-key","C:\DoAnTotNghiep\V-Shield-2.0\View\package-lock.json","2473"
"dependencies","json-key","C:\DoAnTotNghiep\V-Shield-2.0\View\package-lock.json","2474"
"lilconfig","json-key","C:\DoAnTotNghiep\V-Shield-2.0\View\package-lock.json","2475"
"engines","json-key","C:\DoAnTotNghiep\V-Shield-2.0\View\package-lock.json","2477"
"node","json-key","C:\DoAnTotNghiep\V-Shield-2.0\View\package-lock.json","2478"
"peerDependencies","json-key","C:\DoAnTotNghiep\V-Shield-2.0\View\package-lock.json","2480"
"jiti","json-key","C:\DoAnTotNghiep\V-Shield-2.0\View\package-lock.json","2481"
"postcss","json-key","C:\DoAnTotNghiep\V-Shield-2.0\View\package-lock.json","2482"
"tsx","json-key","C:\DoAnTotNghiep\V-Shield-2.0\View\package-lock.json","2483"
"yaml","json-key","C:\DoAnTotNghiep\V-Shield-2.0\View\package-lock.json","2484"
"peerDependenciesMeta","json-key","C:\DoAnTotNghiep\V-Shield-2.0\View\package-lock.json","2486"
"jiti","json-key","C:\DoAnTotNghiep\V-Shield-2.0\View\package-lock.json","2487"
"optional","json-key","C:\DoAnTotNghiep\V-Shield-2.0\View\package-lock.json","2488"
"postcss","json-key","C:\DoAnTotNghiep\V-Shield-2.0\View\package-lock.json","2490"
"optional","json-key","C:\DoAnTotNghiep\V-Shield-2.0\View\package-lock.json","2491"
"tsx","json-key","C:\DoAnTotNghiep\V-Shield-2.0\View\package-lock.json","2493"
"optional","json-key","C:\DoAnTotNghiep\V-Shield-2.0\View\package-lock.json","2494"
"yaml","json-key","C:\DoAnTotNghiep\V-Shield-2.0\View\package-lock.json","2496"
"optional","json-key","C:\DoAnTotNghiep\V-Shield-2.0\View\package-lock.json","2497"
"version","json-key","C:\DoAnTotNghiep\V-Shield-2.0\View\package-lock.json","2502"
"resolved","json-key","C:\DoAnTotNghiep\V-Shield-2.0\View\package-lock.json","2503"
"integrity","json-key","C:\DoAnTotNghiep\V-Shield-2.0\View\package-lock.json","2504"
"dev","json-key","C:\DoAnTotNghiep\V-Shield-2.0\View\package-lock.json","2505"
"funding","json-key","C:\DoAnTotNghiep\V-Shield-2.0\View\package-lock.json","2506"
"type","json-key","C:\DoAnTotNghiep\V-Shield-2.0\View\package-lock.json","2508"
"url","json-key","C:\DoAnTotNghiep\V-Shield-2.0\View\package-lock.json","2509"
"type","json-key","C:\DoAnTotNghiep\V-Shield-2.0\View\package-lock.json","2512"
"url","json-key","C:\DoAnTotNghiep\V-Shield-2.0\View\package-lock.json","2513"
"license","json-key","C:\DoAnTotNghiep\V-Shield-2.0\View\package-lock.json","2516"
"dependencies","json-key","C:\DoAnTotNghiep\V-Shield-2.0\View\package-lock.json","2517"
"engines","json-key","C:\DoAnTotNghiep\V-Shield-2.0\View\package-lock.json","2520"
"node","json-key","C:\DoAnTotNghiep\V-Shield-2.0\View\package-lock.json","2521"
"peerDependencies","json-key","C:\DoAnTotNghiep\V-Shield-2.0\View\package-lock.json","2523"
"postcss","json-key","C:\DoAnTotNghiep\V-Shield-2.0\View\package-lock.json","2524"
"version","json-key","C:\DoAnTotNghiep\V-Shield-2.0\View\package-lock.json","2528"
"resolved","json-key","C:\DoAnTotNghiep\V-Shield-2.0\View\package-lock.json","2529"
"integrity","json-key","C:\DoAnTotNghiep\V-Shield-2.0\View\package-lock.json","2530"
"dev","json-key","C:\DoAnTotNghiep\V-Shield-2.0\View\package-lock.json","2531"
"license","json-key","C:\DoAnTotNghiep\V-Shield-2.0\View\package-lock.json","2532"
"dependencies","json-key","C:\DoAnTotNghiep\V-Shield-2.0\View\package-lock.json","2533"
"cssesc","json-key","C:\DoAnTotNghiep\V-Shield-2.0\View\package-lock.json","2534"
"engines","json-key","C:\DoAnTotNghiep\V-Shield-2.0\View\package-lock.json","2537"
"node","json-key","C:\DoAnTotNghiep\V-Shield-2.0\View\package-lock.json","2538"
"version","json-key","C:\DoAnTotNghiep\V-Shield-2.0\View\package-lock.json","2542"
"resolved","json-key","C:\DoAnTotNghiep\V-Shield-2.0\View\package-lock.json","2543"
"integrity","json-key","C:\DoAnTotNghiep\V-Shield-2.0\View\package-lock.json","2544"
"dev","json-key","C:\DoAnTotNghiep\V-Shield-2.0\View\package-lock.json","2545"
"license","json-key","C:\DoAnTotNghiep\V-Shield-2.0\View\package-lock.json","2546"
"version","json-key","C:\DoAnTotNghiep\V-Shield-2.0\View\package-lock.json","2549"
"resolved","json-key","C:\DoAnTotNghiep\V-Shield-2.0\View\package-lock.json","2550"
"integrity","json-key","C:\DoAnTotNghiep\V-Shield-2.0\View\package-lock.json","2551"
"license","json-key","C:\DoAnTotNghiep\V-Shield-2.0\View\package-lock.json","2552"
"version","json-key","C:\DoAnTotNghiep\V-Shield-2.0\View\package-lock.json","2555"
"resolved","json-key","C:\DoAnTotNghiep\V-Shield-2.0\View\package-lock.json","2556"
"integrity","json-key","C:\DoAnTotNghiep\V-Shield-2.0\View\package-lock.json","2557"
"license","json-key","C:\DoAnTotNghiep\V-Shield-2.0\View\package-lock.json","2558"
"dependencies","json-key","C:\DoAnTotNghiep\V-Shield-2.0\View\package-lock.json","2559"
"dijkstrajs","json-key","C:\DoAnTotNghiep\V-Shield-2.0\View\package-lock.json","2560"
"pngjs","json-key","C:\DoAnTotNghiep\V-Shield-2.0\View\package-lock.json","2561"
"yargs","json-key","C:\DoAnTotNghiep\V-Shield-2.0\View\package-lock.json","2562"
"bin","json-key","C:\DoAnTotNghiep\V-Shield-2.0\View\package-lock.json","2564"
"qrcode","json-key","C:\DoAnTotNghiep\V-Shield-2.0\View\package-lock.json","2565"
"engines","json-key","C:\DoAnTotNghiep\V-Shield-2.0\View\package-lock.json","2567"
"node","json-key","C:\DoAnTotNghiep\V-Shield-2.0\View\package-lock.json","2568"
"version","json-key","C:\DoAnTotNghiep\V-Shield-2.0\View\package-lock.json","2572"
"resolved","json-key","C:\DoAnTotNghiep\V-Shield-2.0\View\package-lock.json","2573"
"integrity","json-key","C:\DoAnTotNghiep\V-Shield-2.0\View\package-lock.json","2574"
"dev","json-key","C:\DoAnTotNghiep\V-Shield-2.0\View\package-lock.json","2575"
"funding","json-key","C:\DoAnTotNghiep\V-Shield-2.0\View\package-lock.json","2576"
"type","json-key","C:\DoAnTotNghiep\V-Shield-2.0\View\package-lock.json","2578"
"url","json-key","C:\DoAnTotNghiep\V-Shield-2.0\View\package-lock.json","2579"
"type","json-key","C:\DoAnTotNghiep\V-Shield-2.0\View\package-lock.json","2582"
"url","json-key","C:\DoAnTotNghiep\V-Shield-2.0\View\package-lock.json","2583"
"type","json-key","C:\DoAnTotNghiep\V-Shield-2.0\View\package-lock.json","2586"
"url","json-key","C:\DoAnTotNghiep\V-Shield-2.0\View\package-lock.json","2587"
"license","json-key","C:\DoAnTotNghiep\V-Shield-2.0\View\package-lock.json","2590"
"version","json-key","C:\DoAnTotNghiep\V-Shield-2.0\View\package-lock.json","2593"
"resolved","json-key","C:\DoAnTotNghiep\V-Shield-2.0\View\package-lock.json","2594"
"integrity","json-key","C:\DoAnTotNghiep\V-Shield-2.0\View\package-lock.json","2595"
"dev","json-key","C:\DoAnTotNghiep\V-Shield-2.0\View\package-lock.json","2596"
"license","json-key","C:\DoAnTotNghiep\V-Shield-2.0\View\package-lock.json","2597"
"dependencies","json-key","C:\DoAnTotNghiep\V-Shield-2.0\View\package-lock.json","2598"
"pify","json-key","C:\DoAnTotNghiep\V-Shield-2.0\View\package-lock.json","2599"
"version","json-key","C:\DoAnTotNghiep\V-Shield-2.0\View\package-lock.json","2603"
"resolved","json-key","C:\DoAnTotNghiep\V-Shield-2.0\View\package-lock.json","2604"
"integrity","json-key","C:\DoAnTotNghiep\V-Shield-2.0\View\package-lock.json","2605"
"dev","json-key","C:\DoAnTotNghiep\V-Shield-2.0\View\package-lock.json","2606"
"license","json-key","C:\DoAnTotNghiep\V-Shield-2.0\View\package-lock.json","2607"
"dependencies","json-key","C:\DoAnTotNghiep\V-Shield-2.0\View\package-lock.json","2608"
"picomatch","json-key","C:\DoAnTotNghiep\V-Shield-2.0\View\package-lock.json","2609"
"engines","json-key","C:\DoAnTotNghiep\V-Shield-2.0\View\package-lock.json","2611"
"node","json-key","C:\DoAnTotNghiep\V-Shield-2.0\View\package-lock.json","2612"
"version","json-key","C:\DoAnTotNghiep\V-Shield-2.0\View\package-lock.json","2616"
"resolved","json-key","C:\DoAnTotNghiep\V-Shield-2.0\View\package-lock.json","2617"
"integrity","json-key","C:\DoAnTotNghiep\V-Shield-2.0\View\package-lock.json","2618"
"dev","json-key","C:\DoAnTotNghiep\V-Shield-2.0\View\package-lock.json","2619"
"license","json-key","C:\DoAnTotNghiep\V-Shield-2.0\View\package-lock.json","2620"
"engines","json-key","C:\DoAnTotNghiep\V-Shield-2.0\View\package-lock.json","2621"
"node","json-key","C:\DoAnTotNghiep\V-Shield-2.0\View\package-lock.json","2622"
"funding","json-key","C:\DoAnTotNghiep\V-Shield-2.0\View\package-lock.json","2624"
"url","json-key","C:\DoAnTotNghiep\V-Shield-2.0\View\package-lock.json","2625"
"version","json-key","C:\DoAnTotNghiep\V-Shield-2.0\View\package-lock.json","2629"
"resolved","json-key","C:\DoAnTotNghiep\V-Shield-2.0\View\package-lock.json","2630"
"integrity","json-key","C:\DoAnTotNghiep\V-Shield-2.0\View\package-lock.json","2631"
"license","json-key","C:\DoAnTotNghiep\V-Shield-2.0\View\package-lock.json","2632"
"engines","json-key","C:\DoAnTotNghiep\V-Shield-2.0\View\package-lock.json","2633"
"node","json-key","C:\DoAnTotNghiep\V-Shield-2.0\View\package-lock.json","2634"
"version","json-key","C:\DoAnTotNghiep\V-Shield-2.0\View\package-lock.json","2638"
"resolved","json-key","C:\DoAnTotNghiep\V-Shield-2.0\View\package-lock.json","2639"
"integrity","json-key","C:\DoAnTotNghiep\V-Shield-2.0\View\package-lock.json","2640"
"license","json-key","C:\DoAnTotNghiep\V-Shield-2.0\View\package-lock.json","2641"
"version","json-key","C:\DoAnTotNghiep\V-Shield-2.0\View\package-lock.json","2644"
"resolved","json-key","C:\DoAnTotNghiep\V-Shield-2.0\View\package-lock.json","2645"
"integrity","json-key","C:\DoAnTotNghiep\V-Shield-2.0\View\package-lock.json","2646"
"dev","json-key","C:\DoAnTotNghiep\V-Shield-2.0\View\package-lock.json","2647"
"license","json-key","C:\DoAnTotNghiep\V-Shield-2.0\View\package-lock.json","2648"
"dependencies","json-key","C:\DoAnTotNghiep\V-Shield-2.0\View\package-lock.json","2649"
"bin","json-key","C:\DoAnTotNghiep\V-Shield-2.0\View\package-lock.json","2654"
"resolve","json-key","C:\DoAnTotNghiep\V-Shield-2.0\View\package-lock.json","2655"
"engines","json-key","C:\DoAnTotNghiep\V-Shield-2.0\View\package-lock.json","2657"
"node","json-key","C:\DoAnTotNghiep\V-Shield-2.0\View\package-lock.json","2658"
"funding","json-key","C:\DoAnTotNghiep\V-Shield-2.0\View\package-lock.json","2660"
"url","json-key","C:\DoAnTotNghiep\V-Shield-2.0\View\package-lock.json","2661"
"version","json-key","C:\DoAnTotNghiep\V-Shield-2.0\View\package-lock.json","2665"
"resolved","json-key","C:\DoAnTotNghiep\V-Shield-2.0\View\package-lock.json","2666"
"integrity","json-key","C:\DoAnTotNghiep\V-Shield-2.0\View\package-lock.json","2667"
"dev","json-key","C:\DoAnTotNghiep\V-Shield-2.0\View\package-lock.json","2668"
"license","json-key","C:\DoAnTotNghiep\V-Shield-2.0\View\package-lock.json","2669"
"engines","json-key","C:\DoAnTotNghiep\V-Shield-2.0\View\package-lock.json","2670"
"iojs","json-key","C:\DoAnTotNghiep\V-Shield-2.0\View\package-lock.json","2671"
"node","json-key","C:\DoAnTotNghiep\V-Shield-2.0\View\package-lock.json","2672"
"version","json-key","C:\DoAnTotNghiep\V-Shield-2.0\View\package-lock.json","2676"
"resolved","json-key","C:\DoAnTotNghiep\V-Shield-2.0\View\package-lock.json","2677"
"integrity","json-key","C:\DoAnTotNghiep\V-Shield-2.0\View\package-lock.json","2678"
"dev","json-key","C:\DoAnTotNghiep\V-Shield-2.0\View\package-lock.json","2679"
"license","json-key","C:\DoAnTotNghiep\V-Shield-2.0\View\package-lock.json","2680"
"dependencies","json-key","C:\DoAnTotNghiep\V-Shield-2.0\View\package-lock.json","2681"
"bin","json-key","C:\DoAnTotNghiep\V-Shield-2.0\View\package-lock.json","2684"
"rollup","json-key","C:\DoAnTotNghiep\V-Shield-2.0\View\package-lock.json","2685"
"engines","json-key","C:\DoAnTotNghiep\V-Shield-2.0\View\package-lock.json","2687"
"node","json-key","C:\DoAnTotNghiep\V-Shield-2.0\View\package-lock.json","2688"
"npm","json-key","C:\DoAnTotNghiep\V-Shield-2.0\View\package-lock.json","2689"
"optionalDependencies","json-key","C:\DoAnTotNghiep\V-Shield-2.0\View\package-lock.json","2691"
"fsevents","json-key","C:\DoAnTotNghiep\V-Shield-2.0\View\package-lock.json","2717"
"version","json-key","C:\DoAnTotNghiep\V-Shield-2.0\View\package-lock.json","2721"
"resolved","json-key","C:\DoAnTotNghiep\V-Shield-2.0\View\package-lock.json","2722"
"integrity","json-key","C:\DoAnTotNghiep\V-Shield-2.0\View\package-lock.json","2723"
"dev","json-key","C:\DoAnTotNghiep\V-Shield-2.0\View\package-lock.json","2724"
"funding","json-key","C:\DoAnTotNghiep\V-Shield-2.0\View\package-lock.json","2725"
"type","json-key","C:\DoAnTotNghiep\V-Shield-2.0\View\package-lock.json","2727"
"url","json-key","C:\DoAnTotNghiep\V-Shield-2.0\View\package-lock.json","2728"
"type","json-key","C:\DoAnTotNghiep\V-Shield-2.0\View\package-lock.json","2731"
"url","json-key","C:\DoAnTotNghiep\V-Shield-2.0\View\package-lock.json","2732"
"type","json-key","C:\DoAnTotNghiep\V-Shield-2.0\View\package-lock.json","2735"
"url","json-key","C:\DoAnTotNghiep\V-Shield-2.0\View\package-lock.json","2736"
"license","json-key","C:\DoAnTotNghiep\V-Shield-2.0\View\package-lock.json","2739"
"dependencies","json-key","C:\DoAnTotNghiep\V-Shield-2.0\View\package-lock.json","2740"
"version","json-key","C:\DoAnTotNghiep\V-Shield-2.0\View\package-lock.json","2745"
"resolved","json-key","C:\DoAnTotNghiep\V-Shield-2.0\View\package-lock.json","2746"
"integrity","json-key","C:\DoAnTotNghiep\V-Shield-2.0\View\package-lock.json","2747"
"license","json-key","C:\DoAnTotNghiep\V-Shield-2.0\View\package-lock.json","2748"
"version","json-key","C:\DoAnTotNghiep\V-Shield-2.0\View\package-lock.json","2751"
"resolved","json-key","C:\DoAnTotNghiep\V-Shield-2.0\View\package-lock.json","2752"
"integrity","json-key","C:\DoAnTotNghiep\V-Shield-2.0\View\package-lock.json","2753"
"license","json-key","C:\DoAnTotNghiep\V-Shield-2.0\View\package-lock.json","2754"
"engines","json-key","C:\DoAnTotNghiep\V-Shield-2.0\View\package-lock.json","2755"
"node","json-key","C:\DoAnTotNghiep\V-Shield-2.0\View\package-lock.json","2756"
"version","json-key","C:\DoAnTotNghiep\V-Shield-2.0\View\package-lock.json","2760"
"resolved","json-key","C:\DoAnTotNghiep\V-Shield-2.0\View\package-lock.json","2761"
"integrity","json-key","C:\DoAnTotNghiep\V-Shield-2.0\View\package-lock.json","2762"
"license","json-key","C:\DoAnTotNghiep\V-Shield-2.0\View\package-lock.json","2763"
"dependencies","json-key","C:\DoAnTotNghiep\V-Shield-2.0\View\package-lock.json","2764"
"engines","json-key","C:\DoAnTotNghiep\V-Shield-2.0\View\package-lock.json","2769"
"node","json-key","C:\DoAnTotNghiep\V-Shield-2.0\View\package-lock.json","2770"
"version","json-key","C:\DoAnTotNghiep\V-Shield-2.0\View\package-lock.json","2774"
"resolved","json-key","C:\DoAnTotNghiep\V-Shield-2.0\View\package-lock.json","2775"
"integrity","json-key","C:\DoAnTotNghiep\V-Shield-2.0\View\package-lock.json","2776"
"license","json-key","C:\DoAnTotNghiep\V-Shield-2.0\View\package-lock.json","2777"
"dependencies","json-key","C:\DoAnTotNghiep\V-Shield-2.0\View\package-lock.json","2778"
"engines","json-key","C:\DoAnTotNghiep\V-Shield-2.0\View\package-lock.json","2781"
"node","json-key","C:\DoAnTotNghiep\V-Shield-2.0\View\package-lock.json","2782"
"version","json-key","C:\DoAnTotNghiep\V-Shield-2.0\View\package-lock.json","2786"
"resolved","json-key","C:\DoAnTotNghiep\V-Shield-2.0\View\package-lock.json","2787"
"integrity","json-key","C:\DoAnTotNghiep\V-Shield-2.0\View\package-lock.json","2788"
"dev","json-key","C:\DoAnTotNghiep\V-Shield-2.0\View\package-lock.json","2789"
"license","json-key","C:\DoAnTotNghiep\V-Shield-2.0\View\package-lock.json","2790"
"dependencies","json-key","C:\DoAnTotNghiep\V-Shield-2.0\View\package-lock.json","2791"
"commander","json-key","C:\DoAnTotNghiep\V-Shield-2.0\View\package-lock.json","2793"
"mz","json-key","C:\DoAnTotNghiep\V-Shield-2.0\View\package-lock.json","2795"
"pirates","json-key","C:\DoAnTotNghiep\V-Shield-2.0\View\package-lock.json","2796"
"tinyglobby","json-key","C:\DoAnTotNghiep\V-Shield-2.0\View\package-lock.json","2797"
"bin","json-key","C:\DoAnTotNghiep\V-Shield-2.0\View\package-lock.json","2800"
"sucrase","json-key","C:\DoAnTotNghiep\V-Shield-2.0\View\package-lock.json","2801"
"engines","json-key","C:\DoAnTotNghiep\V-Shield-2.0\View\package-lock.json","2804"
"node","json-key","C:\DoAnTotNghiep\V-Shield-2.0\View\package-lock.json","2805"
"version","json-key","C:\DoAnTotNghiep\V-Shield-2.0\View\package-lock.json","2809"
"resolved","json-key","C:\DoAnTotNghiep\V-Shield-2.0\View\package-lock.json","2810"
"integrity","json-key","C:\DoAnTotNghiep\V-Shield-2.0\View\package-lock.json","2811"
"dev","json-key","C:\DoAnTotNghiep\V-Shield-2.0\View\package-lock.json","2812"
"license","json-key","C:\DoAnTotNghiep\V-Shield-2.0\View\package-lock.json","2813"
"engines","json-key","C:\DoAnTotNghiep\V-Shield-2.0\View\package-lock.json","2814"
"node","json-key","C:\DoAnTotNghiep\V-Shield-2.0\View\package-lock.json","2815"
"funding","json-key","C:\DoAnTotNghiep\V-Shield-2.0\View\package-lock.json","2817"
"url","json-key","C:\DoAnTotNghiep\V-Shield-2.0\View\package-lock.json","2818"
"version","json-key","C:\DoAnTotNghiep\V-Shield-2.0\View\package-lock.json","2822"
"resolved","json-key","C:\DoAnTotNghiep\V-Shield-2.0\View\package-lock.json","2823"
"integrity","json-key","C:\DoAnTotNghiep\V-Shield-2.0\View\package-lock.json","2824"
"dev","json-key","C:\DoAnTotNghiep\V-Shield-2.0\View\package-lock.json","2825"
"license","json-key","C:\DoAnTotNghiep\V-Shield-2.0\View\package-lock.json","2826"
"dependencies","json-key","C:\DoAnTotNghiep\V-Shield-2.0\View\package-lock.json","2827"
"arg","json-key","C:\DoAnTotNghiep\V-Shield-2.0\View\package-lock.json","2829"
"chokidar","json-key","C:\DoAnTotNghiep\V-Shield-2.0\View\package-lock.json","2830"
"didyoumean","json-key","C:\DoAnTotNghiep\V-Shield-2.0\View\package-lock.json","2831"
"dlv","json-key","C:\DoAnTotNghiep\V-Shield-2.0\View\package-lock.json","2832"
"jiti","json-key","C:\DoAnTotNghiep\V-Shield-2.0\View\package-lock.json","2836"
"lilconfig","json-key","C:\DoAnTotNghiep\V-Shield-2.0\View\package-lock.json","2837"
"micromatch","json-key","C:\DoAnTotNghiep\V-Shield-2.0\View\package-lock.json","2838"
"picocolors","json-key","C:\DoAnTotNghiep\V-Shield-2.0\View\package-lock.json","2841"
"postcss","json-key","C:\DoAnTotNghiep\V-Shield-2.0\View\package-lock.json","2842"
"resolve","json-key","C:\DoAnTotNghiep\V-Shield-2.0\View\package-lock.json","2848"
"sucrase","json-key","C:\DoAnTotNghiep\V-Shield-2.0\View\package-lock.json","2849"
"bin","json-key","C:\DoAnTotNghiep\V-Shield-2.0\View\package-lock.json","2851"
"tailwind","json-key","C:\DoAnTotNghiep\V-Shield-2.0\View\package-lock.json","2852"
"tailwindcss","json-key","C:\DoAnTotNghiep\V-Shield-2.0\View\package-lock.json","2853"
"engines","json-key","C:\DoAnTotNghiep\V-Shield-2.0\View\package-lock.json","2855"
"node","json-key","C:\DoAnTotNghiep\V-Shield-2.0\View\package-lock.json","2856"
"version","json-key","C:\DoAnTotNghiep\V-Shield-2.0\View\package-lock.json","2860"
"resolved","json-key","C:\DoAnTotNghiep\V-Shield-2.0\View\package-lock.json","2861"
"integrity","json-key","C:\DoAnTotNghiep\V-Shield-2.0\View\package-lock.json","2862"
"dev","json-key","C:\DoAnTotNghiep\V-Shield-2.0\View\package-lock.json","2863"
"license","json-key","C:\DoAnTotNghiep\V-Shield-2.0\View\package-lock.json","2864"
"dependencies","json-key","C:\DoAnTotNghiep\V-Shield-2.0\View\package-lock.json","2865"
"version","json-key","C:\DoAnTotNghiep\V-Shield-2.0\View\package-lock.json","2870"
"resolved","json-key","C:\DoAnTotNghiep\V-Shield-2.0\View\package-lock.json","2871"
"integrity","json-key","C:\DoAnTotNghiep\V-Shield-2.0\View\package-lock.json","2872"
"dev","json-key","C:\DoAnTotNghiep\V-Shield-2.0\View\package-lock.json","2873"
"license","json-key","C:\DoAnTotNghiep\V-Shield-2.0\View\package-lock.json","2874"
"dependencies","json-key","C:\DoAnTotNghiep\V-Shield-2.0\View\package-lock.json","2875"
"thenify","json-key","C:\DoAnTotNghiep\V-Shield-2.0\View\package-lock.json","2876"
"engines","json-key","C:\DoAnTotNghiep\V-Shield-2.0\View\package-lock.json","2878"
"node","json-key","C:\DoAnTotNghiep\V-Shield-2.0\View\package-lock.json","2879"
"version","json-key","C:\DoAnTotNghiep\V-Shield-2.0\View\package-lock.json","2883"
"resolved","json-key","C:\DoAnTotNghiep\V-Shield-2.0\View\package-lock.json","2884"
"integrity","json-key","C:\DoAnTotNghiep\V-Shield-2.0\View\package-lock.json","2885"
"dev","json-key","C:\DoAnTotNghiep\V-Shield-2.0\View\package-lock.json","2886"
"license","json-key","C:\DoAnTotNghiep\V-Shield-2.0\View\package-lock.json","2887"
"dependencies","json-key","C:\DoAnTotNghiep\V-Shield-2.0\View\package-lock.json","2888"
"fdir","json-key","C:\DoAnTotNghiep\V-Shield-2.0\View\package-lock.json","2889"
"picomatch","json-key","C:\DoAnTotNghiep\V-Shield-2.0\View\package-lock.json","2890"
"engines","json-key","C:\DoAnTotNghiep\V-Shield-2.0\View\package-lock.json","2892"
"node","json-key","C:\DoAnTotNghiep\V-Shield-2.0\View\package-lock.json","2893"
"funding","json-key","C:\DoAnTotNghiep\V-Shield-2.0\View\package-lock.json","2895"
"url","json-key","C:\DoAnTotNghiep\V-Shield-2.0\View\package-lock.json","2896"
"version","json-key","C:\DoAnTotNghiep\V-Shield-2.0\View\package-lock.json","2900"
"resolved","json-key","C:\DoAnTotNghiep\V-Shield-2.0\View\package-lock.json","2901"
"integrity","json-key","C:\DoAnTotNghiep\V-Shield-2.0\View\package-lock.json","2902"
"dev","json-key","C:\DoAnTotNghiep\V-Shield-2.0\View\package-lock.json","2903"
"license","json-key","C:\DoAnTotNghiep\V-Shield-2.0\View\package-lock.json","2904"
"dependencies","json-key","C:\DoAnTotNghiep\V-Shield-2.0\View\package-lock.json","2905"
"engines","json-key","C:\DoAnTotNghiep\V-Shield-2.0\View\package-lock.json","2908"
"node","json-key","C:\DoAnTotNghiep\V-Shield-2.0\View\package-lock.json","2909"
"version","json-key","C:\DoAnTotNghiep\V-Shield-2.0\View\package-lock.json","2913"
"resolved","json-key","C:\DoAnTotNghiep\V-Shield-2.0\View\package-lock.json","2914"
"integrity","json-key","C:\DoAnTotNghiep\V-Shield-2.0\View\package-lock.json","2915"
"dev","json-key","C:\DoAnTotNghiep\V-Shield-2.0\View\package-lock.json","2916"
"license","json-key","C:\DoAnTotNghiep\V-Shield-2.0\View\package-lock.json","2917"
"version","json-key","C:\DoAnTotNghiep\V-Shield-2.0\View\package-lock.json","2920"
"resolved","json-key","C:\DoAnTotNghiep\V-Shield-2.0\View\package-lock.json","2921"
"integrity","json-key","C:\DoAnTotNghiep\V-Shield-2.0\View\package-lock.json","2922"
"dev","json-key","C:\DoAnTotNghiep\V-Shield-2.0\View\package-lock.json","2923"
"funding","json-key","C:\DoAnTotNghiep\V-Shield-2.0\View\package-lock.json","2924"
"type","json-key","C:\DoAnTotNghiep\V-Shield-2.0\View\package-lock.json","2926"
"url","json-key","C:\DoAnTotNghiep\V-Shield-2.0\View\package-lock.json","2927"
"type","json-key","C:\DoAnTotNghiep\V-Shield-2.0\View\package-lock.json","2930"
"url","json-key","C:\DoAnTotNghiep\V-Shield-2.0\View\package-lock.json","2931"
"type","json-key","C:\DoAnTotNghiep\V-Shield-2.0\View\package-lock.json","2934"
"url","json-key","C:\DoAnTotNghiep\V-Shield-2.0\View\package-lock.json","2935"
"license","json-key","C:\DoAnTotNghiep\V-Shield-2.0\View\package-lock.json","2938"
"dependencies","json-key","C:\DoAnTotNghiep\V-Shield-2.0\View\package-lock.json","2939"
"escalade","json-key","C:\DoAnTotNghiep\V-Shield-2.0\View\package-lock.json","2940"
"picocolors","json-key","C:\DoAnTotNghiep\V-Shield-2.0\View\package-lock.json","2941"
"bin","json-key","C:\DoAnTotNghiep\V-Shield-2.0\View\package-lock.json","2943"
"peerDependencies","json-key","C:\DoAnTotNghiep\V-Shield-2.0\View\package-lock.json","2946"
"browserslist","json-key","C:\DoAnTotNghiep\V-Shield-2.0\View\package-lock.json","2947"
"version","json-key","C:\DoAnTotNghiep\V-Shield-2.0\View\package-lock.json","2951"
"resolved","json-key","C:\DoAnTotNghiep\V-Shield-2.0\View\package-lock.json","2952"
"integrity","json-key","C:\DoAnTotNghiep\V-Shield-2.0\View\package-lock.json","2953"
"dev","json-key","C:\DoAnTotNghiep\V-Shield-2.0\View\package-lock.json","2954"
"license","json-key","C:\DoAnTotNghiep\V-Shield-2.0\View\package-lock.json","2955"
"version","json-key","C:\DoAnTotNghiep\V-Shield-2.0\View\package-lock.json","2958"
"resolved","json-key","C:\DoAnTotNghiep\V-Shield-2.0\View\package-lock.json","2959"
"integrity","json-key","C:\DoAnTotNghiep\V-Shield-2.0\View\package-lock.json","2960"
"dev","json-key","C:\DoAnTotNghiep\V-Shield-2.0\View\package-lock.json","2961"
"license","json-key","C:\DoAnTotNghiep\V-Shield-2.0\View\package-lock.json","2962"
"dependencies","json-key","C:\DoAnTotNghiep\V-Shield-2.0\View\package-lock.json","2963"
"esbuild","json-key","C:\DoAnTotNghiep\V-Shield-2.0\View\package-lock.json","2964"
"fdir","json-key","C:\DoAnTotNghiep\V-Shield-2.0\View\package-lock.json","2965"
"picomatch","json-key","C:\DoAnTotNghiep\V-Shield-2.0\View\package-lock.json","2966"
"postcss","json-key","C:\DoAnTotNghiep\V-Shield-2.0\View\package-lock.json","2967"
"rollup","json-key","C:\DoAnTotNghiep\V-Shield-2.0\View\package-lock.json","2968"
"tinyglobby","json-key","C:\DoAnTotNghiep\V-Shield-2.0\View\package-lock.json","2969"
"bin","json-key","C:\DoAnTotNghiep\V-Shield-2.0\View\package-lock.json","2971"
"vite","json-key","C:\DoAnTotNghiep\V-Shield-2.0\View\package-lock.json","2972"
"engines","json-key","C:\DoAnTotNghiep\V-Shield-2.0\View\package-lock.json","2974"
"node","json-key","C:\DoAnTotNghiep\V-Shield-2.0\View\package-lock.json","2975"
"funding","json-key","C:\DoAnTotNghiep\V-Shield-2.0\View\package-lock.json","2977"
"url","json-key","C:\DoAnTotNghiep\V-Shield-2.0\View\package-lock.json","2978"
"optionalDependencies","json-key","C:\DoAnTotNghiep\V-Shield-2.0\View\package-lock.json","2980"
"fsevents","json-key","C:\DoAnTotNghiep\V-Shield-2.0\View\package-lock.json","2981"
"peerDependencies","json-key","C:\DoAnTotNghiep\V-Shield-2.0\View\package-lock.json","2983"
"jiti","json-key","C:\DoAnTotNghiep\V-Shield-2.0\View\package-lock.json","2985"
"less","json-key","C:\DoAnTotNghiep\V-Shield-2.0\View\package-lock.json","2986"
"lightningcss","json-key","C:\DoAnTotNghiep\V-Shield-2.0\View\package-lock.json","2987"
"sass","json-key","C:\DoAnTotNghiep\V-Shield-2.0\View\package-lock.json","2988"
"stylus","json-key","C:\DoAnTotNghiep\V-Shield-2.0\View\package-lock.json","2990"
"sugarss","json-key","C:\DoAnTotNghiep\V-Shield-2.0\View\package-lock.json","2991"
"terser","json-key","C:\DoAnTotNghiep\V-Shield-2.0\View\package-lock.json","2992"
"tsx","json-key","C:\DoAnTotNghiep\V-Shield-2.0\View\package-lock.json","2993"
"yaml","json-key","C:\DoAnTotNghiep\V-Shield-2.0\View\package-lock.json","2994"
"peerDependenciesMeta","json-key","C:\DoAnTotNghiep\V-Shield-2.0\View\package-lock.json","2996"
"optional","json-key","C:\DoAnTotNghiep\V-Shield-2.0\View\package-lock.json","2998"
"jiti","json-key","C:\DoAnTotNghiep\V-Shield-2.0\View\package-lock.json","3000"
"optional","json-key","C:\DoAnTotNghiep\V-Shield-2.0\View\package-lock.json","3001"
"less","json-key","C:\DoAnTotNghiep\V-Shield-2.0\View\package-lock.json","3003"
"optional","json-key","C:\DoAnTotNghiep\V-Shield-2.0\View\package-lock.json","3004"
"lightningcss","json-key","C:\DoAnTotNghiep\V-Shield-2.0\View\package-lock.json","3006"
"optional","json-key","C:\DoAnTotNghiep\V-Shield-2.0\View\package-lock.json","3007"
"sass","json-key","C:\DoAnTotNghiep\V-Shield-2.0\View\package-lock.json","3009"
"optional","json-key","C:\DoAnTotNghiep\V-Shield-2.0\View\package-lock.json","3010"
"optional","json-key","C:\DoAnTotNghiep\V-Shield-2.0\View\package-lock.json","3013"
"stylus","json-key","C:\DoAnTotNghiep\V-Shield-2.0\View\package-lock.json","3015"
"optional","json-key","C:\DoAnTotNghiep\V-Shield-2.0\View\package-lock.json","3016"
"sugarss","json-key","C:\DoAnTotNghiep\V-Shield-2.0\View\package-lock.json","3018"
"optional","json-key","C:\DoAnTotNghiep\V-Shield-2.0\View\package-lock.json","3019"
"terser","json-key","C:\DoAnTotNghiep\V-Shield-2.0\View\package-lock.json","3021"
"optional","json-key","C:\DoAnTotNghiep\V-Shield-2.0\View\package-lock.json","3022"
"tsx","json-key","C:\DoAnTotNghiep\V-Shield-2.0\View\package-lock.json","3024"
"optional","json-key","C:\DoAnTotNghiep\V-Shield-2.0\View\package-lock.json","3025"
"yaml","json-key","C:\DoAnTotNghiep\V-Shield-2.0\View\package-lock.json","3027"
"optional","json-key","C:\DoAnTotNghiep\V-Shield-2.0\View\package-lock.json","3028"
"version","json-key","C:\DoAnTotNghiep\V-Shield-2.0\View\package-lock.json","3033"
"resolved","json-key","C:\DoAnTotNghiep\V-Shield-2.0\View\package-lock.json","3034"
"integrity","json-key","C:\DoAnTotNghiep\V-Shield-2.0\View\package-lock.json","3035"
"license","json-key","C:\DoAnTotNghiep\V-Shield-2.0\View\package-lock.json","3036"
"dependencies","json-key","C:\DoAnTotNghiep\V-Shield-2.0\View\package-lock.json","3037"
"peerDependencies","json-key","C:\DoAnTotNghiep\V-Shield-2.0\View\package-lock.json","3044"
"typescript","json-key","C:\DoAnTotNghiep\V-Shield-2.0\View\package-lock.json","3045"
"peerDependenciesMeta","json-key","C:\DoAnTotNghiep\V-Shield-2.0\View\package-lock.json","3047"
"typescript","json-key","C:\DoAnTotNghiep\V-Shield-2.0\View\package-lock.json","3048"
"optional","json-key","C:\DoAnTotNghiep\V-Shield-2.0\View\package-lock.json","3049"
"version","json-key","C:\DoAnTotNghiep\V-Shield-2.0\View\package-lock.json","3054"
"resolved","json-key","C:\DoAnTotNghiep\V-Shield-2.0\View\package-lock.json","3055"
"integrity","json-key","C:\DoAnTotNghiep\V-Shield-2.0\View\package-lock.json","3056"
"license","json-key","C:\DoAnTotNghiep\V-Shield-2.0\View\package-lock.json","3057"
"dependencies","json-key","C:\DoAnTotNghiep\V-Shield-2.0\View\package-lock.json","3058"
"funding","json-key","C:\DoAnTotNghiep\V-Shield-2.0\View\package-lock.json","3061"
"url","json-key","C:\DoAnTotNghiep\V-Shield-2.0\View\package-lock.json","3062"
"peerDependencies","json-key","C:\DoAnTotNghiep\V-Shield-2.0\View\package-lock.json","3064"
"vue","json-key","C:\DoAnTotNghiep\V-Shield-2.0\View\package-lock.json","3065"
"version","json-key","C:\DoAnTotNghiep\V-Shield-2.0\View\package-lock.json","3069"
"resolved","json-key","C:\DoAnTotNghiep\V-Shield-2.0\View\package-lock.json","3070"
"integrity","json-key","C:\DoAnTotNghiep\V-Shield-2.0\View\package-lock.json","3071"
"license","json-key","C:\DoAnTotNghiep\V-Shield-2.0\View\package-lock.json","3072"
"version","json-key","C:\DoAnTotNghiep\V-Shield-2.0\View\package-lock.json","3075"
"resolved","json-key","C:\DoAnTotNghiep\V-Shield-2.0\View\package-lock.json","3076"
"integrity","json-key","C:\DoAnTotNghiep\V-Shield-2.0\View\package-lock.json","3077"
"license","json-key","C:\DoAnTotNghiep\V-Shield-2.0\View\package-lock.json","3078"
"dependencies","json-key","C:\DoAnTotNghiep\V-Shield-2.0\View\package-lock.json","3079"
"engines","json-key","C:\DoAnTotNghiep\V-Shield-2.0\View\package-lock.json","3084"
"node","json-key","C:\DoAnTotNghiep\V-Shield-2.0\View\package-lock.json","3085"
"version","json-key","C:\DoAnTotNghiep\V-Shield-2.0\View\package-lock.json","3089"
"resolved","json-key","C:\DoAnTotNghiep\V-Shield-2.0\View\package-lock.json","3090"
"integrity","json-key","C:\DoAnTotNghiep\V-Shield-2.0\View\package-lock.json","3091"
"license","json-key","C:\DoAnTotNghiep\V-Shield-2.0\View\package-lock.json","3092"
"version","json-key","C:\DoAnTotNghiep\V-Shield-2.0\View\package-lock.json","3095"
"resolved","json-key","C:\DoAnTotNghiep\V-Shield-2.0\View\package-lock.json","3096"
"integrity","json-key","C:\DoAnTotNghiep\V-Shield-2.0\View\package-lock.json","3097"
"license","json-key","C:\DoAnTotNghiep\V-Shield-2.0\View\package-lock.json","3098"
"dependencies","json-key","C:\DoAnTotNghiep\V-Shield-2.0\View\package-lock.json","3099"
"cliui","json-key","C:\DoAnTotNghiep\V-Shield-2.0\View\package-lock.json","3100"
"decamelize","json-key","C:\DoAnTotNghiep\V-Shield-2.0\View\package-lock.json","3101"
"y18n","json-key","C:\DoAnTotNghiep\V-Shield-2.0\View\package-lock.json","3109"
"engines","json-key","C:\DoAnTotNghiep\V-Shield-2.0\View\package-lock.json","3112"
"node","json-key","C:\DoAnTotNghiep\V-Shield-2.0\View\package-lock.json","3113"
"version","json-key","C:\DoAnTotNghiep\V-Shield-2.0\View\package-lock.json","3117"
"resolved","json-key","C:\DoAnTotNghiep\V-Shield-2.0\View\package-lock.json","3118"
"integrity","json-key","C:\DoAnTotNghiep\V-Shield-2.0\View\package-lock.json","3119"
"license","json-key","C:\DoAnTotNghiep\V-Shield-2.0\View\package-lock.json","3120"
"dependencies","json-key","C:\DoAnTotNghiep\V-Shield-2.0\View\package-lock.json","3121"
"camelcase","json-key","C:\DoAnTotNghiep\V-Shield-2.0\View\package-lock.json","3122"
"decamelize","json-key","C:\DoAnTotNghiep\V-Shield-2.0\View\package-lock.json","3123"
"engines","json-key","C:\DoAnTotNghiep\V-Shield-2.0\View\package-lock.json","3125"
"node","json-key","C:\DoAnTotNghiep\V-Shield-2.0\View\package-lock.json","3126"
"name","json-key","C:\DoAnTotNghiep\V-Shield-2.0\View\package.json","2"
"private","json-key","C:\DoAnTotNghiep\V-Shield-2.0\View\package.json","3"
"version","json-key","C:\DoAnTotNghiep\V-Shield-2.0\View\package.json","4"
"type","json-key","C:\DoAnTotNghiep\V-Shield-2.0\View\package.json","5"
"scripts","json-key","C:\DoAnTotNghiep\V-Shield-2.0\View\package.json","6"
"dev","json-key","C:\DoAnTotNghiep\V-Shield-2.0\View\package.json","7"
"build","json-key","C:\DoAnTotNghiep\V-Shield-2.0\View\package.json","8"
"preview","json-key","C:\DoAnTotNghiep\V-Shield-2.0\View\package.json","9"
"dependencies","json-key","C:\DoAnTotNghiep\V-Shield-2.0\View\package.json","11"
"axios","json-key","C:\DoAnTotNghiep\V-Shield-2.0\View\package.json","13"
"jsqr","json-key","C:\DoAnTotNghiep\V-Shield-2.0\View\package.json","15"
"qrcode","json-key","C:\DoAnTotNghiep\V-Shield-2.0\View\package.json","16"
"vue","json-key","C:\DoAnTotNghiep\V-Shield-2.0\View\package.json","17"
"devDependencies","json-key","C:\DoAnTotNghiep\V-Shield-2.0\View\package.json","20"
"autoprefixer","json-key","C:\DoAnTotNghiep\V-Shield-2.0\View\package.json","22"
"postcss","json-key","C:\DoAnTotNghiep\V-Shield-2.0\View\package.json","23"
"tailwindcss","json-key","C:\DoAnTotNghiep\V-Shield-2.0\View\package.json","24"
"vite","json-key","C:\DoAnTotNghiep\V-Shield-2.0\View\package.json","25"
"walk","js-func","C:\DoAnTotNghiep\V-Shield-2.0\View\replace_colors_br.js","4"
"page","html-class","C:\DoAnTotNghiep\V-Shield-2.0\View\src\components\AccessPermissionManager.vue","2"
"topbar","html-class","C:\DoAnTotNghiep\V-Shield-2.0\View\src\components\AccessPermissionManager.vue","3"
"lane-grid","html-class","C:\DoAnTotNghiep\V-Shield-2.0\View\src\components\AccessPermissionManager.vue","10"
"lane-card","html-class","C:\DoAnTotNghiep\V-Shield-2.0\View\src\components\AccessPermissionManager.vue","11"
"lane-head","html-class","C:\DoAnTotNghiep\V-Shield-2.0\View\src\components\AccessPermissionManager.vue","12"
"ip-row","html-class","C:\DoAnTotNghiep\V-Shield-2.0\View\src\components\AccessPermissionManager.vue","19"
"ip-box","html-class","C:\DoAnTotNghiep\V-Shield-2.0\View\src\components\AccessPermissionManager.vue","20"
"ip-box","html-class","C:\DoAnTotNghiep\V-Shield-2.0\View\src\components\AccessPermissionManager.vue","32"
"ip-box","html-class","C:\DoAnTotNghiep\V-Shield-2.0\View\src\components\AccessPermissionManager.vue","37"
"ip-box","html-class","C:\DoAnTotNghiep\V-Shield-2.0\View\src\components\AccessPermissionManager.vue","42"
"radio","json-key","C:\DoAnTotNghiep\V-Shield-2.0\View\src\components\AccessPermissionManager.vue","46"
"radio","json-key","C:\DoAnTotNghiep\V-Shield-2.0\View\src\components\AccessPermissionManager.vue","49"
"lane-actions","html-class","C:\DoAnTotNghiep\V-Shield-2.0\View\src\components\AccessPermissionManager.vue","55"
"btn btn-main","html-class","C:\DoAnTotNghiep\V-Shield-2.0\View\src\components\AccessPermissionManager.vue","57"
"message","json-key","C:\DoAnTotNghiep\V-Shield-2.0\View\src\components\AccessPermissionManager.vue","66"
"bottom-note","html-class","C:\DoAnTotNghiep\V-Shield-2.0\View\src\components\AccessPermissionManager.vue","66"
"AccessPermissionManager","vue-component-name","C:\DoAnTotNghiep\V-Shield-2.0\View\src\components\AccessPermissionManager.vue","79"
"security-container","html-class","C:\DoAnTotNghiep\V-Shield-2.0\View\src\components\BienSoSecurity.vue","2"
"title","html-class","C:\DoAnTotNghiep\V-Shield-2.0\View\src\components\BienSoSecurity.vue","3"
"source-panel","html-class","C:\DoAnTotNghiep\V-Shield-2.0\View\src\components\BienSoSecurity.vue","5"
"source-field","html-class","C:\DoAnTotNghiep\V-Shield-2.0\View\src\components\BienSoSecurity.vue","6"
"source-label","html-class","C:\DoAnTotNghiep\V-Shield-2.0\View\src\components\BienSoSecurity.vue","7"
"ip-input source-select","html-class","C:\DoAnTotNghiep\V-Shield-2.0\View\src\components\BienSoSecurity.vue","10"
"btn btn-config","html-class","C:\DoAnTotNghiep\V-Shield-2.0\View\src\components\BienSoSecurity.vue","26"
"source-hint","html-class","C:\DoAnTotNghiep\V-Shield-2.0\View\src\components\BienSoSecurity.vue","34"
"control-panel","html-class","C:\DoAnTotNghiep\V-Shield-2.0\View\src\components\BienSoSecurity.vue","38"
"ip-input","html-class","C:\DoAnTotNghiep\V-Shield-2.0\View\src\components\BienSoSecurity.vue","42"
"ip-input","html-class","C:\DoAnTotNghiep\V-Shield-2.0\View\src\components\BienSoSecurity.vue","50"
"handleTurnOnPreview","json-key","C:\DoAnTotNghiep\V-Shield-2.0\View\src\components\BienSoSecurity.vue","55"
"btn btn-on","html-class","C:\DoAnTotNghiep\V-Shield-2.0\View\src\components\BienSoSecurity.vue","55"
"btn btn-reset","html-class","C:\DoAnTotNghiep\V-Shield-2.0\View\src\components\BienSoSecurity.vue","60"
"handleTurnOff","json-key","C:\DoAnTotNghiep\V-Shield-2.0\View\src\components\BienSoSecurity.vue","67"
"btn btn-off","html-class","C:\DoAnTotNghiep\V-Shield-2.0\View\src\components\BienSoSecurity.vue","67"
"status-bar","html-class","C:\DoAnTotNghiep\V-Shield-2.0\View\src\components\BienSoSecurity.vue","72"
"OK","json-key","C:\DoAnTotNghiep\V-Shield-2.0\View\src\components\BienSoSecurity.vue","81"
"video-wrapper","html-class","C:\DoAnTotNghiep\V-Shield-2.0\View\src\components\BienSoSecurity.vue","84"
"video-stream","html-class","C:\DoAnTotNghiep\V-Shield-2.0\View\src\components\BienSoSecurity.vue","88"
"video-off","html-class","C:\DoAnTotNghiep\V-Shield-2.0\View\src\components\BienSoSecurity.vue","95"
"plate-panel","html-class","C:\DoAnTotNghiep\V-Shield-2.0\View\src\components\BienSoSecurity.vue","100"
"plate-box","html-class","C:\DoAnTotNghiep\V-Shield-2.0\View\src\components\BienSoSecurity.vue","101"
"plate-label","html-class","C:\DoAnTotNghiep\V-Shield-2.0\View\src\components\BienSoSecurity.vue","102"
"plate-number confirmed","html-class","C:\DoAnTotNghiep\V-Shield-2.0\View\src\components\BienSoSecurity.vue","103"
"plate-box","html-class","C:\DoAnTotNghiep\V-Shield-2.0\View\src\components\BienSoSecurity.vue","108"
"plate-label","html-class","C:\DoAnTotNghiep\V-Shield-2.0\View\src\components\BienSoSecurity.vue","109"
"plate-number raw","html-class","C:\DoAnTotNghiep\V-Shield-2.0\View\src\components\BienSoSecurity.vue","110"
"lock-banner","html-class","C:\DoAnTotNghiep\V-Shield-2.0\View\src\components\BienSoSecurity.vue","116"
"evidence-panel","html-class","C:\DoAnTotNghiep\V-Shield-2.0\View\src\components\BienSoSecurity.vue","120"
"evidence-card","html-class","C:\DoAnTotNghiep\V-Shield-2.0\View\src\components\BienSoSecurity.vue","121"
"evidence-title","html-class","C:\DoAnTotNghiep\V-Shield-2.0\View\src\components\BienSoSecurity.vue","122"
"evidence-image","html-class","C:\DoAnTotNghiep\V-Shield-2.0\View\src\components\BienSoSecurity.vue","126"
"evidence-empty","html-class","C:\DoAnTotNghiep\V-Shield-2.0\View\src\components\BienSoSecurity.vue","129"
"evidence-card","html-class","C:\DoAnTotNghiep\V-Shield-2.0\View\src\components\BienSoSecurity.vue","132"
"evidence-title","html-class","C:\DoAnTotNghiep\V-Shield-2.0\View\src\components\BienSoSecurity.vue","133"
"evidence-image","html-class","C:\DoAnTotNghiep\V-Shield-2.0\View\src\components\BienSoSecurity.vue","137"
"evidence-empty","html-class","C:\DoAnTotNghiep\V-Shield-2.0\View\src\components\BienSoSecurity.vue","140"
"live-panel","html-class","C:\DoAnTotNghiep\V-Shield-2.0\View\src\components\BienSoSecurity.vue","144"
"live-title","html-class","C:\DoAnTotNghiep\V-Shield-2.0\View\src\components\BienSoSecurity.vue","145"
"candidate-list","html-class","C:\DoAnTotNghiep\V-Shield-2.0\View\src\components\BienSoSecurity.vue","147"
"candidate-item","html-class","C:\DoAnTotNghiep\V-Shield-2.0\View\src\components\BienSoSecurity.vue","151"
"candidate-text","html-class","C:\DoAnTotNghiep\V-Shield-2.0\View\src\components\BienSoSecurity.vue","153"
"candidate-meta","html-class","C:\DoAnTotNghiep\V-Shield-2.0\View\src\components\BienSoSecurity.vue","154"
"valid","json-key","C:\DoAnTotNghiep\V-Shield-2.0\View\src\components\BienSoSecurity.vue","155"
"candidate-empty","html-class","C:\DoAnTotNghiep\V-Shield-2.0\View\src\components\BienSoSecurity.vue","160"
"result-panel","html-class","C:\DoAnTotNghiep\V-Shield-2.0\View\src\components\BienSoSecurity.vue","165"
"Yes","json-key","C:\DoAnTotNghiep\V-Shield-2.0\View\src\components\BienSoSecurity.vue","168"
"BienSoSecurity","vue-component-name","C:\DoAnTotNghiep\V-Shield-2.0\View\src\components\BienSoSecurity.vue","190"
"security-container","html-class","C:\DoAnTotNghiep\V-Shield-2.0\View\src\components\FaceCamera.vue","2"
"title","html-class","C:\DoAnTotNghiep\V-Shield-2.0\View\src\components\FaceCamera.vue","3"
"control-panel","html-class","C:\DoAnTotNghiep\V-Shield-2.0\View\src\components\FaceCamera.vue","5"
"ip-input","html-class","C:\DoAnTotNghiep\V-Shield-2.0\View\src\components\FaceCamera.vue","9"
"handleTurnOnPreview","json-key","C:\DoAnTotNghiep\V-Shield-2.0\View\src\components\FaceCamera.vue","14"
"btn btn-on","html-class","C:\DoAnTotNghiep\V-Shield-2.0\View\src\components\FaceCamera.vue","14"
"btn btn-reset","html-class","C:\DoAnTotNghiep\V-Shield-2.0\View\src\components\FaceCamera.vue","19"
"handleTurnOff","json-key","C:\DoAnTotNghiep\V-Shield-2.0\View\src\components\FaceCamera.vue","26"
"btn btn-off","html-class","C:\DoAnTotNghiep\V-Shield-2.0\View\src\components\FaceCamera.vue","26"
"status-bar","html-class","C:\DoAnTotNghiep\V-Shield-2.0\View\src\components\FaceCamera.vue","31"
"OK","json-key","C:\DoAnTotNghiep\V-Shield-2.0\View\src\components\FaceCamera.vue","39"
"video-wrapper","html-class","C:\DoAnTotNghiep\V-Shield-2.0\View\src\components\FaceCamera.vue","42"
"video","html-class","C:\DoAnTotNghiep\V-Shield-2.0\View\src\components\FaceCamera.vue","47"
"video-off","html-class","C:\DoAnTotNghiep\V-Shield-2.0\View\src\components\FaceCamera.vue","53"
"face-panel","html-class","C:\DoAnTotNghiep\V-Shield-2.0\View\src\components\FaceCamera.vue","58"
"face-box","html-class","C:\DoAnTotNghiep\V-Shield-2.0\View\src\components\FaceCamera.vue","59"
"face-label","html-class","C:\DoAnTotNghiep\V-Shield-2.0\View\src\components\FaceCamera.vue","60"
"face-number confirmed","html-class","C:\DoAnTotNghiep\V-Shield-2.0\View\src\components\FaceCamera.vue","61"
"face-box","html-class","C:\DoAnTotNghiep\V-Shield-2.0\View\src\components\FaceCamera.vue","66"
"face-label","html-class","C:\DoAnTotNghiep\V-Shield-2.0\View\src\components\FaceCamera.vue","67"
"face-number raw","html-class","C:\DoAnTotNghiep\V-Shield-2.0\View\src\components\FaceCamera.vue","68"
"lock-banner","html-class","C:\DoAnTotNghiep\V-Shield-2.0\View\src\components\FaceCamera.vue","74"
"alert-banner","html-class","C:\DoAnTotNghiep\V-Shield-2.0\View\src\components\FaceCamera.vue","78"
"evidence-panel","html-class","C:\DoAnTotNghiep\V-Shield-2.0\View\src\components\FaceCamera.vue","82"
"evidence-card","html-class","C:\DoAnTotNghiep\V-Shield-2.0\View\src\components\FaceCamera.vue","83"
"evidence-title","html-class","C:\DoAnTotNghiep\V-Shield-2.0\View\src\components\FaceCamera.vue","84"
"evidence-image","html-class","C:\DoAnTotNghiep\V-Shield-2.0\View\src\components\FaceCamera.vue","88"
"evidence-empty","html-class","C:\DoAnTotNghiep\V-Shield-2.0\View\src\components\FaceCamera.vue","91"
"evidence-card","html-class","C:\DoAnTotNghiep\V-Shield-2.0\View\src\components\FaceCamera.vue","94"
"evidence-title","html-class","C:\DoAnTotNghiep\V-Shield-2.0\View\src\components\FaceCamera.vue","95"
"evidence-image","html-class","C:\DoAnTotNghiep\V-Shield-2.0\View\src\components\FaceCamera.vue","99"
"evidence-empty","html-class","C:\DoAnTotNghiep\V-Shield-2.0\View\src\components\FaceCamera.vue","102"
"live-panel","html-class","C:\DoAnTotNghiep\V-Shield-2.0\View\src\components\FaceCamera.vue","106"
"live-title","html-class","C:\DoAnTotNghiep\V-Shield-2.0\View\src\components\FaceCamera.vue","107"
"candidate-list","html-class","C:\DoAnTotNghiep\V-Shield-2.0\View\src\components\FaceCamera.vue","109"
"candidate-item","html-class","C:\DoAnTotNghiep\V-Shield-2.0\View\src\components\FaceCamera.vue","110"
"candidate-text","html-class","C:\DoAnTotNghiep\V-Shield-2.0\View\src\components\FaceCamera.vue","111"
"Yes","json-key","C:\DoAnTotNghiep\V-Shield-2.0\View\src\components\FaceCamera.vue","112"
"candidate-meta","html-class","C:\DoAnTotNghiep\V-Shield-2.0\View\src\components\FaceCamera.vue","112"
"candidate-item","html-class","C:\DoAnTotNghiep\V-Shield-2.0\View\src\components\FaceCamera.vue","115"
"candidate-text","html-class","C:\DoAnTotNghiep\V-Shield-2.0\View\src\components\FaceCamera.vue","116"
"Yes","json-key","C:\DoAnTotNghiep\V-Shield-2.0\View\src\components\FaceCamera.vue","117"
"candidate-meta","html-class","C:\DoAnTotNghiep\V-Shield-2.0\View\src\components\FaceCamera.vue","117"
"candidate-item","html-class","C:\DoAnTotNghiep\V-Shield-2.0\View\src\components\FaceCamera.vue","120"
"candidate-text","html-class","C:\DoAnTotNghiep\V-Shield-2.0\View\src\components\FaceCamera.vue","121"
"candidate-meta","html-class","C:\DoAnTotNghiep\V-Shield-2.0\View\src\components\FaceCamera.vue","122"
"candidate-item","html-class","C:\DoAnTotNghiep\V-Shield-2.0\View\src\components\FaceCamera.vue","125"
"candidate-text","html-class","C:\DoAnTotNghiep\V-Shield-2.0\View\src\components\FaceCamera.vue","126"
"candidate-meta","html-class","C:\DoAnTotNghiep\V-Shield-2.0\View\src\components\FaceCamera.vue","127"
"candidate-item","html-class","C:\DoAnTotNghiep\V-Shield-2.0\View\src\components\FaceCamera.vue","130"
"candidate-text","html-class","C:\DoAnTotNghiep\V-Shield-2.0\View\src\components\FaceCamera.vue","131"
"candidate-meta","html-class","C:\DoAnTotNghiep\V-Shield-2.0\View\src\components\FaceCamera.vue","132"
"result-panel","html-class","C:\DoAnTotNghiep\V-Shield-2.0\View\src\components\FaceCamera.vue","137"
"Yes","json-key","C:\DoAnTotNghiep\V-Shield-2.0\View\src\components\FaceCamera.vue","140"
"Yes","json-key","C:\DoAnTotNghiep\V-Shield-2.0\View\src\components\FaceCamera.vue","141"
"Yes","json-key","C:\DoAnTotNghiep\V-Shield-2.0\View\src\components\FaceCamera.vue","142"
"Yes","json-key","C:\DoAnTotNghiep\V-Shield-2.0\View\src\components\FaceCamera.vue","143"
"Yes","json-key","C:\DoAnTotNghiep\V-Shield-2.0\View\src\components\FaceCamera.vue","144"
"FaceIdSecurity","vue-component-name","C:\DoAnTotNghiep\V-Shield-2.0\View\src\components\FaceCamera.vue","162"
"container","html-class","C:\DoAnTotNghiep\V-Shield-2.0\View\src\components\FaceVideo.vue","3"
"card","html-class","C:\DoAnTotNghiep\V-Shield-2.0\View\src\components\FaceVideo.vue","5"
"field","html-class","C:\DoAnTotNghiep\V-Shield-2.0\View\src\components\FaceVideo.vue","10"
"preview","html-class","C:\DoAnTotNghiep\V-Shield-2.0\View\src\components\FaceVideo.vue","42"
"progress","html-class","C:\DoAnTotNghiep\V-Shield-2.0\View\src\components\FaceVideo.vue","52"
"bar","html-class","C:\DoAnTotNghiep\V-Shield-2.0\View\src\components\FaceVideo.vue","55"
"video-item","html-class","C:\DoAnTotNghiep\V-Shield-2.0\View\src\components\FaceVideo.vue","81"
"delete","html-class","C:\DoAnTotNghiep\V-Shield-2.0\View\src\components\FaceVideo.vue","90"
"card","html-class","C:\DoAnTotNghiep\V-Shield-2.0\View\src\components\HelloWorld.vue","14"
"read-the-docs","html-class","C:\DoAnTotNghiep\V-Shield-2.0\View\src\components\HelloWorld.vue","36"
"ThS. Phan HoÃ ng Kháº£i","vue-component-name","C:\DoAnTotNghiep\V-Shield-2.0\View\src\components\ProjectTeamOverview.vue","14"
"Pháº¡m VÄƒn ThÃ nh","vue-component-name","C:\DoAnTotNghiep\V-Shield-2.0\View\src\components\ProjectTeamOverview.vue","48"
"HÃ  Máº¡nh HÃ¹ng","vue-component-name","C:\DoAnTotNghiep\V-Shield-2.0\View\src\components\ProjectTeamOverview.vue","55"
"Pháº¡m Ngá»c HoÃ i Anh","vue-component-name","C:\DoAnTotNghiep\V-Shield-2.0\View\src\components\ProjectTeamOverview.vue","62"
"VÅ© Tiáº¿n Äáº¡t","vue-component-name","C:\DoAnTotNghiep\V-Shield-2.0\View\src\components\ProjectTeamOverview.vue","69"
"Nguyá»…n Quá»‘c Viá»‡t","vue-component-name","C:\DoAnTotNghiep\V-Shield-2.0\View\src\components\ProjectTeamOverview.vue","80"
"page-container animate-in","html-class","C:\DoAnTotNghiep\V-Shield-2.0\View\src\components\ProjectTeamOverview.vue","137"
"profile-header","html-class","C:\DoAnTotNghiep\V-Shield-2.0\View\src\components\ProjectTeamOverview.vue","138"
"logo-wrapper","html-class","C:\DoAnTotNghiep\V-Shield-2.0\View\src\components\ProjectTeamOverview.vue","139"
"logo-img","html-class","C:\DoAnTotNghiep\V-Shield-2.0\View\src\components\ProjectTeamOverview.vue","144"
"logo-fallback","html-class","C:\DoAnTotNghiep\V-Shield-2.0\View\src\components\ProjectTeamOverview.vue","148"
"header-text","html-class","C:\DoAnTotNghiep\V-Shield-2.0\View\src\components\ProjectTeamOverview.vue","151"
"page-title","html-class","C:\DoAnTotNghiep\V-Shield-2.0\View\src\components\ProjectTeamOverview.vue","152"
"page-subtitle","html-class","C:\DoAnTotNghiep\V-Shield-2.0\View\src\components\ProjectTeamOverview.vue","153"
"bento-grid profile-grid","html-class","C:\DoAnTotNghiep\V-Shield-2.0\View\src\components\ProjectTeamOverview.vue","163"
"bento-card col-span-4 project-intro","html-class","C:\DoAnTotNghiep\V-Shield-2.0\View\src\components\ProjectTeamOverview.vue","164"
"section-title","html-class","C:\DoAnTotNghiep\V-Shield-2.0\View\src\components\ProjectTeamOverview.vue","165"
"core-description","html-class","C:\DoAnTotNghiep\V-Shield-2.0\View\src\components\ProjectTeamOverview.vue","167"
"three-col-grid","html-class","C:\DoAnTotNghiep\V-Shield-2.0\View\src\components\ProjectTeamOverview.vue","175"
"feature-card","html-class","C:\DoAnTotNghiep\V-Shield-2.0\View\src\components\ProjectTeamOverview.vue","179"
"feature-icon","html-class","C:\DoAnTotNghiep\V-Shield-2.0\View\src\components\ProjectTeamOverview.vue","181"
"pulse-dot","html-class","C:\DoAnTotNghiep\V-Shield-2.0\View\src\components\ProjectTeamOverview.vue","182"
"bento-card col-span-4 team-card","html-class","C:\DoAnTotNghiep\V-Shield-2.0\View\src\components\ProjectTeamOverview.vue","190"
"card-header card-header-center","html-class","C:\DoAnTotNghiep\V-Shield-2.0\View\src\components\ProjectTeamOverview.vue","191"
"section-title section-title-no-margin","html-class","C:\DoAnTotNghiep\V-Shield-2.0\View\src\components\ProjectTeamOverview.vue","192"
"advisor-row","html-class","C:\DoAnTotNghiep\V-Shield-2.0\View\src\components\ProjectTeamOverview.vue","197"
"team-member advisor-card","html-class","C:\DoAnTotNghiep\V-Shield-2.0\View\src\components\ProjectTeamOverview.vue","198"
"member-avatar advisor-avatar","html-class","C:\DoAnTotNghiep\V-Shield-2.0\View\src\components\ProjectTeamOverview.vue","199"
"avatar-fallback","html-class","C:\DoAnTotNghiep\V-Shield-2.0\View\src\components\ProjectTeamOverview.vue","207"
"member-name","html-class","C:\DoAnTotNghiep\V-Shield-2.0\View\src\components\ProjectTeamOverview.vue","211"
"badge","html-class","C:\DoAnTotNghiep\V-Shield-2.0\View\src\components\ProjectTeamOverview.vue","213"
"advisor.badgeClass","html-class","C:\DoAnTotNghiep\V-Shield-2.0\View\src\components\ProjectTeamOverview.vue","214"
"team-row","html-class","C:\DoAnTotNghiep\V-Shield-2.0\View\src\components\ProjectTeamOverview.vue","222"
"team-member","html-class","C:\DoAnTotNghiep\V-Shield-2.0\View\src\components\ProjectTeamOverview.vue","226"
"{ 'leader-card': member.role.includes('Leader') }","html-class","C:\DoAnTotNghiep\V-Shield-2.0\View\src\components\ProjectTeamOverview.vue","227"
"member-avatar","html-class","C:\DoAnTotNghiep\V-Shield-2.0\View\src\components\ProjectTeamOverview.vue","229"
"avatar-fallback","html-class","C:\DoAnTotNghiep\V-Shield-2.0\View\src\components\ProjectTeamOverview.vue","237"
"member-name","html-class","C:\DoAnTotNghiep\V-Shield-2.0\View\src\components\ProjectTeamOverview.vue","241"
"badge","html-class","C:\DoAnTotNghiep\V-Shield-2.0\View\src\components\ProjectTeamOverview.vue","243"
"member.badgeClass","html-class","C:\DoAnTotNghiep\V-Shield-2.0\View\src\components\ProjectTeamOverview.vue","244"
"bento-card col-span-4 roadmap-section","html-class","C:\DoAnTotNghiep\V-Shield-2.0\View\src\components\ProjectTeamOverview.vue","253"
"section-title","html-class","C:\DoAnTotNghiep\V-Shield-2.0\View\src\components\ProjectTeamOverview.vue","254"
"three-col-grid","html-class","C:\DoAnTotNghiep\V-Shield-2.0\View\src\components\ProjectTeamOverview.vue","256"
"feature-card roadmap","html-class","C:\DoAnTotNghiep\V-Shield-2.0\View\src\components\ProjectTeamOverview.vue","260"
"bento-card col-span-4 interactive-card action-primary cta-card","html-class","C:\DoAnTotNghiep\V-Shield-2.0\View\src\components\ProjectTeamOverview.vue","270"
"cta-title","html-class","C:\DoAnTotNghiep\V-Shield-2.0\View\src\components\ProjectTeamOverview.vue","273"
"cta-subtitle","html-class","C:\DoAnTotNghiep\V-Shield-2.0\View\src\components\ProjectTeamOverview.vue","274"
"btn btn-secondary cta-button","html-class","C:\DoAnTotNghiep\V-Shield-2.0\View\src\components\ProjectTeamOverview.vue","277"
"page","html-class","C:\DoAnTotNghiep\V-Shield-2.0\View\src\components\QrAccessMonitor.vue","2"
"topbar","html-class","C:\DoAnTotNghiep\V-Shield-2.0\View\src\components\QrAccessMonitor.vue","3"
"lane-grid","html-class","C:\DoAnTotNghiep\V-Shield-2.0\View\src\components\QrAccessMonitor.vue","10"
"lane-card","html-class","C:\DoAnTotNghiep\V-Shield-2.0\View\src\components\QrAccessMonitor.vue","14"
"{ ready: term.sessionLocked }","html-class","C:\DoAnTotNghiep\V-Shield-2.0\View\src\components\QrAccessMonitor.vue","15"
"lane-head","html-class","C:\DoAnTotNghiep\V-Shield-2.0\View\src\components\QrAccessMonitor.vue","17"
"lane-final-status","html-class","C:\DoAnTotNghiep\V-Shield-2.0\View\src\components\QrAccessMonitor.vue","22"
"lane-actions","html-class","C:\DoAnTotNghiep\V-Shield-2.0\View\src\components\QrAccessMonitor.vue","27"
"btn btn-main","html-class","C:\DoAnTotNghiep\V-Shield-2.0\View\src\components\QrAccessMonitor.vue","28"
"btn btn-off","html-class","C:\DoAnTotNghiep\V-Shield-2.0\View\src\components\QrAccessMonitor.vue","31"
"ip-row","html-class","C:\DoAnTotNghiep\V-Shield-2.0\View\src\components\QrAccessMonitor.vue","36"
"ip-box","html-class","C:\DoAnTotNghiep\V-Shield-2.0\View\src\components\QrAccessMonitor.vue","37"
"search-box","html-class","C:\DoAnTotNghiep\V-Shield-2.0\View\src\components\QrAccessMonitor.vue","39"
"dropdown","html-class","C:\DoAnTotNghiep\V-Shield-2.0\View\src\components\QrAccessMonitor.vue","41"
"dropdown-item","html-class","C:\DoAnTotNghiep\V-Shield-2.0\View\src\components\QrAccessMonitor.vue","43"
"ip-box","html-class","C:\DoAnTotNghiep\V-Shield-2.0\View\src\components\QrAccessMonitor.vue","49"
"summary-bar","html-class","C:\DoAnTotNghiep\V-Shield-2.0\View\src\components\QrAccessMonitor.vue","55"
"summary-item","html-class","C:\DoAnTotNghiep\V-Shield-2.0\View\src\components\QrAccessMonitor.vue","56"
"label","html-class","C:\DoAnTotNghiep\V-Shield-2.0\View\src\components\QrAccessMonitor.vue","57"
"value strong","html-class","C:\DoAnTotNghiep\V-Shield-2.0\View\src\components\QrAccessMonitor.vue","58"
"summary-item","html-class","C:\DoAnTotNghiep\V-Shield-2.0\View\src\components\QrAccessMonitor.vue","60"
"label","html-class","C:\DoAnTotNghiep\V-Shield-2.0\View\src\components\QrAccessMonitor.vue","61"
"value","json-key","C:\DoAnTotNghiep\V-Shield-2.0\View\src\components\QrAccessMonitor.vue","62"
"value","html-class","C:\DoAnTotNghiep\V-Shield-2.0\View\src\components\QrAccessMonitor.vue","62"
"camera-stack","html-class","C:\DoAnTotNghiep\V-Shield-2.0\View\src\components\QrAccessMonitor.vue","68"
"cam-block","html-class","C:\DoAnTotNghiep\V-Shield-2.0\View\src\components\QrAccessMonitor.vue","69"
"cam-head","html-class","C:\DoAnTotNghiep\V-Shield-2.0\View\src\components\QrAccessMonitor.vue","70"
"cam-preview","html-class","C:\DoAnTotNghiep\V-Shield-2.0\View\src\components\QrAccessMonitor.vue","74"
"preview-image","html-class","C:\DoAnTotNghiep\V-Shield-2.0\View\src\components\QrAccessMonitor.vue","79"
"cam-off","html-class","C:\DoAnTotNghiep\V-Shield-2.0\View\src\components\QrAccessMonitor.vue","83"
"bottom-note","html-class","C:\DoAnTotNghiep\V-Shield-2.0\View\src\components\QrAccessMonitor.vue","88"
"QrAccessMonitor","vue-component-name","C:\DoAnTotNghiep\V-Shield-2.0\View\src\components\QrAccessMonitor.vue","104"
"Chá»‘t Äi Bá»™ 1","vue-component-name","C:\DoAnTotNghiep\V-Shield-2.0\View\src\components\QrAccessMonitor.vue","114"
"danger","json-key","C:\DoAnTotNghiep\V-Shield-2.0\View\src\components\QrAccessMonitor.vue","287"
"scanner-page","html-class","C:\DoAnTotNghiep\V-Shield-2.0\View\src\components\Scan_QR_D.vue","2"
"scanner-card","html-class","C:\DoAnTotNghiep\V-Shield-2.0\View\src\components\Scan_QR_D.vue","3"
"source-panel","html-class","C:\DoAnTotNghiep\V-Shield-2.0\View\src\components\Scan_QR_D.vue","6"
"source-field","html-class","C:\DoAnTotNghiep\V-Shield-2.0\View\src\components\Scan_QR_D.vue","7"
"ip-input","html-class","C:\DoAnTotNghiep\V-Shield-2.0\View\src\components\Scan_QR_D.vue","11"
"btn btn-config","html-class","C:\DoAnTotNghiep\V-Shield-2.0\View\src\components\Scan_QR_D.vue","27"
"source-hint","html-class","C:\DoAnTotNghiep\V-Shield-2.0\View\src\components\Scan_QR_D.vue","35"
"form-group","html-class","C:\DoAnTotNghiep\V-Shield-2.0\View\src\components\Scan_QR_D.vue","39"
"ip-input","html-class","C:\DoAnTotNghiep\V-Shield-2.0\View\src\components\Scan_QR_D.vue","44"
"form-row","html-class","C:\DoAnTotNghiep\V-Shield-2.0\View\src\components\Scan_QR_D.vue","49"
"form-group","html-class","C:\DoAnTotNghiep\V-Shield-2.0\View\src\components\Scan_QR_D.vue","50"
"ip-input","html-class","C:\DoAnTotNghiep\V-Shield-2.0\View\src\components\Scan_QR_D.vue","52"
"form-group","html-class","C:\DoAnTotNghiep\V-Shield-2.0\View\src\components\Scan_QR_D.vue","55"
"ip-input","html-class","C:\DoAnTotNghiep\V-Shield-2.0\View\src\components\Scan_QR_D.vue","57"
"form-group","html-class","C:\DoAnTotNghiep\V-Shield-2.0\View\src\components\Scan_QR_D.vue","60"
"ip-input","html-class","C:\DoAnTotNghiep\V-Shield-2.0\View\src\components\Scan_QR_D.vue","62"
"button-row","html-class","C:\DoAnTotNghiep\V-Shield-2.0\View\src\components\Scan_QR_D.vue","66"
"startCamera","json-key","C:\DoAnTotNghiep\V-Shield-2.0\View\src\components\Scan_QR_D.vue","67"
"btn btn-primary","html-class","C:\DoAnTotNghiep\V-Shield-2.0\View\src\components\Scan_QR_D.vue","67"
"stopCamera","json-key","C:\DoAnTotNghiep\V-Shield-2.0\View\src\components\Scan_QR_D.vue","71"
"btn btn-danger","html-class","C:\DoAnTotNghiep\V-Shield-2.0\View\src\components\Scan_QR_D.vue","71"
"btn btn-reset","html-class","C:\DoAnTotNghiep\V-Shield-2.0\View\src\components\Scan_QR_D.vue","75"
"preview-wrap","html-class","C:\DoAnTotNghiep\V-Shield-2.0\View\src\components\Scan_QR_D.vue","80"
"video","html-class","C:\DoAnTotNghiep\V-Shield-2.0\View\src\components\Scan_QR_D.vue","85"
"video","html-class","C:\DoAnTotNghiep\V-Shield-2.0\View\src\components\Scan_QR_D.vue","95"
"preview-placeholder preview-note","html-class","C:\DoAnTotNghiep\V-Shield-2.0\View\src\components\Scan_QR_D.vue","106"
"preview-placeholder preview-note","html-class","C:\DoAnTotNghiep\V-Shield-2.0\View\src\components\Scan_QR_D.vue","110"
"preview-placeholder","html-class","C:\DoAnTotNghiep\V-Shield-2.0\View\src\components\Scan_QR_D.vue","114"
"hidden-canvas","html-class","C:\DoAnTotNghiep\V-Shield-2.0\View\src\components\Scan_QR_D.vue","118"
"status-grid","html-class","C:\DoAnTotNghiep\V-Shield-2.0\View\src\components\Scan_QR_D.vue","121"
"Yes","json-key","C:\DoAnTotNghiep\V-Shield-2.0\View\src\components\Scan_QR_D.vue","123"
"Yes","json-key","C:\DoAnTotNghiep\V-Shield-2.0\View\src\components\Scan_QR_D.vue","124"
"verify-box","html-class","C:\DoAnTotNghiep\V-Shield-2.0\View\src\components\Scan_QR_D.vue","143"
"verify-message","html-class","C:\DoAnTotNghiep\V-Shield-2.0\View\src\components\Scan_QR_D.vue","144"
"verify-data","html-class","C:\DoAnTotNghiep\V-Shield-2.0\View\src\components\Scan_QR_D.vue","145"
"manual-panel","html-class","C:\DoAnTotNghiep\V-Shield-2.0\View\src\components\Scan_QR_D.vue","155"
"form-group","html-class","C:\DoAnTotNghiep\V-Shield-2.0\View\src\components\Scan_QR_D.vue","158"
"ip-input","html-class","C:\DoAnTotNghiep\V-Shield-2.0\View\src\components\Scan_QR_D.vue","163"
"form-group","html-class","C:\DoAnTotNghiep\V-Shield-2.0\View\src\components\Scan_QR_D.vue","168"
"text-area","html-class","C:\DoAnTotNghiep\V-Shield-2.0\View\src\components\Scan_QR_D.vue","173"
"verifyManual","json-key","C:\DoAnTotNghiep\V-Shield-2.0\View\src\components\Scan_QR_D.vue","178"
"btn btn-reset","html-class","C:\DoAnTotNghiep\V-Shield-2.0\View\src\components\Scan_QR_D.vue","178"
"DynamicQrIpScanner","vue-component-name","C:\DoAnTotNghiep\V-Shield-2.0\View\src\components\Scan_QR_D.vue","212"
"stream-preview","html-class","C:\DoAnTotNghiep\V-Shield-2.0\View\src\components\StreamPreview.vue","3"
"[`mode-${playerMode}`, { loading: isLoading }]","html-class","C:\DoAnTotNghiep\V-Shield-2.0\View\src\components\StreamPreview.vue","4"
"stream-media","html-class","C:\DoAnTotNghiep\V-Shield-2.0\View\src\components\StreamPreview.vue","14"
"stream-media","html-class","C:\DoAnTotNghiep\V-Shield-2.0\View\src\components\StreamPreview.vue","22"
"preview-message","html-class","C:\DoAnTotNghiep\V-Shield-2.0\View\src\components\StreamPreview.vue","34"
"preview-message","html-class","C:\DoAnTotNghiep\V-Shield-2.0\View\src\components\StreamPreview.vue","39"
"preview-message","html-class","C:\DoAnTotNghiep\V-Shield-2.0\View\src\components\StreamPreview.vue","44"
"preview-overlay","html-class","C:\DoAnTotNghiep\V-Shield-2.0\View\src\components\StreamPreview.vue","49"
"preview-overlay error","html-class","C:\DoAnTotNghiep\V-Shield-2.0\View\src\components\StreamPreview.vue","50"
"page-container qr-page animate-in","html-class","C:\DoAnTotNghiep\V-Shield-2.0\View\src\components\Tao_QR_D.vue","2"
"qr-layout","html-class","C:\DoAnTotNghiep\V-Shield-2.0\View\src\components\Tao_QR_D.vue","5"
"ops-panel command-panel","html-class","C:\DoAnTotNghiep\V-Shield-2.0\View\src\components\Tao_QR_D.vue","6"
"panel-head","html-class","C:\DoAnTotNghiep\V-Shield-2.0\View\src\components\Tao_QR_D.vue","7"
"panel-kicker","html-class","C:\DoAnTotNghiep\V-Shield-2.0\View\src\components\Tao_QR_D.vue","9"
"panel-title","html-class","C:\DoAnTotNghiep\V-Shield-2.0\View\src\components\Tao_QR_D.vue","10"
"panel-copy","html-class","C:\DoAnTotNghiep\V-Shield-2.0\View\src\components\Tao_QR_D.vue","11"
"mode-pill","html-class","C:\DoAnTotNghiep\V-Shield-2.0\View\src\components\Tao_QR_D.vue","14"
"form-stack","html-class","C:\DoAnTotNghiep\V-Shield-2.0\View\src\components\Tao_QR_D.vue","21"
"form-field","html-class","C:\DoAnTotNghiep\V-Shield-2.0\View\src\components\Tao_QR_D.vue","22"
"field-label","html-class","C:\DoAnTotNghiep\V-Shield-2.0\View\src\components\Tao_QR_D.vue","23"
"input-shell","html-class","C:\DoAnTotNghiep\V-Shield-2.0\View\src\components\Tao_QR_D.vue","24"
"filter-select qr-input","html-class","C:\DoAnTotNghiep\V-Shield-2.0\View\src\components\Tao_QR_D.vue","29"
"input-hint","html-class","C:\DoAnTotNghiep\V-Shield-2.0\View\src\components\Tao_QR_D.vue","33"
"account-card","html-class","C:\DoAnTotNghiep\V-Shield-2.0\View\src\components\Tao_QR_D.vue","39"
"metric-eyebrow","html-class","C:\DoAnTotNghiep\V-Shield-2.0\View\src\components\Tao_QR_D.vue","40"
"action-row","html-class","C:\DoAnTotNghiep\V-Shield-2.0\View\src\components\Tao_QR_D.vue","48"
"btn btn-primary","html-class","C:\DoAnTotNghiep\V-Shield-2.0\View\src\components\Tao_QR_D.vue","49"
"btn btn-secondary","html-class","C:\DoAnTotNghiep\V-Shield-2.0\View\src\components\Tao_QR_D.vue","53"
"btn btn-secondary subtle","html-class","C:\DoAnTotNghiep\V-Shield-2.0\View\src\components\Tao_QR_D.vue","57"
"feedback-stack","html-class","C:\DoAnTotNghiep\V-Shield-2.0\View\src\components\Tao_QR_D.vue","63"
"feedback-card danger","html-class","C:\DoAnTotNghiep\V-Shield-2.0\View\src\components\Tao_QR_D.vue","64"
"feedback-card success","html-class","C:\DoAnTotNghiep\V-Shield-2.0\View\src\components\Tao_QR_D.vue","65"
"feedback-card info","html-class","C:\DoAnTotNghiep\V-Shield-2.0\View\src\components\Tao_QR_D.vue","66"
"preview-stack","html-class","C:\DoAnTotNghiep\V-Shield-2.0\View\src\components\Tao_QR_D.vue","72"
"ops-panel live-panel","html-class","C:\DoAnTotNghiep\V-Shield-2.0\View\src\components\Tao_QR_D.vue","73"
"panel-head","html-class","C:\DoAnTotNghiep\V-Shield-2.0\View\src\components\Tao_QR_D.vue","74"
"panel-kicker","html-class","C:\DoAnTotNghiep\V-Shield-2.0\View\src\components\Tao_QR_D.vue","76"
"panel-title","html-class","C:\DoAnTotNghiep\V-Shield-2.0\View\src\components\Tao_QR_D.vue","77"
"panel-copy","html-class","C:\DoAnTotNghiep\V-Shield-2.0\View\src\components\Tao_QR_D.vue","78"
"soft-chip","html-class","C:\DoAnTotNghiep\V-Shield-2.0\View\src\components\Tao_QR_D.vue","83"
"live-layout","html-class","C:\DoAnTotNghiep\V-Shield-2.0\View\src\components\Tao_QR_D.vue","86"
"qr-stage","html-class","C:\DoAnTotNghiep\V-Shield-2.0\View\src\components\Tao_QR_D.vue","87"
"stage-head","html-class","C:\DoAnTotNghiep\V-Shield-2.0\View\src\components\Tao_QR_D.vue","88"
"metric-eyebrow inverse","html-class","C:\DoAnTotNghiep\V-Shield-2.0\View\src\components\Tao_QR_D.vue","90"
"stage-pill","html-class","C:\DoAnTotNghiep\V-Shield-2.0\View\src\components\Tao_QR_D.vue","94"
"qr-frame","html-class","C:\DoAnTotNghiep\V-Shield-2.0\View\src\components\Tao_QR_D.vue","97"
"qr-frame-glow","html-class","C:\DoAnTotNghiep\V-Shield-2.0\View\src\components\Tao_QR_D.vue","98"
"qrImage","json-key","C:\DoAnTotNghiep\V-Shield-2.0\View\src\components\Tao_QR_D.vue","99"
"stage-foot","html-class","C:\DoAnTotNghiep\V-Shield-2.0\View\src\components\Tao_QR_D.vue","102"
"stage-stat","html-class","C:\DoAnTotNghiep\V-Shield-2.0\View\src\components\Tao_QR_D.vue","103"
"ghost-copy","html-class","C:\DoAnTotNghiep\V-Shield-2.0\View\src\components\Tao_QR_D.vue","108"
"live-sidebar","html-class","C:\DoAnTotNghiep\V-Shield-2.0\View\src\components\Tao_QR_D.vue","114"
"countdown-card","html-class","C:\DoAnTotNghiep\V-Shield-2.0\View\src\components\Tao_QR_D.vue","115"
"metric-eyebrow","html-class","C:\DoAnTotNghiep\V-Shield-2.0\View\src\components\Tao_QR_D.vue","116"
"countdown-track","html-class","C:\DoAnTotNghiep\V-Shield-2.0\View\src\components\Tao_QR_D.vue","120"
"info-grid","html-class","C:\DoAnTotNghiep\V-Shield-2.0\View\src\components\Tao_QR_D.vue","125"
"info-card","html-class","C:\DoAnTotNghiep\V-Shield-2.0\View\src\components\Tao_QR_D.vue","126"
"info-card","html-class","C:\DoAnTotNghiep\V-Shield-2.0\View\src\components\Tao_QR_D.vue","132"
"info-card","html-class","C:\DoAnTotNghiep\V-Shield-2.0\View\src\components\Tao_QR_D.vue","138"
"info-card","html-class","C:\DoAnTotNghiep\V-Shield-2.0\View\src\components\Tao_QR_D.vue","144"
"payload-card","html-class","C:\DoAnTotNghiep\V-Shield-2.0\View\src\components\Tao_QR_D.vue","151"
"payload-head","html-class","C:\DoAnTotNghiep\V-Shield-2.0\View\src\components\Tao_QR_D.vue","152"
"metric-eyebrow","html-class","C:\DoAnTotNghiep\V-Shield-2.0\View\src\components\Tao_QR_D.vue","154"
"ghost-copy secondary","html-class","C:\DoAnTotNghiep\V-Shield-2.0\View\src\components\Tao_QR_D.vue","158"
"payload-box","html-class","C:\DoAnTotNghiep\V-Shield-2.0\View\src\components\Tao_QR_D.vue","163"
"empty-shell","html-class","C:\DoAnTotNghiep\V-Shield-2.0\View\src\components\Tao_QR_D.vue","168"
"empty-orb","html-class","C:\DoAnTotNghiep\V-Shield-2.0\View\src\components\Tao_QR_D.vue","169"
"empty-steps","html-class","C:\DoAnTotNghiep\V-Shield-2.0\View\src\components\Tao_QR_D.vue","175"
"page","html-class","C:\DoAnTotNghiep\V-Shield-2.0\View\src\components\ThongHanh.vue","2"
"topbar","html-class","C:\DoAnTotNghiep\V-Shield-2.0\View\src\components\ThongHanh.vue","3"
"lane-grid","html-class","C:\DoAnTotNghiep\V-Shield-2.0\View\src\components\ThongHanh.vue","10"
"lane-card","html-class","C:\DoAnTotNghiep\V-Shield-2.0\View\src\components\ThongHanh.vue","14"
"{ ready: isLaneReady(lane) }","html-class","C:\DoAnTotNghiep\V-Shield-2.0\View\src\components\ThongHanh.vue","15"
"lane-head","html-class","C:\DoAnTotNghiep\V-Shield-2.0\View\src\components\ThongHanh.vue","17"
"lane-final-status","html-class","C:\DoAnTotNghiep\V-Shield-2.0\View\src\components\ThongHanh.vue","23"
"lane-actions","html-class","C:\DoAnTotNghiep\V-Shield-2.0\View\src\components\ThongHanh.vue","28"
"btn btn-preview","html-class","C:\DoAnTotNghiep\V-Shield-2.0\View\src\components\ThongHanh.vue","29"
"btn btn-main","html-class","C:\DoAnTotNghiep\V-Shield-2.0\View\src\components\ThongHanh.vue","34"
"btn btn-sub","html-class","C:\DoAnTotNghiep\V-Shield-2.0\View\src\components\ThongHanh.vue","42"
"btn btn-sub","html-class","C:\DoAnTotNghiep\V-Shield-2.0\View\src\components\ThongHanh.vue","50"
"btn btn-off","html-class","C:\DoAnTotNghiep\V-Shield-2.0\View\src\components\ThongHanh.vue","57"
"btn btn-confirm","html-class","C:\DoAnTotNghiep\V-Shield-2.0\View\src\components\ThongHanh.vue","62"
"ip-row","html-class","C:\DoAnTotNghiep\V-Shield-2.0\View\src\components\ThongHanh.vue","70"
"ip-box","html-class","C:\DoAnTotNghiep\V-Shield-2.0\View\src\components\ThongHanh.vue","71"
"ip-box","html-class","C:\DoAnTotNghiep\V-Shield-2.0\View\src\components\ThongHanh.vue","81"
"summary-bar","html-class","C:\DoAnTotNghiep\V-Shield-2.0\View\src\components\ThongHanh.vue","92"
"summary-item","html-class","C:\DoAnTotNghiep\V-Shield-2.0\View\src\components\ThongHanh.vue","93"
"label","html-class","C:\DoAnTotNghiep\V-Shield-2.0\View\src\components\ThongHanh.vue","94"
"value strong","html-class","C:\DoAnTotNghiep\V-Shield-2.0\View\src\components\ThongHanh.vue","95"
"summary-item","html-class","C:\DoAnTotNghiep\V-Shield-2.0\View\src\components\ThongHanh.vue","98"
"label","html-class","C:\DoAnTotNghiep\V-Shield-2.0\View\src\components\ThongHanh.vue","99"
"value","json-key","C:\DoAnTotNghiep\V-Shield-2.0\View\src\components\ThongHanh.vue","100"
"value","html-class","C:\DoAnTotNghiep\V-Shield-2.0\View\src\components\ThongHanh.vue","100"
"summary-item","html-class","C:\DoAnTotNghiep\V-Shield-2.0\View\src\components\ThongHanh.vue","105"
"label","html-class","C:\DoAnTotNghiep\V-Shield-2.0\View\src\components\ThongHanh.vue","106"
"value strong plate","html-class","C:\DoAnTotNghiep\V-Shield-2.0\View\src\components\ThongHanh.vue","107"
"summary-item","html-class","C:\DoAnTotNghiep\V-Shield-2.0\View\src\components\ThongHanh.vue","110"
"label","html-class","C:\DoAnTotNghiep\V-Shield-2.0\View\src\components\ThongHanh.vue","111"
"value","json-key","C:\DoAnTotNghiep\V-Shield-2.0\View\src\components\ThongHanh.vue","112"
"value","html-class","C:\DoAnTotNghiep\V-Shield-2.0\View\src\components\ThongHanh.vue","112"
"camera-stack","html-class","C:\DoAnTotNghiep\V-Shield-2.0\View\src\components\ThongHanh.vue","118"
"cam-block","html-class","C:\DoAnTotNghiep\V-Shield-2.0\View\src\components\ThongHanh.vue","120"
"cam-head","html-class","C:\DoAnTotNghiep\V-Shield-2.0\View\src\components\ThongHanh.vue","121"
"mini-status","html-class","C:\DoAnTotNghiep\V-Shield-2.0\View\src\components\ThongHanh.vue","123"
"cam-preview","html-class","C:\DoAnTotNghiep\V-Shield-2.0\View\src\components\ThongHanh.vue","128"
"preview-image","html-class","C:\DoAnTotNghiep\V-Shield-2.0\View\src\components\ThongHanh.vue","133"
"cam-off","html-class","C:\DoAnTotNghiep\V-Shield-2.0\View\src\components\ThongHanh.vue","138"
"quick-result","html-class","C:\DoAnTotNghiep\V-Shield-2.0\View\src\components\ThongHanh.vue","141"
"result-pill","html-class","C:\DoAnTotNghiep\V-Shield-2.0\View\src\components\ThongHanh.vue","142"
"RUNNING","json-key","C:\DoAnTotNghiep\V-Shield-2.0\View\src\components\ThongHanh.vue","143"
"result-pill","html-class","C:\DoAnTotNghiep\V-Shield-2.0\View\src\components\ThongHanh.vue","145"
"LOCKED","json-key","C:\DoAnTotNghiep\V-Shield-2.0\View\src\components\ThongHanh.vue","146"
"result-pill","html-class","C:\DoAnTotNghiep\V-Shield-2.0\View\src\components\ThongHanh.vue","148"
"ALERT","json-key","C:\DoAnTotNghiep\V-Shield-2.0\View\src\components\ThongHanh.vue","149"
"evidence-row","html-class","C:\DoAnTotNghiep\V-Shield-2.0\View\src\components\ThongHanh.vue","153"
"evidence-box","html-class","C:\DoAnTotNghiep\V-Shield-2.0\View\src\components\ThongHanh.vue","154"
"evidence-image","html-class","C:\DoAnTotNghiep\V-Shield-2.0\View\src\components\ThongHanh.vue","158"
"evidence-empty","html-class","C:\DoAnTotNghiep\V-Shield-2.0\View\src\components\ThongHanh.vue","161"
"evidence-box","html-class","C:\DoAnTotNghiep\V-Shield-2.0\View\src\components\ThongHanh.vue","164"
"evidence-image","html-class","C:\DoAnTotNghiep\V-Shield-2.0\View\src\components\ThongHanh.vue","168"
"evidence-empty","html-class","C:\DoAnTotNghiep\V-Shield-2.0\View\src\components\ThongHanh.vue","171"
"cam-block","html-class","C:\DoAnTotNghiep\V-Shield-2.0\View\src\components\ThongHanh.vue","177"
"cam-head","html-class","C:\DoAnTotNghiep\V-Shield-2.0\View\src\components\ThongHanh.vue","178"
"mini-status","html-class","C:\DoAnTotNghiep\V-Shield-2.0\View\src\components\ThongHanh.vue","180"
"cam-preview","html-class","C:\DoAnTotNghiep\V-Shield-2.0\View\src\components\ThongHanh.vue","185"
"preview-image","html-class","C:\DoAnTotNghiep\V-Shield-2.0\View\src\components\ThongHanh.vue","190"
"cam-off","html-class","C:\DoAnTotNghiep\V-Shield-2.0\View\src\components\ThongHanh.vue","195"
"cam-off","html-class","C:\DoAnTotNghiep\V-Shield-2.0\View\src\components\ThongHanh.vue","196"
"quick-result","html-class","C:\DoAnTotNghiep\V-Shield-2.0\View\src\components\ThongHanh.vue","199"
"result-pill","html-class","C:\DoAnTotNghiep\V-Shield-2.0\View\src\components\ThongHanh.vue","200"
"RUNNING","json-key","C:\DoAnTotNghiep\V-Shield-2.0\View\src\components\ThongHanh.vue","201"
"result-pill","html-class","C:\DoAnTotNghiep\V-Shield-2.0\View\src\components\ThongHanh.vue","203"
"LOCKED","json-key","C:\DoAnTotNghiep\V-Shield-2.0\View\src\components\ThongHanh.vue","204"
"result-pill neutral","html-class","C:\DoAnTotNghiep\V-Shield-2.0\View\src\components\ThongHanh.vue","206"
"evidence-row","html-class","C:\DoAnTotNghiep\V-Shield-2.0\View\src\components\ThongHanh.vue","211"
"evidence-box","html-class","C:\DoAnTotNghiep\V-Shield-2.0\View\src\components\ThongHanh.vue","212"
"evidence-image","html-class","C:\DoAnTotNghiep\V-Shield-2.0\View\src\components\ThongHanh.vue","216"
"evidence-empty","html-class","C:\DoAnTotNghiep\V-Shield-2.0\View\src\components\ThongHanh.vue","219"
"evidence-box","html-class","C:\DoAnTotNghiep\V-Shield-2.0\View\src\components\ThongHanh.vue","222"
"evidence-image","html-class","C:\DoAnTotNghiep\V-Shield-2.0\View\src\components\ThongHanh.vue","226"
"evidence-empty","html-class","C:\DoAnTotNghiep\V-Shield-2.0\View\src\components\ThongHanh.vue","229"
"bottom-note","html-class","C:\DoAnTotNghiep\V-Shield-2.0\View\src\components\ThongHanh.vue","235"
"VShieldGateMinimal","vue-component-name","C:\DoAnTotNghiep\V-Shield-2.0\View\src\components\ThongHanh.vue","338"
"LÃ n 1","vue-component-name","C:\DoAnTotNghiep\V-Shield-2.0\View\src\components\ThongHanh.vue","345"
"LÃ n 2","vue-component-name","C:\DoAnTotNghiep\V-Shield-2.0\View\src\components\ThongHanh.vue","355"
"ok","json-key","C:\DoAnTotNghiep\V-Shield-2.0\View\src\components\ThongHanh.vue","487"
"page","html-class","C:\DoAnTotNghiep\V-Shield-2.0\View\src\components\ThongHanhQR.vue","2"
"topbar","json-key","C:\DoAnTotNghiep\V-Shield-2.0\View\src\components\ThongHanhQR.vue","3"
"topbar","html-class","C:\DoAnTotNghiep\V-Shield-2.0\View\src\components\ThongHanhQR.vue","3"
"topbar-main","html-class","C:\DoAnTotNghiep\V-Shield-2.0\View\src\components\ThongHanhQR.vue","4"
"topbar-desc","html-class","C:\DoAnTotNghiep\V-Shield-2.0\View\src\components\ThongHanhQR.vue","6"
"topbar-toggle","html-class","C:\DoAnTotNghiep\V-Shield-2.0\View\src\components\ThongHanhQR.vue","12"
"gate-layout","html-class","C:\DoAnTotNghiep\V-Shield-2.0\View\src\components\ThongHanhQR.vue","20"
"cam-wall","html-class","C:\DoAnTotNghiep\V-Shield-2.0\View\src\components\ThongHanhQR.vue","21"
"cam-cell","html-class","C:\DoAnTotNghiep\V-Shield-2.0\View\src\components\ThongHanhQR.vue","23"
"cam-block cam-block--hero","html-class","C:\DoAnTotNghiep\V-Shield-2.0\View\src\components\ThongHanhQR.vue","24"
"cam-head","html-class","C:\DoAnTotNghiep\V-Shield-2.0\View\src\components\ThongHanhQR.vue","25"
"cam-head-titles","html-class","C:\DoAnTotNghiep\V-Shield-2.0\View\src\components\ThongHanhQR.vue","26"
"cam-lane-tag","html-class","C:\DoAnTotNghiep\V-Shield-2.0\View\src\components\ThongHanhQR.vue","27"
"cam-kind","html-class","C:\DoAnTotNghiep\V-Shield-2.0\View\src\components\ThongHanhQR.vue","28"
"mini-status","html-class","C:\DoAnTotNghiep\V-Shield-2.0\View\src\components\ThongHanhQR.vue","30"
"cam-preview","html-class","C:\DoAnTotNghiep\V-Shield-2.0\View\src\components\ThongHanhQR.vue","41"
"preview-image","html-class","C:\DoAnTotNghiep\V-Shield-2.0\View\src\components\ThongHanhQR.vue","46"
"cam-off","html-class","C:\DoAnTotNghiep\V-Shield-2.0\View\src\components\ThongHanhQR.vue","49"
"cam-overlay","html-class","C:\DoAnTotNghiep\V-Shield-2.0\View\src\components\ThongHanhQR.vue","50"
"bbox-box","html-class","C:\DoAnTotNghiep\V-Shield-2.0\View\src\components\ThongHanhQR.vue","53"
"overlay-tag","html-class","C:\DoAnTotNghiep\V-Shield-2.0\View\src\components\ThongHanhQR.vue","58"
"cam-preview-toolbar","html-class","C:\DoAnTotNghiep\V-Shield-2.0\View\src\components\ThongHanhQR.vue","64"
"cam-refresh-btn","html-class","C:\DoAnTotNghiep\V-Shield-2.0\View\src\components\ThongHanhQR.vue","67"
"cam-refresh-icon cam-refresh-icon--spin","html-class","C:\DoAnTotNghiep\V-Shield-2.0\View\src\components\ThongHanhQR.vue","76"
"cam-refresh-icon","html-class","C:\DoAnTotNghiep\V-Shield-2.0\View\src\components\ThongHanhQR.vue","95"
"{ 'cam-refresh-icon--rerun': lane.qr.cameraRunning }","html-class","C:\DoAnTotNghiep\V-Shield-2.0\View\src\components\ThongHanhQR.vue","96"
"quick-result","html-class","C:\DoAnTotNghiep\V-Shield-2.0\View\src\components\ThongHanhQR.vue","116"
"result-pill","html-class","C:\DoAnTotNghiep\V-Shield-2.0\View\src\components\ThongHanhQR.vue","117"
"cam-cell","html-class","C:\DoAnTotNghiep\V-Shield-2.0\View\src\components\ThongHanhQR.vue","124"
"cam-block cam-block--hero","html-class","C:\DoAnTotNghiep\V-Shield-2.0\View\src\components\ThongHanhQR.vue","125"
"cam-head","html-class","C:\DoAnTotNghiep\V-Shield-2.0\View\src\components\ThongHanhQR.vue","126"
"cam-head-titles","html-class","C:\DoAnTotNghiep\V-Shield-2.0\View\src\components\ThongHanhQR.vue","127"
"cam-lane-tag","html-class","C:\DoAnTotNghiep\V-Shield-2.0\View\src\components\ThongHanhQR.vue","128"
"cam-kind","html-class","C:\DoAnTotNghiep\V-Shield-2.0\View\src\components\ThongHanhQR.vue","129"
"mini-status","html-class","C:\DoAnTotNghiep\V-Shield-2.0\View\src\components\ThongHanhQR.vue","131"
"cam-preview","html-class","C:\DoAnTotNghiep\V-Shield-2.0\View\src\components\ThongHanhQR.vue","136"
"preview-image","html-class","C:\DoAnTotNghiep\V-Shield-2.0\View\src\components\ThongHanhQR.vue","141"
"cam-off","html-class","C:\DoAnTotNghiep\V-Shield-2.0\View\src\components\ThongHanhQR.vue","144"
"cam-overlay","html-class","C:\DoAnTotNghiep\V-Shield-2.0\View\src\components\ThongHanhQR.vue","145"
"bbox-box","html-class","C:\DoAnTotNghiep\V-Shield-2.0\View\src\components\ThongHanhQR.vue","148"
"overlay-tag","html-class","C:\DoAnTotNghiep\V-Shield-2.0\View\src\components\ThongHanhQR.vue","153"
"cam-preview-toolbar","html-class","C:\DoAnTotNghiep\V-Shield-2.0\View\src\components\ThongHanhQR.vue","159"
"cam-refresh-btn","html-class","C:\DoAnTotNghiep\V-Shield-2.0\View\src\components\ThongHanhQR.vue","162"
"cam-refresh-icon cam-refresh-icon--spin","html-class","C:\DoAnTotNghiep\V-Shield-2.0\View\src\components\ThongHanhQR.vue","175"
"cam-refresh-icon","html-class","C:\DoAnTotNghiep\V-Shield-2.0\View\src\components\ThongHanhQR.vue","194"
"{ 'cam-refresh-icon--rerun': lane.plate.cameraRunning }","html-class","C:\DoAnTotNghiep\V-Shield-2.0\View\src\components\ThongHanhQR.vue","195"
"quick-result","html-class","C:\DoAnTotNghiep\V-Shield-2.0\View\src\components\ThongHanhQR.vue","214"
"result-pill","html-class","C:\DoAnTotNghiep\V-Shield-2.0\View\src\components\ThongHanhQR.vue","215"
"ops-dock","html-class","C:\DoAnTotNghiep\V-Shield-2.0\View\src\components\ThongHanhQR.vue","225"
"ops-dock-grid","html-class","C:\DoAnTotNghiep\V-Shield-2.0\View\src\components\ThongHanhQR.vue","226"
"ops-dock-spacer","html-class","C:\DoAnTotNghiep\V-Shield-2.0\View\src\components\ThongHanhQR.vue","227"
"ops-dock-center","html-class","C:\DoAnTotNghiep\V-Shield-2.0\View\src\components\ThongHanhQR.vue","229"
"lane-action-group","html-class","C:\DoAnTotNghiep\V-Shield-2.0\View\src\components\ThongHanhQR.vue","233"
"lane-action-title","html-class","C:\DoAnTotNghiep\V-Shield-2.0\View\src\components\ThongHanhQR.vue","235"
"group","json-key","C:\DoAnTotNghiep\V-Shield-2.0\View\src\components\ThongHanhQR.vue","236"
"lane-action-btns","html-class","C:\DoAnTotNghiep\V-Shield-2.0\View\src\components\ThongHanhQR.vue","236"
"btn btn-dock btn-main","html-class","C:\DoAnTotNghiep\V-Shield-2.0\View\src\components\ThongHanhQR.vue","238"
"btn btn-dock btn-confirm","html-class","C:\DoAnTotNghiep\V-Shield-2.0\View\src\components\ThongHanhQR.vue","248"
"ops-dock-side","html-class","C:\DoAnTotNghiep\V-Shield-2.0\View\src\components\ThongHanhQR.vue","262"
"btn-open-drawer","html-class","C:\DoAnTotNghiep\V-Shield-2.0\View\src\components\ThongHanhQR.vue","263"
"ops-drawer-root","html-class","C:\DoAnTotNghiep\V-Shield-2.0\View\src\components\ThongHanhQR.vue","270"
"ops-drawer-backdrop","html-class","C:\DoAnTotNghiep\V-Shield-2.0\View\src\components\ThongHanhQR.vue","271"
"ops-drawer-panel","html-class","C:\DoAnTotNghiep\V-Shield-2.0\View\src\components\ThongHanhQR.vue","272"
"ops-drawer-head","html-class","C:\DoAnTotNghiep\V-Shield-2.0\View\src\components\ThongHanhQR.vue","273"
"ops-drawer-title","html-class","C:\DoAnTotNghiep\V-Shield-2.0\View\src\components\ThongHanhQR.vue","274"
"ops-drawer-close","html-class","C:\DoAnTotNghiep\V-Shield-2.0\View\src\components\ThongHanhQR.vue","275"
"ops-drawer-tabs","html-class","C:\DoAnTotNghiep\V-Shield-2.0\View\src\components\ThongHanhQR.vue","278"
"ops-drawer-tab","html-class","C:\DoAnTotNghiep\V-Shield-2.0\View\src\components\ThongHanhQR.vue","283"
"{ active: opsActiveLaneId === lane.id }","html-class","C:\DoAnTotNghiep\V-Shield-2.0\View\src\components\ThongHanhQR.vue","284"
"ops-drawer-body","html-class","C:\DoAnTotNghiep\V-Shield-2.0\View\src\components\ThongHanhQR.vue","293"
"drawer-settings-panel","html-class","C:\DoAnTotNghiep\V-Shield-2.0\View\src\components\ThongHanhQR.vue","294"
"drawer-settings-title","html-class","C:\DoAnTotNghiep\V-Shield-2.0\View\src\components\ThongHanhQR.vue","295"
"drawer-settings-meta","html-class","C:\DoAnTotNghiep\V-Shield-2.0\View\src\components\ThongHanhQR.vue","296"
"drawer-settings-meta-sep","html-class","C:\DoAnTotNghiep\V-Shield-2.0\View\src\components\ThongHanhQR.vue","298"
"drawer-settings-hint","html-class","C:\DoAnTotNghiep\V-Shield-2.0\View\src\components\ThongHanhQR.vue","301"
"settings-toggle-row","html-class","C:\DoAnTotNghiep\V-Shield-2.0\View\src\components\ThongHanhQR.vue","306"
"settings-toggle-text","html-class","C:\DoAnTotNghiep\V-Shield-2.0\View\src\components\ThongHanhQR.vue","307"
"settings-toggle-name","html-class","C:\DoAnTotNghiep\V-Shield-2.0\View\src\components\ThongHanhQR.vue","308"
"settings-toggle-desc","html-class","C:\DoAnTotNghiep\V-Shield-2.0\View\src\components\ThongHanhQR.vue","309"
"toggle-switch","html-class","C:\DoAnTotNghiep\V-Shield-2.0\View\src\components\ThongHanhQR.vue","313"
"toggleSwitchClass('python_qr', qrPythonServiceOn)","html-class","C:\DoAnTotNghiep\V-Shield-2.0\View\src\components\ThongHanhQR.vue","314"
"toggle-switch-knob","html-class","C:\DoAnTotNghiep\V-Shield-2.0\View\src\components\ThongHanhQR.vue","320"
"auto-start-btn","html-class","C:\DoAnTotNghiep\V-Shield-2.0\View\src\components\ThongHanhQR.vue","324"
"settings-toggle-row","html-class","C:\DoAnTotNghiep\V-Shield-2.0\View\src\components\ThongHanhQR.vue","332"
"settings-toggle-text","html-class","C:\DoAnTotNghiep\V-Shield-2.0\View\src\components\ThongHanhQR.vue","333"
"settings-toggle-name","html-class","C:\DoAnTotNghiep\V-Shield-2.0\View\src\components\ThongHanhQR.vue","334"
"settings-toggle-desc","html-class","C:\DoAnTotNghiep\V-Shield-2.0\View\src\components\ThongHanhQR.vue","335"
"toggle-switch","html-class","C:\DoAnTotNghiep\V-Shield-2.0\View\src\components\ThongHanhQR.vue","339"
"toggleSwitchClass('python_plate', platePythonServiceOn)","html-class","C:\DoAnTotNghiep\V-Shield-2.0\View\src\components\ThongHanhQR.vue","340"
"toggle-switch-knob","html-class","C:\DoAnTotNghiep\V-Shield-2.0\View\src\components\ThongHanhQR.vue","346"
"auto-start-btn","html-class","C:\DoAnTotNghiep\V-Shield-2.0\View\src\components\ThongHanhQR.vue","350"
"settings-toggle-row","html-class","C:\DoAnTotNghiep\V-Shield-2.0\View\src\components\ThongHanhQR.vue","358"
"settings-toggle-text","html-class","C:\DoAnTotNghiep\V-Shield-2.0\View\src\components\ThongHanhQR.vue","359"
"settings-toggle-name","html-class","C:\DoAnTotNghiep\V-Shield-2.0\View\src\components\ThongHanhQR.vue","360"
"settings-toggle-desc","html-class","C:\DoAnTotNghiep\V-Shield-2.0\View\src\components\ThongHanhQR.vue","361"
"toggle-switch","html-class","C:\DoAnTotNghiep\V-Shield-2.0\View\src\components\ThongHanhQR.vue","365"
"toggleSwitchClass('python_cam_gia_lap', camGiaLapServiceOn)","html-class","C:\DoAnTotNghiep\V-Shield-2.0\View\src\components\ThongHanhQR.vue","366"
"toggle-switch-knob","html-class","C:\DoAnTotNghiep\V-Shield-2.0\View\src\components\ThongHanhQR.vue","372"
"auto-start-btn","html-class","C:\DoAnTotNghiep\V-Shield-2.0\View\src\components\ThongHanhQR.vue","376"
"settings-toggle-row","html-class","C:\DoAnTotNghiep\V-Shield-2.0\View\src\components\ThongHanhQR.vue","384"
"settings-toggle-text","html-class","C:\DoAnTotNghiep\V-Shield-2.0\View\src\components\ThongHanhQR.vue","385"
"settings-toggle-name","html-class","C:\DoAnTotNghiep\V-Shield-2.0\View\src\components\ThongHanhQR.vue","386"
"settings-toggle-desc","html-class","C:\DoAnTotNghiep\V-Shield-2.0\View\src\components\ThongHanhQR.vue","387"
"toggle-switch","html-class","C:\DoAnTotNghiep\V-Shield-2.0\View\src\components\ThongHanhQR.vue","391"
"toggleSwitchClass('go2rtc', runtimeRunning('go2rtc'))","html-class","C:\DoAnTotNghiep\V-Shield-2.0\View\src\components\ThongHanhQR.vue","392"
"toggle-switch-knob","html-class","C:\DoAnTotNghiep\V-Shield-2.0\View\src\components\ThongHanhQR.vue","398"
"auto-start-btn","html-class","C:\DoAnTotNghiep\V-Shield-2.0\View\src\components\ThongHanhQR.vue","402"
"settings-toggle-row","html-class","C:\DoAnTotNghiep\V-Shield-2.0\View\src\components\ThongHanhQR.vue","410"
"settings-toggle-text","html-class","C:\DoAnTotNghiep\V-Shield-2.0\View\src\components\ThongHanhQR.vue","411"
"settings-toggle-name","html-class","C:\DoAnTotNghiep\V-Shield-2.0\View\src\components\ThongHanhQR.vue","412"
"settings-toggle-desc","html-class","C:\DoAnTotNghiep\V-Shield-2.0\View\src\components\ThongHanhQR.vue","413"
"toggle-switch","html-class","C:\DoAnTotNghiep\V-Shield-2.0\View\src\components\ThongHanhQR.vue","417"
"toggleSwitchClass('cloudflared', runtimeRunning('cloudflared'))","html-class","C:\DoAnTotNghiep\V-Shield-2.0\View\src\components\ThongHanhQR.vue","418"
"toggle-switch-knob","html-class","C:\DoAnTotNghiep\V-Shield-2.0\View\src\components\ThongHanhQR.vue","424"
"auto-start-btn","html-class","C:\DoAnTotNghiep\V-Shield-2.0\View\src\components\ThongHanhQR.vue","428"
"lane-controls lane-controls--drawer","html-class","C:\DoAnTotNghiep\V-Shield-2.0\View\src\components\ThongHanhQR.vue","438"
"{ ready: isLaneReady(activeOpsLane) }","html-class","C:\DoAnTotNghiep\V-Shield-2.0\View\src\components\ThongHanhQR.vue","439"
"lane-head","html-class","C:\DoAnTotNghiep\V-Shield-2.0\View\src\components\ThongHanhQR.vue","441"
"lane-final-status","html-class","C:\DoAnTotNghiep\V-Shield-2.0\View\src\components\ThongHanhQR.vue","447"
"ip-row","html-class","C:\DoAnTotNghiep\V-Shield-2.0\View\src\components\ThongHanhQR.vue","452"
"ip-box","html-class","C:\DoAnTotNghiep\V-Shield-2.0\View\src\components\ThongHanhQR.vue","453"
"search-box","html-class","C:\DoAnTotNghiep\V-Shield-2.0\View\src\components\ThongHanhQR.vue","455"
"dropdown","html-class","C:\DoAnTotNghiep\V-Shield-2.0\View\src\components\ThongHanhQR.vue","462"
"dropdown-item","html-class","C:\DoAnTotNghiep\V-Shield-2.0\View\src\components\ThongHanhQR.vue","467"
"ip-box","html-class","C:\DoAnTotNghiep\V-Shield-2.0\View\src\components\ThongHanhQR.vue","475"
"search-box","html-class","C:\DoAnTotNghiep\V-Shield-2.0\View\src\components\ThongHanhQR.vue","477"
"dropdown","html-class","C:\DoAnTotNghiep\V-Shield-2.0\View\src\components\ThongHanhQR.vue","484"
"dropdown-item","html-class","C:\DoAnTotNghiep\V-Shield-2.0\View\src\components\ThongHanhQR.vue","489"
"summary-bar","html-class","C:\DoAnTotNghiep\V-Shield-2.0\View\src\components\ThongHanhQR.vue","498"
"summary-item","html-class","C:\DoAnTotNghiep\V-Shield-2.0\View\src\components\ThongHanhQR.vue","499"
"label","html-class","C:\DoAnTotNghiep\V-Shield-2.0\View\src\components\ThongHanhQR.vue","500"
"value strong","html-class","C:\DoAnTotNghiep\V-Shield-2.0\View\src\components\ThongHanhQR.vue","501"
"summary-item","html-class","C:\DoAnTotNghiep\V-Shield-2.0\View\src\components\ThongHanhQR.vue","504"
"label","html-class","C:\DoAnTotNghiep\V-Shield-2.0\View\src\components\ThongHanhQR.vue","505"
"value","json-key","C:\DoAnTotNghiep\V-Shield-2.0\View\src\components\ThongHanhQR.vue","506"
"value","html-class","C:\DoAnTotNghiep\V-Shield-2.0\View\src\components\ThongHanhQR.vue","506"
"summary-item","html-class","C:\DoAnTotNghiep\V-Shield-2.0\View\src\components\ThongHanhQR.vue","511"
"label","html-class","C:\DoAnTotNghiep\V-Shield-2.0\View\src\components\ThongHanhQR.vue","512"
"value strong plate","html-class","C:\DoAnTotNghiep\V-Shield-2.0\View\src\components\ThongHanhQR.vue","513"
"drawer-secondary-actions","html-class","C:\DoAnTotNghiep\V-Shield-2.0\View\src\components\ThongHanhQR.vue","519"
"btn btn-drawer-secondary btn-preview","html-class","C:\DoAnTotNghiep\V-Shield-2.0\View\src\components\ThongHanhQR.vue","522"
"btn btn-drawer-secondary btn-off","html-class","C:\DoAnTotNghiep\V-Shield-2.0\View\src\components\ThongHanhQR.vue","530"
"VShieldGateMinimalQr","vue-component-name","C:\DoAnTotNghiep\V-Shield-2.0\View\src\components\ThongHanhQR.vue","658"
"Làn 1","vue-component-name","C:\DoAnTotNghiep\V-Shield-2.0\View\src\components\ThongHanhQR.vue","668"
"Làn 2","vue-component-name","C:\DoAnTotNghiep\V-Shield-2.0\View\src\components\ThongHanhQR.vue","679"
"px","json-key","C:\DoAnTotNghiep\V-Shield-2.0\View\src\components\ThongHanhQR.vue","1333"
"px","json-key","C:\DoAnTotNghiep\V-Shield-2.0\View\src\components\ThongHanhQR.vue","1343"
"ok","json-key","C:\DoAnTotNghiep\V-Shield-2.0\View\src\components\ThongHanhQR.vue","1581"
"app-header","html-class","C:\DoAnTotNghiep\V-Shield-2.0\View\src\components\Layout\Header.vue","2"
"header-left","html-class","C:\DoAnTotNghiep\V-Shield-2.0\View\src\components\Layout\Header.vue","3"
"menu-toggle","html-class","C:\DoAnTotNghiep\V-Shield-2.0\View\src\components\Layout\Header.vue","6"
"header-intro","html-class","C:\DoAnTotNghiep\V-Shield-2.0\View\src\components\Layout\Header.vue","17"
"header-eyebrow","html-class","C:\DoAnTotNghiep\V-Shield-2.0\View\src\components\Layout\Header.vue","18"
"header-copy","html-class","C:\DoAnTotNghiep\V-Shield-2.0\View\src\components\Layout\Header.vue","19"
"header-right","html-class","C:\DoAnTotNghiep\V-Shield-2.0\View\src\components\Layout\Header.vue","26"
"header-chip status-chip","html-class","C:\DoAnTotNghiep\V-Shield-2.0\View\src\components\Layout\Header.vue","27"
"chip-dot","html-class","C:\DoAnTotNghiep\V-Shield-2.0\View\src\components\Layout\Header.vue","28"
"header-chip time-chip","html-class","C:\DoAnTotNghiep\V-Shield-2.0\View\src\components\Layout\Header.vue","32"
"header-action","html-class","C:\DoAnTotNghiep\V-Shield-2.0\View\src\components\Layout\Header.vue","45"
"notification-count","html-class","C:\DoAnTotNghiep\V-Shield-2.0\View\src\components\Layout\Header.vue","53"
"header-user-wrap","html-class","C:\DoAnTotNghiep\V-Shield-2.0\View\src\components\Layout\Header.vue","56"
"header-user","html-class","C:\DoAnTotNghiep\V-Shield-2.0\View\src\components\Layout\Header.vue","57"
"user-avatar","html-class","C:\DoAnTotNghiep\V-Shield-2.0\View\src\components\Layout\Header.vue","58"
"user-info","html-class","C:\DoAnTotNghiep\V-Shield-2.0\View\src\components\Layout\Header.vue","59"
"user-name","html-class","C:\DoAnTotNghiep\V-Shield-2.0\View\src\components\Layout\Header.vue","60"
"user-role","html-class","C:\DoAnTotNghiep\V-Shield-2.0\View\src\components\Layout\Header.vue","61"
"user-chevron","html-class","C:\DoAnTotNghiep\V-Shield-2.0\View\src\components\Layout\Header.vue","63"
"dropdown user-dropdown","html-class","C:\DoAnTotNghiep\V-Shield-2.0\View\src\components\Layout\Header.vue","69"
"dropdown-user-info","html-class","C:\DoAnTotNghiep\V-Shield-2.0\View\src\components\Layout\Header.vue","70"
"user-avatar large","html-class","C:\DoAnTotNghiep\V-Shield-2.0\View\src\components\Layout\Header.vue","71"
"dropdown-user-name","html-class","C:\DoAnTotNghiep\V-Shield-2.0\View\src\components\Layout\Header.vue","73"
"dropdown-user-role","html-class","C:\DoAnTotNghiep\V-Shield-2.0\View\src\components\Layout\Header.vue","74"
"dropdown-list simple","html-class","C:\DoAnTotNghiep\V-Shield-2.0\View\src\components\Layout\Header.vue","78"
"dropdown-summary","html-class","C:\DoAnTotNghiep\V-Shield-2.0\View\src\components\Layout\Header.vue","79"
"dropdown-item","html-class","C:\DoAnTotNghiep\V-Shield-2.0\View\src\components\Layout\Header.vue","84"
"dropdown notification-dropdown","html-class","C:\DoAnTotNghiep\V-Shield-2.0\View\src\components\Layout\Header.vue","98"
"dropdown-header","html-class","C:\DoAnTotNghiep\V-Shield-2.0\View\src\components\Layout\Header.vue","99"
"btn-link","html-class","C:\DoAnTotNghiep\V-Shield-2.0\View\src\components\Layout\Header.vue","104"
"notification-list","html-class","C:\DoAnTotNghiep\V-Shield-2.0\View\src\components\Layout\Header.vue","107"
"notification-item","html-class","C:\DoAnTotNghiep\V-Shield-2.0\View\src\components\Layout\Header.vue","111"
"{ unread: !notification.read }","html-class","C:\DoAnTotNghiep\V-Shield-2.0\View\src\components\Layout\Header.vue","112"
"notification-icon","html-class","C:\DoAnTotNghiep\V-Shield-2.0\View\src\components\Layout\Header.vue","114"
"notification-content","html-class","C:\DoAnTotNghiep\V-Shield-2.0\View\src\components\Layout\Header.vue","130"
"notification-time","html-class","C:\DoAnTotNghiep\V-Shield-2.0\View\src\components\Layout\Header.vue","132"
"ops-shell","html-class","C:\DoAnTotNghiep\V-Shield-2.0\View\src\components\Layout\MainLayout.vue","3"
"shell-background","html-class","C:\DoAnTotNghiep\V-Shield-2.0\View\src\components\Layout\MainLayout.vue","10"
"shell-glow shell-glow-a","html-class","C:\DoAnTotNghiep\V-Shield-2.0\View\src\components\Layout\MainLayout.vue","11"
"shell-glow shell-glow-b","html-class","C:\DoAnTotNghiep\V-Shield-2.0\View\src\components\Layout\MainLayout.vue","12"
"shell-grid","html-class","C:\DoAnTotNghiep\V-Shield-2.0\View\src\components\Layout\MainLayout.vue","13"
"shell-scrim","html-class","C:\DoAnTotNghiep\V-Shield-2.0\View\src\components\Layout\MainLayout.vue","26"
"shell-main","html-class","C:\DoAnTotNghiep\V-Shield-2.0\View\src\components\Layout\MainLayout.vue","32"
"main-content","html-class","C:\DoAnTotNghiep\V-Shield-2.0\View\src\components\Layout\MainLayout.vue","39"
"content-shell","html-class","C:\DoAnTotNghiep\V-Shield-2.0\View\src\components\Layout\MainLayout.vue","40"
"Component","json-key","C:\DoAnTotNghiep\V-Shield-2.0\View\src\components\Layout\MainLayout.vue","43"
"Component","json-key","C:\DoAnTotNghiep\V-Shield-2.0\View\src\components\Layout\MainLayout.vue","45"
"sidebar","html-class","C:\DoAnTotNghiep\V-Shield-2.0\View\src\components\Layout\Sidebar.vue","3"
"sidebar-panel","html-class","C:\DoAnTotNghiep\V-Shield-2.0\View\src\components\Layout\Sidebar.vue","10"
"sidebar-top","html-class","C:\DoAnTotNghiep\V-Shield-2.0\View\src\components\Layout\Sidebar.vue","11"
"sidebar-logo","html-class","C:\DoAnTotNghiep\V-Shield-2.0\View\src\components\Layout\Sidebar.vue","12"
"logo-icon","html-class","C:\DoAnTotNghiep\V-Shield-2.0\View\src\components\Layout\Sidebar.vue","13"
"logo-copy","html-class","C:\DoAnTotNghiep\V-Shield-2.0\View\src\components\Layout\Sidebar.vue","36"
"logo-title","html-class","C:\DoAnTotNghiep\V-Shield-2.0\View\src\components\Layout\Sidebar.vue","37"
"logo-subtitle","html-class","C:\DoAnTotNghiep\V-Shield-2.0\View\src\components\Layout\Sidebar.vue","38"
"sidebar-mobile-close","html-class","C:\DoAnTotNghiep\V-Shield-2.0\View\src\components\Layout\Sidebar.vue","46"
"sidebar-status","html-class","C:\DoAnTotNghiep\V-Shield-2.0\View\src\components\Layout\Sidebar.vue","57"
"status-dot","html-class","C:\DoAnTotNghiep\V-Shield-2.0\View\src\components\Layout\Sidebar.vue","58"
"sidebar-nav","html-class","C:\DoAnTotNghiep\V-Shield-2.0\View\src\components\Layout\Sidebar.vue","64"
"sidebar-search","html-class","C:\DoAnTotNghiep\V-Shield-2.0\View\src\components\Layout\Sidebar.vue","66"
"search-label","html-class","C:\DoAnTotNghiep\V-Shield-2.0\View\src\components\Layout\Sidebar.vue","67"
"search-shell","html-class","C:\DoAnTotNghiep\V-Shield-2.0\View\src\components\Layout\Sidebar.vue","68"
"search-icon","html-class","C:\DoAnTotNghiep\V-Shield-2.0\View\src\components\Layout\Sidebar.vue","69"
"sidebar-search","html-id","C:\DoAnTotNghiep\V-Shield-2.0\View\src\components\Layout\Sidebar.vue","74"
"search-dropdown","html-class","C:\DoAnTotNghiep\V-Shield-2.0\View\src\components\Layout\Sidebar.vue","85"
"dropdown-msg","html-class","C:\DoAnTotNghiep\V-Shield-2.0\View\src\components\Layout\Sidebar.vue","87"
"dropdown-msg","html-class","C:\DoAnTotNghiep\V-Shield-2.0\View\src\components\Layout\Sidebar.vue","88"
"dropdown-list","html-class","C:\DoAnTotNghiep\V-Shield-2.0\View\src\components\Layout\Sidebar.vue","89"
"dropdown-item","html-class","C:\DoAnTotNghiep\V-Shield-2.0\View\src\components\Layout\Sidebar.vue","94"
"result-icon","html-class","C:\DoAnTotNghiep\V-Shield-2.0\View\src\components\Layout\Sidebar.vue","97"
"result-info","html-class","C:\DoAnTotNghiep\V-Shield-2.0\View\src\components\Layout\Sidebar.vue","103"
"result-name","html-class","C:\DoAnTotNghiep\V-Shield-2.0\View\src\components\Layout\Sidebar.vue","104"
"result-sub","html-class","C:\DoAnTotNghiep\V-Shield-2.0\View\src\components\Layout\Sidebar.vue","105"
"result-badge","html-class","C:\DoAnTotNghiep\V-Shield-2.0\View\src\components\Layout\Sidebar.vue","107"
"nav-group","html-class","C:\DoAnTotNghiep\V-Shield-2.0\View\src\components\Layout\Sidebar.vue","116"
"nav-label-toggle","html-class","C:\DoAnTotNghiep\V-Shield-2.0\View\src\components\Layout\Sidebar.vue","120"
"nav-label-text","html-class","C:\DoAnTotNghiep\V-Shield-2.0\View\src\components\Layout\Sidebar.vue","123"
"nav-label-chevron","html-class","C:\DoAnTotNghiep\V-Shield-2.0\View\src\components\Layout\Sidebar.vue","125"
"{ 'chevron-collapsed': collapsedGroups[group.label] }","html-class","C:\DoAnTotNghiep\V-Shield-2.0\View\src\components\Layout\Sidebar.vue","126"
"nav-label sr-only","html-class","C:\DoAnTotNghiep\V-Shield-2.0\View\src\components\Layout\Sidebar.vue","135"
"nav-group-items","html-class","C:\DoAnTotNghiep\V-Shield-2.0\View\src\components\Layout\Sidebar.vue","138"
"{ 'group-collapsed': collapsedGroups[group.label] && !collapsed }","html-class","C:\DoAnTotNghiep\V-Shield-2.0\View\src\components\Layout\Sidebar.vue","139"
"nav-item","html-class","C:\DoAnTotNghiep\V-Shield-2.0\View\src\components\Layout\Sidebar.vue","145"
"{ active: route.path === item.path }","html-class","C:\DoAnTotNghiep\V-Shield-2.0\View\src\components\Layout\Sidebar.vue","146"
"nav-icon","html-class","C:\DoAnTotNghiep\V-Shield-2.0\View\src\components\Layout\Sidebar.vue","149"
"nav-copy","html-class","C:\DoAnTotNghiep\V-Shield-2.0\View\src\components\Layout\Sidebar.vue","151"
"nav-text","html-class","C:\DoAnTotNghiep\V-Shield-2.0\View\src\components\Layout\Sidebar.vue","152"
"nav-hint","html-class","C:\DoAnTotNghiep\V-Shield-2.0\View\src\components\Layout\Sidebar.vue","153"
"nav-badge","html-class","C:\DoAnTotNghiep\V-Shield-2.0\View\src\components\Layout\Sidebar.vue","157"
"nav-group","html-class","C:\DoAnTotNghiep\V-Shield-2.0\View\src\components\Layout\Sidebar.vue","163"
"nav-label-toggle","html-class","C:\DoAnTotNghiep\V-Shield-2.0\View\src\components\Layout\Sidebar.vue","167"
"nav-label-text","html-class","C:\DoAnTotNghiep\V-Shield-2.0\View\src\components\Layout\Sidebar.vue","170"
"nav-label-chevron","html-class","C:\DoAnTotNghiep\V-Shield-2.0\View\src\components\Layout\Sidebar.vue","172"
"{ 'chevron-collapsed': collapsedGroups['ThÃ´ng hÃ nh'] }","html-class","C:\DoAnTotNghiep\V-Shield-2.0\View\src\components\Layout\Sidebar.vue","173"
"nav-label sr-only","html-class","C:\DoAnTotNghiep\V-Shield-2.0\View\src\components\Layout\Sidebar.vue","182"
"nav-group-items","html-class","C:\DoAnTotNghiep\V-Shield-2.0\View\src\components\Layout\Sidebar.vue","185"
"{ 'group-collapsed': collapsedGroups['ThÃ´ng hÃ nh'] && !collapsed }","html-class","C:\DoAnTotNghiep\V-Shield-2.0\View\src\components\Layout\Sidebar.vue","186"
"nav-item","html-class","C:\DoAnTotNghiep\V-Shield-2.0\View\src\components\Layout\Sidebar.vue","192"
"{ active: route.path === item.path }","html-class","C:\DoAnTotNghiep\V-Shield-2.0\View\src\components\Layout\Sidebar.vue","193"
"nav-icon","html-class","C:\DoAnTotNghiep\V-Shield-2.0\View\src\components\Layout\Sidebar.vue","196"
"nav-copy","html-class","C:\DoAnTotNghiep\V-Shield-2.0\View\src\components\Layout\Sidebar.vue","198"
"nav-text","html-class","C:\DoAnTotNghiep\V-Shield-2.0\View\src\components\Layout\Sidebar.vue","199"
"nav-hint","html-class","C:\DoAnTotNghiep\V-Shield-2.0\View\src\components\Layout\Sidebar.vue","200"
"nav-badge","html-class","C:\DoAnTotNghiep\V-Shield-2.0\View\src\components\Layout\Sidebar.vue","204"
"sidebar-footer","html-class","C:\DoAnTotNghiep\V-Shield-2.0\View\src\components\Layout\Sidebar.vue","211"
"footer-card","html-class","C:\DoAnTotNghiep\V-Shield-2.0\View\src\components\Layout\Sidebar.vue","213"
"footer-chip","html-class","C:\DoAnTotNghiep\V-Shield-2.0\View\src\components\Layout\Sidebar.vue","214"
"chip-ping","html-class","C:\DoAnTotNghiep\V-Shield-2.0\View\src\components\Layout\Sidebar.vue","215"
"footer-metrics","html-class","C:\DoAnTotNghiep\V-Shield-2.0\View\src\components\Layout\Sidebar.vue","218"
"sidebar-toggle","html-class","C:\DoAnTotNghiep\V-Shield-2.0\View\src\components\Layout\Sidebar.vue","234"
"{ rotated: collapsed }","html-class","C:\DoAnTotNghiep\V-Shield-2.0\View\src\components\Layout\Sidebar.vue","238"
"page-container ops-page animate-in","html-class","C:\DoAnTotNghiep\V-Shield-2.0\View\src\pages\AccessLogs.vue","2"
"page-header-bar","html-class","C:\DoAnTotNghiep\V-Shield-2.0\View\src\pages\AccessLogs.vue","3"
"panel-kicker","html-class","C:\DoAnTotNghiep\V-Shield-2.0\View\src\pages\AccessLogs.vue","5"
"page-title","html-class","C:\DoAnTotNghiep\V-Shield-2.0\View\src\pages\AccessLogs.vue","6"
"metric-grid","html-class","C:\DoAnTotNghiep\V-Shield-2.0\View\src\pages\AccessLogs.vue","10"
"metric-tile","html-class","C:\DoAnTotNghiep\V-Shield-2.0\View\src\pages\AccessLogs.vue","11"
"metric-label","html-class","C:\DoAnTotNghiep\V-Shield-2.0\View\src\pages\AccessLogs.vue","12"
"metric-value","html-class","C:\DoAnTotNghiep\V-Shield-2.0\View\src\pages\AccessLogs.vue","13"
"metric-note","html-class","C:\DoAnTotNghiep\V-Shield-2.0\View\src\pages\AccessLogs.vue","14"
"metric-tile","html-class","C:\DoAnTotNghiep\V-Shield-2.0\View\src\pages\AccessLogs.vue","16"
"metric-label","html-class","C:\DoAnTotNghiep\V-Shield-2.0\View\src\pages\AccessLogs.vue","17"
"metric-value","html-class","C:\DoAnTotNghiep\V-Shield-2.0\View\src\pages\AccessLogs.vue","18"
"metric-note","html-class","C:\DoAnTotNghiep\V-Shield-2.0\View\src\pages\AccessLogs.vue","19"
"metric-tile","html-class","C:\DoAnTotNghiep\V-Shield-2.0\View\src\pages\AccessLogs.vue","21"
"metric-label","html-class","C:\DoAnTotNghiep\V-Shield-2.0\View\src\pages\AccessLogs.vue","22"
"metric-value","html-class","C:\DoAnTotNghiep\V-Shield-2.0\View\src\pages\AccessLogs.vue","23"
"metric-note","html-class","C:\DoAnTotNghiep\V-Shield-2.0\View\src\pages\AccessLogs.vue","24"
"metric-tile","html-class","C:\DoAnTotNghiep\V-Shield-2.0\View\src\pages\AccessLogs.vue","26"
"metric-label","html-class","C:\DoAnTotNghiep\V-Shield-2.0\View\src\pages\AccessLogs.vue","27"
"metric-value","html-class","C:\DoAnTotNghiep\V-Shield-2.0\View\src\pages\AccessLogs.vue","28"
"metric-note","html-class","C:\DoAnTotNghiep\V-Shield-2.0\View\src\pages\AccessLogs.vue","29"
"ops-panel","html-class","C:\DoAnTotNghiep\V-Shield-2.0\View\src\pages\AccessLogs.vue","33"
"panel-head","html-class","C:\DoAnTotNghiep\V-Shield-2.0\View\src\pages\AccessLogs.vue","34"
"panel-kicker","html-class","C:\DoAnTotNghiep\V-Shield-2.0\View\src\pages\AccessLogs.vue","36"
"panel-title","html-class","C:\DoAnTotNghiep\V-Shield-2.0\View\src\pages\AccessLogs.vue","37"
"panel-copy","html-class","C:\DoAnTotNghiep\V-Shield-2.0\View\src\pages\AccessLogs.vue","38"
"filter-summary","html-class","C:\DoAnTotNghiep\V-Shield-2.0\View\src\pages\AccessLogs.vue","42"
"soft-chip success","html-class","C:\DoAnTotNghiep\V-Shield-2.0\View\src\pages\AccessLogs.vue","43"
"soft-chip","html-class","C:\DoAnTotNghiep\V-Shield-2.0\View\src\pages\AccessLogs.vue","44"
"filter-card","html-class","C:\DoAnTotNghiep\V-Shield-2.0\View\src\pages\AccessLogs.vue","48"
"filter-grid access-filter-grid","html-class","C:\DoAnTotNghiep\V-Shield-2.0\View\src\pages\AccessLogs.vue","49"
"filter-field filter-field-query","html-class","C:\DoAnTotNghiep\V-Shield-2.0\View\src\pages\AccessLogs.vue","50"
"field-label","html-class","C:\DoAnTotNghiep\V-Shield-2.0\View\src\pages\AccessLogs.vue","51"
"search-bar","html-class","C:\DoAnTotNghiep\V-Shield-2.0\View\src\pages\AccessLogs.vue","52"
"search-icon","html-class","C:\DoAnTotNghiep\V-Shield-2.0\View\src\pages\AccessLogs.vue","53"
"filter-field filter-field-direction","html-class","C:\DoAnTotNghiep\V-Shield-2.0\View\src\pages\AccessLogs.vue","66"
"field-label","html-class","C:\DoAnTotNghiep\V-Shield-2.0\View\src\pages\AccessLogs.vue","67"
"filter-select","html-class","C:\DoAnTotNghiep\V-Shield-2.0\View\src\pages\AccessLogs.vue","68"
"filter-field filter-field-gate","html-class","C:\DoAnTotNghiep\V-Shield-2.0\View\src\pages\AccessLogs.vue","75"
"field-label","html-class","C:\DoAnTotNghiep\V-Shield-2.0\View\src\pages\AccessLogs.vue","76"
"filter-select","html-class","C:\DoAnTotNghiep\V-Shield-2.0\View\src\pages\AccessLogs.vue","77"
"filter-field filter-field-status","html-class","C:\DoAnTotNghiep\V-Shield-2.0\View\src\pages\AccessLogs.vue","83"
"field-label","html-class","C:\DoAnTotNghiep\V-Shield-2.0\View\src\pages\AccessLogs.vue","84"
"filter-select","html-class","C:\DoAnTotNghiep\V-Shield-2.0\View\src\pages\AccessLogs.vue","85"
"status","json-key","C:\DoAnTotNghiep\V-Shield-2.0\View\src\pages\AccessLogs.vue","87"
"filter-field filter-field-date","html-class","C:\DoAnTotNghiep\V-Shield-2.0\View\src\pages\AccessLogs.vue","91"
"field-label","html-class","C:\DoAnTotNghiep\V-Shield-2.0\View\src\pages\AccessLogs.vue","92"
"filter-select","html-class","C:\DoAnTotNghiep\V-Shield-2.0\View\src\pages\AccessLogs.vue","93"
"filter-field filter-field-date","html-class","C:\DoAnTotNghiep\V-Shield-2.0\View\src\pages\AccessLogs.vue","96"
"field-label","html-class","C:\DoAnTotNghiep\V-Shield-2.0\View\src\pages\AccessLogs.vue","97"
"filter-select","html-class","C:\DoAnTotNghiep\V-Shield-2.0\View\src\pages\AccessLogs.vue","98"
"filter-footer","html-class","C:\DoAnTotNghiep\V-Shield-2.0\View\src\pages\AccessLogs.vue","102"
"filter-hint","html-class","C:\DoAnTotNghiep\V-Shield-2.0\View\src\pages\AccessLogs.vue","104"
"filter-notice","html-class","C:\DoAnTotNghiep\V-Shield-2.0\View\src\pages\AccessLogs.vue","105"
"filter-actions","html-class","C:\DoAnTotNghiep\V-Shield-2.0\View\src\pages\AccessLogs.vue","107"
"btn btn-secondary btn-sm","html-class","C:\DoAnTotNghiep\V-Shield-2.0\View\src\pages\AccessLogs.vue","108"
"btn btn-primary btn-sm","html-class","C:\DoAnTotNghiep\V-Shield-2.0\View\src\pages\AccessLogs.vue","111"
"empty-card","html-class","C:\DoAnTotNghiep\V-Shield-2.0\View\src\pages\AccessLogs.vue","118"
"empty-card","html-class","C:\DoAnTotNghiep\V-Shield-2.0\View\src\pages\AccessLogs.vue","119"
"table-container","html-class","C:\DoAnTotNghiep\V-Shield-2.0\View\src\pages\AccessLogs.vue","122"
"data-table","html-class","C:\DoAnTotNghiep\V-Shield-2.0\View\src\pages\AccessLogs.vue","123"
"table-main","html-class","C:\DoAnTotNghiep\V-Shield-2.0\View\src\pages\AccessLogs.vue","139"
"table-main","html-class","C:\DoAnTotNghiep\V-Shield-2.0\View\src\pages\AccessLogs.vue","142"
"table-sub","html-class","C:\DoAnTotNghiep\V-Shield-2.0\View\src\pages\AccessLogs.vue","143"
"badge","json-key","C:\DoAnTotNghiep\V-Shield-2.0\View\src\pages\AccessLogs.vue","146"
"badge","html-class","C:\DoAnTotNghiep\V-Shield-2.0\View\src\pages\AccessLogs.vue","146"
"table-main","html-class","C:\DoAnTotNghiep\V-Shield-2.0\View\src\pages\AccessLogs.vue","151"
"table-sub","html-class","C:\DoAnTotNghiep\V-Shield-2.0\View\src\pages\AccessLogs.vue","152"
"plate-pill","html-class","C:\DoAnTotNghiep\V-Shield-2.0\View\src\pages\AccessLogs.vue","155"
"table-sub","html-class","C:\DoAnTotNghiep\V-Shield-2.0\View\src\pages\AccessLogs.vue","156"
"soft-chip","html-class","C:\DoAnTotNghiep\V-Shield-2.0\View\src\pages\AccessLogs.vue","159"
"chip-row","html-class","C:\DoAnTotNghiep\V-Shield-2.0\View\src\pages\AccessLogs.vue","162"
"soft-chip","html-class","C:\DoAnTotNghiep\V-Shield-2.0\View\src\pages\AccessLogs.vue","163"
"soft-chip danger","html-class","C:\DoAnTotNghiep\V-Shield-2.0\View\src\pages\AccessLogs.vue","164"
"soft-chip warn","html-class","C:\DoAnTotNghiep\V-Shield-2.0\View\src\pages\AccessLogs.vue","165"
"table-sub note-cell","html-class","C:\DoAnTotNghiep\V-Shield-2.0\View\src\pages\AccessLogs.vue","169"
"pagination","html-class","C:\DoAnTotNghiep\V-Shield-2.0\View\src\pages\AccessLogs.vue","178"
"pagination-info","html-class","C:\DoAnTotNghiep\V-Shield-2.0\View\src\pages\AccessLogs.vue","179"
"pagination-buttons","html-class","C:\DoAnTotNghiep\V-Shield-2.0\View\src\pages\AccessLogs.vue","180"
"pagination-btn","html-class","C:\DoAnTotNghiep\V-Shield-2.0\View\src\pages\AccessLogs.vue","181"
"pagination-btn","html-class","C:\DoAnTotNghiep\V-Shield-2.0\View\src\pages\AccessLogs.vue","185"
"{ active: current === page }","html-class","C:\DoAnTotNghiep\V-Shield-2.0\View\src\pages\AccessLogs.vue","186"
"pagination-btn","html-class","C:\DoAnTotNghiep\V-Shield-2.0\View\src\pages\AccessLogs.vue","191"
"page-container ops-page animate-in","html-class","C:\DoAnTotNghiep\V-Shield-2.0\View\src\pages\Biometrics.vue","2"
"page-header-bar","html-class","C:\DoAnTotNghiep\V-Shield-2.0\View\src\pages\Biometrics.vue","3"
"panel-kicker","html-class","C:\DoAnTotNghiep\V-Shield-2.0\View\src\pages\Biometrics.vue","5"
"page-title","html-class","C:\DoAnTotNghiep\V-Shield-2.0\View\src\pages\Biometrics.vue","6"
"header-actions","html-class","C:\DoAnTotNghiep\V-Shield-2.0\View\src\pages\Biometrics.vue","8"
"btn btn-primary","html-class","C:\DoAnTotNghiep\V-Shield-2.0\View\src\pages\Biometrics.vue","9"
"btn btn-secondary","html-class","C:\DoAnTotNghiep\V-Shield-2.0\View\src\pages\Biometrics.vue","10"
"metric-grid","html-class","C:\DoAnTotNghiep\V-Shield-2.0\View\src\pages\Biometrics.vue","14"
"metric-tile","html-class","C:\DoAnTotNghiep\V-Shield-2.0\View\src\pages\Biometrics.vue","15"
"metric-label","html-class","C:\DoAnTotNghiep\V-Shield-2.0\View\src\pages\Biometrics.vue","16"
"metric-value","html-class","C:\DoAnTotNghiep\V-Shield-2.0\View\src\pages\Biometrics.vue","17"
"metric-note","html-class","C:\DoAnTotNghiep\V-Shield-2.0\View\src\pages\Biometrics.vue","18"
"metric-tile","html-class","C:\DoAnTotNghiep\V-Shield-2.0\View\src\pages\Biometrics.vue","20"
"metric-label","html-class","C:\DoAnTotNghiep\V-Shield-2.0\View\src\pages\Biometrics.vue","21"
"metric-value","html-class","C:\DoAnTotNghiep\V-Shield-2.0\View\src\pages\Biometrics.vue","22"
"metric-note","html-class","C:\DoAnTotNghiep\V-Shield-2.0\View\src\pages\Biometrics.vue","23"
"metric-tile","html-class","C:\DoAnTotNghiep\V-Shield-2.0\View\src\pages\Biometrics.vue","25"
"metric-label","html-class","C:\DoAnTotNghiep\V-Shield-2.0\View\src\pages\Biometrics.vue","26"
"metric-value","html-class","C:\DoAnTotNghiep\V-Shield-2.0\View\src\pages\Biometrics.vue","27"
"metric-note","html-class","C:\DoAnTotNghiep\V-Shield-2.0\View\src\pages\Biometrics.vue","28"
"metric-tile","html-class","C:\DoAnTotNghiep\V-Shield-2.0\View\src\pages\Biometrics.vue","30"
"metric-label","html-class","C:\DoAnTotNghiep\V-Shield-2.0\View\src\pages\Biometrics.vue","31"
"metric-value","html-class","C:\DoAnTotNghiep\V-Shield-2.0\View\src\pages\Biometrics.vue","32"
"metric-note","html-class","C:\DoAnTotNghiep\V-Shield-2.0\View\src\pages\Biometrics.vue","33"
"ops-panel","html-class","C:\DoAnTotNghiep\V-Shield-2.0\View\src\pages\Biometrics.vue","37"
"toolbar-shell","html-class","C:\DoAnTotNghiep\V-Shield-2.0\View\src\pages\Biometrics.vue","38"
"search-bar","html-class","C:\DoAnTotNghiep\V-Shield-2.0\View\src\pages\Biometrics.vue","39"
"search-icon","html-class","C:\DoAnTotNghiep\V-Shield-2.0\View\src\pages\Biometrics.vue","40"
"empty-card","html-class","C:\DoAnTotNghiep\V-Shield-2.0\View\src\pages\Biometrics.vue","48"
"empty-card","html-class","C:\DoAnTotNghiep\V-Shield-2.0\View\src\pages\Biometrics.vue","49"
"table-container","html-class","C:\DoAnTotNghiep\V-Shield-2.0\View\src\pages\Biometrics.vue","50"
"data-table","html-class","C:\DoAnTotNghiep\V-Shield-2.0\View\src\pages\Biometrics.vue","51"
"table-main","html-class","C:\DoAnTotNghiep\V-Shield-2.0\View\src\pages\Biometrics.vue","64"
"table-sub","html-class","C:\DoAnTotNghiep\V-Shield-2.0\View\src\pages\Biometrics.vue","65"
"chip-row","html-class","C:\DoAnTotNghiep\V-Shield-2.0\View\src\pages\Biometrics.vue","69"
"soft-chip","html-class","C:\DoAnTotNghiep\V-Shield-2.0\View\src\pages\Biometrics.vue","70"
"chip-row","html-class","C:\DoAnTotNghiep\V-Shield-2.0\View\src\pages\Biometrics.vue","76"
"soft-chip","html-class","C:\DoAnTotNghiep\V-Shield-2.0\View\src\pages\Biometrics.vue","77"
"pagination-bar","html-class","C:\DoAnTotNghiep\V-Shield-2.0\View\src\pages\Biometrics.vue","88"
"page-buttons","html-class","C:\DoAnTotNghiep\V-Shield-2.0\View\src\pages\Biometrics.vue","90"
"page-btn","html-class","C:\DoAnTotNghiep\V-Shield-2.0\View\src\pages\Biometrics.vue","91"
"page-btn","html-class","C:\DoAnTotNghiep\V-Shield-2.0\View\src\pages\Biometrics.vue","92"
"page-btn","html-class","C:\DoAnTotNghiep\V-Shield-2.0\View\src\pages\Biometrics.vue","93"
"ops-grid two","html-class","C:\DoAnTotNghiep\V-Shield-2.0\View\src\pages\Biometrics.vue","98"
"ops-panel","html-class","C:\DoAnTotNghiep\V-Shield-2.0\View\src\pages\Biometrics.vue","99"
"panel-head","html-class","C:\DoAnTotNghiep\V-Shield-2.0\View\src\pages\Biometrics.vue","100"
"panel-kicker","html-class","C:\DoAnTotNghiep\V-Shield-2.0\View\src\pages\Biometrics.vue","102"
"panel-title","html-class","C:\DoAnTotNghiep\V-Shield-2.0\View\src\pages\Biometrics.vue","103"
"surface-list","html-class","C:\DoAnTotNghiep\V-Shield-2.0\View\src\pages\Biometrics.vue","107"
"surface-item","html-class","C:\DoAnTotNghiep\V-Shield-2.0\View\src\pages\Biometrics.vue","108"
"surface-item-title","html-class","C:\DoAnTotNghiep\V-Shield-2.0\View\src\pages\Biometrics.vue","109"
"surface-item-sub","html-class","C:\DoAnTotNghiep\V-Shield-2.0\View\src\pages\Biometrics.vue","110"
"chip-row","html-class","C:\DoAnTotNghiep\V-Shield-2.0\View\src\pages\Biometrics.vue","111"
"soft-chip","html-class","C:\DoAnTotNghiep\V-Shield-2.0\View\src\pages\Biometrics.vue","112"
"soft-chip success","html-class","C:\DoAnTotNghiep\V-Shield-2.0\View\src\pages\Biometrics.vue","113"
"empty-card","html-class","C:\DoAnTotNghiep\V-Shield-2.0\View\src\pages\Biometrics.vue","117"
"ops-panel","html-class","C:\DoAnTotNghiep\V-Shield-2.0\View\src\pages\Biometrics.vue","120"
"panel-head","html-class","C:\DoAnTotNghiep\V-Shield-2.0\View\src\pages\Biometrics.vue","121"
"panel-kicker","html-class","C:\DoAnTotNghiep\V-Shield-2.0\View\src\pages\Biometrics.vue","123"
"panel-title","html-class","C:\DoAnTotNghiep\V-Shield-2.0\View\src\pages\Biometrics.vue","124"
"surface-list","html-class","C:\DoAnTotNghiep\V-Shield-2.0\View\src\pages\Biometrics.vue","128"
"surface-item","html-class","C:\DoAnTotNghiep\V-Shield-2.0\View\src\pages\Biometrics.vue","129"
"surface-item-title","html-class","C:\DoAnTotNghiep\V-Shield-2.0\View\src\pages\Biometrics.vue","130"
"surface-item-sub","html-class","C:\DoAnTotNghiep\V-Shield-2.0\View\src\pages\Biometrics.vue","131"
"chip-row","html-class","C:\DoAnTotNghiep\V-Shield-2.0\View\src\pages\Biometrics.vue","132"
"soft-chip","html-class","C:\DoAnTotNghiep\V-Shield-2.0\View\src\pages\Biometrics.vue","133"
"soft-chip success","html-class","C:\DoAnTotNghiep\V-Shield-2.0\View\src\pages\Biometrics.vue","134"
"empty-card","html-class","C:\DoAnTotNghiep\V-Shield-2.0\View\src\pages\Biometrics.vue","138"
"page-container ops-page animate-in","html-class","C:\DoAnTotNghiep\V-Shield-2.0\View\src\pages\Dashboard.vue","2"
"page-header-bar","html-class","C:\DoAnTotNghiep\V-Shield-2.0\View\src\pages\Dashboard.vue","3"
"panel-kicker","html-class","C:\DoAnTotNghiep\V-Shield-2.0\View\src\pages\Dashboard.vue","5"
"page-title","html-class","C:\DoAnTotNghiep\V-Shield-2.0\View\src\pages\Dashboard.vue","6"
"header-actions","html-class","C:\DoAnTotNghiep\V-Shield-2.0\View\src\pages\Dashboard.vue","8"
"btn btn-primary","html-class","C:\DoAnTotNghiep\V-Shield-2.0\View\src\pages\Dashboard.vue","9"
"btn btn-secondary","html-class","C:\DoAnTotNghiep\V-Shield-2.0\View\src\pages\Dashboard.vue","10"
"btn btn-secondary","html-class","C:\DoAnTotNghiep\V-Shield-2.0\View\src\pages\Dashboard.vue","11"
"metric-grid","html-class","C:\DoAnTotNghiep\V-Shield-2.0\View\src\pages\Dashboard.vue","15"
"metric-tile","html-class","C:\DoAnTotNghiep\V-Shield-2.0\View\src\pages\Dashboard.vue","16"
"metric-label","html-class","C:\DoAnTotNghiep\V-Shield-2.0\View\src\pages\Dashboard.vue","17"
"metric-value","html-class","C:\DoAnTotNghiep\V-Shield-2.0\View\src\pages\Dashboard.vue","18"
"metric-note","html-class","C:\DoAnTotNghiep\V-Shield-2.0\View\src\pages\Dashboard.vue","19"
"metric-tile","html-class","C:\DoAnTotNghiep\V-Shield-2.0\View\src\pages\Dashboard.vue","21"
"metric-label","html-class","C:\DoAnTotNghiep\V-Shield-2.0\View\src\pages\Dashboard.vue","22"
"metric-value","html-class","C:\DoAnTotNghiep\V-Shield-2.0\View\src\pages\Dashboard.vue","23"
"metric-note","html-class","C:\DoAnTotNghiep\V-Shield-2.0\View\src\pages\Dashboard.vue","24"
"metric-tile","html-class","C:\DoAnTotNghiep\V-Shield-2.0\View\src\pages\Dashboard.vue","26"
"metric-label","html-class","C:\DoAnTotNghiep\V-Shield-2.0\View\src\pages\Dashboard.vue","27"
"metric-value","html-class","C:\DoAnTotNghiep\V-Shield-2.0\View\src\pages\Dashboard.vue","28"
"metric-note","html-class","C:\DoAnTotNghiep\V-Shield-2.0\View\src\pages\Dashboard.vue","29"
"metric-tile","html-class","C:\DoAnTotNghiep\V-Shield-2.0\View\src\pages\Dashboard.vue","31"
"metric-label","html-class","C:\DoAnTotNghiep\V-Shield-2.0\View\src\pages\Dashboard.vue","32"
"metric-value","html-class","C:\DoAnTotNghiep\V-Shield-2.0\View\src\pages\Dashboard.vue","33"
"metric-note","html-class","C:\DoAnTotNghiep\V-Shield-2.0\View\src\pages\Dashboard.vue","34"
"ops-grid two","html-class","C:\DoAnTotNghiep\V-Shield-2.0\View\src\pages\Dashboard.vue","38"
"ops-panel","html-class","C:\DoAnTotNghiep\V-Shield-2.0\View\src\pages\Dashboard.vue","39"
"panel-head","html-class","C:\DoAnTotNghiep\V-Shield-2.0\View\src\pages\Dashboard.vue","40"
"panel-kicker","html-class","C:\DoAnTotNghiep\V-Shield-2.0\View\src\pages\Dashboard.vue","42"
"panel-title","html-class","C:\DoAnTotNghiep\V-Shield-2.0\View\src\pages\Dashboard.vue","43"
"chip-row","html-class","C:\DoAnTotNghiep\V-Shield-2.0\View\src\pages\Dashboard.vue","45"
"soft-chip","html-class","C:\DoAnTotNghiep\V-Shield-2.0\View\src\pages\Dashboard.vue","46"
"soft-chip warn","html-class","C:\DoAnTotNghiep\V-Shield-2.0\View\src\pages\Dashboard.vue","47"
"traffic-chart","html-class","C:\DoAnTotNghiep\V-Shield-2.0\View\src\pages\Dashboard.vue","51"
"chart-day","html-class","C:\DoAnTotNghiep\V-Shield-2.0\View\src\pages\Dashboard.vue","52"
"chart-stack","html-class","C:\DoAnTotNghiep\V-Shield-2.0\View\src\pages\Dashboard.vue","53"
"chart-bar in","html-class","C:\DoAnTotNghiep\V-Shield-2.0\View\src\pages\Dashboard.vue","54"
"chart-bar out","html-class","C:\DoAnTotNghiep\V-Shield-2.0\View\src\pages\Dashboard.vue","57"
"empty-card","html-class","C:\DoAnTotNghiep\V-Shield-2.0\View\src\pages\Dashboard.vue","64"
"ops-panel","html-class","C:\DoAnTotNghiep\V-Shield-2.0\View\src\pages\Dashboard.vue","67"
"panel-head","html-class","C:\DoAnTotNghiep\V-Shield-2.0\View\src\pages\Dashboard.vue","68"
"panel-kicker","html-class","C:\DoAnTotNghiep\V-Shield-2.0\View\src\pages\Dashboard.vue","70"
"panel-title","html-class","C:\DoAnTotNghiep\V-Shield-2.0\View\src\pages\Dashboard.vue","71"
"btn btn-secondary btn-sm","html-class","C:\DoAnTotNghiep\V-Shield-2.0\View\src\pages\Dashboard.vue","73"
"surface-list scrollable-panel","html-class","C:\DoAnTotNghiep\V-Shield-2.0\View\src\pages\Dashboard.vue","76"
"activity-item","html-class","C:\DoAnTotNghiep\V-Shield-2.0\View\src\pages\Dashboard.vue","77"
"activity-dot","html-class","C:\DoAnTotNghiep\V-Shield-2.0\View\src\pages\Dashboard.vue","78"
"activity-meta","html-class","C:\DoAnTotNghiep\V-Shield-2.0\View\src\pages\Dashboard.vue","79"
"activity-copy","html-class","C:\DoAnTotNghiep\V-Shield-2.0\View\src\pages\Dashboard.vue","83"
"chip-row","html-class","C:\DoAnTotNghiep\V-Shield-2.0\View\src\pages\Dashboard.vue","90"
"soft-chip danger","html-class","C:\DoAnTotNghiep\V-Shield-2.0\View\src\pages\Dashboard.vue","91"
"soft-chip warn","html-class","C:\DoAnTotNghiep\V-Shield-2.0\View\src\pages\Dashboard.vue","92"
"soft-chip","html-class","C:\DoAnTotNghiep\V-Shield-2.0\View\src\pages\Dashboard.vue","93"
"empty-card","html-class","C:\DoAnTotNghiep\V-Shield-2.0\View\src\pages\Dashboard.vue","98"
"ops-grid three","html-class","C:\DoAnTotNghiep\V-Shield-2.0\View\src\pages\Dashboard.vue","102"
"ops-panel","html-class","C:\DoAnTotNghiep\V-Shield-2.0\View\src\pages\Dashboard.vue","103"
"panel-head compact","html-class","C:\DoAnTotNghiep\V-Shield-2.0\View\src\pages\Dashboard.vue","104"
"panel-kicker","html-class","C:\DoAnTotNghiep\V-Shield-2.0\View\src\pages\Dashboard.vue","106"
"panel-title","html-class","C:\DoAnTotNghiep\V-Shield-2.0\View\src\pages\Dashboard.vue","107"
"surface-list","html-class","C:\DoAnTotNghiep\V-Shield-2.0\View\src\pages\Dashboard.vue","110"
"surface-item","html-class","C:\DoAnTotNghiep\V-Shield-2.0\View\src\pages\Dashboard.vue","111"
"inline-stat","html-class","C:\DoAnTotNghiep\V-Shield-2.0\View\src\pages\Dashboard.vue","112"
"surface-item","html-class","C:\DoAnTotNghiep\V-Shield-2.0\View\src\pages\Dashboard.vue","117"
"inline-stat","html-class","C:\DoAnTotNghiep\V-Shield-2.0\View\src\pages\Dashboard.vue","118"
"ops-panel","html-class","C:\DoAnTotNghiep\V-Shield-2.0\View\src\pages\Dashboard.vue","126"
"panel-head compact","html-class","C:\DoAnTotNghiep\V-Shield-2.0\View\src\pages\Dashboard.vue","127"
"panel-kicker","html-class","C:\DoAnTotNghiep\V-Shield-2.0\View\src\pages\Dashboard.vue","129"
"panel-title","html-class","C:\DoAnTotNghiep\V-Shield-2.0\View\src\pages\Dashboard.vue","130"
"surface-list","html-class","C:\DoAnTotNghiep\V-Shield-2.0\View\src\pages\Dashboard.vue","133"
"surface-item","html-class","C:\DoAnTotNghiep\V-Shield-2.0\View\src\pages\Dashboard.vue","134"
"inline-stat","html-class","C:\DoAnTotNghiep\V-Shield-2.0\View\src\pages\Dashboard.vue","135"
"surface-item","html-class","C:\DoAnTotNghiep\V-Shield-2.0\View\src\pages\Dashboard.vue","140"
"inline-stat","html-class","C:\DoAnTotNghiep\V-Shield-2.0\View\src\pages\Dashboard.vue","141"
"ops-panel","html-class","C:\DoAnTotNghiep\V-Shield-2.0\View\src\pages\Dashboard.vue","149"
"panel-head compact","html-class","C:\DoAnTotNghiep\V-Shield-2.0\View\src\pages\Dashboard.vue","150"
"panel-kicker","html-class","C:\DoAnTotNghiep\V-Shield-2.0\View\src\pages\Dashboard.vue","152"
"panel-title","html-class","C:\DoAnTotNghiep\V-Shield-2.0\View\src\pages\Dashboard.vue","153"
"surface-list","html-class","C:\DoAnTotNghiep\V-Shield-2.0\View\src\pages\Dashboard.vue","156"
"surface-item","html-class","C:\DoAnTotNghiep\V-Shield-2.0\View\src\pages\Dashboard.vue","157"
"inline-stat","html-class","C:\DoAnTotNghiep\V-Shield-2.0\View\src\pages\Dashboard.vue","158"
"surface-item","html-class","C:\DoAnTotNghiep\V-Shield-2.0\View\src\pages\Dashboard.vue","163"
"inline-stat","html-class","C:\DoAnTotNghiep\V-Shield-2.0\View\src\pages\Dashboard.vue","164"
"page-container animate-in","html-class","C:\DoAnTotNghiep\V-Shield-2.0\View\src\pages\DepartmentPosition.vue","2"
"page-header bento-header","html-class","C:\DoAnTotNghiep\V-Shield-2.0\View\src\pages\DepartmentPosition.vue","4"
"greeting","html-class","C:\DoAnTotNghiep\V-Shield-2.0\View\src\pages\DepartmentPosition.vue","5"
"page-title","html-class","C:\DoAnTotNghiep\V-Shield-2.0\View\src\pages\DepartmentPosition.vue","6"
"page-subtitle","html-class","C:\DoAnTotNghiep\V-Shield-2.0\View\src\pages\DepartmentPosition.vue","7"
"bento-grid-2col","html-class","C:\DoAnTotNghiep\V-Shield-2.0\View\src\pages\DepartmentPosition.vue","12"
"bento-card table-section","html-class","C:\DoAnTotNghiep\V-Shield-2.0\View\src\pages\DepartmentPosition.vue","14"
"card-header-mini","html-class","C:\DoAnTotNghiep\V-Shield-2.0\View\src\pages\DepartmentPosition.vue","15"
"bento-title flex-center gap-2","html-class","C:\DoAnTotNghiep\V-Shield-2.0\View\src\pages\DepartmentPosition.vue","16"
"title-icon","html-class","C:\DoAnTotNghiep\V-Shield-2.0\View\src\pages\DepartmentPosition.vue","17"
"btn btn-primary btn-sm rounded-btn","html-class","C:\DoAnTotNghiep\V-Shield-2.0\View\src\pages\DepartmentPosition.vue","23"
"empty-layout","html-class","C:\DoAnTotNghiep\V-Shield-2.0\View\src\pages\DepartmentPosition.vue","32"
"spinner-lg","html-class","C:\DoAnTotNghiep\V-Shield-2.0\View\src\pages\DepartmentPosition.vue","33"
"sleek-table-container","html-class","C:\DoAnTotNghiep\V-Shield-2.0\View\src\pages\DepartmentPosition.vue","35"
"sleek-table","html-class","C:\DoAnTotNghiep\V-Shield-2.0\View\src\pages\DepartmentPosition.vue","36"
"table-row","html-class","C:\DoAnTotNghiep\V-Shield-2.0\View\src\pages\DepartmentPosition.vue","46"
"text-muted font-mono","html-class","C:\DoAnTotNghiep\V-Shield-2.0\View\src\pages\DepartmentPosition.vue","47"
"font-medium text-primary","html-class","C:\DoAnTotNghiep\V-Shield-2.0\View\src\pages\DepartmentPosition.vue","48"
"text-center","html-class","C:\DoAnTotNghiep\V-Shield-2.0\View\src\pages\DepartmentPosition.vue","49"
"badge minimal","html-class","C:\DoAnTotNghiep\V-Shield-2.0\View\src\pages\DepartmentPosition.vue","50"
"action-menu","html-class","C:\DoAnTotNghiep\V-Shield-2.0\View\src\pages\DepartmentPosition.vue","53"
"icon-btn","html-class","C:\DoAnTotNghiep\V-Shield-2.0\View\src\pages\DepartmentPosition.vue","54"
"icon-btn action-reject","html-class","C:\DoAnTotNghiep\V-Shield-2.0\View\src\pages\DepartmentPosition.vue","59"
"py-8","html-class","C:\DoAnTotNghiep\V-Shield-2.0\View\src\pages\DepartmentPosition.vue","70"
"empty-layout","html-class","C:\DoAnTotNghiep\V-Shield-2.0\View\src\pages\DepartmentPosition.vue","71"
"text-muted","html-class","C:\DoAnTotNghiep\V-Shield-2.0\View\src\pages\DepartmentPosition.vue","72"
"bento-card table-section","html-class","C:\DoAnTotNghiep\V-Shield-2.0\View\src\pages\DepartmentPosition.vue","82"
"card-header-mini","html-class","C:\DoAnTotNghiep\V-Shield-2.0\View\src\pages\DepartmentPosition.vue","83"
"bento-title flex-center gap-2","html-class","C:\DoAnTotNghiep\V-Shield-2.0\View\src\pages\DepartmentPosition.vue","84"
"title-icon","html-class","C:\DoAnTotNghiep\V-Shield-2.0\View\src\pages\DepartmentPosition.vue","85"
"btn btn-primary btn-sm rounded-btn","html-class","C:\DoAnTotNghiep\V-Shield-2.0\View\src\pages\DepartmentPosition.vue","91"
"empty-layout","html-class","C:\DoAnTotNghiep\V-Shield-2.0\View\src\pages\DepartmentPosition.vue","100"
"spinner-lg","html-class","C:\DoAnTotNghiep\V-Shield-2.0\View\src\pages\DepartmentPosition.vue","101"
"sleek-table-container","html-class","C:\DoAnTotNghiep\V-Shield-2.0\View\src\pages\DepartmentPosition.vue","103"
"sleek-table","html-class","C:\DoAnTotNghiep\V-Shield-2.0\View\src\pages\DepartmentPosition.vue","104"
"table-row","html-class","C:\DoAnTotNghiep\V-Shield-2.0\View\src\pages\DepartmentPosition.vue","114"
"text-muted font-mono","html-class","C:\DoAnTotNghiep\V-Shield-2.0\View\src\pages\DepartmentPosition.vue","115"
"font-medium text-primary","html-class","C:\DoAnTotNghiep\V-Shield-2.0\View\src\pages\DepartmentPosition.vue","116"
"text-center","html-class","C:\DoAnTotNghiep\V-Shield-2.0\View\src\pages\DepartmentPosition.vue","117"
"badge minimal","html-class","C:\DoAnTotNghiep\V-Shield-2.0\View\src\pages\DepartmentPosition.vue","118"
"action-menu","html-class","C:\DoAnTotNghiep\V-Shield-2.0\View\src\pages\DepartmentPosition.vue","121"
"icon-btn","html-class","C:\DoAnTotNghiep\V-Shield-2.0\View\src\pages\DepartmentPosition.vue","122"
"icon-btn action-reject","html-class","C:\DoAnTotNghiep\V-Shield-2.0\View\src\pages\DepartmentPosition.vue","127"
"py-8","html-class","C:\DoAnTotNghiep\V-Shield-2.0\View\src\pages\DepartmentPosition.vue","138"
"empty-layout","html-class","C:\DoAnTotNghiep\V-Shield-2.0\View\src\pages\DepartmentPosition.vue","139"
"text-muted","html-class","C:\DoAnTotNghiep\V-Shield-2.0\View\src\pages\DepartmentPosition.vue","140"
"modern-toast","html-class","C:\DoAnTotNghiep\V-Shield-2.0\View\src\pages\DepartmentPosition.vue","152"
"toast-icon","html-class","C:\DoAnTotNghiep\V-Shield-2.0\View\src\pages\DepartmentPosition.vue","153"
"modal-backdrop","html-class","C:\DoAnTotNghiep\V-Shield-2.0\View\src\pages\DepartmentPosition.vue","171"
"modern-modal mini","html-class","C:\DoAnTotNghiep\V-Shield-2.0\View\src\pages\DepartmentPosition.vue","172"
"modal-top","html-class","C:\DoAnTotNghiep\V-Shield-2.0\View\src\pages\DepartmentPosition.vue","173"
"icon-close","html-class","C:\DoAnTotNghiep\V-Shield-2.0\View\src\pages\DepartmentPosition.vue","175"
"modal-body","html-class","C:\DoAnTotNghiep\V-Shield-2.0\View\src\pages\DepartmentPosition.vue","181"
"input-pane mb-4","html-class","C:\DoAnTotNghiep\V-Shield-2.0\View\src\pages\DepartmentPosition.vue","182"
"req","html-class","C:\DoAnTotNghiep\V-Shield-2.0\View\src\pages\DepartmentPosition.vue","183"
"sleek-input","html-class","C:\DoAnTotNghiep\V-Shield-2.0\View\src\pages\DepartmentPosition.vue","184"
"error-box mb-4","html-class","C:\DoAnTotNghiep\V-Shield-2.0\View\src\pages\DepartmentPosition.vue","187"
"modal-actions","html-class","C:\DoAnTotNghiep\V-Shield-2.0\View\src\pages\DepartmentPosition.vue","193"
"btn btn-secondary","html-class","C:\DoAnTotNghiep\V-Shield-2.0\View\src\pages\DepartmentPosition.vue","194"
"btn btn-primary","html-class","C:\DoAnTotNghiep\V-Shield-2.0\View\src\pages\DepartmentPosition.vue","195"
"spinner-sm","html-class","C:\DoAnTotNghiep\V-Shield-2.0\View\src\pages\DepartmentPosition.vue","196"
"modal-backdrop","html-class","C:\DoAnTotNghiep\V-Shield-2.0\View\src\pages\DepartmentPosition.vue","207"
"modern-modal mini","html-class","C:\DoAnTotNghiep\V-Shield-2.0\View\src\pages\DepartmentPosition.vue","208"
"modal-top","html-class","C:\DoAnTotNghiep\V-Shield-2.0\View\src\pages\DepartmentPosition.vue","209"
"icon-close","html-class","C:\DoAnTotNghiep\V-Shield-2.0\View\src\pages\DepartmentPosition.vue","211"
"modal-body","html-class","C:\DoAnTotNghiep\V-Shield-2.0\View\src\pages\DepartmentPosition.vue","217"
"input-pane mb-4","html-class","C:\DoAnTotNghiep\V-Shield-2.0\View\src\pages\DepartmentPosition.vue","218"
"req","html-class","C:\DoAnTotNghiep\V-Shield-2.0\View\src\pages\DepartmentPosition.vue","219"
"sleek-input","html-class","C:\DoAnTotNghiep\V-Shield-2.0\View\src\pages\DepartmentPosition.vue","220"
"error-box mb-4","html-class","C:\DoAnTotNghiep\V-Shield-2.0\View\src\pages\DepartmentPosition.vue","223"
"modal-actions","html-class","C:\DoAnTotNghiep\V-Shield-2.0\View\src\pages\DepartmentPosition.vue","229"
"btn btn-secondary","html-class","C:\DoAnTotNghiep\V-Shield-2.0\View\src\pages\DepartmentPosition.vue","230"
"btn btn-primary","html-class","C:\DoAnTotNghiep\V-Shield-2.0\View\src\pages\DepartmentPosition.vue","231"
"spinner-sm","html-class","C:\DoAnTotNghiep\V-Shield-2.0\View\src\pages\DepartmentPosition.vue","232"
"modal-backdrop","html-class","C:\DoAnTotNghiep\V-Shield-2.0\View\src\pages\DepartmentPosition.vue","243"
"modern-modal mini","html-class","C:\DoAnTotNghiep\V-Shield-2.0\View\src\pages\DepartmentPosition.vue","244"
"modal-body text-center","html-class","C:\DoAnTotNghiep\V-Shield-2.0\View\src\pages\DepartmentPosition.vue","245"
"warning-icon","html-class","C:\DoAnTotNghiep\V-Shield-2.0\View\src\pages\DepartmentPosition.vue","246"
"error-box text-left mb-4","html-class","C:\DoAnTotNghiep\V-Shield-2.0\View\src\pages\DepartmentPosition.vue","258"
"modal-actions centered","html-class","C:\DoAnTotNghiep\V-Shield-2.0\View\src\pages\DepartmentPosition.vue","259"
"btn btn-secondary","html-class","C:\DoAnTotNghiep\V-Shield-2.0\View\src\pages\DepartmentPosition.vue","260"
"handleDelete","json-key","C:\DoAnTotNghiep\V-Shield-2.0\View\src\pages\DepartmentPosition.vue","261"
"btn btn-danger","html-class","C:\DoAnTotNghiep\V-Shield-2.0\View\src\pages\DepartmentPosition.vue","261"
"spinner-sm","html-class","C:\DoAnTotNghiep\V-Shield-2.0\View\src\pages\DepartmentPosition.vue","262"
"page-container ops-page animate-in","html-class","C:\DoAnTotNghiep\V-Shield-2.0\View\src\pages\DeviceManagement.vue","2"
"page-header-bar","html-class","C:\DoAnTotNghiep\V-Shield-2.0\View\src\pages\DeviceManagement.vue","3"
"panel-kicker","html-class","C:\DoAnTotNghiep\V-Shield-2.0\View\src\pages\DeviceManagement.vue","5"
"page-title","html-class","C:\DoAnTotNghiep\V-Shield-2.0\View\src\pages\DeviceManagement.vue","6"
"header-actions","html-class","C:\DoAnTotNghiep\V-Shield-2.0\View\src\pages\DeviceManagement.vue","8"
"btn btn-primary","html-class","C:\DoAnTotNghiep\V-Shield-2.0\View\src\pages\DeviceManagement.vue","9"
"btn btn-secondary","html-class","C:\DoAnTotNghiep\V-Shield-2.0\View\src\pages\DeviceManagement.vue","10"
"ops-grid two","html-class","C:\DoAnTotNghiep\V-Shield-2.0\View\src\pages\DeviceManagement.vue","14"
"ops-panel","html-class","C:\DoAnTotNghiep\V-Shield-2.0\View\src\pages\DeviceManagement.vue","15"
"panel-head","html-class","C:\DoAnTotNghiep\V-Shield-2.0\View\src\pages\DeviceManagement.vue","16"
"panel-kicker","html-class","C:\DoAnTotNghiep\V-Shield-2.0\View\src\pages\DeviceManagement.vue","18"
"panel-title","html-class","C:\DoAnTotNghiep\V-Shield-2.0\View\src\pages\DeviceManagement.vue","19"
"btn btn-secondary btn-sm","html-class","C:\DoAnTotNghiep\V-Shield-2.0\View\src\pages\DeviceManagement.vue","21"
"empty-card","html-class","C:\DoAnTotNghiep\V-Shield-2.0\View\src\pages\DeviceManagement.vue","24"
"empty-card","html-class","C:\DoAnTotNghiep\V-Shield-2.0\View\src\pages\DeviceManagement.vue","25"
"table-container","html-class","C:\DoAnTotNghiep\V-Shield-2.0\View\src\pages\DeviceManagement.vue","26"
"data-table","html-class","C:\DoAnTotNghiep\V-Shield-2.0\View\src\pages\DeviceManagement.vue","27"
"plate-pill","html-class","C:\DoAnTotNghiep\V-Shield-2.0\View\src\pages\DeviceManagement.vue","43"
"table-sub","html-class","C:\DoAnTotNghiep\V-Shield-2.0\View\src\pages\DeviceManagement.vue","44"
"panel-actions","html-class","C:\DoAnTotNghiep\V-Shield-2.0\View\src\pages\DeviceManagement.vue","47"
"btn btn-secondary btn-sm","html-class","C:\DoAnTotNghiep\V-Shield-2.0\View\src\pages\DeviceManagement.vue","48"
"btn btn-danger btn-sm","html-class","C:\DoAnTotNghiep\V-Shield-2.0\View\src\pages\DeviceManagement.vue","49"
"pagination-bar","html-class","C:\DoAnTotNghiep\V-Shield-2.0\View\src\pages\DeviceManagement.vue","57"
"page-buttons","html-class","C:\DoAnTotNghiep\V-Shield-2.0\View\src\pages\DeviceManagement.vue","59"
"page-btn","html-class","C:\DoAnTotNghiep\V-Shield-2.0\View\src\pages\DeviceManagement.vue","60"
"page-btn","html-class","C:\DoAnTotNghiep\V-Shield-2.0\View\src\pages\DeviceManagement.vue","61"
"page-btn","html-class","C:\DoAnTotNghiep\V-Shield-2.0\View\src\pages\DeviceManagement.vue","62"
"ops-panel","html-class","C:\DoAnTotNghiep\V-Shield-2.0\View\src\pages\DeviceManagement.vue","67"
"panel-head","html-class","C:\DoAnTotNghiep\V-Shield-2.0\View\src\pages\DeviceManagement.vue","68"
"panel-kicker","html-class","C:\DoAnTotNghiep\V-Shield-2.0\View\src\pages\DeviceManagement.vue","70"
"panel-title","html-class","C:\DoAnTotNghiep\V-Shield-2.0\View\src\pages\DeviceManagement.vue","71"
"btn btn-secondary btn-sm","html-class","C:\DoAnTotNghiep\V-Shield-2.0\View\src\pages\DeviceManagement.vue","73"
"empty-card","html-class","C:\DoAnTotNghiep\V-Shield-2.0\View\src\pages\DeviceManagement.vue","76"
"empty-card","html-class","C:\DoAnTotNghiep\V-Shield-2.0\View\src\pages\DeviceManagement.vue","77"
"table-container","html-class","C:\DoAnTotNghiep\V-Shield-2.0\View\src\pages\DeviceManagement.vue","78"
"data-table","html-class","C:\DoAnTotNghiep\V-Shield-2.0\View\src\pages\DeviceManagement.vue","79"
"panel-actions","html-class","C:\DoAnTotNghiep\V-Shield-2.0\View\src\pages\DeviceManagement.vue","96"
"btn btn-secondary btn-sm","html-class","C:\DoAnTotNghiep\V-Shield-2.0\View\src\pages\DeviceManagement.vue","97"
"btn btn-danger btn-sm","html-class","C:\DoAnTotNghiep\V-Shield-2.0\View\src\pages\DeviceManagement.vue","98"
"pagination-bar","html-class","C:\DoAnTotNghiep\V-Shield-2.0\View\src\pages\DeviceManagement.vue","106"
"page-buttons","html-class","C:\DoAnTotNghiep\V-Shield-2.0\View\src\pages\DeviceManagement.vue","108"
"page-btn","html-class","C:\DoAnTotNghiep\V-Shield-2.0\View\src\pages\DeviceManagement.vue","109"
"page-btn","html-class","C:\DoAnTotNghiep\V-Shield-2.0\View\src\pages\DeviceManagement.vue","110"
"page-btn","html-class","C:\DoAnTotNghiep\V-Shield-2.0\View\src\pages\DeviceManagement.vue","111"
"modal-overlay","html-class","C:\DoAnTotNghiep\V-Shield-2.0\View\src\pages\DeviceManagement.vue","118"
"modal","html-class","C:\DoAnTotNghiep\V-Shield-2.0\View\src\pages\DeviceManagement.vue","119"
"modal-header","html-class","C:\DoAnTotNghiep\V-Shield-2.0\View\src\pages\DeviceManagement.vue","120"
"modal-title","html-class","C:\DoAnTotNghiep\V-Shield-2.0\View\src\pages\DeviceManagement.vue","121"
"modal-close","html-class","C:\DoAnTotNghiep\V-Shield-2.0\View\src\pages\DeviceManagement.vue","122"
"form-row","html-class","C:\DoAnTotNghiep\V-Shield-2.0\View\src\pages\DeviceManagement.vue","125"
"form-group","html-class","C:\DoAnTotNghiep\V-Shield-2.0\View\src\pages\DeviceManagement.vue","126"
"form-group","html-class","C:\DoAnTotNghiep\V-Shield-2.0\View\src\pages\DeviceManagement.vue","130"
"form-group","html-class","C:\DoAnTotNghiep\V-Shield-2.0\View\src\pages\DeviceManagement.vue","136"
"form-group","html-class","C:\DoAnTotNghiep\V-Shield-2.0\View\src\pages\DeviceManagement.vue","141"
"filter-select","html-class","C:\DoAnTotNghiep\V-Shield-2.0\View\src\pages\DeviceManagement.vue","143"
"empty-card error-card","html-class","C:\DoAnTotNghiep\V-Shield-2.0\View\src\pages\DeviceManagement.vue","149"
"modal-footer","html-class","C:\DoAnTotNghiep\V-Shield-2.0\View\src\pages\DeviceManagement.vue","151"
"btn btn-secondary","html-class","C:\DoAnTotNghiep\V-Shield-2.0\View\src\pages\DeviceManagement.vue","152"
"btn btn-primary","html-class","C:\DoAnTotNghiep\V-Shield-2.0\View\src\pages\DeviceManagement.vue","153"
"modal-overlay","html-class","C:\DoAnTotNghiep\V-Shield-2.0\View\src\pages\DeviceManagement.vue","162"
"modal","html-class","C:\DoAnTotNghiep\V-Shield-2.0\View\src\pages\DeviceManagement.vue","163"
"modal-header","html-class","C:\DoAnTotNghiep\V-Shield-2.0\View\src\pages\DeviceManagement.vue","164"
"modal-title","html-class","C:\DoAnTotNghiep\V-Shield-2.0\View\src\pages\DeviceManagement.vue","165"
"modal-close","html-class","C:\DoAnTotNghiep\V-Shield-2.0\View\src\pages\DeviceManagement.vue","166"
"form-row","html-class","C:\DoAnTotNghiep\V-Shield-2.0\View\src\pages\DeviceManagement.vue","169"
"form-group","html-class","C:\DoAnTotNghiep\V-Shield-2.0\View\src\pages\DeviceManagement.vue","170"
"form-group","html-class","C:\DoAnTotNghiep\V-Shield-2.0\View\src\pages\DeviceManagement.vue","174"
"empty-card error-card","html-class","C:\DoAnTotNghiep\V-Shield-2.0\View\src\pages\DeviceManagement.vue","180"
"modal-footer","html-class","C:\DoAnTotNghiep\V-Shield-2.0\View\src\pages\DeviceManagement.vue","182"
"btn btn-secondary","html-class","C:\DoAnTotNghiep\V-Shield-2.0\View\src\pages\DeviceManagement.vue","183"
"btn btn-primary","html-class","C:\DoAnTotNghiep\V-Shield-2.0\View\src\pages\DeviceManagement.vue","184"
"page-container animate-in","html-class","C:\DoAnTotNghiep\V-Shield-2.0\View\src\pages\Employees.vue","2"
"page-header bento-header","html-class","C:\DoAnTotNghiep\V-Shield-2.0\View\src\pages\Employees.vue","4"
"greeting","html-class","C:\DoAnTotNghiep\V-Shield-2.0\View\src\pages\Employees.vue","5"
"page-title","html-class","C:\DoAnTotNghiep\V-Shield-2.0\View\src\pages\Employees.vue","6"
"page-subtitle","html-class","C:\DoAnTotNghiep\V-Shield-2.0\View\src\pages\Employees.vue","7"
"header-actions","html-class","C:\DoAnTotNghiep\V-Shield-2.0\View\src\pages\Employees.vue","9"
"btn btn-primary","html-class","C:\DoAnTotNghiep\V-Shield-2.0\View\src\pages\Employees.vue","10"
"bento-grid-mini","html-class","C:\DoAnTotNghiep\V-Shield-2.0\View\src\pages\Employees.vue","21"
"bento-card stat-card","html-class","C:\DoAnTotNghiep\V-Shield-2.0\View\src\pages\Employees.vue","22"
"stat-icon-wrapper blue","html-class","C:\DoAnTotNghiep\V-Shield-2.0\View\src\pages\Employees.vue","23"
"stat-details","html-class","C:\DoAnTotNghiep\V-Shield-2.0\View\src\pages\Employees.vue","26"
"stat-val","html-class","C:\DoAnTotNghiep\V-Shield-2.0\View\src\pages\Employees.vue","27"
"stat-lbl","html-class","C:\DoAnTotNghiep\V-Shield-2.0\View\src\pages\Employees.vue","28"
"bento-card stat-card","html-class","C:\DoAnTotNghiep\V-Shield-2.0\View\src\pages\Employees.vue","31"
"stat-icon-wrapper green","html-class","C:\DoAnTotNghiep\V-Shield-2.0\View\src\pages\Employees.vue","32"
"stat-details","html-class","C:\DoAnTotNghiep\V-Shield-2.0\View\src\pages\Employees.vue","35"
"stat-val green","html-class","C:\DoAnTotNghiep\V-Shield-2.0\View\src\pages\Employees.vue","36"
"stat-lbl","html-class","C:\DoAnTotNghiep\V-Shield-2.0\View\src\pages\Employees.vue","37"
"bento-card stat-card","html-class","C:\DoAnTotNghiep\V-Shield-2.0\View\src\pages\Employees.vue","40"
"stat-icon-wrapper red","html-class","C:\DoAnTotNghiep\V-Shield-2.0\View\src\pages\Employees.vue","41"
"stat-details","html-class","C:\DoAnTotNghiep\V-Shield-2.0\View\src\pages\Employees.vue","44"
"stat-val red","html-class","C:\DoAnTotNghiep\V-Shield-2.0\View\src\pages\Employees.vue","45"
"stat-lbl","html-class","C:\DoAnTotNghiep\V-Shield-2.0\View\src\pages\Employees.vue","46"
"bento-card table-section","html-class","C:\DoAnTotNghiep\V-Shield-2.0\View\src\pages\Employees.vue","52"
"table-toolbar","html-class","C:\DoAnTotNghiep\V-Shield-2.0\View\src\pages\Employees.vue","53"
"search-box","html-class","C:\DoAnTotNghiep\V-Shield-2.0\View\src\pages\Employees.vue","54"
"search-icon","html-class","C:\DoAnTotNghiep\V-Shield-2.0\View\src\pages\Employees.vue","55"
"filter-box","html-class","C:\DoAnTotNghiep\V-Shield-2.0\View\src\pages\Employees.vue","61"
"minimal-select","html-class","C:\DoAnTotNghiep\V-Shield-2.0\View\src\pages\Employees.vue","62"
"empty-layout","html-class","C:\DoAnTotNghiep\V-Shield-2.0\View\src\pages\Employees.vue","71"
"spinner-lg","html-class","C:\DoAnTotNghiep\V-Shield-2.0\View\src\pages\Employees.vue","72"
"empty-layout error-layout","html-class","C:\DoAnTotNghiep\V-Shield-2.0\View\src\pages\Employees.vue","75"
"btn btn-primary","html-class","C:\DoAnTotNghiep\V-Shield-2.0\View\src\pages\Employees.vue","77"
"sleek-table-container","html-class","C:\DoAnTotNghiep\V-Shield-2.0\View\src\pages\Employees.vue","86"
"sleek-table","html-class","C:\DoAnTotNghiep\V-Shield-2.0\View\src\pages\Employees.vue","87"
"text-right","html-class","C:\DoAnTotNghiep\V-Shield-2.0\View\src\pages\Employees.vue","94"
"table-row","html-class","C:\DoAnTotNghiep\V-Shield-2.0\View\src\pages\Employees.vue","98"
"user-cell","html-class","C:\DoAnTotNghiep\V-Shield-2.0\View\src\pages\Employees.vue","100"
"avatar","html-class","C:\DoAnTotNghiep\V-Shield-2.0\View\src\pages\Employees.vue","101"
"avatar-img","html-class","C:\DoAnTotNghiep\V-Shield-2.0\View\src\pages\Employees.vue","104"
"user-info","html-class","C:\DoAnTotNghiep\V-Shield-2.0\View\src\pages\Employees.vue","105"
"user-name","html-class","C:\DoAnTotNghiep\V-Shield-2.0\View\src\pages\Employees.vue","106"
"user-id","html-class","C:\DoAnTotNghiep\V-Shield-2.0\View\src\pages\Employees.vue","107"
"contact-cell","html-class","C:\DoAnTotNghiep\V-Shield-2.0\View\src\pages\Employees.vue","112"
"contact-item","html-class","C:\DoAnTotNghiep\V-Shield-2.0\View\src\pages\Employees.vue","113"
"contact-item","html-class","C:\DoAnTotNghiep\V-Shield-2.0\View\src\pages\Employees.vue","114"
"role-cell","html-class","C:\DoAnTotNghiep\V-Shield-2.0\View\src\pages\Employees.vue","118"
"dept","html-class","C:\DoAnTotNghiep\V-Shield-2.0\View\src\pages\Employees.vue","119"
"pos","html-class","C:\DoAnTotNghiep\V-Shield-2.0\View\src\pages\Employees.vue","120"
"status-pill","html-class","C:\DoAnTotNghiep\V-Shield-2.0\View\src\pages\Employees.vue","124"
"pill-dot","html-class","C:\DoAnTotNghiep\V-Shield-2.0\View\src\pages\Employees.vue","125"
"text-right","html-class","C:\DoAnTotNghiep\V-Shield-2.0\View\src\pages\Employees.vue","129"
"action-menu","html-class","C:\DoAnTotNghiep\V-Shield-2.0\View\src\pages\Employees.vue","130"
"icon-btn","html-class","C:\DoAnTotNghiep\V-Shield-2.0\View\src\pages\Employees.vue","131"
"icon-btn","html-class","C:\DoAnTotNghiep\V-Shield-2.0\View\src\pages\Employees.vue","134"
"icon-btn danger","html-class","C:\DoAnTotNghiep\V-Shield-2.0\View\src\pages\Employees.vue","138"
"empty-state","html-class","C:\DoAnTotNghiep\V-Shield-2.0\View\src\pages\Employees.vue","145"
"pagination-bar","html-class","C:\DoAnTotNghiep\V-Shield-2.0\View\src\pages\Employees.vue","151"
"page-buttons","html-class","C:\DoAnTotNghiep\V-Shield-2.0\View\src\pages\Employees.vue","153"
"page-btn","html-class","C:\DoAnTotNghiep\V-Shield-2.0\View\src\pages\Employees.vue","154"
"page-btn","html-class","C:\DoAnTotNghiep\V-Shield-2.0\View\src\pages\Employees.vue","155"
"page-btn","html-class","C:\DoAnTotNghiep\V-Shield-2.0\View\src\pages\Employees.vue","156"
"modal-backdrop","html-class","C:\DoAnTotNghiep\V-Shield-2.0\View\src\pages\Employees.vue","163"
"modern-modal","html-class","C:\DoAnTotNghiep\V-Shield-2.0\View\src\pages\Employees.vue","164"
"modal-top","html-class","C:\DoAnTotNghiep\V-Shield-2.0\View\src\pages\Employees.vue","165"
"icon-close","html-class","C:\DoAnTotNghiep\V-Shield-2.0\View\src\pages\Employees.vue","167"
"modal-body","html-class","C:\DoAnTotNghiep\V-Shield-2.0\View\src\pages\Employees.vue","170"
"input-pane","html-class","C:\DoAnTotNghiep\V-Shield-2.0\View\src\pages\Employees.vue","171"
"req","html-class","C:\DoAnTotNghiep\V-Shield-2.0\View\src\pages\Employees.vue","172"
"sleek-input","html-class","C:\DoAnTotNghiep\V-Shield-2.0\View\src\pages\Employees.vue","173"
"{ 'input-error': empNameValidation.touched && !empNameValidation.isValid && modalForm.fullName.length >= 2, 'input-success': empNameValidation.isValid }","html-class","C:\DoAnTotNghiep\V-Shield-2.0\View\src\pages\Employees.vue","176"
"name-feedback","html-class","C:\DoAnTotNghiep\V-Shield-2.0\View\src\pages\Employees.vue","177"
"feedback-success","html-class","C:\DoAnTotNghiep\V-Shield-2.0\View\src\pages\Employees.vue","178"
"feedback-error","html-class","C:\DoAnTotNghiep\V-Shield-2.0\View\src\pages\Employees.vue","182"
"grid-2","html-class","C:\DoAnTotNghiep\V-Shield-2.0\View\src\pages\Employees.vue","188"
"input-pane","html-class","C:\DoAnTotNghiep\V-Shield-2.0\View\src\pages\Employees.vue","189"
"sleek-input","html-class","C:\DoAnTotNghiep\V-Shield-2.0\View\src\pages\Employees.vue","191"
"input-pane","html-class","C:\DoAnTotNghiep\V-Shield-2.0\View\src\pages\Employees.vue","193"
"sleek-input","html-class","C:\DoAnTotNghiep\V-Shield-2.0\View\src\pages\Employees.vue","195"
"grid-2","html-class","C:\DoAnTotNghiep\V-Shield-2.0\View\src\pages\Employees.vue","198"
"input-pane","html-class","C:\DoAnTotNghiep\V-Shield-2.0\View\src\pages\Employees.vue","199"
"sleek-select","html-class","C:\DoAnTotNghiep\V-Shield-2.0\View\src\pages\Employees.vue","201"
"input-pane","html-class","C:\DoAnTotNghiep\V-Shield-2.0\View\src\pages\Employees.vue","206"
"sleek-select","html-class","C:\DoAnTotNghiep\V-Shield-2.0\View\src\pages\Employees.vue","208"
"input-pane","html-class","C:\DoAnTotNghiep\V-Shield-2.0\View\src\pages\Employees.vue","214"
"sleek-select","html-class","C:\DoAnTotNghiep\V-Shield-2.0\View\src\pages\Employees.vue","216"
"input-pane","html-class","C:\DoAnTotNghiep\V-Shield-2.0\View\src\pages\Employees.vue","223"
"face-input-tabs","html-class","C:\DoAnTotNghiep\V-Shield-2.0\View\src\pages\Employees.vue","226"
"pill-btn","html-class","C:\DoAnTotNghiep\V-Shield-2.0\View\src\pages\Employees.vue","227"
"pill-btn","html-class","C:\DoAnTotNghiep\V-Shield-2.0\View\src\pages\Employees.vue","228"
"face-dropzone","html-class","C:\DoAnTotNghiep\V-Shield-2.0\View\src\pages\Employees.vue","232"
"facePreview","json-key","C:\DoAnTotNghiep\V-Shield-2.0\View\src\pages\Employees.vue","233"
"face-preview-img","html-class","C:\DoAnTotNghiep\V-Shield-2.0\View\src\pages\Employees.vue","233"
"dropzone-text","html-class","C:\DoAnTotNghiep\V-Shield-2.0\View\src\pages\Employees.vue","234"
"text-right","html-class","C:\DoAnTotNghiep\V-Shield-2.0\View\src\pages\Employees.vue","241"
"btn-text danger","html-class","C:\DoAnTotNghiep\V-Shield-2.0\View\src\pages\Employees.vue","242"
"url-input-pane","html-class","C:\DoAnTotNghiep\V-Shield-2.0\View\src\pages\Employees.vue","246"
"sleek-input","html-class","C:\DoAnTotNghiep\V-Shield-2.0\View\src\pages\Employees.vue","247"
"face-dropzone url-preview","html-class","C:\DoAnTotNghiep\V-Shield-2.0\View\src\pages\Employees.vue","248"
"face-preview-img","html-class","C:\DoAnTotNghiep\V-Shield-2.0\View\src\pages\Employees.vue","249"
"dropzone-text","html-class","C:\DoAnTotNghiep\V-Shield-2.0\View\src\pages\Employees.vue","250"
"text-right","html-class","C:\DoAnTotNghiep\V-Shield-2.0\View\src\pages\Employees.vue","255"
"btn-text danger","html-class","C:\DoAnTotNghiep\V-Shield-2.0\View\src\pages\Employees.vue","256"
"alert-box error","html-class","C:\DoAnTotNghiep\V-Shield-2.0\View\src\pages\Employees.vue","261"
"modal-actions","html-class","C:\DoAnTotNghiep\V-Shield-2.0\View\src\pages\Employees.vue","263"
"btn btn-secondary","html-class","C:\DoAnTotNghiep\V-Shield-2.0\View\src\pages\Employees.vue","264"
"btn btn-primary","html-class","C:\DoAnTotNghiep\V-Shield-2.0\View\src\pages\Employees.vue","265"
"spinner-sm","html-class","C:\DoAnTotNghiep\V-Shield-2.0\View\src\pages\Employees.vue","266"
"modal-backdrop","html-class","C:\DoAnTotNghiep\V-Shield-2.0\View\src\pages\Employees.vue","276"
"modern-modal mini","html-class","C:\DoAnTotNghiep\V-Shield-2.0\View\src\pages\Employees.vue","277"
"modal-top borderless","html-class","C:\DoAnTotNghiep\V-Shield-2.0\View\src\pages\Employees.vue","278"
"modal-body text-center","html-class","C:\DoAnTotNghiep\V-Shield-2.0\View\src\pages\Employees.vue","281"
"warning-icon","html-class","C:\DoAnTotNghiep\V-Shield-2.0\View\src\pages\Employees.vue","282"
"text-danger mt-1","html-class","C:\DoAnTotNghiep\V-Shield-2.0\View\src\pages\Employees.vue","284"
"modal-actions mt-4","html-class","C:\DoAnTotNghiep\V-Shield-2.0\View\src\pages\Employees.vue","286"
"btn btn-secondary","html-class","C:\DoAnTotNghiep\V-Shield-2.0\View\src\pages\Employees.vue","287"
"handleDelete","json-key","C:\DoAnTotNghiep\V-Shield-2.0\View\src\pages\Employees.vue","288"
"btn btn-danger","html-class","C:\DoAnTotNghiep\V-Shield-2.0\View\src\pages\Employees.vue","288"
"spinner-sm","html-class","C:\DoAnTotNghiep\V-Shield-2.0\View\src\pages\Employees.vue","289"
"toast-card","html-class","C:\DoAnTotNghiep\V-Shield-2.0\View\src\pages\Employees.vue","299"
"page-container ops-page animate-in","html-class","C:\DoAnTotNghiep\V-Shield-2.0\View\src\pages\Exceptions.vue","2"
"page-header-bar","html-class","C:\DoAnTotNghiep\V-Shield-2.0\View\src\pages\Exceptions.vue","3"
"panel-kicker","html-class","C:\DoAnTotNghiep\V-Shield-2.0\View\src\pages\Exceptions.vue","5"
"page-title","html-class","C:\DoAnTotNghiep\V-Shield-2.0\View\src\pages\Exceptions.vue","6"
"ops-panel","html-class","C:\DoAnTotNghiep\V-Shield-2.0\View\src\pages\Exceptions.vue","10"
"panel-head","html-class","C:\DoAnTotNghiep\V-Shield-2.0\View\src\pages\Exceptions.vue","11"
"panel-kicker","html-class","C:\DoAnTotNghiep\V-Shield-2.0\View\src\pages\Exceptions.vue","13"
"panel-title","html-class","C:\DoAnTotNghiep\V-Shield-2.0\View\src\pages\Exceptions.vue","14"
"panel-copy","html-class","C:\DoAnTotNghiep\V-Shield-2.0\View\src\pages\Exceptions.vue","15"
"filter-summary","html-class","C:\DoAnTotNghiep\V-Shield-2.0\View\src\pages\Exceptions.vue","19"
"soft-chip warn","html-class","C:\DoAnTotNghiep\V-Shield-2.0\View\src\pages\Exceptions.vue","20"
"soft-chip","html-class","C:\DoAnTotNghiep\V-Shield-2.0\View\src\pages\Exceptions.vue","21"
"filter-card","html-class","C:\DoAnTotNghiep\V-Shield-2.0\View\src\pages\Exceptions.vue","25"
"filter-grid exception-filter-grid","html-class","C:\DoAnTotNghiep\V-Shield-2.0\View\src\pages\Exceptions.vue","26"
"filter-field filter-field-query","html-class","C:\DoAnTotNghiep\V-Shield-2.0\View\src\pages\Exceptions.vue","27"
"field-label","html-class","C:\DoAnTotNghiep\V-Shield-2.0\View\src\pages\Exceptions.vue","28"
"search-bar","html-class","C:\DoAnTotNghiep\V-Shield-2.0\View\src\pages\Exceptions.vue","29"
"search-icon","html-class","C:\DoAnTotNghiep\V-Shield-2.0\View\src\pages\Exceptions.vue","30"
"filter-field filter-field-reason","html-class","C:\DoAnTotNghiep\V-Shield-2.0\View\src\pages\Exceptions.vue","43"
"field-label","html-class","C:\DoAnTotNghiep\V-Shield-2.0\View\src\pages\Exceptions.vue","44"
"filter-select","html-class","C:\DoAnTotNghiep\V-Shield-2.0\View\src\pages\Exceptions.vue","45"
"filter-field filter-field-date","html-class","C:\DoAnTotNghiep\V-Shield-2.0\View\src\pages\Exceptions.vue","53"
"field-label","html-class","C:\DoAnTotNghiep\V-Shield-2.0\View\src\pages\Exceptions.vue","54"
"filter-select","html-class","C:\DoAnTotNghiep\V-Shield-2.0\View\src\pages\Exceptions.vue","55"
"filter-field filter-field-date","html-class","C:\DoAnTotNghiep\V-Shield-2.0\View\src\pages\Exceptions.vue","58"
"field-label","html-class","C:\DoAnTotNghiep\V-Shield-2.0\View\src\pages\Exceptions.vue","59"
"filter-select","html-class","C:\DoAnTotNghiep\V-Shield-2.0\View\src\pages\Exceptions.vue","60"
"filter-footer","html-class","C:\DoAnTotNghiep\V-Shield-2.0\View\src\pages\Exceptions.vue","64"
"filter-hint","html-class","C:\DoAnTotNghiep\V-Shield-2.0\View\src\pages\Exceptions.vue","66"
"filter-notice","html-class","C:\DoAnTotNghiep\V-Shield-2.0\View\src\pages\Exceptions.vue","67"
"filter-actions","html-class","C:\DoAnTotNghiep\V-Shield-2.0\View\src\pages\Exceptions.vue","69"
"btn btn-secondary btn-sm","html-class","C:\DoAnTotNghiep\V-Shield-2.0\View\src\pages\Exceptions.vue","70"
"btn btn-primary btn-sm","html-class","C:\DoAnTotNghiep\V-Shield-2.0\View\src\pages\Exceptions.vue","73"
"empty-card","html-class","C:\DoAnTotNghiep\V-Shield-2.0\View\src\pages\Exceptions.vue","80"
"empty-card","html-class","C:\DoAnTotNghiep\V-Shield-2.0\View\src\pages\Exceptions.vue","81"
"table-container","html-class","C:\DoAnTotNghiep\V-Shield-2.0\View\src\pages\Exceptions.vue","84"
"data-table","html-class","C:\DoAnTotNghiep\V-Shield-2.0\View\src\pages\Exceptions.vue","85"
"table-main","html-class","C:\DoAnTotNghiep\V-Shield-2.0\View\src\pages\Exceptions.vue","101"
"table-sub","html-class","C:\DoAnTotNghiep\V-Shield-2.0\View\src\pages\Exceptions.vue","102"
"plate-pill","html-class","C:\DoAnTotNghiep\V-Shield-2.0\View\src\pages\Exceptions.vue","106"
"table-sub","html-class","C:\DoAnTotNghiep\V-Shield-2.0\View\src\pages\Exceptions.vue","107"
"chip-row","html-class","C:\DoAnTotNghiep\V-Shield-2.0\View\src\pages\Exceptions.vue","110"
"soft-chip warn","html-class","C:\DoAnTotNghiep\V-Shield-2.0\View\src\pages\Exceptions.vue","111"
"soft-chip warn","html-class","C:\DoAnTotNghiep\V-Shield-2.0\View\src\pages\Exceptions.vue","112"
"table-sub","html-class","C:\DoAnTotNghiep\V-Shield-2.0\View\src\pages\Exceptions.vue","114"
"chip-row","html-class","C:\DoAnTotNghiep\V-Shield-2.0\View\src\pages\Exceptions.vue","117"
"soft-chip danger","html-class","C:\DoAnTotNghiep\V-Shield-2.0\View\src\pages\Exceptions.vue","118"
"soft-chip","html-class","C:\DoAnTotNghiep\V-Shield-2.0\View\src\pages\Exceptions.vue","119"
"note-cell","html-class","C:\DoAnTotNghiep\V-Shield-2.0\View\src\pages\Exceptions.vue","122"
"pagination","html-class","C:\DoAnTotNghiep\V-Shield-2.0\View\src\pages\Exceptions.vue","128"
"pagination-info","html-class","C:\DoAnTotNghiep\V-Shield-2.0\View\src\pages\Exceptions.vue","129"
"pagination-buttons","html-class","C:\DoAnTotNghiep\V-Shield-2.0\View\src\pages\Exceptions.vue","130"
"pagination-btn","html-class","C:\DoAnTotNghiep\V-Shield-2.0\View\src\pages\Exceptions.vue","131"
"pagination-btn","html-class","C:\DoAnTotNghiep\V-Shield-2.0\View\src\pages\Exceptions.vue","135"
"{ active: current === page }","html-class","C:\DoAnTotNghiep\V-Shield-2.0\View\src\pages\Exceptions.vue","136"
"pagination-btn","html-class","C:\DoAnTotNghiep\V-Shield-2.0\View\src\pages\Exceptions.vue","141"
"page-container ops-page animate-in","html-class","C:\DoAnTotNghiep\V-Shield-2.0\View\src\pages\GuestProfiles.vue","2"
"page-header-bar","html-class","C:\DoAnTotNghiep\V-Shield-2.0\View\src\pages\GuestProfiles.vue","3"
"panel-kicker","html-class","C:\DoAnTotNghiep\V-Shield-2.0\View\src\pages\GuestProfiles.vue","5"
"page-title","html-class","C:\DoAnTotNghiep\V-Shield-2.0\View\src\pages\GuestProfiles.vue","6"
"header-actions","html-class","C:\DoAnTotNghiep\V-Shield-2.0\View\src\pages\GuestProfiles.vue","8"
"btn btn-primary","html-class","C:\DoAnTotNghiep\V-Shield-2.0\View\src\pages\GuestProfiles.vue","9"
"btn btn-secondary","html-class","C:\DoAnTotNghiep\V-Shield-2.0\View\src\pages\GuestProfiles.vue","10"
"ops-panel","html-class","C:\DoAnTotNghiep\V-Shield-2.0\View\src\pages\GuestProfiles.vue","14"
"toolbar-shell","html-class","C:\DoAnTotNghiep\V-Shield-2.0\View\src\pages\GuestProfiles.vue","15"
"search-bar","html-class","C:\DoAnTotNghiep\V-Shield-2.0\View\src\pages\GuestProfiles.vue","16"
"search-icon","html-class","C:\DoAnTotNghiep\V-Shield-2.0\View\src\pages\GuestProfiles.vue","17"
"empty-card","html-class","C:\DoAnTotNghiep\V-Shield-2.0\View\src\pages\GuestProfiles.vue","25"
"empty-card","html-class","C:\DoAnTotNghiep\V-Shield-2.0\View\src\pages\GuestProfiles.vue","26"
"table-container","html-class","C:\DoAnTotNghiep\V-Shield-2.0\View\src\pages\GuestProfiles.vue","27"
"data-table","html-class","C:\DoAnTotNghiep\V-Shield-2.0\View\src\pages\GuestProfiles.vue","28"
"table-main","html-class","C:\DoAnTotNghiep\V-Shield-2.0\View\src\pages\GuestProfiles.vue","42"
"chip-row","html-class","C:\DoAnTotNghiep\V-Shield-2.0\View\src\pages\GuestProfiles.vue","43"
"soft-chip success","html-class","C:\DoAnTotNghiep\V-Shield-2.0\View\src\pages\GuestProfiles.vue","44"
"plate-pill","html-class","C:\DoAnTotNghiep\V-Shield-2.0\View\src\pages\GuestProfiles.vue","49"
"table-sub","html-class","C:\DoAnTotNghiep\V-Shield-2.0\View\src\pages\GuestProfiles.vue","50"
"panel-actions","html-class","C:\DoAnTotNghiep\V-Shield-2.0\View\src\pages\GuestProfiles.vue","55"
"btn btn-secondary btn-sm","html-class","C:\DoAnTotNghiep\V-Shield-2.0\View\src\pages\GuestProfiles.vue","56"
"btn btn-danger btn-sm","html-class","C:\DoAnTotNghiep\V-Shield-2.0\View\src\pages\GuestProfiles.vue","57"
"pagination-bar","html-class","C:\DoAnTotNghiep\V-Shield-2.0\View\src\pages\GuestProfiles.vue","65"
"page-buttons","html-class","C:\DoAnTotNghiep\V-Shield-2.0\View\src\pages\GuestProfiles.vue","67"
"page-btn","html-class","C:\DoAnTotNghiep\V-Shield-2.0\View\src\pages\GuestProfiles.vue","68"
"page-btn","html-class","C:\DoAnTotNghiep\V-Shield-2.0\View\src\pages\GuestProfiles.vue","69"
"page-btn","html-class","C:\DoAnTotNghiep\V-Shield-2.0\View\src\pages\GuestProfiles.vue","70"
"modal-overlay","html-class","C:\DoAnTotNghiep\V-Shield-2.0\View\src\pages\GuestProfiles.vue","76"
"modal","html-class","C:\DoAnTotNghiep\V-Shield-2.0\View\src\pages\GuestProfiles.vue","77"
"modal-header","html-class","C:\DoAnTotNghiep\V-Shield-2.0\View\src\pages\GuestProfiles.vue","78"
"modal-title","html-class","C:\DoAnTotNghiep\V-Shield-2.0\View\src\pages\GuestProfiles.vue","79"
"modal-close","html-class","C:\DoAnTotNghiep\V-Shield-2.0\View\src\pages\GuestProfiles.vue","80"
"form-row","html-class","C:\DoAnTotNghiep\V-Shield-2.0\View\src\pages\GuestProfiles.vue","83"
"form-group","html-class","C:\DoAnTotNghiep\V-Shield-2.0\View\src\pages\GuestProfiles.vue","84"
"form-group","html-class","C:\DoAnTotNghiep\V-Shield-2.0\View\src\pages\GuestProfiles.vue","88"
"form-row","html-class","C:\DoAnTotNghiep\V-Shield-2.0\View\src\pages\GuestProfiles.vue","94"
"form-group","html-class","C:\DoAnTotNghiep\V-Shield-2.0\View\src\pages\GuestProfiles.vue","95"
"form-group","html-class","C:\DoAnTotNghiep\V-Shield-2.0\View\src\pages\GuestProfiles.vue","99"
"empty-card error-card","html-class","C:\DoAnTotNghiep\V-Shield-2.0\View\src\pages\GuestProfiles.vue","105"
"modal-footer","html-class","C:\DoAnTotNghiep\V-Shield-2.0\View\src\pages\GuestProfiles.vue","107"
"btn btn-secondary","html-class","C:\DoAnTotNghiep\V-Shield-2.0\View\src\pages\GuestProfiles.vue","108"
"btn btn-primary","html-class","C:\DoAnTotNghiep\V-Shield-2.0\View\src\pages\GuestProfiles.vue","109"
"guest-register","html-class","C:\DoAnTotNghiep\V-Shield-2.0\View\src\pages\GuestRegister.vue","2"
"bg-decoration","html-class","C:\DoAnTotNghiep\V-Shield-2.0\View\src\pages\GuestRegister.vue","3"
"bg-circle c1","html-class","C:\DoAnTotNghiep\V-Shield-2.0\View\src\pages\GuestRegister.vue","4"
"bg-circle c2","html-class","C:\DoAnTotNghiep\V-Shield-2.0\View\src\pages\GuestRegister.vue","5"
"bg-circle c3","html-class","C:\DoAnTotNghiep\V-Shield-2.0\View\src\pages\GuestRegister.vue","6"
"register-container","html-class","C:\DoAnTotNghiep\V-Shield-2.0\View\src\pages\GuestRegister.vue","9"
"register-logo","html-class","C:\DoAnTotNghiep\V-Shield-2.0\View\src\pages\GuestRegister.vue","10"
"logo-icon","html-class","C:\DoAnTotNghiep\V-Shield-2.0\View\src\pages\GuestRegister.vue","11"
"logo-text","html-class","C:\DoAnTotNghiep\V-Shield-2.0\View\src\pages\GuestRegister.vue","20"
"register-card error-card animate-in","html-class","C:\DoAnTotNghiep\V-Shield-2.0\View\src\pages\GuestRegister.vue","23"
"state-icon error","html-class","C:\DoAnTotNghiep\V-Shield-2.0\View\src\pages\GuestRegister.vue","24"
"state-msg","html-class","C:\DoAnTotNghiep\V-Shield-2.0\View\src\pages\GuestRegister.vue","32"
"btn btn-secondary","html-class","C:\DoAnTotNghiep\V-Shield-2.0\View\src\pages\GuestRegister.vue","33"
"register-card animate-in","html-class","C:\DoAnTotNghiep\V-Shield-2.0\View\src\pages\GuestRegister.vue","36"
"loading-state","html-class","C:\DoAnTotNghiep\V-Shield-2.0\View\src\pages\GuestRegister.vue","37"
"spinner","html-class","C:\DoAnTotNghiep\V-Shield-2.0\View\src\pages\GuestRegister.vue","38"
"register-card success-card animate-in","html-class","C:\DoAnTotNghiep\V-Shield-2.0\View\src\pages\GuestRegister.vue","43"
"state-icon success","html-class","C:\DoAnTotNghiep\V-Shield-2.0\View\src\pages\GuestRegister.vue","44"
"state-msg","html-class","C:\DoAnTotNghiep\V-Shield-2.0\View\src\pages\GuestRegister.vue","51"
"success-details","html-class","C:\DoAnTotNghiep\V-Shield-2.0\View\src\pages\GuestRegister.vue","52"
"success-item","html-class","C:\DoAnTotNghiep\V-Shield-2.0\View\src\pages\GuestRegister.vue","53"
"s-label","html-class","C:\DoAnTotNghiep\V-Shield-2.0\View\src\pages\GuestRegister.vue","54"
"s-value","html-class","C:\DoAnTotNghiep\V-Shield-2.0\View\src\pages\GuestRegister.vue","55"
"success-item","html-class","C:\DoAnTotNghiep\V-Shield-2.0\View\src\pages\GuestRegister.vue","57"
"s-label","html-class","C:\DoAnTotNghiep\V-Shield-2.0\View\src\pages\GuestRegister.vue","58"
"s-value","html-class","C:\DoAnTotNghiep\V-Shield-2.0\View\src\pages\GuestRegister.vue","59"
"redirect-note","html-class","C:\DoAnTotNghiep\V-Shield-2.0\View\src\pages\GuestRegister.vue","62"
"register-card animate-in","html-class","C:\DoAnTotNghiep\V-Shield-2.0\View\src\pages\GuestRegister.vue","65"
"card-header-info","html-class","C:\DoAnTotNghiep\V-Shield-2.0\View\src\pages\GuestRegister.vue","66"
"host-info-card","html-class","C:\DoAnTotNghiep\V-Shield-2.0\View\src\pages\GuestRegister.vue","68"
"host-avatar avatar-img","html-class","C:\DoAnTotNghiep\V-Shield-2.0\View\src\pages\GuestRegister.vue","70"
"host-avatar","html-class","C:\DoAnTotNghiep\V-Shield-2.0\View\src\pages\GuestRegister.vue","73"
"host-details","html-class","C:\DoAnTotNghiep\V-Shield-2.0\View\src\pages\GuestRegister.vue","77"
"host-name","html-class","C:\DoAnTotNghiep\V-Shield-2.0\View\src\pages\GuestRegister.vue","78"
"host-role","html-class","C:\DoAnTotNghiep\V-Shield-2.0\View\src\pages\GuestRegister.vue","79"
"host-contact","html-class","C:\DoAnTotNghiep\V-Shield-2.0\View\src\pages\GuestRegister.vue","82"
"host-contact-item","html-class","C:\DoAnTotNghiep\V-Shield-2.0\View\src\pages\GuestRegister.vue","83"
"host-contact-item","html-class","C:\DoAnTotNghiep\V-Shield-2.0\View\src\pages\GuestRegister.vue","87"
"expiry-note","html-class","C:\DoAnTotNghiep\V-Shield-2.0\View\src\pages\GuestRegister.vue","94"
"steps","html-class","C:\DoAnTotNghiep\V-Shield-2.0\View\src\pages\GuestRegister.vue","97"
"step","json-key","C:\DoAnTotNghiep\V-Shield-2.0\View\src\pages\GuestRegister.vue","98"
"step","html-class","C:\DoAnTotNghiep\V-Shield-2.0\View\src\pages\GuestRegister.vue","98"
"step-num","html-class","C:\DoAnTotNghiep\V-Shield-2.0\View\src\pages\GuestRegister.vue","99"
"step-line","html-class","C:\DoAnTotNghiep\V-Shield-2.0\View\src\pages\GuestRegister.vue","102"
"step","json-key","C:\DoAnTotNghiep\V-Shield-2.0\View\src\pages\GuestRegister.vue","103"
"step","html-class","C:\DoAnTotNghiep\V-Shield-2.0\View\src\pages\GuestRegister.vue","103"
"step-num","html-class","C:\DoAnTotNghiep\V-Shield-2.0\View\src\pages\GuestRegister.vue","104"
"step-content","html-class","C:\DoAnTotNghiep\V-Shield-2.0\View\src\pages\GuestRegister.vue","109"
"form-row","html-class","C:\DoAnTotNghiep\V-Shield-2.0\View\src\pages\GuestRegister.vue","110"
"form-group","html-class","C:\DoAnTotNghiep\V-Shield-2.0\View\src\pages\GuestRegister.vue","111"
"{ 'input-error': nameValidation.touched && !nameValidation.isValid && form.fullName.length >= 2, 'input-success': nameValidation.isValid }","html-class","C:\DoAnTotNghiep\V-Shield-2.0\View\src\pages\GuestRegister.vue","116"
"name-feedback","html-class","C:\DoAnTotNghiep\V-Shield-2.0\View\src\pages\GuestRegister.vue","117"
"feedback-success","html-class","C:\DoAnTotNghiep\V-Shield-2.0\View\src\pages\GuestRegister.vue","118"
"feedback-error","html-class","C:\DoAnTotNghiep\V-Shield-2.0\View\src\pages\GuestRegister.vue","122"
"form-group","html-class","C:\DoAnTotNghiep\V-Shield-2.0\View\src\pages\GuestRegister.vue","128"
"form-row","html-class","C:\DoAnTotNghiep\V-Shield-2.0\View\src\pages\GuestRegister.vue","134"
"form-group","html-class","C:\DoAnTotNghiep\V-Shield-2.0\View\src\pages\GuestRegister.vue","135"
"form-group","html-class","C:\DoAnTotNghiep\V-Shield-2.0\View\src\pages\GuestRegister.vue","139"
"form-group","html-class","C:\DoAnTotNghiep\V-Shield-2.0\View\src\pages\GuestRegister.vue","145"
"form-actions","html-class","C:\DoAnTotNghiep\V-Shield-2.0\View\src\pages\GuestRegister.vue","150"
"btn btn-primary","html-class","C:\DoAnTotNghiep\V-Shield-2.0\View\src\pages\GuestRegister.vue","151"
"step-content","html-class","C:\DoAnTotNghiep\V-Shield-2.0\View\src\pages\GuestRegister.vue","163"
"step-desc","html-class","C:\DoAnTotNghiep\V-Shield-2.0\View\src\pages\GuestRegister.vue","164"
"visitor-form-card","html-class","C:\DoAnTotNghiep\V-Shield-2.0\View\src\pages\GuestRegister.vue","166"
"visitor-form-header","html-class","C:\DoAnTotNghiep\V-Shield-2.0\View\src\pages\GuestRegister.vue","167"
"visitor-num","html-class","C:\DoAnTotNghiep\V-Shield-2.0\View\src\pages\GuestRegister.vue","168"
"btn-remove","html-class","C:\DoAnTotNghiep\V-Shield-2.0\View\src\pages\GuestRegister.vue","169"
"form-row","html-class","C:\DoAnTotNghiep\V-Shield-2.0\View\src\pages\GuestRegister.vue","177"
"form-group","html-class","C:\DoAnTotNghiep\V-Shield-2.0\View\src\pages\GuestRegister.vue","178"
"{ 'input-error': v._nameError, 'input-success': v.fullName && !v._nameError }","html-class","C:\DoAnTotNghiep\V-Shield-2.0\View\src\pages\GuestRegister.vue","182"
"name-feedback","html-class","C:\DoAnTotNghiep\V-Shield-2.0\View\src\pages\GuestRegister.vue","183"
"feedback-error","html-class","C:\DoAnTotNghiep\V-Shield-2.0\View\src\pages\GuestRegister.vue","184"
"form-group","html-class","C:\DoAnTotNghiep\V-Shield-2.0\View\src\pages\GuestRegister.vue","190"
"btn-add-visitor","html-class","C:\DoAnTotNghiep\V-Shield-2.0\View\src\pages\GuestRegister.vue","197"
"form-actions step2-actions","html-class","C:\DoAnTotNghiep\V-Shield-2.0\View\src\pages\GuestRegister.vue","207"
"btn btn-secondary","html-class","C:\DoAnTotNghiep\V-Shield-2.0\View\src\pages\GuestRegister.vue","208"
"handleSubmit","json-key","C:\DoAnTotNghiep\V-Shield-2.0\View\src\pages\GuestRegister.vue","216"
"btn btn-primary","html-class","C:\DoAnTotNghiep\V-Shield-2.0\View\src\pages\GuestRegister.vue","216"
"register-footer","html-class","C:\DoAnTotNghiep\V-Shield-2.0\View\src\pages\GuestRegister.vue","223"
"login-page","html-class","C:\DoAnTotNghiep\V-Shield-2.0\View\src\pages\Login.vue","2"
"login-bg","html-class","C:\DoAnTotNghiep\V-Shield-2.0\View\src\pages\Login.vue","3"
"bg-orb orb-a","html-class","C:\DoAnTotNghiep\V-Shield-2.0\View\src\pages\Login.vue","4"
"bg-orb orb-b","html-class","C:\DoAnTotNghiep\V-Shield-2.0\View\src\pages\Login.vue","5"
"bg-orb orb-c","html-class","C:\DoAnTotNghiep\V-Shield-2.0\View\src\pages\Login.vue","6"
"bg-grid","html-class","C:\DoAnTotNghiep\V-Shield-2.0\View\src\pages\Login.vue","7"
"login-shell animate-in","html-class","C:\DoAnTotNghiep\V-Shield-2.0\View\src\pages\Login.vue","10"
"login-story","html-class","C:\DoAnTotNghiep\V-Shield-2.0\View\src\pages\Login.vue","11"
"story-eyebrow","html-class","C:\DoAnTotNghiep\V-Shield-2.0\View\src\pages\Login.vue","12"
"story-copy","html-class","C:\DoAnTotNghiep\V-Shield-2.0\View\src\pages\Login.vue","14"
"story-metrics","html-class","C:\DoAnTotNghiep\V-Shield-2.0\View\src\pages\Login.vue","19"
"metric-card","html-class","C:\DoAnTotNghiep\V-Shield-2.0\View\src\pages\Login.vue","20"
"metric-card","html-class","C:\DoAnTotNghiep\V-Shield-2.0\View\src\pages\Login.vue","24"
"metric-card","html-class","C:\DoAnTotNghiep\V-Shield-2.0\View\src\pages\Login.vue","28"
"story-panel","html-class","C:\DoAnTotNghiep\V-Shield-2.0\View\src\pages\Login.vue","34"
"panel-heading","html-class","C:\DoAnTotNghiep\V-Shield-2.0\View\src\pages\Login.vue","35"
"panel-chip","html-class","C:\DoAnTotNghiep\V-Shield-2.0\View\src\pages\Login.vue","36"
"panel-status","html-class","C:\DoAnTotNghiep\V-Shield-2.0\View\src\pages\Login.vue","37"
"panel-dot","html-class","C:\DoAnTotNghiep\V-Shield-2.0\View\src\pages\Login.vue","38"
"panel-steps","html-class","C:\DoAnTotNghiep\V-Shield-2.0\View\src\pages\Login.vue","43"
"panel-step","html-class","C:\DoAnTotNghiep\V-Shield-2.0\View\src\pages\Login.vue","44"
"panel-step","html-class","C:\DoAnTotNghiep\V-Shield-2.0\View\src\pages\Login.vue","51"
"panel-step","html-class","C:\DoAnTotNghiep\V-Shield-2.0\View\src\pages\Login.vue","58"
"login-card","html-class","C:\DoAnTotNghiep\V-Shield-2.0\View\src\pages\Login.vue","69"
"brand-lockup","html-class","C:\DoAnTotNghiep\V-Shield-2.0\View\src\pages\Login.vue","70"
"brand-mark","html-class","C:\DoAnTotNghiep\V-Shield-2.0\View\src\pages\Login.vue","71"
"brand-kicker","html-class","C:\DoAnTotNghiep\V-Shield-2.0\View\src\pages\Login.vue","79"
"login-intro","html-class","C:\DoAnTotNghiep\V-Shield-2.0\View\src\pages\Login.vue","84"
"login-badges","html-class","C:\DoAnTotNghiep\V-Shield-2.0\View\src\pages\Login.vue","89"
"login-form","html-class","C:\DoAnTotNghiep\V-Shield-2.0\View\src\pages\Login.vue","95"
"form-group","html-class","C:\DoAnTotNghiep\V-Shield-2.0\View\src\pages\Login.vue","96"
"input-shell","html-class","C:\DoAnTotNghiep\V-Shield-2.0\View\src\pages\Login.vue","98"
"input-icon","html-class","C:\DoAnTotNghiep\V-Shield-2.0\View\src\pages\Login.vue","99"
"username","html-id","C:\DoAnTotNghiep\V-Shield-2.0\View\src\pages\Login.vue","104"
"form-group","html-class","C:\DoAnTotNghiep\V-Shield-2.0\View\src\pages\Login.vue","114"
"label-row","html-class","C:\DoAnTotNghiep\V-Shield-2.0\View\src\pages\Login.vue","115"
"field-hint","html-class","C:\DoAnTotNghiep\V-Shield-2.0\View\src\pages\Login.vue","117"
"input-shell","html-class","C:\DoAnTotNghiep\V-Shield-2.0\View\src\pages\Login.vue","119"
"input-icon","html-class","C:\DoAnTotNghiep\V-Shield-2.0\View\src\pages\Login.vue","120"
"password","html-id","C:\DoAnTotNghiep\V-Shield-2.0\View\src\pages\Login.vue","125"
"toggle-password","html-class","C:\DoAnTotNghiep\V-Shield-2.0\View\src\pages\Login.vue","134"
"login-alert","html-class","C:\DoAnTotNghiep\V-Shield-2.0\View\src\pages\Login.vue","153"
"btn-login","html-class","C:\DoAnTotNghiep\V-Shield-2.0\View\src\pages\Login.vue","163"
"spinner","html-class","C:\DoAnTotNghiep\V-Shield-2.0\View\src\pages\Login.vue","164"
"login-footer","html-class","C:\DoAnTotNghiep\V-Shield-2.0\View\src\pages\Login.vue","169"
"footer-item","html-class","C:\DoAnTotNghiep\V-Shield-2.0\View\src\pages\Login.vue","170"
"footer-item","html-class","C:\DoAnTotNghiep\V-Shield-2.0\View\src\pages\Login.vue","174"
"page","html-class","C:\DoAnTotNghiep\V-Shield-2.0\View\src\pages\Monitoring.vue","2"
"topbar","html-class","C:\DoAnTotNghiep\V-Shield-2.0\View\src\pages\Monitoring.vue","4"
"gear-btn","html-class","C:\DoAnTotNghiep\V-Shield-2.0\View\src\pages\Monitoring.vue","11"
"settings-panel","html-class","C:\DoAnTotNghiep\V-Shield-2.0\View\src\pages\Monitoring.vue","18"
"cam-list","html-class","C:\DoAnTotNghiep\V-Shield-2.0\View\src\pages\Monitoring.vue","21"
"cam-item","html-class","C:\DoAnTotNghiep\V-Shield-2.0\View\src\pages\Monitoring.vue","25"
"switch","html-class","C:\DoAnTotNghiep\V-Shield-2.0\View\src\pages\Monitoring.vue","30"
"slider","html-class","C:\DoAnTotNghiep\V-Shield-2.0\View\src\pages\Monitoring.vue","35"
"grid","html-class","C:\DoAnTotNghiep\V-Shield-2.0\View\src\pages\Monitoring.vue","43"
"cam-card","html-class","C:\DoAnTotNghiep\V-Shield-2.0\View\src\pages\Monitoring.vue","47"
"cam-head","html-class","C:\DoAnTotNghiep\V-Shield-2.0\View\src\pages\Monitoring.vue","49"
"status","html-class","C:\DoAnTotNghiep\V-Shield-2.0\View\src\pages\Monitoring.vue","53"
"cam.previewHealthy ? 'ok' : 'wait'","html-class","C:\DoAnTotNghiep\V-Shield-2.0\View\src\pages\Monitoring.vue","54"
"LIVE","json-key","C:\DoAnTotNghiep\V-Shield-2.0\View\src\pages\Monitoring.vue","56"
"cam-preview","html-class","C:\DoAnTotNghiep\V-Shield-2.0\View\src\pages\Monitoring.vue","60"
"preview","html-class","C:\DoAnTotNghiep\V-Shield-2.0\View\src\pages\Monitoring.vue","65"
"cam-off","html-class","C:\DoAnTotNghiep\V-Shield-2.0\View\src\pages\Monitoring.vue","70"
"empty","html-class","C:\DoAnTotNghiep\V-Shield-2.0\View\src\pages\Monitoring.vue","77"
"page-container animate-in","html-class","C:\DoAnTotNghiep\V-Shield-2.0\View\src\pages\PreRegistration.vue","2"
"page-header bento-header","html-class","C:\DoAnTotNghiep\V-Shield-2.0\View\src\pages\PreRegistration.vue","3"
"greeting","html-class","C:\DoAnTotNghiep\V-Shield-2.0\View\src\pages\PreRegistration.vue","4"
"page-title","html-class","C:\DoAnTotNghiep\V-Shield-2.0\View\src\pages\PreRegistration.vue","5"
"page-subtitle","html-class","C:\DoAnTotNghiep\V-Shield-2.0\View\src\pages\PreRegistration.vue","6"
"header-actions","html-class","C:\DoAnTotNghiep\V-Shield-2.0\View\src\pages\PreRegistration.vue","8"
"btn btn-primary","html-class","C:\DoAnTotNghiep\V-Shield-2.0\View\src\pages\PreRegistration.vue","9"
"bento-grid-mini","html-class","C:\DoAnTotNghiep\V-Shield-2.0\View\src\pages\PreRegistration.vue","19"
"bento-card stat-card","html-class","C:\DoAnTotNghiep\V-Shield-2.0\View\src\pages\PreRegistration.vue","20"
"stat-icon-wrapper blue","html-class","C:\DoAnTotNghiep\V-Shield-2.0\View\src\pages\PreRegistration.vue","21"
"stat-details","html-class","C:\DoAnTotNghiep\V-Shield-2.0\View\src\pages\PreRegistration.vue","24"
"stat-val blue","html-class","C:\DoAnTotNghiep\V-Shield-2.0\View\src\pages\PreRegistration.vue","25"
"stat-lbl","html-class","C:\DoAnTotNghiep\V-Shield-2.0\View\src\pages\PreRegistration.vue","26"
"bento-card stat-card","html-class","C:\DoAnTotNghiep\V-Shield-2.0\View\src\pages\PreRegistration.vue","29"
"stat-icon-wrapper orange","html-class","C:\DoAnTotNghiep\V-Shield-2.0\View\src\pages\PreRegistration.vue","30"
"stat-details","html-class","C:\DoAnTotNghiep\V-Shield-2.0\View\src\pages\PreRegistration.vue","33"
"stat-val","html-class","C:\DoAnTotNghiep\V-Shield-2.0\View\src\pages\PreRegistration.vue","34"
"stat-lbl","html-class","C:\DoAnTotNghiep\V-Shield-2.0\View\src\pages\PreRegistration.vue","35"
"bento-card stat-card","html-class","C:\DoAnTotNghiep\V-Shield-2.0\View\src\pages\PreRegistration.vue","38"
"stat-icon-wrapper green","html-class","C:\DoAnTotNghiep\V-Shield-2.0\View\src\pages\PreRegistration.vue","39"
"stat-details","html-class","C:\DoAnTotNghiep\V-Shield-2.0\View\src\pages\PreRegistration.vue","42"
"stat-val green","html-class","C:\DoAnTotNghiep\V-Shield-2.0\View\src\pages\PreRegistration.vue","43"
"stat-lbl","html-class","C:\DoAnTotNghiep\V-Shield-2.0\View\src\pages\PreRegistration.vue","44"
"bento-card stat-card","html-class","C:\DoAnTotNghiep\V-Shield-2.0\View\src\pages\PreRegistration.vue","47"
"stat-icon-wrapper red","html-class","C:\DoAnTotNghiep\V-Shield-2.0\View\src\pages\PreRegistration.vue","48"
"stat-details","html-class","C:\DoAnTotNghiep\V-Shield-2.0\View\src\pages\PreRegistration.vue","51"
"stat-val red","html-class","C:\DoAnTotNghiep\V-Shield-2.0\View\src\pages\PreRegistration.vue","52"
"stat-lbl","html-class","C:\DoAnTotNghiep\V-Shield-2.0\View\src\pages\PreRegistration.vue","53"
"bento-card table-section","html-class","C:\DoAnTotNghiep\V-Shield-2.0\View\src\pages\PreRegistration.vue","58"
"table-toolbar","html-class","C:\DoAnTotNghiep\V-Shield-2.0\View\src\pages\PreRegistration.vue","59"
"search-box","html-class","C:\DoAnTotNghiep\V-Shield-2.0\View\src\pages\PreRegistration.vue","60"
"search-icon","html-class","C:\DoAnTotNghiep\V-Shield-2.0\View\src\pages\PreRegistration.vue","61"
"filter-box","html-class","C:\DoAnTotNghiep\V-Shield-2.0\View\src\pages\PreRegistration.vue","64"
"minimal-select","html-class","C:\DoAnTotNghiep\V-Shield-2.0\View\src\pages\PreRegistration.vue","65"
"minimal-select","html-class","C:\DoAnTotNghiep\V-Shield-2.0\View\src\pages\PreRegistration.vue","71"
"empty-layout","html-class","C:\DoAnTotNghiep\V-Shield-2.0\View\src\pages\PreRegistration.vue","75"
"spinner-lg","html-class","C:\DoAnTotNghiep\V-Shield-2.0\View\src\pages\PreRegistration.vue","76"
"empty-layout","html-class","C:\DoAnTotNghiep\V-Shield-2.0\View\src\pages\PreRegistration.vue","79"
"sleek-table-container","html-class","C:\DoAnTotNghiep\V-Shield-2.0\View\src\pages\PreRegistration.vue","85"
"sleek-table","html-class","C:\DoAnTotNghiep\V-Shield-2.0\View\src\pages\PreRegistration.vue","86"
"text-right","html-class","C:\DoAnTotNghiep\V-Shield-2.0\View\src\pages\PreRegistration.vue","93"
"table-row","html-class","C:\DoAnTotNghiep\V-Shield-2.0\View\src\pages\PreRegistration.vue","97"
"user-cell","html-class","C:\DoAnTotNghiep\V-Shield-2.0\View\src\pages\PreRegistration.vue","99"
"avatar","json-key","C:\DoAnTotNghiep\V-Shield-2.0\View\src\pages\PreRegistration.vue","100"
"avatar","html-class","C:\DoAnTotNghiep\V-Shield-2.0\View\src\pages\PreRegistration.vue","100"
"user-info","html-class","C:\DoAnTotNghiep\V-Shield-2.0\View\src\pages\PreRegistration.vue","103"
"user-name","html-class","C:\DoAnTotNghiep\V-Shield-2.0\View\src\pages\PreRegistration.vue","104"
"user-id","html-class","C:\DoAnTotNghiep\V-Shield-2.0\View\src\pages\PreRegistration.vue","105"
"host-cell","html-class","C:\DoAnTotNghiep\V-Shield-2.0\View\src\pages\PreRegistration.vue","110"
"host-name","html-class","C:\DoAnTotNghiep\V-Shield-2.0\View\src\pages\PreRegistration.vue","111"
"time-range-txt","html-class","C:\DoAnTotNghiep\V-Shield-2.0\View\src\pages\PreRegistration.vue","112"
"visitors-count","html-class","C:\DoAnTotNghiep\V-Shield-2.0\View\src\pages\PreRegistration.vue","120"
"status-pill minimal","html-class","C:\DoAnTotNghiep\V-Shield-2.0\View\src\pages\PreRegistration.vue","125"
"pill-dot","html-class","C:\DoAnTotNghiep\V-Shield-2.0\View\src\pages\PreRegistration.vue","126"
"text-right","html-class","C:\DoAnTotNghiep\V-Shield-2.0\View\src\pages\PreRegistration.vue","130"
"action-menu","html-class","C:\DoAnTotNghiep\V-Shield-2.0\View\src\pages\PreRegistration.vue","131"
"icon-btn","html-class","C:\DoAnTotNghiep\V-Shield-2.0\View\src\pages\PreRegistration.vue","132"
"icon-btn action-approve","html-class","C:\DoAnTotNghiep\V-Shield-2.0\View\src\pages\PreRegistration.vue","135"
"icon-btn action-reject","html-class","C:\DoAnTotNghiep\V-Shield-2.0\View\src\pages\PreRegistration.vue","138"
"pagination-footer","html-class","C:\DoAnTotNghiep\V-Shield-2.0\View\src\pages\PreRegistration.vue","148"
"showing-txt","html-class","C:\DoAnTotNghiep\V-Shield-2.0\View\src\pages\PreRegistration.vue","149"
"pg-controls","html-class","C:\DoAnTotNghiep\V-Shield-2.0\View\src\pages\PreRegistration.vue","150"
"pg-btn","html-class","C:\DoAnTotNghiep\V-Shield-2.0\View\src\pages\PreRegistration.vue","151"
"pg-btn","html-class","C:\DoAnTotNghiep\V-Shield-2.0\View\src\pages\PreRegistration.vue","152"
"pg-btn","html-class","C:\DoAnTotNghiep\V-Shield-2.0\View\src\pages\PreRegistration.vue","153"
"modal-backdrop","html-class","C:\DoAnTotNghiep\V-Shield-2.0\View\src\pages\PreRegistration.vue","159"
"modern-modal","html-class","C:\DoAnTotNghiep\V-Shield-2.0\View\src\pages\PreRegistration.vue","160"
"modal-top","html-class","C:\DoAnTotNghiep\V-Shield-2.0\View\src\pages\PreRegistration.vue","161"
"icon-close","html-class","C:\DoAnTotNghiep\V-Shield-2.0\View\src\pages\PreRegistration.vue","163"
"empty-layout","html-class","C:\DoAnTotNghiep\V-Shield-2.0\View\src\pages\PreRegistration.vue","166"
"spinner-lg","html-class","C:\DoAnTotNghiep\V-Shield-2.0\View\src\pages\PreRegistration.vue","167"
"modal-body scrollable-body","html-class","C:\DoAnTotNghiep\V-Shield-2.0\View\src\pages\PreRegistration.vue","170"
"detail-section-bento","html-class","C:\DoAnTotNghiep\V-Shield-2.0\View\src\pages\PreRegistration.vue","171"
"bento-subtitle","html-class","C:\DoAnTotNghiep\V-Shield-2.0\View\src\pages\PreRegistration.vue","172"
"mini-grid-info","html-class","C:\DoAnTotNghiep\V-Shield-2.0\View\src\pages\PreRegistration.vue","173"
"info-block","html-class","C:\DoAnTotNghiep\V-Shield-2.0\View\src\pages\PreRegistration.vue","174"
"lbl","html-class","C:\DoAnTotNghiep\V-Shield-2.0\View\src\pages\PreRegistration.vue","175"
"val","html-class","C:\DoAnTotNghiep\V-Shield-2.0\View\src\pages\PreRegistration.vue","176"
"info-block","html-class","C:\DoAnTotNghiep\V-Shield-2.0\View\src\pages\PreRegistration.vue","178"
"lbl","html-class","C:\DoAnTotNghiep\V-Shield-2.0\View\src\pages\PreRegistration.vue","179"
"val","html-class","C:\DoAnTotNghiep\V-Shield-2.0\View\src\pages\PreRegistration.vue","180"
"info-block","html-class","C:\DoAnTotNghiep\V-Shield-2.0\View\src\pages\PreRegistration.vue","182"
"lbl","html-class","C:\DoAnTotNghiep\V-Shield-2.0\View\src\pages\PreRegistration.vue","183"
"val text-primary","html-class","C:\DoAnTotNghiep\V-Shield-2.0\View\src\pages\PreRegistration.vue","184"
"info-block","html-class","C:\DoAnTotNghiep\V-Shield-2.0\View\src\pages\PreRegistration.vue","186"
"lbl","html-class","C:\DoAnTotNghiep\V-Shield-2.0\View\src\pages\PreRegistration.vue","187"
"val","html-class","C:\DoAnTotNghiep\V-Shield-2.0\View\src\pages\PreRegistration.vue","188"
"info-block","html-class","C:\DoAnTotNghiep\V-Shield-2.0\View\src\pages\PreRegistration.vue","190"
"lbl","html-class","C:\DoAnTotNghiep\V-Shield-2.0\View\src\pages\PreRegistration.vue","191"
"status-pill minimal","html-class","C:\DoAnTotNghiep\V-Shield-2.0\View\src\pages\PreRegistration.vue","192"
"pill-dot","html-class","C:\DoAnTotNghiep\V-Shield-2.0\View\src\pages\PreRegistration.vue","193"
"detail-section-bento mt-2","html-class","C:\DoAnTotNghiep\V-Shield-2.0\View\src\pages\PreRegistration.vue","200"
"bento-subtitle","html-class","C:\DoAnTotNghiep\V-Shield-2.0\View\src\pages\PreRegistration.vue","201"
"pill-list mt-1","html-class","C:\DoAnTotNghiep\V-Shield-2.0\View\src\pages\PreRegistration.vue","202"
"visitor-card visitor-card-qr","html-class","C:\DoAnTotNghiep\V-Shield-2.0\View\src\pages\PreRegistration.vue","206"
"visitor-left","html-class","C:\DoAnTotNghiep\V-Shield-2.0\View\src\pages\PreRegistration.vue","209"
"avatar mini","html-class","C:\DoAnTotNghiep\V-Shield-2.0\View\src\pages\PreRegistration.vue","210"
"v-details","html-class","C:\DoAnTotNghiep\V-Shield-2.0\View\src\pages\PreRegistration.vue","213"
"v-name","html-class","C:\DoAnTotNghiep\V-Shield-2.0\View\src\pages\PreRegistration.vue","214"
"v-id","html-class","C:\DoAnTotNghiep\V-Shield-2.0\View\src\pages\PreRegistration.vue","215"
"visitor-right","html-class","C:\DoAnTotNghiep\V-Shield-2.0\View\src\pages\PreRegistration.vue","219"
"qr-meta","html-class","C:\DoAnTotNghiep\V-Shield-2.0\View\src\pages\PreRegistration.vue","222"
"qr-label","html-class","C:\DoAnTotNghiep\V-Shield-2.0\View\src\pages\PreRegistration.vue","223"
"qr-text","html-class","C:\DoAnTotNghiep\V-Shield-2.0\View\src\pages\PreRegistration.vue","224"
"qr-actions","html-class","C:\DoAnTotNghiep\V-Shield-2.0\View\src\pages\PreRegistration.vue","226"
"btn btn-secondary","html-class","C:\DoAnTotNghiep\V-Shield-2.0\View\src\pages\PreRegistration.vue","227"
"btn btn-primary","html-class","C:\DoAnTotNghiep\V-Shield-2.0\View\src\pages\PreRegistration.vue","230"
"detail-section-bento mt-2","html-class","C:\DoAnTotNghiep\V-Shield-2.0\View\src\pages\PreRegistration.vue","240"
"bento-subtitle","html-class","C:\DoAnTotNghiep\V-Shield-2.0\View\src\pages\PreRegistration.vue","241"
"timeline-box mt-1","html-class","C:\DoAnTotNghiep\V-Shield-2.0\View\src\pages\PreRegistration.vue","242"
"timeline-row","html-class","C:\DoAnTotNghiep\V-Shield-2.0\View\src\pages\PreRegistration.vue","243"
"tl-chip","html-class","C:\DoAnTotNghiep\V-Shield-2.0\View\src\pages\PreRegistration.vue","244"
"tl-time","html-class","C:\DoAnTotNghiep\V-Shield-2.0\View\src\pages\PreRegistration.vue","245"
"tl-plate","html-class","C:\DoAnTotNghiep\V-Shield-2.0\View\src\pages\PreRegistration.vue","246"
"tl-note","html-class","C:\DoAnTotNghiep\V-Shield-2.0\View\src\pages\PreRegistration.vue","247"
"action-footer mt-4","html-class","C:\DoAnTotNghiep\V-Shield-2.0\View\src\pages\PreRegistration.vue","252"
"btn btn-danger","html-class","C:\DoAnTotNghiep\V-Shield-2.0\View\src\pages\PreRegistration.vue","253"
"btn btn-primary","html-class","C:\DoAnTotNghiep\V-Shield-2.0\View\src\pages\PreRegistration.vue","256"
"modal-backdrop","html-class","C:\DoAnTotNghiep\V-Shield-2.0\View\src\pages\PreRegistration.vue","266"
"modern-modal","html-class","C:\DoAnTotNghiep\V-Shield-2.0\View\src\pages\PreRegistration.vue","267"
"modal-top","html-class","C:\DoAnTotNghiep\V-Shield-2.0\View\src\pages\PreRegistration.vue","268"
"icon-close","html-class","C:\DoAnTotNghiep\V-Shield-2.0\View\src\pages\PreRegistration.vue","270"
"modal-body","html-class","C:\DoAnTotNghiep\V-Shield-2.0\View\src\pages\PreRegistration.vue","273"
"input-pane relative","html-class","C:\DoAnTotNghiep\V-Shield-2.0\View\src\pages\PreRegistration.vue","275"
"req","html-class","C:\DoAnTotNghiep\V-Shield-2.0\View\src\pages\PreRegistration.vue","276"
"combobox-wrapper","html-class","C:\DoAnTotNghiep\V-Shield-2.0\View\src\pages\PreRegistration.vue","277"
"input-with-avatar","html-class","C:\DoAnTotNghiep\V-Shield-2.0\View\src\pages\PreRegistration.vue","278"
"selected-avatar-preview","html-class","C:\DoAnTotNghiep\V-Shield-2.0\View\src\pages\PreRegistration.vue","279"
"avatar-img avatar-mini-inline","html-class","C:\DoAnTotNghiep\V-Shield-2.0\View\src\pages\PreRegistration.vue","283"
"avatar mini avatar-mini-inline","html-class","C:\DoAnTotNghiep\V-Shield-2.0\View\src\pages\PreRegistration.vue","288"
"sleek-input combobox-input","html-class","C:\DoAnTotNghiep\V-Shield-2.0\View\src\pages\PreRegistration.vue","299"
"{ 'has-avatar': linkForm.hostEmployeeId && !showHostDropdown }","html-class","C:\DoAnTotNghiep\V-Shield-2.0\View\src\pages\PreRegistration.vue","300"
"dropdown-icon","html-class","C:\DoAnTotNghiep\V-Shield-2.0\View\src\pages\PreRegistration.vue","303"
"combobox-dropdown","html-class","C:\DoAnTotNghiep\V-Shield-2.0\View\src\pages\PreRegistration.vue","305"
"no-results","html-class","C:\DoAnTotNghiep\V-Shield-2.0\View\src\pages\PreRegistration.vue","306"
"combobox-item","html-class","C:\DoAnTotNghiep\V-Shield-2.0\View\src\pages\PreRegistration.vue","313"
"{ 'selected': linkForm.hostEmployeeId === emp.employeeId }","html-class","C:\DoAnTotNghiep\V-Shield-2.0\View\src\pages\PreRegistration.vue","314"
"avatar-img avatar-img-mini","html-class","C:\DoAnTotNghiep\V-Shield-2.0\View\src\pages\PreRegistration.vue","320"
"avatar mini","html-class","C:\DoAnTotNghiep\V-Shield-2.0\View\src\pages\PreRegistration.vue","323"
"emp-details","html-class","C:\DoAnTotNghiep\V-Shield-2.0\View\src\pages\PreRegistration.vue","326"
"emp-name","html-class","C:\DoAnTotNghiep\V-Shield-2.0\View\src\pages\PreRegistration.vue","327"
"emp-dept","html-class","C:\DoAnTotNghiep\V-Shield-2.0\View\src\pages\PreRegistration.vue","328"
"input-pane mt-2","html-class","C:\DoAnTotNghiep\V-Shield-2.0\View\src\pages\PreRegistration.vue","334"
"sleek-input","html-class","C:\DoAnTotNghiep\V-Shield-2.0\View\src\pages\PreRegistration.vue","336"
"note-txt","html-class","C:\DoAnTotNghiep\V-Shield-2.0\View\src\pages\PreRegistration.vue","337"
"modal-actions mt-4","html-class","C:\DoAnTotNghiep\V-Shield-2.0\View\src\pages\PreRegistration.vue","339"
"btn btn-secondary","html-class","C:\DoAnTotNghiep\V-Shield-2.0\View\src\pages\PreRegistration.vue","340"
"handleCreateLink","json-key","C:\DoAnTotNghiep\V-Shield-2.0\View\src\pages\PreRegistration.vue","341"
"btn btn-primary","html-class","C:\DoAnTotNghiep\V-Shield-2.0\View\src\pages\PreRegistration.vue","341"
"spinner-sm","html-class","C:\DoAnTotNghiep\V-Shield-2.0\View\src\pages\PreRegistration.vue","342"
"success-box","html-class","C:\DoAnTotNghiep\V-Shield-2.0\View\src\pages\PreRegistration.vue","348"
"success-icon lg","html-class","C:\DoAnTotNghiep\V-Shield-2.0\View\src\pages\PreRegistration.vue","349"
"mb-1","html-class","C:\DoAnTotNghiep\V-Shield-2.0\View\src\pages\PreRegistration.vue","352"
"text-secondary text-sm","html-class","C:\DoAnTotNghiep\V-Shield-2.0\View\src\pages\PreRegistration.vue","353"
"copy-box mt-3","html-class","C:\DoAnTotNghiep\V-Shield-2.0\View\src\pages\PreRegistration.vue","355"
"sleek-input","html-class","C:\DoAnTotNghiep\V-Shield-2.0\View\src\pages\PreRegistration.vue","356"
"flex gap-2 mt-2","html-class","C:\DoAnTotNghiep\V-Shield-2.0\View\src\pages\PreRegistration.vue","357"
"btn btn-primary flex-1","html-class","C:\DoAnTotNghiep\V-Shield-2.0\View\src\pages\PreRegistration.vue","358"
"btn btn-secondary flex-1 text-center","html-class","C:\DoAnTotNghiep\V-Shield-2.0\View\src\pages\PreRegistration.vue","361"
"modal-actions mt-4 centered","html-class","C:\DoAnTotNghiep\V-Shield-2.0\View\src\pages\PreRegistration.vue","367"
"btn btn-secondary","html-class","C:\DoAnTotNghiep\V-Shield-2.0\View\src\pages\PreRegistration.vue","368"
"page-container ops-page animate-in","html-class","C:\DoAnTotNghiep\V-Shield-2.0\View\src\pages\RegistrationLinks.vue","2"
"page-header-bar","html-class","C:\DoAnTotNghiep\V-Shield-2.0\View\src\pages\RegistrationLinks.vue","3"
"panel-kicker","html-class","C:\DoAnTotNghiep\V-Shield-2.0\View\src\pages\RegistrationLinks.vue","5"
"page-title","html-class","C:\DoAnTotNghiep\V-Shield-2.0\View\src\pages\RegistrationLinks.vue","6"
"header-actions","html-class","C:\DoAnTotNghiep\V-Shield-2.0\View\src\pages\RegistrationLinks.vue","8"
"btn btn-primary","html-class","C:\DoAnTotNghiep\V-Shield-2.0\View\src\pages\RegistrationLinks.vue","9"
"btn btn-secondary","html-class","C:\DoAnTotNghiep\V-Shield-2.0\View\src\pages\RegistrationLinks.vue","10"
"ops-panel","html-class","C:\DoAnTotNghiep\V-Shield-2.0\View\src\pages\RegistrationLinks.vue","14"
"toolbar-shell","html-class","C:\DoAnTotNghiep\V-Shield-2.0\View\src\pages\RegistrationLinks.vue","15"
"search-bar","html-class","C:\DoAnTotNghiep\V-Shield-2.0\View\src\pages\RegistrationLinks.vue","16"
"search-icon","html-class","C:\DoAnTotNghiep\V-Shield-2.0\View\src\pages\RegistrationLinks.vue","17"
"empty-card","html-class","C:\DoAnTotNghiep\V-Shield-2.0\View\src\pages\RegistrationLinks.vue","25"
"empty-card","html-class","C:\DoAnTotNghiep\V-Shield-2.0\View\src\pages\RegistrationLinks.vue","26"
"table-container","html-class","C:\DoAnTotNghiep\V-Shield-2.0\View\src\pages\RegistrationLinks.vue","27"
"data-table","html-class","C:\DoAnTotNghiep\V-Shield-2.0\View\src\pages\RegistrationLinks.vue","28"
"token-pill","html-class","C:\DoAnTotNghiep\V-Shield-2.0\View\src\pages\RegistrationLinks.vue","42"
"chip-row","html-class","C:\DoAnTotNghiep\V-Shield-2.0\View\src\pages\RegistrationLinks.vue","44"
"soft-chip warn","html-class","C:\DoAnTotNghiep\V-Shield-2.0\View\src\pages\RegistrationLinks.vue","45"
"soft-chip danger","html-class","C:\DoAnTotNghiep\V-Shield-2.0\View\src\pages\RegistrationLinks.vue","46"
"soft-chip success","html-class","C:\DoAnTotNghiep\V-Shield-2.0\View\src\pages\RegistrationLinks.vue","47"
"btn btn-secondary btn-sm","html-class","C:\DoAnTotNghiep\V-Shield-2.0\View\src\pages\RegistrationLinks.vue","53"
"modal-overlay","html-class","C:\DoAnTotNghiep\V-Shield-2.0\View\src\pages\RegistrationLinks.vue","64"
"modal","html-class","C:\DoAnTotNghiep\V-Shield-2.0\View\src\pages\RegistrationLinks.vue","65"
"modal-header","html-class","C:\DoAnTotNghiep\V-Shield-2.0\View\src\pages\RegistrationLinks.vue","66"
"modal-title","html-class","C:\DoAnTotNghiep\V-Shield-2.0\View\src\pages\RegistrationLinks.vue","67"
"modal-close","html-class","C:\DoAnTotNghiep\V-Shield-2.0\View\src\pages\RegistrationLinks.vue","68"
"form-group","html-class","C:\DoAnTotNghiep\V-Shield-2.0\View\src\pages\RegistrationLinks.vue","71"
"req","html-class","C:\DoAnTotNghiep\V-Shield-2.0\View\src\pages\RegistrationLinks.vue","72"
"combobox-wrapper","html-class","C:\DoAnTotNghiep\V-Shield-2.0\View\src\pages\RegistrationLinks.vue","73"
"input-with-avatar","html-class","C:\DoAnTotNghiep\V-Shield-2.0\View\src\pages\RegistrationLinks.vue","74"
"selected-avatar-preview","html-class","C:\DoAnTotNghiep\V-Shield-2.0\View\src\pages\RegistrationLinks.vue","75"
"avatar-img avatar-mini-inline","html-class","C:\DoAnTotNghiep\V-Shield-2.0\View\src\pages\RegistrationLinks.vue","79"
"avatar mini avatar-mini-inline","html-class","C:\DoAnTotNghiep\V-Shield-2.0\View\src\pages\RegistrationLinks.vue","84"
"sleek-input combobox-input","html-class","C:\DoAnTotNghiep\V-Shield-2.0\View\src\pages\RegistrationLinks.vue","96"
"{ 'has-avatar': selectedHostEmployee && !showHostDropdown }","html-class","C:\DoAnTotNghiep\V-Shield-2.0\View\src\pages\RegistrationLinks.vue","97"
"dropdown-icon","html-class","C:\DoAnTotNghiep\V-Shield-2.0\View\src\pages\RegistrationLinks.vue","100"
"combobox-dropdown","html-class","C:\DoAnTotNghiep\V-Shield-2.0\View\src\pages\RegistrationLinks.vue","102"
"no-results","html-class","C:\DoAnTotNghiep\V-Shield-2.0\View\src\pages\RegistrationLinks.vue","103"
"combobox-item","html-class","C:\DoAnTotNghiep\V-Shield-2.0\View\src\pages\RegistrationLinks.vue","107"
"{ selected: form.hostEmployeeId === emp.employeeId }","html-class","C:\DoAnTotNghiep\V-Shield-2.0\View\src\pages\RegistrationLinks.vue","108"
"avatar-img avatar-img-mini","html-class","C:\DoAnTotNghiep\V-Shield-2.0\View\src\pages\RegistrationLinks.vue","114"
"avatar mini","html-class","C:\DoAnTotNghiep\V-Shield-2.0\View\src\pages\RegistrationLinks.vue","117"
"emp-details","html-class","C:\DoAnTotNghiep\V-Shield-2.0\View\src\pages\RegistrationLinks.vue","120"
"emp-name","html-class","C:\DoAnTotNghiep\V-Shield-2.0\View\src\pages\RegistrationLinks.vue","121"
"emp-dept","html-class","C:\DoAnTotNghiep\V-Shield-2.0\View\src\pages\RegistrationLinks.vue","122"
"form-group","html-class","C:\DoAnTotNghiep\V-Shield-2.0\View\src\pages\RegistrationLinks.vue","129"
"filter-select","html-class","C:\DoAnTotNghiep\V-Shield-2.0\View\src\pages\RegistrationLinks.vue","131"
"empty-card error-card","html-class","C:\DoAnTotNghiep\V-Shield-2.0\View\src\pages\RegistrationLinks.vue","139"
"modal-footer","html-class","C:\DoAnTotNghiep\V-Shield-2.0\View\src\pages\RegistrationLinks.vue","141"
"btn btn-secondary","html-class","C:\DoAnTotNghiep\V-Shield-2.0\View\src\pages\RegistrationLinks.vue","142"
"btn btn-primary","html-class","C:\DoAnTotNghiep\V-Shield-2.0\View\src\pages\RegistrationLinks.vue","143"
"page-container animate-in","html-class","C:\DoAnTotNghiep\V-Shield-2.0\View\src\pages\Settings.vue","2"
"page-header","html-class","C:\DoAnTotNghiep\V-Shield-2.0\View\src\pages\Settings.vue","3"
"page-title","html-class","C:\DoAnTotNghiep\V-Shield-2.0\View\src\pages\Settings.vue","5"
"page-subtitle","html-class","C:\DoAnTotNghiep\V-Shield-2.0\View\src\pages\Settings.vue","6"
"save-btn","html-class","C:\DoAnTotNghiep\V-Shield-2.0\View\src\pages\Settings.vue","10"
"settings-layout","html-class","C:\DoAnTotNghiep\V-Shield-2.0\View\src\pages\Settings.vue","13"
"settings-nav bento-card","html-class","C:\DoAnTotNghiep\V-Shield-2.0\View\src\pages\Settings.vue","14"
"settings-tab","html-class","C:\DoAnTotNghiep\V-Shield-2.0\View\src\pages\Settings.vue","18"
"{ active: activeTab === tab.id }","html-class","C:\DoAnTotNghiep\V-Shield-2.0\View\src\pages\Settings.vue","19"
"settings-content","html-class","C:\DoAnTotNghiep\V-Shield-2.0\View\src\pages\Settings.vue","26"
"bento-card section-card","html-class","C:\DoAnTotNghiep\V-Shield-2.0\View\src\pages\Settings.vue","27"
"section-title","html-class","C:\DoAnTotNghiep\V-Shield-2.0\View\src\pages\Settings.vue","28"
"form-grid","html-class","C:\DoAnTotNghiep\V-Shield-2.0\View\src\pages\Settings.vue","29"
"input-group","html-class","C:\DoAnTotNghiep\V-Shield-2.0\View\src\pages\Settings.vue","30"
"field","html-class","C:\DoAnTotNghiep\V-Shield-2.0\View\src\pages\Settings.vue","32"
"two-col","html-class","C:\DoAnTotNghiep\V-Shield-2.0\View\src\pages\Settings.vue","34"
"input-group","html-class","C:\DoAnTotNghiep\V-Shield-2.0\View\src\pages\Settings.vue","35"
"field","html-class","C:\DoAnTotNghiep\V-Shield-2.0\View\src\pages\Settings.vue","37"
"input-group","html-class","C:\DoAnTotNghiep\V-Shield-2.0\View\src\pages\Settings.vue","39"
"field","html-class","C:\DoAnTotNghiep\V-Shield-2.0\View\src\pages\Settings.vue","41"
"two-col","html-class","C:\DoAnTotNghiep\V-Shield-2.0\View\src\pages\Settings.vue","44"
"input-group","html-class","C:\DoAnTotNghiep\V-Shield-2.0\View\src\pages\Settings.vue","45"
"field","html-class","C:\DoAnTotNghiep\V-Shield-2.0\View\src\pages\Settings.vue","47"
"input-group","html-class","C:\DoAnTotNghiep\V-Shield-2.0\View\src\pages\Settings.vue","52"
"field","html-class","C:\DoAnTotNghiep\V-Shield-2.0\View\src\pages\Settings.vue","54"
"camera-panel","html-class","C:\DoAnTotNghiep\V-Shield-2.0\View\src\pages\Settings.vue","64"
"bento-card section-card","html-class","C:\DoAnTotNghiep\V-Shield-2.0\View\src\pages\Settings.vue","65"
"section-head","html-class","C:\DoAnTotNghiep\V-Shield-2.0\View\src\pages\Settings.vue","66"
"section-title","html-class","C:\DoAnTotNghiep\V-Shield-2.0\View\src\pages\Settings.vue","68"
"muted","html-class","C:\DoAnTotNghiep\V-Shield-2.0\View\src\pages\Settings.vue","69"
"link-btn","html-class","C:\DoAnTotNghiep\V-Shield-2.0\View\src\pages\Settings.vue","73"
"camera-summary","html-class","C:\DoAnTotNghiep\V-Shield-2.0\View\src\pages\Settings.vue","75"
"summary-chip","html-class","C:\DoAnTotNghiep\V-Shield-2.0\View\src\pages\Settings.vue","76"
"summary-chip","html-class","C:\DoAnTotNghiep\V-Shield-2.0\View\src\pages\Settings.vue","77"
"summary-chip","html-class","C:\DoAnTotNghiep\V-Shield-2.0\View\src\pages\Settings.vue","78"
"toolbar-grid","html-class","C:\DoAnTotNghiep\V-Shield-2.0\View\src\pages\Settings.vue","81"
"field","html-class","C:\DoAnTotNghiep\V-Shield-2.0\View\src\pages\Settings.vue","82"
"field","html-class","C:\DoAnTotNghiep\V-Shield-2.0\View\src\pages\Settings.vue","83"
"field","html-class","C:\DoAnTotNghiep\V-Shield-2.0\View\src\pages\Settings.vue","84"
"ghost-btn","html-class","C:\DoAnTotNghiep\V-Shield-2.0\View\src\pages\Settings.vue","90"
"primary-btn","html-class","C:\DoAnTotNghiep\V-Shield-2.0\View\src\pages\Settings.vue","93"
"secondary-btn","html-class","C:\DoAnTotNghiep\V-Shield-2.0\View\src\pages\Settings.vue","96"
"muted inline-note","html-class","C:\DoAnTotNghiep\V-Shield-2.0\View\src\pages\Settings.vue","101"
"message success","html-class","C:\DoAnTotNghiep\V-Shield-2.0\View\src\pages\Settings.vue","104"
"message danger","html-class","C:\DoAnTotNghiep\V-Shield-2.0\View\src\pages\Settings.vue","105"
"message success","html-class","C:\DoAnTotNghiep\V-Shield-2.0\View\src\pages\Settings.vue","106"
"message danger","html-class","C:\DoAnTotNghiep\V-Shield-2.0\View\src\pages\Settings.vue","107"
"discovery-list","html-class","C:\DoAnTotNghiep\V-Shield-2.0\View\src\pages\Settings.vue","109"
"discovery-card","html-class","C:\DoAnTotNghiep\V-Shield-2.0\View\src\pages\Settings.vue","110"
"muted small","html-class","C:\DoAnTotNghiep\V-Shield-2.0\View\src\pages\Settings.vue","113"
"small","html-class","C:\DoAnTotNghiep\V-Shield-2.0\View\src\pages\Settings.vue","114"
"discovery-actions","html-class","C:\DoAnTotNghiep\V-Shield-2.0\View\src\pages\Settings.vue","116"
"field mini-field","html-class","C:\DoAnTotNghiep\V-Shield-2.0\View\src\pages\Settings.vue","117"
"primary-btn small-btn","html-class","C:\DoAnTotNghiep\V-Shield-2.0\View\src\pages\Settings.vue","123"
"camera-grid","html-class","C:\DoAnTotNghiep\V-Shield-2.0\View\src\pages\Settings.vue","129"
"bento-card camera-card","html-class","C:\DoAnTotNghiep\V-Shield-2.0\View\src\pages\Settings.vue","130"
"camera-card-head","html-class","C:\DoAnTotNghiep\V-Shield-2.0\View\src\pages\Settings.vue","131"
"muted","html-class","C:\DoAnTotNghiep\V-Shield-2.0\View\src\pages\Settings.vue","134"
"toggle","html-class","C:\DoAnTotNghiep\V-Shield-2.0\View\src\pages\Settings.vue","136"
"status-line","html-class","C:\DoAnTotNghiep\V-Shield-2.0\View\src\pages\Settings.vue","142"
"status-pill","html-class","C:\DoAnTotNghiep\V-Shield-2.0\View\src\pages\Settings.vue","143"
"form-grid","html-class","C:\DoAnTotNghiep\V-Shield-2.0\View\src\pages\Settings.vue","148"
"input-group","html-class","C:\DoAnTotNghiep\V-Shield-2.0\View\src\pages\Settings.vue","149"
"field","html-class","C:\DoAnTotNghiep\V-Shield-2.0\View\src\pages\Settings.vue","151"
"input-group","html-class","C:\DoAnTotNghiep\V-Shield-2.0\View\src\pages\Settings.vue","153"
"field mono","html-class","C:\DoAnTotNghiep\V-Shield-2.0\View\src\pages\Settings.vue","155"
"muted","html-class","C:\DoAnTotNghiep\V-Shield-2.0\View\src\pages\Settings.vue","156"
"camera-card-actions","html-class","C:\DoAnTotNghiep\V-Shield-2.0\View\src\pages\Settings.vue","160"
"ghost-btn small-btn","html-class","C:\DoAnTotNghiep\V-Shield-2.0\View\src\pages\Settings.vue","161"
"danger-btn small-btn","html-class","C:\DoAnTotNghiep\V-Shield-2.0\View\src\pages\Settings.vue","164"
"bento-card section-card","html-class","C:\DoAnTotNghiep\V-Shield-2.0\View\src\pages\Settings.vue","170"
"section-title","html-class","C:\DoAnTotNghiep\V-Shield-2.0\View\src\pages\Settings.vue","171"
"toggle-list","html-class","C:\DoAnTotNghiep\V-Shield-2.0\View\src\pages\Settings.vue","172"
"toggle-row","html-class","C:\DoAnTotNghiep\V-Shield-2.0\View\src\pages\Settings.vue","173"
"toggle-row","html-class","C:\DoAnTotNghiep\V-Shield-2.0\View\src\pages\Settings.vue","174"
"toggle-row","html-class","C:\DoAnTotNghiep\V-Shield-2.0\View\src\pages\Settings.vue","175"
"input-group","html-class","C:\DoAnTotNghiep\V-Shield-2.0\View\src\pages\Settings.vue","176"
"input-group","html-class","C:\DoAnTotNghiep\V-Shield-2.0\View\src\pages\Settings.vue","180"
"bento-card section-card","html-class","C:\DoAnTotNghiep\V-Shield-2.0\View\src\pages\Settings.vue","187"
"section-title","html-class","C:\DoAnTotNghiep\V-Shield-2.0\View\src\pages\Settings.vue","188"
"toggle-list","html-class","C:\DoAnTotNghiep\V-Shield-2.0\View\src\pages\Settings.vue","189"
"toggle-row","html-class","C:\DoAnTotNghiep\V-Shield-2.0\View\src\pages\Settings.vue","190"
"toggle-row","html-class","C:\DoAnTotNghiep\V-Shield-2.0\View\src\pages\Settings.vue","191"
"toggle-row","html-class","C:\DoAnTotNghiep\V-Shield-2.0\View\src\pages\Settings.vue","192"
"toggle-row","html-class","C:\DoAnTotNghiep\V-Shield-2.0\View\src\pages\Settings.vue","193"
"toast","html-class","C:\DoAnTotNghiep\V-Shield-2.0\View\src\pages\Settings.vue","200"
"success","json-key","C:\DoAnTotNghiep\V-Shield-2.0\View\src\pages\Settings.vue","444"
"auto","html-id","C:\DoAnTotNghiep\V-Shield-2.0\View\src\pages\Settings.vue","469"
"auto","html-id","C:\DoAnTotNghiep\V-Shield-2.0\View\src\pages\Settings.vue","484"
"page-container ops-page animate-in","html-class","C:\DoAnTotNghiep\V-Shield-2.0\View\src\pages\SystemCatalog.vue","2"
"page-header-bar","html-class","C:\DoAnTotNghiep\V-Shield-2.0\View\src\pages\SystemCatalog.vue","3"
"panel-kicker","html-class","C:\DoAnTotNghiep\V-Shield-2.0\View\src\pages\SystemCatalog.vue","5"
"page-title","html-class","C:\DoAnTotNghiep\V-Shield-2.0\View\src\pages\SystemCatalog.vue","6"
"ops-grid three","html-class","C:\DoAnTotNghiep\V-Shield-2.0\View\src\pages\SystemCatalog.vue","10"
"ops-panel","html-class","C:\DoAnTotNghiep\V-Shield-2.0\View\src\pages\SystemCatalog.vue","11"
"panel-head","html-class","C:\DoAnTotNghiep\V-Shield-2.0\View\src\pages\SystemCatalog.vue","12"
"panel-kicker","html-class","C:\DoAnTotNghiep\V-Shield-2.0\View\src\pages\SystemCatalog.vue","14"
"panel-title","html-class","C:\DoAnTotNghiep\V-Shield-2.0\View\src\pages\SystemCatalog.vue","15"
"btn btn-secondary btn-sm","html-class","C:\DoAnTotNghiep\V-Shield-2.0\View\src\pages\SystemCatalog.vue","17"
"empty-card","html-class","C:\DoAnTotNghiep\V-Shield-2.0\View\src\pages\SystemCatalog.vue","20"
"empty-card","html-class","C:\DoAnTotNghiep\V-Shield-2.0\View\src\pages\SystemCatalog.vue","21"
"surface-list","html-class","C:\DoAnTotNghiep\V-Shield-2.0\View\src\pages\SystemCatalog.vue","22"
"surface-item","html-class","C:\DoAnTotNghiep\V-Shield-2.0\View\src\pages\SystemCatalog.vue","23"
"surface-item-title","html-class","C:\DoAnTotNghiep\V-Shield-2.0\View\src\pages\SystemCatalog.vue","24"
"surface-item-sub","html-class","C:\DoAnTotNghiep\V-Shield-2.0\View\src\pages\SystemCatalog.vue","25"
"ops-panel","html-class","C:\DoAnTotNghiep\V-Shield-2.0\View\src\pages\SystemCatalog.vue","30"
"panel-head","html-class","C:\DoAnTotNghiep\V-Shield-2.0\View\src\pages\SystemCatalog.vue","31"
"panel-kicker","html-class","C:\DoAnTotNghiep\V-Shield-2.0\View\src\pages\SystemCatalog.vue","33"
"panel-title","html-class","C:\DoAnTotNghiep\V-Shield-2.0\View\src\pages\SystemCatalog.vue","34"
"btn btn-secondary btn-sm","html-class","C:\DoAnTotNghiep\V-Shield-2.0\View\src\pages\SystemCatalog.vue","36"
"empty-card","html-class","C:\DoAnTotNghiep\V-Shield-2.0\View\src\pages\SystemCatalog.vue","39"
"empty-card","html-class","C:\DoAnTotNghiep\V-Shield-2.0\View\src\pages\SystemCatalog.vue","40"
"surface-list","html-class","C:\DoAnTotNghiep\V-Shield-2.0\View\src\pages\SystemCatalog.vue","41"
"surface-item","html-class","C:\DoAnTotNghiep\V-Shield-2.0\View\src\pages\SystemCatalog.vue","42"
"surface-item-title","html-class","C:\DoAnTotNghiep\V-Shield-2.0\View\src\pages\SystemCatalog.vue","43"
"surface-item-sub","html-class","C:\DoAnTotNghiep\V-Shield-2.0\View\src\pages\SystemCatalog.vue","44"
"ops-panel","html-class","C:\DoAnTotNghiep\V-Shield-2.0\View\src\pages\SystemCatalog.vue","49"
"panel-head","html-class","C:\DoAnTotNghiep\V-Shield-2.0\View\src\pages\SystemCatalog.vue","50"
"panel-kicker","html-class","C:\DoAnTotNghiep\V-Shield-2.0\View\src\pages\SystemCatalog.vue","52"
"panel-title","html-class","C:\DoAnTotNghiep\V-Shield-2.0\View\src\pages\SystemCatalog.vue","53"
"btn btn-secondary btn-sm","html-class","C:\DoAnTotNghiep\V-Shield-2.0\View\src\pages\SystemCatalog.vue","55"
"empty-card","html-class","C:\DoAnTotNghiep\V-Shield-2.0\View\src\pages\SystemCatalog.vue","58"
"empty-card","html-class","C:\DoAnTotNghiep\V-Shield-2.0\View\src\pages\SystemCatalog.vue","59"
"surface-list","html-class","C:\DoAnTotNghiep\V-Shield-2.0\View\src\pages\SystemCatalog.vue","60"
"surface-item","html-class","C:\DoAnTotNghiep\V-Shield-2.0\View\src\pages\SystemCatalog.vue","61"
"surface-item-title","html-class","C:\DoAnTotNghiep\V-Shield-2.0\View\src\pages\SystemCatalog.vue","62"
"surface-item-sub","html-class","C:\DoAnTotNghiep\V-Shield-2.0\View\src\pages\SystemCatalog.vue","63"
"panel-actions top-gap","html-class","C:\DoAnTotNghiep\V-Shield-2.0\View\src\pages\SystemCatalog.vue","64"
"soft-chip","html-class","C:\DoAnTotNghiep\V-Shield-2.0\View\src\pages\SystemCatalog.vue","65"
"btn btn-secondary btn-sm","html-class","C:\DoAnTotNghiep\V-Shield-2.0\View\src\pages\SystemCatalog.vue","66"
"btn btn-danger btn-sm","html-class","C:\DoAnTotNghiep\V-Shield-2.0\View\src\pages\SystemCatalog.vue","67"
"modal-overlay","html-class","C:\DoAnTotNghiep\V-Shield-2.0\View\src\pages\SystemCatalog.vue","75"
"modal","html-class","C:\DoAnTotNghiep\V-Shield-2.0\View\src\pages\SystemCatalog.vue","76"
"modal-header","html-class","C:\DoAnTotNghiep\V-Shield-2.0\View\src\pages\SystemCatalog.vue","77"
"modal-title","html-class","C:\DoAnTotNghiep\V-Shield-2.0\View\src\pages\SystemCatalog.vue","78"
"modal-close","html-class","C:\DoAnTotNghiep\V-Shield-2.0\View\src\pages\SystemCatalog.vue","79"
"form-row","html-class","C:\DoAnTotNghiep\V-Shield-2.0\View\src\pages\SystemCatalog.vue","82"
"form-group","html-class","C:\DoAnTotNghiep\V-Shield-2.0\View\src\pages\SystemCatalog.vue","83"
"form-group","html-class","C:\DoAnTotNghiep\V-Shield-2.0\View\src\pages\SystemCatalog.vue","87"
"empty-card error-card","html-class","C:\DoAnTotNghiep\V-Shield-2.0\View\src\pages\SystemCatalog.vue","93"
"modal-footer","html-class","C:\DoAnTotNghiep\V-Shield-2.0\View\src\pages\SystemCatalog.vue","95"
"btn btn-secondary","html-class","C:\DoAnTotNghiep\V-Shield-2.0\View\src\pages\SystemCatalog.vue","96"
"btn btn-primary","html-class","C:\DoAnTotNghiep\V-Shield-2.0\View\src\pages\SystemCatalog.vue","97"
"page-container animate-in","html-class","C:\DoAnTotNghiep\V-Shield-2.0\View\src\pages\UserManagement.vue","2"
"page-header bento-header","html-class","C:\DoAnTotNghiep\V-Shield-2.0\View\src\pages\UserManagement.vue","4"
"greeting","html-class","C:\DoAnTotNghiep\V-Shield-2.0\View\src\pages\UserManagement.vue","5"
"page-title","html-class","C:\DoAnTotNghiep\V-Shield-2.0\View\src\pages\UserManagement.vue","6"
"page-subtitle","html-class","C:\DoAnTotNghiep\V-Shield-2.0\View\src\pages\UserManagement.vue","7"
"header-actions","html-class","C:\DoAnTotNghiep\V-Shield-2.0\View\src\pages\UserManagement.vue","9"
"btn btn-primary","html-class","C:\DoAnTotNghiep\V-Shield-2.0\View\src\pages\UserManagement.vue","10"
"bento-grid-mini","html-class","C:\DoAnTotNghiep\V-Shield-2.0\View\src\pages\UserManagement.vue","21"
"bento-card stat-card","html-class","C:\DoAnTotNghiep\V-Shield-2.0\View\src\pages\UserManagement.vue","22"
"stat-icon-wrapper blue","html-class","C:\DoAnTotNghiep\V-Shield-2.0\View\src\pages\UserManagement.vue","23"
"stat-details","html-class","C:\DoAnTotNghiep\V-Shield-2.0\View\src\pages\UserManagement.vue","26"
"stat-val blue","html-class","C:\DoAnTotNghiep\V-Shield-2.0\View\src\pages\UserManagement.vue","27"
"stat-lbl","html-class","C:\DoAnTotNghiep\V-Shield-2.0\View\src\pages\UserManagement.vue","28"
"bento-card stat-card","html-class","C:\DoAnTotNghiep\V-Shield-2.0\View\src\pages\UserManagement.vue","31"
"stat-icon-wrapper green","html-class","C:\DoAnTotNghiep\V-Shield-2.0\View\src\pages\UserManagement.vue","32"
"stat-details","html-class","C:\DoAnTotNghiep\V-Shield-2.0\View\src\pages\UserManagement.vue","35"
"stat-val green","html-class","C:\DoAnTotNghiep\V-Shield-2.0\View\src\pages\UserManagement.vue","36"
"stat-lbl","html-class","C:\DoAnTotNghiep\V-Shield-2.0\View\src\pages\UserManagement.vue","37"
"bento-card stat-card","html-class","C:\DoAnTotNghiep\V-Shield-2.0\View\src\pages\UserManagement.vue","40"
"stat-icon-wrapper red","html-class","C:\DoAnTotNghiep\V-Shield-2.0\View\src\pages\UserManagement.vue","41"
"stat-details","html-class","C:\DoAnTotNghiep\V-Shield-2.0\View\src\pages\UserManagement.vue","44"
"stat-val red","html-class","C:\DoAnTotNghiep\V-Shield-2.0\View\src\pages\UserManagement.vue","45"
"stat-lbl","html-class","C:\DoAnTotNghiep\V-Shield-2.0\View\src\pages\UserManagement.vue","46"
"bento-card table-section","html-class","C:\DoAnTotNghiep\V-Shield-2.0\View\src\pages\UserManagement.vue","52"
"table-toolbar","html-class","C:\DoAnTotNghiep\V-Shield-2.0\View\src\pages\UserManagement.vue","53"
"search-box","html-class","C:\DoAnTotNghiep\V-Shield-2.0\View\src\pages\UserManagement.vue","54"
"search-icon","html-class","C:\DoAnTotNghiep\V-Shield-2.0\View\src\pages\UserManagement.vue","55"
"filter-box","html-class","C:\DoAnTotNghiep\V-Shield-2.0\View\src\pages\UserManagement.vue","58"
"minimal-select","html-class","C:\DoAnTotNghiep\V-Shield-2.0\View\src\pages\UserManagement.vue","59"
"minimal-select","html-class","C:\DoAnTotNghiep\V-Shield-2.0\View\src\pages\UserManagement.vue","65"
"empty-layout","html-class","C:\DoAnTotNghiep\V-Shield-2.0\View\src\pages\UserManagement.vue","74"
"spinner-lg","html-class","C:\DoAnTotNghiep\V-Shield-2.0\View\src\pages\UserManagement.vue","75"
"empty-layout","html-class","C:\DoAnTotNghiep\V-Shield-2.0\View\src\pages\UserManagement.vue","78"
"btn btn-primary","html-class","C:\DoAnTotNghiep\V-Shield-2.0\View\src\pages\UserManagement.vue","81"
"sleek-table-container","html-class","C:\DoAnTotNghiep\V-Shield-2.0\View\src\pages\UserManagement.vue","85"
"sleek-table","html-class","C:\DoAnTotNghiep\V-Shield-2.0\View\src\pages\UserManagement.vue","86"
"text-right","html-class","C:\DoAnTotNghiep\V-Shield-2.0\View\src\pages\UserManagement.vue","95"
"table-row","html-class","C:\DoAnTotNghiep\V-Shield-2.0\View\src\pages\UserManagement.vue","99"
"text-muted","html-class","C:\DoAnTotNghiep\V-Shield-2.0\View\src\pages\UserManagement.vue","100"
"user-cell","html-class","C:\DoAnTotNghiep\V-Shield-2.0\View\src\pages\UserManagement.vue","102"
"avatar","json-key","C:\DoAnTotNghiep\V-Shield-2.0\View\src\pages\UserManagement.vue","103"
"avatar","html-class","C:\DoAnTotNghiep\V-Shield-2.0\View\src\pages\UserManagement.vue","103"
"user-info","html-class","C:\DoAnTotNghiep\V-Shield-2.0\View\src\pages\UserManagement.vue","104"
"user-name","html-class","C:\DoAnTotNghiep\V-Shield-2.0\View\src\pages\UserManagement.vue","105"
"text-primary","html-class","C:\DoAnTotNghiep\V-Shield-2.0\View\src\pages\UserManagement.vue","109"
"badge-role","html-class","C:\DoAnTotNghiep\V-Shield-2.0\View\src\pages\UserManagement.vue","111"
"status-pill minimal","html-class","C:\DoAnTotNghiep\V-Shield-2.0\View\src\pages\UserManagement.vue","116"
"pill-dot","html-class","C:\DoAnTotNghiep\V-Shield-2.0\View\src\pages\UserManagement.vue","117"
"text-muted","html-class","C:\DoAnTotNghiep\V-Shield-2.0\View\src\pages\UserManagement.vue","121"
"text-right","html-class","C:\DoAnTotNghiep\V-Shield-2.0\View\src\pages\UserManagement.vue","122"
"action-menu","html-class","C:\DoAnTotNghiep\V-Shield-2.0\View\src\pages\UserManagement.vue","123"
"icon-btn","html-class","C:\DoAnTotNghiep\V-Shield-2.0\View\src\pages\UserManagement.vue","124"
"icon-btn action-reject","html-class","C:\DoAnTotNghiep\V-Shield-2.0\View\src\pages\UserManagement.vue","127"
"empty-layout","html-class","C:\DoAnTotNghiep\V-Shield-2.0\View\src\pages\UserManagement.vue","134"
"modal-backdrop","html-class","C:\DoAnTotNghiep\V-Shield-2.0\View\src\pages\UserManagement.vue","146"
"modern-modal","html-class","C:\DoAnTotNghiep\V-Shield-2.0\View\src\pages\UserManagement.vue","147"
"modal-top","html-class","C:\DoAnTotNghiep\V-Shield-2.0\View\src\pages\UserManagement.vue","148"
"icon-close","html-class","C:\DoAnTotNghiep\V-Shield-2.0\View\src\pages\UserManagement.vue","150"
"modal-body","html-class","C:\DoAnTotNghiep\V-Shield-2.0\View\src\pages\UserManagement.vue","153"
"modal-form-grid","html-class","C:\DoAnTotNghiep\V-Shield-2.0\View\src\pages\UserManagement.vue","154"
"input-pane","html-class","C:\DoAnTotNghiep\V-Shield-2.0\View\src\pages\UserManagement.vue","155"
"req","html-class","C:\DoAnTotNghiep\V-Shield-2.0\View\src\pages\UserManagement.vue","156"
"sleek-input","html-class","C:\DoAnTotNghiep\V-Shield-2.0\View\src\pages\UserManagement.vue","157"
"input-pane","html-class","C:\DoAnTotNghiep\V-Shield-2.0\View\src\pages\UserManagement.vue","160"
"req","html-class","C:\DoAnTotNghiep\V-Shield-2.0\View\src\pages\UserManagement.vue","161"
"sleek-input","html-class","C:\DoAnTotNghiep\V-Shield-2.0\View\src\pages\UserManagement.vue","162"
"input-pane employee-search-pane","html-class","C:\DoAnTotNghiep\V-Shield-2.0\View\src\pages\UserManagement.vue","165"
"combo-box-wrapper","html-class","C:\DoAnTotNghiep\V-Shield-2.0\View\src\pages\UserManagement.vue","167"
"combo-input-row","html-class","C:\DoAnTotNghiep\V-Shield-2.0\View\src\pages\UserManagement.vue","168"
"combo-search-icon","html-class","C:\DoAnTotNghiep\V-Shield-2.0\View\src\pages\UserManagement.vue","169"
"sleek-input combo-input","html-class","C:\DoAnTotNghiep\V-Shield-2.0\View\src\pages\UserManagement.vue","173"
"combo-clear-btn","html-class","C:\DoAnTotNghiep\V-Shield-2.0\View\src\pages\UserManagement.vue","179"
"combo-dropdown","html-class","C:\DoAnTotNghiep\V-Shield-2.0\View\src\pages\UserManagement.vue","184"
"combo-loading","html-class","C:\DoAnTotNghiep\V-Shield-2.0\View\src\pages\UserManagement.vue","185"
"spinner-sm","html-class","C:\DoAnTotNghiep\V-Shield-2.0\View\src\pages\UserManagement.vue","186"
"combo-empty","html-class","C:\DoAnTotNghiep\V-Shield-2.0\View\src\pages\UserManagement.vue","189"
"combo-option","html-class","C:\DoAnTotNghiep\V-Shield-2.0\View\src\pages\UserManagement.vue","195"
"{ selected: modalForm.fullName === emp.fullName }","html-class","C:\DoAnTotNghiep\V-Shield-2.0\View\src\pages\UserManagement.vue","196"
"combo-opt-avatar","html-class","C:\DoAnTotNghiep\V-Shield-2.0\View\src\pages\UserManagement.vue","199"
"combo-opt-info","html-class","C:\DoAnTotNghiep\V-Shield-2.0\View\src\pages\UserManagement.vue","200"
"combo-opt-name","html-class","C:\DoAnTotNghiep\V-Shield-2.0\View\src\pages\UserManagement.vue","201"
"combo-opt-detail","html-class","C:\DoAnTotNghiep\V-Shield-2.0\View\src\pages\UserManagement.vue","202"
"grid-2","html-class","C:\DoAnTotNghiep\V-Shield-2.0\View\src\pages\UserManagement.vue","211"
"input-pane","html-class","C:\DoAnTotNghiep\V-Shield-2.0\View\src\pages\UserManagement.vue","212"
"req","html-class","C:\DoAnTotNghiep\V-Shield-2.0\View\src\pages\UserManagement.vue","213"
"sleek-select","html-class","C:\DoAnTotNghiep\V-Shield-2.0\View\src\pages\UserManagement.vue","214"
"input-pane","html-class","C:\DoAnTotNghiep\V-Shield-2.0\View\src\pages\UserManagement.vue","220"
"sleek-select","html-class","C:\DoAnTotNghiep\V-Shield-2.0\View\src\pages\UserManagement.vue","222"
"error-box","html-class","C:\DoAnTotNghiep\V-Shield-2.0\View\src\pages\UserManagement.vue","230"
"modal-actions mt-4","html-class","C:\DoAnTotNghiep\V-Shield-2.0\View\src\pages\UserManagement.vue","235"
"btn btn-secondary","html-class","C:\DoAnTotNghiep\V-Shield-2.0\View\src\pages\UserManagement.vue","236"
"btn btn-primary","html-class","C:\DoAnTotNghiep\V-Shield-2.0\View\src\pages\UserManagement.vue","237"
"spinner-sm","html-class","C:\DoAnTotNghiep\V-Shield-2.0\View\src\pages\UserManagement.vue","238"
"modal-backdrop","html-class","C:\DoAnTotNghiep\V-Shield-2.0\View\src\pages\UserManagement.vue","250"
"modern-modal mini","html-class","C:\DoAnTotNghiep\V-Shield-2.0\View\src\pages\UserManagement.vue","251"
"modal-body text-center","html-class","C:\DoAnTotNghiep\V-Shield-2.0\View\src\pages\UserManagement.vue","252"
"warning-icon","html-class","C:\DoAnTotNghiep\V-Shield-2.0\View\src\pages\UserManagement.vue","253"
"error-box text-left","html-class","C:\DoAnTotNghiep\V-Shield-2.0\View\src\pages\UserManagement.vue","259"
"modal-actions centered","html-class","C:\DoAnTotNghiep\V-Shield-2.0\View\src\pages\UserManagement.vue","263"
"btn btn-secondary","html-class","C:\DoAnTotNghiep\V-Shield-2.0\View\src\pages\UserManagement.vue","264"
"handleDelete","json-key","C:\DoAnTotNghiep\V-Shield-2.0\View\src\pages\UserManagement.vue","265"
"btn btn-danger","html-class","C:\DoAnTotNghiep\V-Shield-2.0\View\src\pages\UserManagement.vue","265"
"spinner-sm","html-class","C:\DoAnTotNghiep\V-Shield-2.0\View\src\pages\UserManagement.vue","266"
"page-container animate-in","html-class","C:\DoAnTotNghiep\V-Shield-2.0\View\src\pages\Vehicles.vue","2"
"page-header bento-header","html-class","C:\DoAnTotNghiep\V-Shield-2.0\View\src\pages\Vehicles.vue","4"
"greeting","html-class","C:\DoAnTotNghiep\V-Shield-2.0\View\src\pages\Vehicles.vue","5"
"page-title","html-class","C:\DoAnTotNghiep\V-Shield-2.0\View\src\pages\Vehicles.vue","6"
"page-subtitle","html-class","C:\DoAnTotNghiep\V-Shield-2.0\View\src\pages\Vehicles.vue","7"
"header-actions","html-class","C:\DoAnTotNghiep\V-Shield-2.0\View\src\pages\Vehicles.vue","9"
"btn btn-primary","html-class","C:\DoAnTotNghiep\V-Shield-2.0\View\src\pages\Vehicles.vue","10"
"bento-grid-mini","html-class","C:\DoAnTotNghiep\V-Shield-2.0\View\src\pages\Vehicles.vue","21"
"bento-card stat-card","html-class","C:\DoAnTotNghiep\V-Shield-2.0\View\src\pages\Vehicles.vue","22"
"stat-icon-wrapper green","html-class","C:\DoAnTotNghiep\V-Shield-2.0\View\src\pages\Vehicles.vue","23"
"stat-details","html-class","C:\DoAnTotNghiep\V-Shield-2.0\View\src\pages\Vehicles.vue","26"
"stat-val","html-class","C:\DoAnTotNghiep\V-Shield-2.0\View\src\pages\Vehicles.vue","27"
"stat-lbl","html-class","C:\DoAnTotNghiep\V-Shield-2.0\View\src\pages\Vehicles.vue","28"
"bento-card stat-card","html-class","C:\DoAnTotNghiep\V-Shield-2.0\View\src\pages\Vehicles.vue","31"
"stat-icon-wrapper blue","html-class","C:\DoAnTotNghiep\V-Shield-2.0\View\src\pages\Vehicles.vue","32"
"stat-details","html-class","C:\DoAnTotNghiep\V-Shield-2.0\View\src\pages\Vehicles.vue","35"
"stat-val blue","html-class","C:\DoAnTotNghiep\V-Shield-2.0\View\src\pages\Vehicles.vue","36"
"stat-lbl","html-class","C:\DoAnTotNghiep\V-Shield-2.0\View\src\pages\Vehicles.vue","37"
"bento-card stat-card","html-class","C:\DoAnTotNghiep\V-Shield-2.0\View\src\pages\Vehicles.vue","40"
"stat-icon-wrapper cyan","html-class","C:\DoAnTotNghiep\V-Shield-2.0\View\src\pages\Vehicles.vue","41"
"stat-details","html-class","C:\DoAnTotNghiep\V-Shield-2.0\View\src\pages\Vehicles.vue","44"
"stat-val","html-class","C:\DoAnTotNghiep\V-Shield-2.0\View\src\pages\Vehicles.vue","45"
"stat-lbl","html-class","C:\DoAnTotNghiep\V-Shield-2.0\View\src\pages\Vehicles.vue","46"
"bento-card table-section","html-class","C:\DoAnTotNghiep\V-Shield-2.0\View\src\pages\Vehicles.vue","52"
"table-toolbar","html-class","C:\DoAnTotNghiep\V-Shield-2.0\View\src\pages\Vehicles.vue","53"
"search-box","html-class","C:\DoAnTotNghiep\V-Shield-2.0\View\src\pages\Vehicles.vue","54"
"search-icon","html-class","C:\DoAnTotNghiep\V-Shield-2.0\View\src\pages\Vehicles.vue","55"
"filter-box","html-class","C:\DoAnTotNghiep\V-Shield-2.0\View\src\pages\Vehicles.vue","58"
"minimal-select","html-class","C:\DoAnTotNghiep\V-Shield-2.0\View\src\pages\Vehicles.vue","59"
"empty-layout","html-class","C:\DoAnTotNghiep\V-Shield-2.0\View\src\pages\Vehicles.vue","67"
"spinner-lg","html-class","C:\DoAnTotNghiep\V-Shield-2.0\View\src\pages\Vehicles.vue","68"
"empty-layout error-layout","html-class","C:\DoAnTotNghiep\V-Shield-2.0\View\src\pages\Vehicles.vue","73"
"btn btn-primary","html-class","C:\DoAnTotNghiep\V-Shield-2.0\View\src\pages\Vehicles.vue","78"
"sleek-table-container","html-class","C:\DoAnTotNghiep\V-Shield-2.0\View\src\pages\Vehicles.vue","87"
"sleek-table","html-class","C:\DoAnTotNghiep\V-Shield-2.0\View\src\pages\Vehicles.vue","88"
"text-right","html-class","C:\DoAnTotNghiep\V-Shield-2.0\View\src\pages\Vehicles.vue","95"
"table-row","html-class","C:\DoAnTotNghiep\V-Shield-2.0\View\src\pages\Vehicles.vue","99"
"plate-number","html-class","C:\DoAnTotNghiep\V-Shield-2.0\View\src\pages\Vehicles.vue","101"
"vehicle-info-cell","html-class","C:\DoAnTotNghiep\V-Shield-2.0\View\src\pages\Vehicles.vue","104"
"v-type","html-class","C:\DoAnTotNghiep\V-Shield-2.0\View\src\pages\Vehicles.vue","105"
"v-icon","html-class","C:\DoAnTotNghiep\V-Shield-2.0\View\src\pages\Vehicles.vue","106"
"user-cell","html-class","C:\DoAnTotNghiep\V-Shield-2.0\View\src\pages\Vehicles.vue","112"
"avatar-img","html-class","C:\DoAnTotNghiep\V-Shield-2.0\View\src\pages\Vehicles.vue","114"
"avatar","json-key","C:\DoAnTotNghiep\V-Shield-2.0\View\src\pages\Vehicles.vue","117"
"avatar","html-class","C:\DoAnTotNghiep\V-Shield-2.0\View\src\pages\Vehicles.vue","117"
"user-info","html-class","C:\DoAnTotNghiep\V-Shield-2.0\View\src\pages\Vehicles.vue","119"
"user-name","html-class","C:\DoAnTotNghiep\V-Shield-2.0\View\src\pages\Vehicles.vue","120"
"user-id","html-class","C:\DoAnTotNghiep\V-Shield-2.0\View\src\pages\Vehicles.vue","121"
"desc-text","html-class","C:\DoAnTotNghiep\V-Shield-2.0\View\src\pages\Vehicles.vue","126"
"text-right","html-class","C:\DoAnTotNghiep\V-Shield-2.0\View\src\pages\Vehicles.vue","128"
"action-menu","html-class","C:\DoAnTotNghiep\V-Shield-2.0\View\src\pages\Vehicles.vue","129"
"icon-btn","html-class","C:\DoAnTotNghiep\V-Shield-2.0\View\src\pages\Vehicles.vue","130"
"icon-btn danger","html-class","C:\DoAnTotNghiep\V-Shield-2.0\View\src\pages\Vehicles.vue","133"
"empty-layout","html-class","C:\DoAnTotNghiep\V-Shield-2.0\View\src\pages\Vehicles.vue","140"
"pagination-bar","html-class","C:\DoAnTotNghiep\V-Shield-2.0\View\src\pages\Vehicles.vue","149"
"page-buttons","html-class","C:\DoAnTotNghiep\V-Shield-2.0\View\src\pages\Vehicles.vue","151"
"page-btn","html-class","C:\DoAnTotNghiep\V-Shield-2.0\View\src\pages\Vehicles.vue","152"
"page-btn","html-class","C:\DoAnTotNghiep\V-Shield-2.0\View\src\pages\Vehicles.vue","153"
"page-btn","html-class","C:\DoAnTotNghiep\V-Shield-2.0\View\src\pages\Vehicles.vue","154"
"modal-backdrop","html-class","C:\DoAnTotNghiep\V-Shield-2.0\View\src\pages\Vehicles.vue","161"
"modern-modal","html-class","C:\DoAnTotNghiep\V-Shield-2.0\View\src\pages\Vehicles.vue","162"
"modal-top","html-class","C:\DoAnTotNghiep\V-Shield-2.0\View\src\pages\Vehicles.vue","163"
"icon-close","html-class","C:\DoAnTotNghiep\V-Shield-2.0\View\src\pages\Vehicles.vue","165"
"modal-body","html-class","C:\DoAnTotNghiep\V-Shield-2.0\View\src\pages\Vehicles.vue","168"
"grid-2","html-class","C:\DoAnTotNghiep\V-Shield-2.0\View\src\pages\Vehicles.vue","169"
"input-pane","html-class","C:\DoAnTotNghiep\V-Shield-2.0\View\src\pages\Vehicles.vue","170"
"req","html-class","C:\DoAnTotNghiep\V-Shield-2.0\View\src\pages\Vehicles.vue","171"
"sleek-input","html-class","C:\DoAnTotNghiep\V-Shield-2.0\View\src\pages\Vehicles.vue","172"
"{ 'input-error': plateValidation.touched && !plateValidation.isValid, 'input-success': plateValidation.isValid }","html-class","C:\DoAnTotNghiep\V-Shield-2.0\View\src\pages\Vehicles.vue","173"
"plate-feedback","html-class","C:\DoAnTotNghiep\V-Shield-2.0\View\src\pages\Vehicles.vue","176"
"feedback-success","html-class","C:\DoAnTotNghiep\V-Shield-2.0\View\src\pages\Vehicles.vue","177"
"feedback-corrected","html-class","C:\DoAnTotNghiep\V-Shield-2.0\View\src\pages\Vehicles.vue","180"
"feedback-error","html-class","C:\DoAnTotNghiep\V-Shield-2.0\View\src\pages\Vehicles.vue","182"
"input-pane","html-class","C:\DoAnTotNghiep\V-Shield-2.0\View\src\pages\Vehicles.vue","188"
"sleek-select","html-class","C:\DoAnTotNghiep\V-Shield-2.0\View\src\pages\Vehicles.vue","190"
"field-note","html-class","C:\DoAnTotNghiep\V-Shield-2.0\View\src\pages\Vehicles.vue","196"
"input-pane","html-class","C:\DoAnTotNghiep\V-Shield-2.0\View\src\pages\Vehicles.vue","198"
"auto-detected-type","html-class","C:\DoAnTotNghiep\V-Shield-2.0\View\src\pages\Vehicles.vue","200"
"input-pane","html-class","C:\DoAnTotNghiep\V-Shield-2.0\View\src\pages\Vehicles.vue","207"
"req","html-class","C:\DoAnTotNghiep\V-Shield-2.0\View\src\pages\Vehicles.vue","208"
"combobox-wrapper","html-class","C:\DoAnTotNghiep\V-Shield-2.0\View\src\pages\Vehicles.vue","209"
"input-with-avatar","html-class","C:\DoAnTotNghiep\V-Shield-2.0\View\src\pages\Vehicles.vue","210"
"selected-avatar-preview","html-class","C:\DoAnTotNghiep\V-Shield-2.0\View\src\pages\Vehicles.vue","211"
"avatar-img avatar-mini-inline","html-class","C:\DoAnTotNghiep\V-Shield-2.0\View\src\pages\Vehicles.vue","215"
"avatar mini avatar-mini-inline","html-class","C:\DoAnTotNghiep\V-Shield-2.0\View\src\pages\Vehicles.vue","220"
"sleek-input combobox-input","html-class","C:\DoAnTotNghiep\V-Shield-2.0\View\src\pages\Vehicles.vue","230"
"{ 'has-avatar': selectedOwnerEmployee && !showOwnerDropdown }","html-class","C:\DoAnTotNghiep\V-Shield-2.0\View\src\pages\Vehicles.vue","231"
"dropdown-icon","html-class","C:\DoAnTotNghiep\V-Shield-2.0\View\src\pages\Vehicles.vue","239"
"combobox-dropdown","html-class","C:\DoAnTotNghiep\V-Shield-2.0\View\src\pages\Vehicles.vue","243"
"no-results","html-class","C:\DoAnTotNghiep\V-Shield-2.0\View\src\pages\Vehicles.vue","244"
"combobox-item","html-class","C:\DoAnTotNghiep\V-Shield-2.0\View\src\pages\Vehicles.vue","251"
"{ selected: form.employeeId === emp.employeeId }","html-class","C:\DoAnTotNghiep\V-Shield-2.0\View\src\pages\Vehicles.vue","252"
"avatar-img avatar-img-mini","html-class","C:\DoAnTotNghiep\V-Shield-2.0\View\src\pages\Vehicles.vue","258"
"avatar mini","html-class","C:\DoAnTotNghiep\V-Shield-2.0\View\src\pages\Vehicles.vue","263"
"emp-details","html-class","C:\DoAnTotNghiep\V-Shield-2.0\View\src\pages\Vehicles.vue","269"
"emp-name","html-class","C:\DoAnTotNghiep\V-Shield-2.0\View\src\pages\Vehicles.vue","270"
"emp-meta","html-class","C:\DoAnTotNghiep\V-Shield-2.0\View\src\pages\Vehicles.vue","271"
"input-pane","html-class","C:\DoAnTotNghiep\V-Shield-2.0\View\src\pages\Vehicles.vue","281"
"sleek-input","html-class","C:\DoAnTotNghiep\V-Shield-2.0\View\src\pages\Vehicles.vue","283"
"char-count","html-class","C:\DoAnTotNghiep\V-Shield-2.0\View\src\pages\Vehicles.vue","284"
"alert-box error","html-class","C:\DoAnTotNghiep\V-Shield-2.0\View\src\pages\Vehicles.vue","287"
"modal-actions mt-4","html-class","C:\DoAnTotNghiep\V-Shield-2.0\View\src\pages\Vehicles.vue","289"
"btn btn-secondary","html-class","C:\DoAnTotNghiep\V-Shield-2.0\View\src\pages\Vehicles.vue","290"
"btn btn-primary","html-class","C:\DoAnTotNghiep\V-Shield-2.0\View\src\pages\Vehicles.vue","291"
"spinner-sm","html-class","C:\DoAnTotNghiep\V-Shield-2.0\View\src\pages\Vehicles.vue","292"
"modal-backdrop","html-class","C:\DoAnTotNghiep\V-Shield-2.0\View\src\pages\Vehicles.vue","303"
"modern-modal mini","html-class","C:\DoAnTotNghiep\V-Shield-2.0\View\src\pages\Vehicles.vue","304"
"modal-body text-center","html-class","C:\DoAnTotNghiep\V-Shield-2.0\View\src\pages\Vehicles.vue","305"
"warning-icon","html-class","C:\DoAnTotNghiep\V-Shield-2.0\View\src\pages\Vehicles.vue","306"
"modal-actions","html-class","C:\DoAnTotNghiep\V-Shield-2.0\View\src\pages\Vehicles.vue","311"
"btn btn-secondary","html-class","C:\DoAnTotNghiep\V-Shield-2.0\View\src\pages\Vehicles.vue","312"
"executeDelete","json-key","C:\DoAnTotNghiep\V-Shield-2.0\View\src\pages\Vehicles.vue","313"
"btn btn-danger","html-class","C:\DoAnTotNghiep\V-Shield-2.0\View\src\pages\Vehicles.vue","313"
"spinner-sm","html-class","C:\DoAnTotNghiep\V-Shield-2.0\View\src\pages\Vehicles.vue","314"
"toast-card","html-class","C:\DoAnTotNghiep\V-Shield-2.0\View\src\pages\Vehicles.vue","324"
"getResolvedPlateApiBaseUrl","js-func","C:\DoAnTotNghiep\V-Shield-2.0\View\src\services\biensoApi.js","179"
"scanGate","js-func","C:\DoAnTotNghiep\V-Shield-2.0\View\src\services\thonghanhAPI.js","11"
"scanGuest","js-func","C:\DoAnTotNghiep\V-Shield-2.0\View\src\services\thonghanhAPI.js","15"
"logout","js-func","C:\DoAnTotNghiep\V-Shield-2.0\View\src\stores\auth.js","34"
"isLoggedIn","js-func","C:\DoAnTotNghiep\V-Shield-2.0\View\src\stores\auth.js","42"
"hasRole","js-func","C:\DoAnTotNghiep\V-Shield-2.0\View\src\stores\auth.js","47"
"optimizeAndValidatePlate","js-func","C:\DoAnTotNghiep\V-Shield-2.0\View\src\utils\licensePlateValidator.js","23"
"validatePlateFormat","js-func","C:\DoAnTotNghiep\V-Shield-2.0\View\src\utils\licensePlateValidator.js","97"
"getVehicleTypeLabel","js-func","C:\DoAnTotNghiep\V-Shield-2.0\View\src\utils\licensePlateValidator.js","118"
"normalizeVietnameseName","js-func","C:\DoAnTotNghiep\V-Shield-2.0\View\src\utils\nameValidator.js","32"
"validateVietnameseName","js-func","C:\DoAnTotNghiep\V-Shield-2.0\View\src\utils\nameValidator.js","51"
