"Name","ReferenceCount","FileCount","SampleRefs"
"get_font","2","1","C:\DoAnTotNghiep\V-Shield-2.0\AI_Project\AI_An_Ninh\app.py | C:\DoAnTotNghiep\V-Shield-2.0\AI_Project\AI_An_Ninh\app.py"
"normalize_ui_text","14","1","C:\DoAnTotNghiep\V-Shield-2.0\AI_Project\AI_An_Ninh\app.py | C:\DoAnTotNghiep\V-Shield-2.0\AI_Project\AI_An_Ninh\app.py | C:\DoAnTotNghiep\V-Shield-2.0\AI_Project\AI_An_Ninh\app.py | C:\DoAnTotNghiep\V-Shield-2.0\AI_Project\AI_An_Ninh\app.py | C:\DoAnTotNghiep\V-Shield-2.0\AI_Project\AI_An_Ninh\app.py"
"bgr_to_rgb","2","1","C:\DoAnTotNghiep\V-Shield-2.0\AI_Project\AI_An_Ninh\app.py | C:\DoAnTotNghiep\V-Shield-2.0\AI_Project\AI_An_Ninh\app.py"
"action_key","8","1","C:\DoAnTotNghiep\V-Shield-2.0\AI_Project\AI_An_Ninh\app.py | C:\DoAnTotNghiep\V-Shield-2.0\AI_Project\AI_An_Ninh\app.py | C:\DoAnTotNghiep\V-Shield-2.0\AI_Project\AI_An_Ninh\app.py | C:\DoAnTotNghiep\V-Shield-2.0\AI_Project\AI_An_Ninh\app.py | C:\DoAnTotNghiep\V-Shield-2.0\AI_Project\AI_An_Ninh\app.py"
"adjust_action_score","10","1","C:\DoAnTotNghiep\V-Shield-2.0\AI_Project\AI_An_Ninh\app.py | C:\DoAnTotNghiep\V-Shield-2.0\AI_Project\AI_An_Ninh\app.py | C:\DoAnTotNghiep\V-Shield-2.0\AI_Project\AI_An_Ninh\app.py | C:\DoAnTotNghiep\V-Shield-2.0\AI_Project\AI_An_Ninh\app.py | C:\DoAnTotNghiep\V-Shield-2.0\AI_Project\AI_An_Ninh\app.py"
"pick_first_existing","2","1","C:\DoAnTotNghiep\V-Shield-2.0\AI_Project\AI_An_Ninh\app.py | C:\DoAnTotNghiep\V-Shield-2.0\AI_Project\AI_An_Ninh\app.py"
"adaptive_infer_size","3","1","C:\DoAnTotNghiep\V-Shield-2.0\AI_Project\AI_An_Ninh\app.py | C:\DoAnTotNghiep\V-Shield-2.0\AI_Project\AI_An_Ninh\app.py | C:\DoAnTotNghiep\V-Shield-2.0\AI_Project\AI_An_Ninh\app.py"
"gamma_lut","2","1","C:\DoAnTotNghiep\V-Shield-2.0\AI_Project\AI_An_Ninh\app.py | C:\DoAnTotNghiep\V-Shield-2.0\AI_Project\AI_An_Ninh\app.py"
"clahe_filter","2","1","C:\DoAnTotNghiep\V-Shield-2.0\AI_Project\AI_An_Ninh\app.py | C:\DoAnTotNghiep\V-Shield-2.0\AI_Project\AI_An_Ninh\app.py"
"person_pose_profile","2","1","C:\DoAnTotNghiep\V-Shield-2.0\AI_Project\AI_An_Ninh\app.py | C:\DoAnTotNghiep\V-Shield-2.0\AI_Project\AI_An_Ninh\app.py"
"PersonState","6","1","C:\DoAnTotNghiep\V-Shield-2.0\AI_Project\AI_An_Ninh\app.py | C:\DoAnTotNghiep\V-Shield-2.0\AI_Project\AI_An_Ninh\app.py | C:\DoAnTotNghiep\V-Shield-2.0\AI_Project\AI_An_Ninh\app.py | C:\DoAnTotNghiep\V-Shield-2.0\AI_Project\AI_An_Ninh\app.py | C:\DoAnTotNghiep\V-Shield-2.0\AI_Project\AI_An_Ninh\app.py"
"draw_unicode_texts","2","1","C:\DoAnTotNghiep\V-Shield-2.0\AI_Project\AI_An_Ninh\app.py | C:\DoAnTotNghiep\V-Shield-2.0\AI_Project\AI_An_Ninh\app.py"
"draw_box","4","1","C:\DoAnTotNghiep\V-Shield-2.0\AI_Project\AI_An_Ninh\app.py | C:\DoAnTotNghiep\V-Shield-2.0\AI_Project\AI_An_Ninh\app.py | C:\DoAnTotNghiep\V-Shield-2.0\AI_Project\AI_An_Ninh\app.py | C:\DoAnTotNghiep\V-Shield-2.0\AI_Project\AI_An_Ninh\app.py"
"preprocess_low_light","2","1","C:\DoAnTotNghiep\V-Shield-2.0\AI_Project\AI_An_Ninh\app.py | C:\DoAnTotNghiep\V-Shield-2.0\AI_Project\AI_An_Ninh\app.py"
"save_snapshot","3","1","C:\DoAnTotNghiep\V-Shield-2.0\AI_Project\AI_An_Ninh\app.py | C:\DoAnTotNghiep\V-Shield-2.0\AI_Project\AI_An_Ninh\app.py | C:\DoAnTotNghiep\V-Shield-2.0\AI_Project\AI_An_Ninh\app.py"
"save_debug_alert_snapshot","2","1","C:\DoAnTotNghiep\V-Shield-2.0\AI_Project\AI_An_Ninh\app.py | C:\DoAnTotNghiep\V-Shield-2.0\AI_Project\AI_An_Ninh\app.py"
"_build_fire_smoke_engine_class","2","1","C:\DoAnTotNghiep\V-Shield-2.0\AI_Project\AI_An_Ninh\app.py | C:\DoAnTotNghiep\V-Shield-2.0\AI_Project\AI_An_Ninh\app.py"
"roi_flicker_score","3","1","C:\DoAnTotNghiep\V-Shield-2.0\AI_Project\AI_An_Ninh\app.py | C:\DoAnTotNghiep\V-Shield-2.0\AI_Project\AI_An_Ninh\app.py | C:\DoAnTotNghiep\V-Shield-2.0\AI_Project\AI_An_Ninh\app.py"
"clamp","23","1","C:\DoAnTotNghiep\V-Shield-2.0\AI_Project\AI_An_Ninh\app.py | C:\DoAnTotNghiep\V-Shield-2.0\AI_Project\AI_An_Ninh\app.py | C:\DoAnTotNghiep\V-Shield-2.0\AI_Project\AI_An_Ninh\app.py | C:\DoAnTotNghiep\V-Shield-2.0\AI_Project\AI_An_Ninh\app.py | C:\DoAnTotNghiep\V-Shield-2.0\AI_Project\AI_An_Ninh\app.py"
"box_iou","5","1","C:\DoAnTotNghiep\V-Shield-2.0\AI_Project\AI_An_Ninh\app.py | C:\DoAnTotNghiep\V-Shield-2.0\AI_Project\AI_An_Ninh\app.py | C:\DoAnTotNghiep\V-Shield-2.0\AI_Project\AI_An_Ninh\app.py | C:\DoAnTotNghiep\V-Shield-2.0\AI_Project\AI_An_Ninh\app.py | C:\DoAnTotNghiep\V-Shield-2.0\AI_Project\AI_An_Ninh\app.py"
"box_centroid","9","1","C:\DoAnTotNghiep\V-Shield-2.0\AI_Project\AI_An_Ninh\app.py | C:\DoAnTotNghiep\V-Shield-2.0\AI_Project\AI_An_Ninh\app.py | C:\DoAnTotNghiep\V-Shield-2.0\AI_Project\AI_An_Ninh\app.py | C:\DoAnTotNghiep\V-Shield-2.0\AI_Project\AI_An_Ninh\app.py | C:\DoAnTotNghiep\V-Shield-2.0\AI_Project\AI_An_Ninh\app.py"
"roi_motion","2","1","C:\DoAnTotNghiep\V-Shield-2.0\AI_Project\AI_An_Ninh\app.py | C:\DoAnTotNghiep\V-Shield-2.0\AI_Project\AI_An_Ninh\app.py"
"roi_texture_score","2","1","C:\DoAnTotNghiep\V-Shield-2.0\AI_Project\AI_An_Ninh\app.py | C:\DoAnTotNghiep\V-Shield-2.0\AI_Project\AI_An_Ninh\app.py"
"roi_blur_score","2","1","C:\DoAnTotNghiep\V-Shield-2.0\AI_Project\AI_An_Ninh\app.py | C:\DoAnTotNghiep\V-Shield-2.0\AI_Project\AI_An_Ninh\app.py"
"extract_edge_features","2","1","C:\DoAnTotNghiep\V-Shield-2.0\AI_Project\AI_An_Ninh\app.py | C:\DoAnTotNghiep\V-Shield-2.0\AI_Project\AI_An_Ninh\app.py"
"fire_color_score","2","1","C:\DoAnTotNghiep\V-Shield-2.0\AI_Project\AI_An_Ninh\app.py | C:\DoAnTotNghiep\V-Shield-2.0\AI_Project\AI_An_Ninh\app.py"
"smoke_color_score","2","1","C:\DoAnTotNghiep\V-Shield-2.0\AI_Project\AI_An_Ninh\app.py | C:\DoAnTotNghiep\V-Shield-2.0\AI_Project\AI_An_Ninh\app.py"
"get_class_name","2","1","C:\DoAnTotNghiep\V-Shield-2.0\AI_Project\AI_An_Ninh\app.py | C:\DoAnTotNghiep\V-Shield-2.0\AI_Project\AI_An_Ninh\app.py"
"fit_image_letterbox","1","1","C:\DoAnTotNghiep\V-Shield-2.0\AI_Project\AI_An_Ninh\app.py"
"Track","6","1","C:\DoAnTotNghiep\V-Shield-2.0\AI_Project\test\app.py | C:\DoAnTotNghiep\V-Shield-2.0\AI_Project\test\app.py | C:\DoAnTotNghiep\V-Shield-2.0\AI_Project\test\app.py | C:\DoAnTotNghiep\V-Shield-2.0\AI_Project\AI_An_Ninh\app.py | C:\DoAnTotNghiep\V-Shield-2.0\AI_Project\AI_An_Ninh\app.py"
"area_var","7","1","C:\DoAnTotNghiep\V-Shield-2.0\AI_Project\AI_An_Ninh\app.py | C:\DoAnTotNghiep\V-Shield-2.0\AI_Project\AI_An_Ninh\app.py | C:\DoAnTotNghiep\V-Shield-2.0\AI_Project\AI_An_Ninh\app.py | C:\DoAnTotNghiep\V-Shield-2.0\AI_Project\AI_An_Ninh\app.py | C:\DoAnTotNghiep\V-Shield-2.0\AI_Project\AI_An_Ninh\app.py"
"__init__","17","1","C:\DoAnTotNghiep\V-Shield-2.0\AI_Project\AI_An_Ninh\train_lstm.py | C:\DoAnTotNghiep\V-Shield-2.0\AI_Project\AI_An_Ninh\train_lstm.py | C:\DoAnTotNghiep\V-Shield-2.0\AI_Project\AI_An_Ninh\app.py | C:\DoAnTotNghiep\V-Shield-2.0\AI_Project\AI_An_Ninh\app.py | C:\DoAnTotNghiep\V-Shield-2.0\AI_Project\AI_An_Ninh\app.py"
"_frame_score","3","1","C:\DoAnTotNghiep\V-Shield-2.0\AI_Project\AI_An_Ninh\app.py | C:\DoAnTotNghiep\V-Shield-2.0\AI_Project\AI_An_Ninh\app.py | C:\DoAnTotNghiep\V-Shield-2.0\AI_Project\AI_An_Ninh\app.py"
"should_instant_confirm","3","1","C:\DoAnTotNghiep\V-Shield-2.0\AI_Project\AI_An_Ninh\app.py | C:\DoAnTotNghiep\V-Shield-2.0\AI_Project\AI_An_Ninh\app.py | C:\DoAnTotNghiep\V-Shield-2.0\AI_Project\AI_An_Ninh\app.py"
"update","46","1","C:\DoAnTotNghiep\V-Shield-2.0\AI_Project\test\app.py | C:\DoAnTotNghiep\V-Shield-2.0\AI_Project\test\app.py | C:\DoAnTotNghiep\V-Shield-2.0\taomoitruong.bat | C:\DoAnTotNghiep\V-Shield-2.0\taomoitruong.bat | C:\DoAnTotNghiep\V-Shield-2.0\taomoitruong.bat"
"miss","3","1","C:\DoAnTotNghiep\V-Shield-2.0\AI_Project\AI_An_Ninh\app.py | C:\DoAnTotNghiep\V-Shield-2.0\AI_Project\AI_An_Ninh\app.py | C:\DoAnTotNghiep\V-Shield-2.0\AI_Project\AI_An_Ninh\app.py"
"motion_avg","5","1","C:\DoAnTotNghiep\V-Shield-2.0\AI_Project\AI_An_Ninh\app.py | C:\DoAnTotNghiep\V-Shield-2.0\AI_Project\AI_An_Ninh\app.py | C:\DoAnTotNghiep\V-Shield-2.0\AI_Project\AI_An_Ninh\app.py | C:\DoAnTotNghiep\V-Shield-2.0\AI_Project\AI_An_Ninh\app.py | C:\DoAnTotNghiep\V-Shield-2.0\AI_Project\AI_An_Ninh\app.py"
"motion_var","2","1","C:\DoAnTotNghiep\V-Shield-2.0\AI_Project\AI_An_Ninh\app.py | C:\DoAnTotNghiep\V-Shield-2.0\AI_Project\AI_An_Ninh\app.py"
"motion_trend","2","1","C:\DoAnTotNghiep\V-Shield-2.0\AI_Project\AI_An_Ninh\app.py | C:\DoAnTotNghiep\V-Shield-2.0\AI_Project\AI_An_Ninh\app.py"
"motion_consistency","4","1","C:\DoAnTotNghiep\V-Shield-2.0\AI_Project\AI_An_Ninh\app.py | C:\DoAnTotNghiep\V-Shield-2.0\AI_Project\AI_An_Ninh\app.py | C:\DoAnTotNghiep\V-Shield-2.0\AI_Project\AI_An_Ninh\app.py | C:\DoAnTotNghiep\V-Shield-2.0\AI_Project\AI_An_Ninh\app.py"
"motion_linearity","4","1","C:\DoAnTotNghiep\V-Shield-2.0\AI_Project\AI_An_Ninh\app.py | C:\DoAnTotNghiep\V-Shield-2.0\AI_Project\AI_An_Ninh\app.py | C:\DoAnTotNghiep\V-Shield-2.0\AI_Project\AI_An_Ninh\app.py | C:\DoAnTotNghiep\V-Shield-2.0\AI_Project\AI_An_Ninh\app.py"
"color_avg","6","1","C:\DoAnTotNghiep\V-Shield-2.0\AI_Project\AI_An_Ninh\app.py | C:\DoAnTotNghiep\V-Shield-2.0\AI_Project\AI_An_Ninh\app.py | C:\DoAnTotNghiep\V-Shield-2.0\AI_Project\AI_An_Ninh\app.py | C:\DoAnTotNghiep\V-Shield-2.0\AI_Project\AI_An_Ninh\app.py | C:\DoAnTotNghiep\V-Shield-2.0\AI_Project\AI_An_Ninh\app.py"
"texture_avg","8","1","C:\DoAnTotNghiep\V-Shield-2.0\AI_Project\AI_An_Ninh\app.py | C:\DoAnTotNghiep\V-Shield-2.0\AI_Project\AI_An_Ninh\app.py | C:\DoAnTotNghiep\V-Shield-2.0\AI_Project\AI_An_Ninh\app.py | C:\DoAnTotNghiep\V-Shield-2.0\AI_Project\AI_An_Ninh\app.py | C:\DoAnTotNghiep\V-Shield-2.0\AI_Project\AI_An_Ninh\app.py"
"blur_avg","7","1","C:\DoAnTotNghiep\V-Shield-2.0\AI_Project\AI_An_Ninh\app.py | C:\DoAnTotNghiep\V-Shield-2.0\AI_Project\AI_An_Ninh\app.py | C:\DoAnTotNghiep\V-Shield-2.0\AI_Project\AI_An_Ninh\app.py | C:\DoAnTotNghiep\V-Shield-2.0\AI_Project\AI_An_Ninh\app.py | C:\DoAnTotNghiep\V-Shield-2.0\AI_Project\AI_An_Ninh\app.py"
"centroid_disp","2","1","C:\DoAnTotNghiep\V-Shield-2.0\AI_Project\AI_An_Ninh\app.py | C:\DoAnTotNghiep\V-Shield-2.0\AI_Project\AI_An_Ninh\app.py"
"aspect_ratio_var","3","1","C:\DoAnTotNghiep\V-Shield-2.0\AI_Project\AI_An_Ninh\app.py | C:\DoAnTotNghiep\V-Shield-2.0\AI_Project\AI_An_Ninh\app.py | C:\DoAnTotNghiep\V-Shield-2.0\AI_Project\AI_An_Ninh\app.py"
"shape_stability_score","4","1","C:\DoAnTotNghiep\V-Shield-2.0\AI_Project\AI_An_Ninh\app.py | C:\DoAnTotNghiep\V-Shield-2.0\AI_Project\AI_An_Ninh\app.py | C:\DoAnTotNghiep\V-Shield-2.0\AI_Project\AI_An_Ninh\app.py | C:\DoAnTotNghiep\V-Shield-2.0\AI_Project\AI_An_Ninh\app.py"
"boundary_consistency_score","7","1","C:\DoAnTotNghiep\V-Shield-2.0\AI_Project\AI_An_Ninh\app.py | C:\DoAnTotNghiep\V-Shield-2.0\AI_Project\AI_An_Ninh\app.py | C:\DoAnTotNghiep\V-Shield-2.0\AI_Project\AI_An_Ninh\app.py | C:\DoAnTotNghiep\V-Shield-2.0\AI_Project\AI_An_Ninh\app.py | C:\DoAnTotNghiep\V-Shield-2.0\AI_Project\AI_An_Ninh\app.py"
"color_variance","3","1","C:\DoAnTotNghiep\V-Shield-2.0\AI_Project\AI_An_Ninh\app.py | C:\DoAnTotNghiep\V-Shield-2.0\AI_Project\AI_An_Ninh\app.py | C:\DoAnTotNghiep\V-Shield-2.0\AI_Project\AI_An_Ninh\app.py"
"should_confirm","2","1","C:\DoAnTotNghiep\V-Shield-2.0\AI_Project\AI_An_Ninh\app.py | C:\DoAnTotNghiep\V-Shield-2.0\AI_Project\AI_An_Ninh\app.py"
"should_release","2","1","C:\DoAnTotNghiep\V-Shield-2.0\AI_Project\AI_An_Ninh\app.py | C:\DoAnTotNghiep\V-Shield-2.0\AI_Project\AI_An_Ninh\app.py"
"TrackManager","4","1","C:\DoAnTotNghiep\V-Shield-2.0\AI_Project\AI_An_Ninh\app.py | C:\DoAnTotNghiep\V-Shield-2.0\AI_Project\AI_An_Ninh\app.py | C:\DoAnTotNghiep\V-Shield-2.0\AI_Project\AI_An_Ninh\app.py | C:\DoAnTotNghiep\V-Shield-2.0\AI_Project\AI_An_Ninh\app.py"
"_decay_recent_fire_regions","2","1","C:\DoAnTotNghiep\V-Shield-2.0\AI_Project\AI_An_Ninh\app.py | C:\DoAnTotNghiep\V-Shield-2.0\AI_Project\AI_An_Ninh\app.py"
"_remember_fire_region","2","1","C:\DoAnTotNghiep\V-Shield-2.0\AI_Project\AI_An_Ninh\app.py | C:\DoAnTotNghiep\V-Shield-2.0\AI_Project\AI_An_Ninh\app.py"
"_near_recent_fire","2","1","C:\DoAnTotNghiep\V-Shield-2.0\AI_Project\AI_An_Ninh\app.py | C:\DoAnTotNghiep\V-Shield-2.0\AI_Project\AI_An_Ninh\app.py"
"FireSmokeEngine","4","1","C:\DoAnTotNghiep\V-Shield-2.0\AI_Project\AI_An_Ninh\app.py | C:\DoAnTotNghiep\V-Shield-2.0\AI_Project\AI_An_Ninh\app.py | C:\DoAnTotNghiep\V-Shield-2.0\AI_Project\AI_An_Ninh\app.py | C:\DoAnTotNghiep\V-Shield-2.0\AI_Project\AI_An_Ninh\app.py"
"reset","63","1","C:\DoAnTotNghiep\V-Shield-2.0\AI_Project\AI_An_Ninh\app.py | C:\DoAnTotNghiep\V-Shield-2.0\AI_Project\AI_An_Ninh\app.py | C:\DoAnTotNghiep\V-Shield-2.0\AI_Project\AI_An_Ninh\app.py | C:\DoAnTotNghiep\V-Shield-2.0\AI_Project\AI_An_Ninh\app.py | C:\DoAnTotNghiep\V-Shield-2.0\AI_Project\QR_Dong\QR_Dong.py"
"process","44","1","C:\DoAnTotNghiep\V-Shield-2.0\README.md | C:\DoAnTotNghiep\V-Shield-2.0\AI_Project\AI_An_Ninh\app.py | C:\DoAnTotNghiep\V-Shield-2.0\AI_Project\AI_An_Ninh\app.py | C:\DoAnTotNghiep\V-Shield-2.0\AI_Project\AI_An_Ninh\app.py | C:\DoAnTotNghiep\V-Shield-2.0\View\vite.config.js"
"point_from_kp","25","1","C:\DoAnTotNghiep\V-Shield-2.0\AI_Project\AI_An_Ninh\app.py | C:\DoAnTotNghiep\V-Shield-2.0\AI_Project\AI_An_Ninh\app.py | C:\DoAnTotNghiep\V-Shield-2.0\AI_Project\AI_An_Ninh\app.py | C:\DoAnTotNghiep\V-Shield-2.0\AI_Project\AI_An_Ninh\app.py | C:\DoAnTotNghiep\V-Shield-2.0\AI_Project\AI_An_Ninh\app.py"
"count_valid_points","9","1","C:\DoAnTotNghiep\V-Shield-2.0\AI_Project\AI_An_Ninh\app.py | C:\DoAnTotNghiep\V-Shield-2.0\AI_Project\AI_An_Ninh\app.py | C:\DoAnTotNghiep\V-Shield-2.0\AI_Project\AI_An_Ninh\app.py | C:\DoAnTotNghiep\V-Shield-2.0\AI_Project\AI_An_Ninh\app.py | C:\DoAnTotNghiep\V-Shield-2.0\AI_Project\AI_An_Ninh\app.py"
"angle_3pts","5","1","C:\DoAnTotNghiep\V-Shield-2.0\AI_Project\AI_An_Ninh\app.py | C:\DoAnTotNghiep\V-Shield-2.0\AI_Project\AI_An_Ninh\app.py | C:\DoAnTotNghiep\V-Shield-2.0\AI_Project\AI_An_Ninh\app.py | C:\DoAnTotNghiep\V-Shield-2.0\AI_Project\AI_An_Ninh\app.py | C:\DoAnTotNghiep\V-Shield-2.0\AI_Project\AI_An_Ninh\app.py"
"torso_angle_and_center","2","1","C:\DoAnTotNghiep\V-Shield-2.0\AI_Project\AI_An_Ninh\app.py | C:\DoAnTotNghiep\V-Shield-2.0\AI_Project\AI_An_Ninh\app.py"
"posture_from_features","2","1","C:\DoAnTotNghiep\V-Shield-2.0\AI_Project\AI_An_Ninh\app.py | C:\DoAnTotNghiep\V-Shield-2.0\AI_Project\AI_An_Ninh\app.py"
"signed_alternation_ratio","2","1","C:\DoAnTotNghiep\V-Shield-2.0\AI_Project\AI_An_Ninh\app.py | C:\DoAnTotNghiep\V-Shield-2.0\AI_Project\AI_An_Ninh\app.py"
"robust_slope","4","1","C:\DoAnTotNghiep\V-Shield-2.0\AI_Project\AI_An_Ninh\app.py | C:\DoAnTotNghiep\V-Shield-2.0\AI_Project\AI_An_Ninh\app.py | C:\DoAnTotNghiep\V-Shield-2.0\AI_Project\AI_An_Ninh\app.py | C:\DoAnTotNghiep\V-Shield-2.0\AI_Project\AI_An_Ninh\app.py"
"oscillation_strength","2","1","C:\DoAnTotNghiep\V-Shield-2.0\AI_Project\AI_An_Ninh\app.py | C:\DoAnTotNghiep\V-Shield-2.0\AI_Project\AI_An_Ninh\app.py"
"ratio_true","9","1","C:\DoAnTotNghiep\V-Shield-2.0\AI_Project\AI_An_Ninh\app.py | C:\DoAnTotNghiep\V-Shield-2.0\AI_Project\AI_An_Ninh\app.py | C:\DoAnTotNghiep\V-Shield-2.0\AI_Project\AI_An_Ninh\app.py | C:\DoAnTotNghiep\V-Shield-2.0\AI_Project\AI_An_Ninh\app.py | C:\DoAnTotNghiep\V-Shield-2.0\AI_Project\AI_An_Ninh\app.py"
"recent_mean","4","1","C:\DoAnTotNghiep\V-Shield-2.0\AI_Project\AI_An_Ninh\app.py | C:\DoAnTotNghiep\V-Shield-2.0\AI_Project\AI_An_Ninh\app.py | C:\DoAnTotNghiep\V-Shield-2.0\AI_Project\AI_An_Ninh\app.py | C:\DoAnTotNghiep\V-Shield-2.0\AI_Project\AI_An_Ninh\app.py"
"recent_peak","4","1","C:\DoAnTotNghiep\V-Shield-2.0\AI_Project\AI_An_Ninh\app.py | C:\DoAnTotNghiep\V-Shield-2.0\AI_Project\AI_An_Ninh\app.py | C:\DoAnTotNghiep\V-Shield-2.0\AI_Project\AI_An_Ninh\app.py | C:\DoAnTotNghiep\V-Shield-2.0\AI_Project\AI_An_Ninh\app.py"
"estimate_camera_motion_rel","2","1","C:\DoAnTotNghiep\V-Shield-2.0\AI_Project\AI_An_Ninh\app.py | C:\DoAnTotNghiep\V-Shield-2.0\AI_Project\AI_An_Ninh\app.py"
"overlap_ratio_1d","6","1","C:\DoAnTotNghiep\V-Shield-2.0\AI_Project\AI_An_Ninh\app.py | C:\DoAnTotNghiep\V-Shield-2.0\AI_Project\AI_An_Ninh\app.py | C:\DoAnTotNghiep\V-Shield-2.0\AI_Project\AI_An_Ninh\app.py | C:\DoAnTotNghiep\V-Shield-2.0\AI_Project\AI_An_Ninh\app.py | C:\DoAnTotNghiep\V-Shield-2.0\AI_Project\AI_An_Ninh\app.py"
"point_in_expanded_box","2","1","C:\DoAnTotNghiep\V-Shield-2.0\AI_Project\AI_An_Ninh\app.py | C:\DoAnTotNghiep\V-Shield-2.0\AI_Project\AI_An_Ninh\app.py"
"point_in_norm_zones","2","1","C:\DoAnTotNghiep\V-Shield-2.0\AI_Project\AI_An_Ninh\app.py | C:\DoAnTotNghiep\V-Shield-2.0\AI_Project\AI_An_Ninh\app.py"
"recent_vector","3","1","C:\DoAnTotNghiep\V-Shield-2.0\AI_Project\AI_An_Ninh\app.py | C:\DoAnTotNghiep\V-Shield-2.0\AI_Project\AI_An_Ninh\app.py | C:\DoAnTotNghiep\V-Shield-2.0\AI_Project\AI_An_Ninh\app.py"
"unit_vector","3","1","C:\DoAnTotNghiep\V-Shield-2.0\AI_Project\AI_An_Ninh\app.py | C:\DoAnTotNghiep\V-Shield-2.0\AI_Project\AI_An_Ninh\app.py | C:\DoAnTotNghiep\V-Shield-2.0\AI_Project\AI_An_Ninh\app.py"
"projected_speed","3","1","C:\DoAnTotNghiep\V-Shield-2.0\AI_Project\AI_An_Ninh\app.py | C:\DoAnTotNghiep\V-Shield-2.0\AI_Project\AI_An_Ninh\app.py | C:\DoAnTotNghiep\V-Shield-2.0\AI_Project\AI_An_Ninh\app.py"
"local_crowd_count","1","1","C:\DoAnTotNghiep\V-Shield-2.0\AI_Project\AI_An_Ninh\app.py"
"bbox_edge_flags","3","1","C:\DoAnTotNghiep\V-Shield-2.0\AI_Project\AI_An_Ninh\app.py | C:\DoAnTotNghiep\V-Shield-2.0\AI_Project\AI_An_Ninh\app.py | C:\DoAnTotNghiep\V-Shield-2.0\AI_Project\AI_An_Ninh\app.py"
"fall_ground_signature","3","1","C:\DoAnTotNghiep\V-Shield-2.0\AI_Project\AI_An_Ninh\app.py | C:\DoAnTotNghiep\V-Shield-2.0\AI_Project\AI_An_Ninh\app.py | C:\DoAnTotNghiep\V-Shield-2.0\AI_Project\AI_An_Ninh\app.py"
"bbox_motion_signature","2","1","C:\DoAnTotNghiep\V-Shield-2.0\AI_Project\AI_An_Ninh\app.py | C:\DoAnTotNghiep\V-Shield-2.0\AI_Project\AI_An_Ninh\app.py"
"trajectory_motion_signature","2","1","C:\DoAnTotNghiep\V-Shield-2.0\AI_Project\AI_An_Ninh\app.py | C:\DoAnTotNghiep\V-Shield-2.0\AI_Project\AI_An_Ninh\app.py"
"bbox_iou","3","1","C:\DoAnTotNghiep\V-Shield-2.0\AI_Project\AI_An_Ninh\app.py | C:\DoAnTotNghiep\V-Shield-2.0\AI_Project\AI_An_Ninh\app.py | C:\DoAnTotNghiep\V-Shield-2.0\AI_Project\AI_An_Ninh\app.py"
"dominant_id_ratio","3","1","C:\DoAnTotNghiep\V-Shield-2.0\AI_Project\AI_An_Ninh\app.py | C:\DoAnTotNghiep\V-Shield-2.0\AI_Project\AI_An_Ninh\app.py | C:\DoAnTotNghiep\V-Shield-2.0\AI_Project\AI_An_Ninh\app.py"
"analyze_joint_geometry","2","1","C:\DoAnTotNghiep\V-Shield-2.0\AI_Project\AI_An_Ninh\app.py | C:\DoAnTotNghiep\V-Shield-2.0\AI_Project\AI_An_Ninh\app.py"
"detect_holding_pose","1","1","C:\DoAnTotNghiep\V-Shield-2.0\AI_Project\AI_An_Ninh\app.py"
"punch_kick_thresholds","3","1","C:\DoAnTotNghiep\V-Shield-2.0\AI_Project\AI_An_Ninh\app.py | C:\DoAnTotNghiep\V-Shield-2.0\AI_Project\AI_An_Ninh\app.py | C:\DoAnTotNghiep\V-Shield-2.0\AI_Project\AI_An_Ninh\app.py"
"softmax_scores","2","1","C:\DoAnTotNghiep\V-Shield-2.0\AI_Project\AI_An_Ninh\app.py | C:\DoAnTotNghiep\V-Shield-2.0\AI_Project\AI_An_Ninh\app.py"
"MMActionBehaviorEngine","2","1","C:\DoAnTotNghiep\V-Shield-2.0\AI_Project\AI_An_Ninh\app.py | C:\DoAnTotNghiep\V-Shield-2.0\AI_Project\AI_An_Ninh\app.py"
"_patch_missing_localizer","2","1","C:\DoAnTotNghiep\V-Shield-2.0\AI_Project\AI_An_Ninh\app.py | C:\DoAnTotNghiep\V-Shield-2.0\AI_Project\AI_An_Ninh\app.py"
"DRN","4","1","C:\DoAnTotNghiep\V-Shield-2.0\AI_Project\AI_An_Ninh\app.py | C:\DoAnTotNghiep\V-Shield-2.0\AI_Project\AI_An_Ninh\app.py | C:\DoAnTotNghiep\V-Shield-2.0\AI_Project\AI_An_Ninh\app.py | C:\DoAnTotNghiep\V-Shield-2.0\AI_Project\AI_An_Ninh\app.py"
"_crop_person","2","1","C:\DoAnTotNghiep\V-Shield-2.0\AI_Project\AI_An_Ninh\app.py | C:\DoAnTotNghiep\V-Shield-2.0\AI_Project\AI_An_Ninh\app.py"
"_extract_label_scores","2","1","C:\DoAnTotNghiep\V-Shield-2.0\AI_Project\AI_An_Ninh\app.py | C:\DoAnTotNghiep\V-Shield-2.0\AI_Project\AI_An_Ninh\app.py"
"_to_behavior_hint","2","1","C:\DoAnTotNghiep\V-Shield-2.0\AI_Project\AI_An_Ninh\app.py | C:\DoAnTotNghiep\V-Shield-2.0\AI_Project\AI_An_Ninh\app.py"
"update_and_predict","2","1","C:\DoAnTotNghiep\V-Shield-2.0\AI_Project\AI_An_Ninh\app.py | C:\DoAnTotNghiep\V-Shield-2.0\AI_Project\AI_An_Ninh\app.py"
"recent_hint","7","1","C:\DoAnTotNghiep\V-Shield-2.0\AI_Project\AI_An_Ninh\app.py | C:\DoAnTotNghiep\V-Shield-2.0\AI_Project\AI_An_Ninh\app.py | C:\DoAnTotNghiep\V-Shield-2.0\AI_Project\AI_An_Ninh\app.py | C:\DoAnTotNghiep\V-Shield-2.0\AI_Project\AI_An_Ninh\app.py | C:\DoAnTotNghiep\V-Shield-2.0\AI_Project\AI_An_Ninh\app.py"
"open_capture","3","1","C:\DoAnTotNghiep\V-Shield-2.0\AI_Project\AI_An_Ninh\app.py | C:\DoAnTotNghiep\V-Shield-2.0\AI_Project\AI_An_Ninh\app.py | C:\DoAnTotNghiep\V-Shield-2.0\AI_Project\AI_An_Ninh\app.py"
"FallAlarmApp","2","1","C:\DoAnTotNghiep\V-Shield-2.0\AI_Project\AI_An_Ninh\app.py | C:\DoAnTotNghiep\V-Shield-2.0\AI_Project\AI_An_Ninh\app.py"
"_maybe_autostart_on_launch","2","1","C:\DoAnTotNghiep\V-Shield-2.0\AI_Project\AI_An_Ninh\app.py | C:\DoAnTotNghiep\V-Shield-2.0\AI_Project\AI_An_Ninh\app.py"
"_set_status","5","1","C:\DoAnTotNghiep\V-Shield-2.0\AI_Project\AI_An_Ninh\app.py | C:\DoAnTotNghiep\V-Shield-2.0\AI_Project\AI_An_Ninh\app.py | C:\DoAnTotNghiep\V-Shield-2.0\AI_Project\AI_An_Ninh\app.py | C:\DoAnTotNghiep\V-Shield-2.0\AI_Project\AI_An_Ninh\app.py | C:\DoAnTotNghiep\V-Shield-2.0\AI_Project\AI_An_Ninh\app.py"
"apply_status","3","1","C:\DoAnTotNghiep\V-Shield-2.0\AI_Project\AI_An_Ninh\app.py | C:\DoAnTotNghiep\V-Shield-2.0\AI_Project\AI_An_Ninh\app.py | C:\DoAnTotNghiep\V-Shield-2.0\AI_Project\AI_An_Ninh\app.py"
"_timeline_now","2","1","C:\DoAnTotNghiep\V-Shield-2.0\AI_Project\AI_An_Ninh\app.py | C:\DoAnTotNghiep\V-Shield-2.0\AI_Project\AI_An_Ninh\app.py"
"_reset_detection_state","5","1","C:\DoAnTotNghiep\V-Shield-2.0\AI_Project\AI_An_Ninh\app.py | C:\DoAnTotNghiep\V-Shield-2.0\AI_Project\AI_An_Ninh\app.py | C:\DoAnTotNghiep\V-Shield-2.0\AI_Project\AI_An_Ninh\app.py | C:\DoAnTotNghiep\V-Shield-2.0\AI_Project\AI_An_Ninh\app.py | C:\DoAnTotNghiep\V-Shield-2.0\AI_Project\AI_An_Ninh\app.py"
"_prune_recent_fall_events","3","1","C:\DoAnTotNghiep\V-Shield-2.0\AI_Project\AI_An_Ninh\app.py | C:\DoAnTotNghiep\V-Shield-2.0\AI_Project\AI_An_Ninh\app.py | C:\DoAnTotNghiep\V-Shield-2.0\AI_Project\AI_An_Ninh\app.py"
"_remember_recent_fall_event","3","1","C:\DoAnTotNghiep\V-Shield-2.0\AI_Project\AI_An_Ninh\app.py | C:\DoAnTotNghiep\V-Shield-2.0\AI_Project\AI_An_Ninh\app.py | C:\DoAnTotNghiep\V-Shield-2.0\AI_Project\AI_An_Ninh\app.py"
"_match_recent_fall_event","3","1","C:\DoAnTotNghiep\V-Shield-2.0\AI_Project\AI_An_Ninh\app.py | C:\DoAnTotNghiep\V-Shield-2.0\AI_Project\AI_An_Ninh\app.py | C:\DoAnTotNghiep\V-Shield-2.0\AI_Project\AI_An_Ninh\app.py"
"_build_ui","4","1","C:\DoAnTotNghiep\V-Shield-2.0\AI_Project\test\app.py | C:\DoAnTotNghiep\V-Shield-2.0\AI_Project\test\app.py | C:\DoAnTotNghiep\V-Shield-2.0\AI_Project\AI_An_Ninh\app.py | C:\DoAnTotNghiep\V-Shield-2.0\AI_Project\AI_An_Ninh\app.py"
"choose_video","3","1","C:\DoAnTotNghiep\V-Shield-2.0\AI_Project\AI_An_Ninh\app.py | C:\DoAnTotNghiep\V-Shield-2.0\AI_Project\AI_An_Ninh\app.py | C:\DoAnTotNghiep\V-Shield-2.0\AI_Project\AI_An_Ninh\app.py"
"_on_seek_press","2","1","C:\DoAnTotNghiep\V-Shield-2.0\AI_Project\AI_An_Ninh\app.py | C:\DoAnTotNghiep\V-Shield-2.0\AI_Project\AI_An_Ninh\app.py"
"_on_seek_move","2","1","C:\DoAnTotNghiep\V-Shield-2.0\AI_Project\AI_An_Ninh\app.py | C:\DoAnTotNghiep\V-Shield-2.0\AI_Project\AI_An_Ninh\app.py"
"_on_seek_release","2","1","C:\DoAnTotNghiep\V-Shield-2.0\AI_Project\AI_An_Ninh\app.py | C:\DoAnTotNghiep\V-Shield-2.0\AI_Project\AI_An_Ninh\app.py"
"_update_seek_label","5","1","C:\DoAnTotNghiep\V-Shield-2.0\AI_Project\AI_An_Ninh\app.py | C:\DoAnTotNghiep\V-Shield-2.0\AI_Project\AI_An_Ninh\app.py | C:\DoAnTotNghiep\V-Shield-2.0\AI_Project\AI_An_Ninh\app.py | C:\DoAnTotNghiep\V-Shield-2.0\AI_Project\AI_An_Ninh\app.py | C:\DoAnTotNghiep\V-Shield-2.0\AI_Project\AI_An_Ninh\app.py"
"_format_timecode","2","1","C:\DoAnTotNghiep\V-Shield-2.0\AI_Project\AI_An_Ninh\app.py | C:\DoAnTotNghiep\V-Shield-2.0\AI_Project\AI_An_Ninh\app.py"
"_resolve_source","4","1","C:\DoAnTotNghiep\V-Shield-2.0\AI_Project\test\app.py | C:\DoAnTotNghiep\V-Shield-2.0\AI_Project\test\app.py | C:\DoAnTotNghiep\V-Shield-2.0\AI_Project\AI_An_Ninh\app.py | C:\DoAnTotNghiep\V-Shield-2.0\AI_Project\AI_An_Ninh\app.py"
"_play_alarm_once","2","1","C:\DoAnTotNghiep\V-Shield-2.0\AI_Project\AI_An_Ninh\app.py | C:\DoAnTotNghiep\V-Shield-2.0\AI_Project\AI_An_Ninh\app.py"
"_required_stable_frames","2","1","C:\DoAnTotNghiep\V-Shield-2.0\AI_Project\AI_An_Ninh\app.py | C:\DoAnTotNghiep\V-Shield-2.0\AI_Project\AI_An_Ninh\app.py"
"_stabilize_action","3","1","C:\DoAnTotNghiep\V-Shield-2.0\AI_Project\AI_An_Ninh\app.py | C:\DoAnTotNghiep\V-Shield-2.0\AI_Project\AI_An_Ninh\app.py | C:\DoAnTotNghiep\V-Shield-2.0\AI_Project\AI_An_Ninh\app.py"
"start","137","1","C:\DoAnTotNghiep\V-Shield-2.0\start-prod.bat | C:\DoAnTotNghiep\V-Shield-2.0\start.bat | C:\DoAnTotNghiep\V-Shield-2.0\manage.ps1 | C:\DoAnTotNghiep\V-Shield-2.0\manage.ps1 | C:\DoAnTotNghiep\V-Shield-2.0\manage.ps1"
"stop","49","1","C:\DoAnTotNghiep\V-Shield-2.0\README.md | C:\DoAnTotNghiep\V-Shield-2.0\README.md | C:\DoAnTotNghiep\V-Shield-2.0\README.md | C:\DoAnTotNghiep\V-Shield-2.0\manage.ps1 | C:\DoAnTotNghiep\V-Shield-2.0\manage.ps1"
"on_close","2","1","C:\DoAnTotNghiep\V-Shield-2.0\AI_Project\AI_An_Ninh\app.py | C:\DoAnTotNghiep\V-Shield-2.0\AI_Project\AI_An_Ninh\app.py"
"_reconnect_capture","4","1","C:\DoAnTotNghiep\V-Shield-2.0\AI_Project\AI_An_Ninh\app.py | C:\DoAnTotNghiep\V-Shield-2.0\AI_Project\AI_An_Ninh\app.py | C:\DoAnTotNghiep\V-Shield-2.0\AI_Project\AI_An_Ninh\app.py | C:\DoAnTotNghiep\V-Shield-2.0\AI_Project\AI_An_Ninh\app.py"
"_worker_loop","2","1","C:\DoAnTotNghiep\V-Shield-2.0\AI_Project\AI_An_Ninh\app.py | C:\DoAnTotNghiep\V-Shield-2.0\AI_Project\AI_An_Ninh\app.py"
"_classify_person_fallback","2","1","C:\DoAnTotNghiep\V-Shield-2.0\AI_Project\AI_An_Ninh\app.py | C:\DoAnTotNghiep\V-Shield-2.0\AI_Project\AI_An_Ninh\app.py"
"_classify_person","2","1","C:\DoAnTotNghiep\V-Shield-2.0\AI_Project\AI_An_Ninh\app.py | C:\DoAnTotNghiep\V-Shield-2.0\AI_Project\AI_An_Ninh\app.py"
"_detect_bullying_interactions","2","1","C:\DoAnTotNghiep\V-Shield-2.0\AI_Project\AI_An_Ninh\app.py | C:\DoAnTotNghiep\V-Shield-2.0\AI_Project\AI_An_Ninh\app.py"
"_detect_combat_interactions","2","1","C:\DoAnTotNghiep\V-Shield-2.0\AI_Project\AI_An_Ninh\app.py | C:\DoAnTotNghiep\V-Shield-2.0\AI_Project\AI_An_Ninh\app.py"
"_is_hazard_track_plausible","2","1","C:\DoAnTotNghiep\V-Shield-2.0\AI_Project\AI_An_Ninh\app.py | C:\DoAnTotNghiep\V-Shield-2.0\AI_Project\AI_An_Ninh\app.py"
"_filter_hazard_tracks","3","1","C:\DoAnTotNghiep\V-Shield-2.0\AI_Project\AI_An_Ninh\app.py | C:\DoAnTotNghiep\V-Shield-2.0\AI_Project\AI_An_Ninh\app.py | C:\DoAnTotNghiep\V-Shield-2.0\AI_Project\AI_An_Ninh\app.py"
"_process_frame","2","1","C:\DoAnTotNghiep\V-Shield-2.0\AI_Project\AI_An_Ninh\app.py | C:\DoAnTotNghiep\V-Shield-2.0\AI_Project\AI_An_Ninh\app.py"
"preferred_interaction","3","1","C:\DoAnTotNghiep\V-Shield-2.0\AI_Project\AI_An_Ninh\app.py | C:\DoAnTotNghiep\V-Shield-2.0\AI_Project\AI_An_Ninh\app.py | C:\DoAnTotNghiep\V-Shield-2.0\AI_Project\AI_An_Ninh\app.py"
"_refresh_preview","3","1","C:\DoAnTotNghiep\V-Shield-2.0\AI_Project\AI_An_Ninh\app.py | C:\DoAnTotNghiep\V-Shield-2.0\AI_Project\AI_An_Ninh\app.py | C:\DoAnTotNghiep\V-Shield-2.0\AI_Project\AI_An_Ninh\app.py"
"extract_feature","2","1","C:\DoAnTotNghiep\V-Shield-2.0\AI_Project\AI_An_Ninh\build_dataset.py | C:\DoAnTotNghiep\V-Shield-2.0\AI_Project\AI_An_Ninh\build_dataset.py"
"process_video","3","1","C:\DoAnTotNghiep\V-Shield-2.0\AI_Project\AI_An_Ninh\build_dataset.py | C:\DoAnTotNghiep\V-Shield-2.0\AI_Project\AI_An_Ninh\build_dataset.py | C:\DoAnTotNghiep\V-Shield-2.0\AI_Project\AI_An_Ninh\build_dataset.py"
"Model","12","1","C:\DoAnTotNghiep\V-Shield-2.0\AI_Project\test\app.py | C:\DoAnTotNghiep\V-Shield-2.0\AI_Project\test\app.py | C:\DoAnTotNghiep\V-Shield-2.0\AI_Project\test\app.py | C:\DoAnTotNghiep\V-Shield-2.0\AI_Project\test\app.py | C:\DoAnTotNghiep\V-Shield-2.0\AI_Project\AI_An_Ninh\train_lstm.py"
"forward","1","1","C:\DoAnTotNghiep\V-Shield-2.0\AI_Project\AI_An_Ninh\train_lstm.py"
"check_port","3","1","C:\DoAnTotNghiep\V-Shield-2.0\AI_Project\cam\cam_gia_lap\cam_gia_lap.py | C:\DoAnTotNghiep\V-Shield-2.0\AI_Project\cam\cam_gia_lap\cam_gia_lap.py | C:\DoAnTotNghiep\V-Shield-2.0\AI_Project\cam\cam_gia_lap\cam_gia_lap.py"
"MediaMTX","7","1","C:\DoAnTotNghiep\V-Shield-2.0\AI_Project\cam\cam_gia_lap\mediamtx_v1.17.1_windows_amd64\mediamtx.yml | C:\DoAnTotNghiep\V-Shield-2.0\AI_Project\cam\cam_gia_lap\cam_gia_lap.py | C:\DoAnTotNghiep\V-Shield-2.0\AI_Project\cam\cam_gia_lap\cam_gia_lap.py | C:\DoAnTotNghiep\V-Shield-2.0\AI_Project\cam\cam_gia_lap\cam_gia_lap.py | C:\DoAnTotNghiep\V-Shield-2.0\AI_Project\cam\cam_gia_lap\cam_gia_lap.py"
"StreamManager","2","1","C:\DoAnTotNghiep\V-Shield-2.0\AI_Project\cam\cam_gia_lap\cam_gia_lap.py | C:\DoAnTotNghiep\V-Shield-2.0\AI_Project\cam\cam_gia_lap\cam_gia_lap.py"
"read_log","2","1","C:\DoAnTotNghiep\V-Shield-2.0\AI_Project\cam\cam_gia_lap\cam_gia_lap.py | C:\DoAnTotNghiep\V-Shield-2.0\AI_Project\cam\cam_gia_lap\cam_gia_lap.py"
"stop_all","4","1","C:\DoAnTotNghiep\V-Shield-2.0\AI_Project\cam\cam_gia_lap\cam_gia_lap.py | C:\DoAnTotNghiep\V-Shield-2.0\AI_Project\cam\cam_gia_lap\cam_gia_lap.py | C:\DoAnTotNghiep\V-Shield-2.0\AI_Project\cam\cam_gia_lap\cam_gia_lap.py | C:\DoAnTotNghiep\V-Shield-2.0\AI_Project\cam\cam_gia_lap\cam_gia_lap.py"
"App","5","1","C:\DoAnTotNghiep\V-Shield-2.0\View\src\main.js | C:\DoAnTotNghiep\V-Shield-2.0\View\src\main.js | C:\DoAnTotNghiep\V-Shield-2.0\View\src\style.css | C:\DoAnTotNghiep\V-Shield-2.0\AI_Project\cam\cam_gia_lap\cam_gia_lap.py | C:\DoAnTotNghiep\V-Shield-2.0\AI_Project\cam\cam_gia_lap\cam_gia_lap.py"
"load_videos","2","1","C:\DoAnTotNghiep\V-Shield-2.0\AI_Project\cam\cam_gia_lap\cam_gia_lap.py | C:\DoAnTotNghiep\V-Shield-2.0\AI_Project\cam\cam_gia_lap\cam_gia_lap.py"
"start_server","2","1","C:\DoAnTotNghiep\V-Shield-2.0\AI_Project\cam\cam_gia_lap\cam_gia_lap.py | C:\DoAnTotNghiep\V-Shield-2.0\AI_Project\cam\cam_gia_lap\cam_gia_lap.py"
"start_all","3","1","C:\DoAnTotNghiep\V-Shield-2.0\AI_Project\cam\cam_gia_lap\cam_gia_lap.py | C:\DoAnTotNghiep\V-Shield-2.0\AI_Project\cam\cam_gia_lap\cam_gia_lap.py | C:\DoAnTotNghiep\V-Shield-2.0\AI_Project\cam\cam_gia_lap\cam_gia_lap.py"
"refresh","31","1","C:\DoAnTotNghiep\V-Shield-2.0\AI_Project\cam\cam_gia_lap\cam_gia_lap.py | C:\DoAnTotNghiep\V-Shield-2.0\AI_Project\cam\cam_gia_lap\cam_gia_lap.py | C:\DoAnTotNghiep\V-Shield-2.0\View\src\components\ThongHanhQR.vue.bak_mojibake | C:\DoAnTotNghiep\V-Shield-2.0\View\src\components\ThongHanhQR.vue.bak_mojibake | C:\DoAnTotNghiep\V-Shield-2.0\View\src\components\ThongHanhQR.vue.bak_mojibake"
"loop","5","1","C:\DoAnTotNghiep\V-Shield-2.0\AI_Project\cam\cam_gia_lap\cam_gia_lap.py | C:\DoAnTotNghiep\V-Shield-2.0\AI_Project\cam\cam_gia_lap\cam_gia_lap.py | C:\DoAnTotNghiep\V-Shield-2.0\AI_Project\cam\cam_gia_lap\cam_gia_lap.py | C:\DoAnTotNghiep\V-Shield-2.0\AI_Project\face_recognition\examples\blink_detection.py | C:\DoAnTotNghiep\V-Shield-2.0\View\src\components\QrAccessMonitor.vue"
"make_json_safe","14","1","C:\DoAnTotNghiep\V-Shield-2.0\AI_Project\doc_bien_gpu\docbien.py | C:\DoAnTotNghiep\V-Shield-2.0\AI_Project\doc_bien_gpu\docbien.py | C:\DoAnTotNghiep\V-Shield-2.0\AI_Project\doc_bien_gpu\docbien.py | C:\DoAnTotNghiep\V-Shield-2.0\AI_Project\doc_bien_gpu\docbien.py | C:\DoAnTotNghiep\V-Shield-2.0\AI_Project\doc_bien_gpu\docbien.py"
"now_ts","10","1","C:\DoAnTotNghiep\V-Shield-2.0\AI_Project\test\app.py | C:\DoAnTotNghiep\V-Shield-2.0\AI_Project\test\app.py | C:\DoAnTotNghiep\V-Shield-2.0\AI_Project\test\app.py | C:\DoAnTotNghiep\V-Shield-2.0\AI_Project\test\app.py | C:\DoAnTotNghiep\V-Shield-2.0\AI_Project\doc_bien_gpu\docbien.py"
"safe_counter_to_dict","8","1","C:\DoAnTotNghiep\V-Shield-2.0\AI_Project\doc_bien_gpu\docbien.py | C:\DoAnTotNghiep\V-Shield-2.0\AI_Project\doc_bien_gpu\docbien.py | C:\DoAnTotNghiep\V-Shield-2.0\AI_Project\doc_bien_gpu\docbien.py | C:\DoAnTotNghiep\V-Shield-2.0\AI_Project\doc_bien_gpu\docbien.py | C:\DoAnTotNghiep\V-Shield-2.0\AI_Project\doc_bien_gpu\docbien.py"
"next_session_id","2","1","C:\DoAnTotNghiep\V-Shield-2.0\AI_Project\doc_bien_gpu\docbien.py | C:\DoAnTotNghiep\V-Shield-2.0\AI_Project\doc_bien_gpu\docbien.py"
"get_session_id","24","1","C:\DoAnTotNghiep\V-Shield-2.0\AI_Project\doc_bien_gpu\docbien.py | C:\DoAnTotNghiep\V-Shield-2.0\AI_Project\doc_bien_gpu\docbien.py | C:\DoAnTotNghiep\V-Shield-2.0\AI_Project\doc_bien_gpu\docbien.py | C:\DoAnTotNghiep\V-Shield-2.0\AI_Project\doc_bien_gpu\docbien.py | C:\DoAnTotNghiep\V-Shield-2.0\AI_Project\doc_bien_gpu\docbien.py"
"update_recognition_state","40","1","C:\DoAnTotNghiep\V-Shield-2.0\AI_Project\doc_bien_gpu\docbien.py | C:\DoAnTotNghiep\V-Shield-2.0\AI_Project\doc_bien_gpu\docbien.py | C:\DoAnTotNghiep\V-Shield-2.0\AI_Project\doc_bien_gpu\docbien.py | C:\DoAnTotNghiep\V-Shield-2.0\AI_Project\doc_bien_gpu\docbien.py | C:\DoAnTotNghiep\V-Shield-2.0\AI_Project\doc_bien_gpu\docbien.py"
"get_recognition_snapshot","10","1","C:\DoAnTotNghiep\V-Shield-2.0\AI_Project\doc_bien_gpu\docbien.py | C:\DoAnTotNghiep\V-Shield-2.0\AI_Project\doc_bien_gpu\docbien.py | C:\DoAnTotNghiep\V-Shield-2.0\AI_Project\doc_bien_gpu\docbien.py | C:\DoAnTotNghiep\V-Shield-2.0\AI_Project\doc_bien_gpu\docbien.py | C:\DoAnTotNghiep\V-Shield-2.0\AI_Project\doc_bien_gpu\docbien.py"
"set_camera_flags","20","1","C:\DoAnTotNghiep\V-Shield-2.0\AI_Project\doc_bien_gpu\docbien.py | C:\DoAnTotNghiep\V-Shield-2.0\AI_Project\doc_bien_gpu\docbien.py | C:\DoAnTotNghiep\V-Shield-2.0\AI_Project\doc_bien_gpu\docbien.py | C:\DoAnTotNghiep\V-Shield-2.0\AI_Project\doc_bien_gpu\docbien.py | C:\DoAnTotNghiep\V-Shield-2.0\AI_Project\doc_bien_gpu\docbien.py"
"get_camera_flags","20","1","C:\DoAnTotNghiep\V-Shield-2.0\AI_Project\doc_bien_gpu\docbien.py | C:\DoAnTotNghiep\V-Shield-2.0\AI_Project\doc_bien_gpu\docbien.py | C:\DoAnTotNghiep\V-Shield-2.0\AI_Project\doc_bien_gpu\docbien.py | C:\DoAnTotNghiep\V-Shield-2.0\AI_Project\doc_bien_gpu\docbien.py | C:\DoAnTotNghiep\V-Shield-2.0\AI_Project\doc_bien_gpu\docbien.py"
"get_latest_frame_copy","4","1","C:\DoAnTotNghiep\V-Shield-2.0\AI_Project\doc_bien_gpu\docbien.py | C:\DoAnTotNghiep\V-Shield-2.0\AI_Project\doc_bien_gpu\docbien.py | C:\DoAnTotNghiep\V-Shield-2.0\AI_Project\face_recognition\nhandienface.py | C:\DoAnTotNghiep\V-Shield-2.0\AI_Project\face_recognition\nhandienface.py"
"is_box_moving_fast","2","1","C:\DoAnTotNghiep\V-Shield-2.0\AI_Project\doc_bien_gpu\docbien.py | C:\DoAnTotNghiep\V-Shield-2.0\AI_Project\doc_bien_gpu\docbien.py"
"is_similar_box","2","1","C:\DoAnTotNghiep\V-Shield-2.0\AI_Project\doc_bien_gpu\docbien.py | C:\DoAnTotNghiep\V-Shield-2.0\AI_Project\doc_bien_gpu\docbien.py"
"normalize_plate_text","3","1","C:\DoAnTotNghiep\V-Shield-2.0\AI_Project\doc_bien_gpu\docbien.py | C:\DoAnTotNghiep\V-Shield-2.0\AI_Project\doc_bien_gpu\docbien.py | C:\DoAnTotNghiep\V-Shield-2.0\AI_Project\doc_bien_gpu\docbien.py"
"validate_plate","2","1","C:\DoAnTotNghiep\V-Shield-2.0\AI_Project\doc_bien_gpu\docbien.py | C:\DoAnTotNghiep\V-Shield-2.0\AI_Project\doc_bien_gpu\docbien.py"
"clear_ocr_queue","2","1","C:\DoAnTotNghiep\V-Shield-2.0\AI_Project\doc_bien_gpu\docbien.py | C:\DoAnTotNghiep\V-Shield-2.0\AI_Project\doc_bien_gpu\docbien.py"
"encode_frame_to_jpeg","14","1","C:\DoAnTotNghiep\V-Shield-2.0\AI_Project\doc_bien_gpu\docbien.py | C:\DoAnTotNghiep\V-Shield-2.0\AI_Project\doc_bien_gpu\docbien.py | C:\DoAnTotNghiep\V-Shield-2.0\AI_Project\doc_bien_gpu\docbien.py | C:\DoAnTotNghiep\V-Shield-2.0\AI_Project\doc_bien_gpu\docbien.py | C:\DoAnTotNghiep\V-Shield-2.0\AI_Project\doc_bien_gpu\docbien.py"
"image_to_base64","8","1","C:\DoAnTotNghiep\V-Shield-2.0\AI_Project\doc_bien_gpu\docbien.py | C:\DoAnTotNghiep\V-Shield-2.0\AI_Project\doc_bien_gpu\docbien.py | C:\DoAnTotNghiep\V-Shield-2.0\AI_Project\doc_bien_gpu\docbien.py | C:\DoAnTotNghiep\V-Shield-2.0\AI_Project\face_recognition\nhandienface.py | C:\DoAnTotNghiep\V-Shield-2.0\AI_Project\face_recognition\nhandienface.py"
"reset_recognition_state","11","1","C:\DoAnTotNghiep\V-Shield-2.0\AI_Project\doc_bien_gpu\docbien.py | C:\DoAnTotNghiep\V-Shield-2.0\AI_Project\doc_bien_gpu\docbien.py | C:\DoAnTotNghiep\V-Shield-2.0\AI_Project\doc_bien_gpu\docbien.py | C:\DoAnTotNghiep\V-Shield-2.0\AI_Project\doc_bien_gpu\docbien.py | C:\DoAnTotNghiep\V-Shield-2.0\AI_Project\doc_bien_gpu\docbien.py"
"auto_brightness_contrast","2","1","C:\DoAnTotNghiep\V-Shield-2.0\AI_Project\doc_bien_gpu\docbien.py | C:\DoAnTotNghiep\V-Shield-2.0\AI_Project\doc_bien_gpu\docbien.py"
"sharpen_image","2","1","C:\DoAnTotNghiep\V-Shield-2.0\AI_Project\doc_bien_gpu\docbien.py | C:\DoAnTotNghiep\V-Shield-2.0\AI_Project\doc_bien_gpu\docbien.py"
"deskew_plate","2","1","C:\DoAnTotNghiep\V-Shield-2.0\AI_Project\doc_bien_gpu\docbien.py | C:\DoAnTotNghiep\V-Shield-2.0\AI_Project\doc_bien_gpu\docbien.py"
"normalize_plate_size","2","1","C:\DoAnTotNghiep\V-Shield-2.0\AI_Project\doc_bien_gpu\docbien.py | C:\DoAnTotNghiep\V-Shield-2.0\AI_Project\doc_bien_gpu\docbien.py"
"is_bad_lighting","2","1","C:\DoAnTotNghiep\V-Shield-2.0\AI_Project\doc_bien_gpu\docbien.py | C:\DoAnTotNghiep\V-Shield-2.0\AI_Project\doc_bien_gpu\docbien.py"
"enhance_plate","2","1","C:\DoAnTotNghiep\V-Shield-2.0\AI_Project\doc_bien_gpu\docbien.py | C:\DoAnTotNghiep\V-Shield-2.0\AI_Project\doc_bien_gpu\docbien.py"
"extract_text_from_ocr","2","1","C:\DoAnTotNghiep\V-Shield-2.0\AI_Project\doc_bien_gpu\docbien.py | C:\DoAnTotNghiep\V-Shield-2.0\AI_Project\doc_bien_gpu\docbien.py"
"smart_rotate_ocr_candidates","2","1","C:\DoAnTotNghiep\V-Shield-2.0\AI_Project\doc_bien_gpu\docbien.py | C:\DoAnTotNghiep\V-Shield-2.0\AI_Project\doc_bien_gpu\docbien.py"
"lock_scan_result","6","1","C:\DoAnTotNghiep\V-Shield-2.0\AI_Project\doc_bien_gpu\docbien.py | C:\DoAnTotNghiep\V-Shield-2.0\AI_Project\doc_bien_gpu\docbien.py | C:\DoAnTotNghiep\V-Shield-2.0\AI_Project\face_recognition\nhandienface.py | C:\DoAnTotNghiep\V-Shield-2.0\AI_Project\face_recognition\nhandienface.py | C:\DoAnTotNghiep\V-Shield-2.0\AI_Project\face_recognition\nhandienface.py"
"ocr_worker","2","1","C:\DoAnTotNghiep\V-Shield-2.0\AI_Project\doc_bien_gpu\docbien.py | C:\DoAnTotNghiep\V-Shield-2.0\AI_Project\doc_bien_gpu\docbien.py"
"camera_reader_worker","4","1","C:\DoAnTotNghiep\V-Shield-2.0\AI_Project\doc_bien_gpu\docbien.py | C:\DoAnTotNghiep\V-Shield-2.0\AI_Project\doc_bien_gpu\docbien.py | C:\DoAnTotNghiep\V-Shield-2.0\AI_Project\face_recognition\nhandienface.py | C:\DoAnTotNghiep\V-Shield-2.0\AI_Project\face_recognition\nhandienface.py"
"get_display_text","4","1","C:\DoAnTotNghiep\V-Shield-2.0\AI_Project\doc_bien_gpu\docbien.py | C:\DoAnTotNghiep\V-Shield-2.0\AI_Project\doc_bien_gpu\docbien.py | C:\DoAnTotNghiep\V-Shield-2.0\AI_Project\face_recognition\nhandienface.py | C:\DoAnTotNghiep\V-Shield-2.0\AI_Project\face_recognition\nhandienface.py"
"draw_overlay","6","1","C:\DoAnTotNghiep\V-Shield-2.0\AI_Project\doc_bien_gpu\docbien.py | C:\DoAnTotNghiep\V-Shield-2.0\AI_Project\doc_bien_gpu\docbien.py | C:\DoAnTotNghiep\V-Shield-2.0\AI_Project\doc_bien_gpu\docbien.py | C:\DoAnTotNghiep\V-Shield-2.0\AI_Project\face_recognition\nhandienface.py | C:\DoAnTotNghiep\V-Shield-2.0\AI_Project\face_recognition\nhandienface.py"
"offline_frame","6","1","C:\DoAnTotNghiep\V-Shield-2.0\AI_Project\doc_bien_gpu\docbien.py | C:\DoAnTotNghiep\V-Shield-2.0\AI_Project\doc_bien_gpu\docbien.py | C:\DoAnTotNghiep\V-Shield-2.0\AI_Project\doc_bien_gpu\docbien.py | C:\DoAnTotNghiep\V-Shield-2.0\AI_Project\face_recognition\nhandienface.py | C:\DoAnTotNghiep\V-Shield-2.0\AI_Project\face_recognition\nhandienface.py"
"mjpeg_generator","4","1","C:\DoAnTotNghiep\V-Shield-2.0\AI_Project\doc_bien_gpu\docbien.py | C:\DoAnTotNghiep\V-Shield-2.0\AI_Project\doc_bien_gpu\docbien.py | C:\DoAnTotNghiep\V-Shield-2.0\AI_Project\face_recognition\nhandienface.py | C:\DoAnTotNghiep\V-Shield-2.0\AI_Project\face_recognition\nhandienface.py"
"open_camera","6","1","C:\DoAnTotNghiep\V-Shield-2.0\AI_Project\doc_bien_gpu\docbien.py | C:\DoAnTotNghiep\V-Shield-2.0\AI_Project\doc_bien_gpu\docbien.py | C:\DoAnTotNghiep\V-Shield-2.0\AI_Project\doc_bien_gpu\docbien.py | C:\DoAnTotNghiep\V-Shield-2.0\AI_Project\face_recognition\nhandienface.py | C:\DoAnTotNghiep\V-Shield-2.0\AI_Project\face_recognition\nhandienface.py"
"close_camera","12","1","C:\DoAnTotNghiep\V-Shield-2.0\AI_Project\doc_bien_gpu\docbien.py | C:\DoAnTotNghiep\V-Shield-2.0\AI_Project\doc_bien_gpu\docbien.py | C:\DoAnTotNghiep\V-Shield-2.0\AI_Project\doc_bien_gpu\docbien.py | C:\DoAnTotNghiep\V-Shield-2.0\AI_Project\doc_bien_gpu\docbien.py | C:\DoAnTotNghiep\V-Shield-2.0\AI_Project\doc_bien_gpu\docbien.py"
"api_camera_on","2","1","C:\DoAnTotNghiep\V-Shield-2.0\AI_Project\doc_bien_gpu\docbien.py | C:\DoAnTotNghiep\V-Shield-2.0\AI_Project\face_recognition\nhandienface.py"
"api_camera_off","2","1","C:\DoAnTotNghiep\V-Shield-2.0\AI_Project\doc_bien_gpu\docbien.py | C:\DoAnTotNghiep\V-Shield-2.0\AI_Project\face_recognition\nhandienface.py"
"api_camera_reset","2","1","C:\DoAnTotNghiep\V-Shield-2.0\AI_Project\doc_bien_gpu\docbien.py | C:\DoAnTotNghiep\V-Shield-2.0\AI_Project\face_recognition\nhandienface.py"
"api_camera_status","2","1","C:\DoAnTotNghiep\V-Shield-2.0\AI_Project\doc_bien_gpu\docbien.py | C:\DoAnTotNghiep\V-Shield-2.0\AI_Project\face_recognition\nhandienface.py"
"api_camera_result","2","1","C:\DoAnTotNghiep\V-Shield-2.0\AI_Project\doc_bien_gpu\docbien.py | C:\DoAnTotNghiep\V-Shield-2.0\AI_Project\face_recognition\nhandienface.py"
"api_camera_locked_images","2","1","C:\DoAnTotNghiep\V-Shield-2.0\AI_Project\doc_bien_gpu\docbien.py | C:\DoAnTotNghiep\V-Shield-2.0\AI_Project\face_recognition\nhandienface.py"
"api_camera_stream","2","1","C:\DoAnTotNghiep\V-Shield-2.0\AI_Project\doc_bien_gpu\docbien.py | C:\DoAnTotNghiep\V-Shield-2.0\AI_Project\face_recognition\nhandienface.py"
"api_camera_events","2","1","C:\DoAnTotNghiep\V-Shield-2.0\AI_Project\doc_bien_gpu\docbien.py | C:\DoAnTotNghiep\V-Shield-2.0\AI_Project\face_recognition\nhandienface.py"
"event_stream","4","1","C:\DoAnTotNghiep\V-Shield-2.0\AI_Project\doc_bien_gpu\docbien.py | C:\DoAnTotNghiep\V-Shield-2.0\AI_Project\doc_bien_gpu\docbien.py | C:\DoAnTotNghiep\V-Shield-2.0\AI_Project\face_recognition\nhandienface.py | C:\DoAnTotNghiep\V-Shield-2.0\AI_Project\face_recognition\nhandienface.py"
"api_health","2","1","C:\DoAnTotNghiep\V-Shield-2.0\AI_Project\doc_bien_gpu\docbien.py | C:\DoAnTotNghiep\V-Shield-2.0\AI_Project\face_recognition\nhandienface.py"
"run_api_server","4","1","C:\DoAnTotNghiep\V-Shield-2.0\AI_Project\face_recognition\nhandienface.py | C:\DoAnTotNghiep\V-Shield-2.0\AI_Project\face_recognition\nhandienface.py | C:\DoAnTotNghiep\V-Shield-2.0\AI_Project\doc_bien_gpu\docbien.py | C:\DoAnTotNghiep\V-Shield-2.0\AI_Project\doc_bien_gpu\docbien.py"
"main","80","1","C:\DoAnTotNghiep\V-Shield-2.0\AI_Project\AI_An_Ninh\app.py | C:\DoAnTotNghiep\V-Shield-2.0\AI_Project\AI_An_Ninh\app.py | C:\DoAnTotNghiep\V-Shield-2.0\AI_Project\AI_An_Ninh\app.py | C:\DoAnTotNghiep\V-Shield-2.0\AI_Project\AI_An_Ninh\app.py | C:\DoAnTotNghiep\V-Shield-2.0\AI_Project\AI_An_Ninh\app.py"
"reset_state","4","1","C:\DoAnTotNghiep\V-Shield-2.0\AI_Project\face_recognition\FaceID.py | C:\DoAnTotNghiep\V-Shield-2.0\AI_Project\face_recognition\FaceID.py | C:\DoAnTotNghiep\V-Shield-2.0\AI_Project\face_recognition\FaceID.py | C:\DoAnTotNghiep\V-Shield-2.0\AI_Project\face_recognition\FaceID.py"
"camera_thread","12","1","C:\DoAnTotNghiep\V-Shield-2.0\AI_Project\doc_bien_gpu\docbien.py | C:\DoAnTotNghiep\V-Shield-2.0\AI_Project\doc_bien_gpu\docbien.py | C:\DoAnTotNghiep\V-Shield-2.0\AI_Project\doc_bien_gpu\docbien.py | C:\DoAnTotNghiep\V-Shield-2.0\AI_Project\doc_bien_gpu\docbien.py | C:\DoAnTotNghiep\V-Shield-2.0\AI_Project\face_recognition\FaceID.py"
"face_processing","4","1","C:\DoAnTotNghiep\V-Shield-2.0\AI_Project\face_recognition\ip_face_recognition_safe.py | C:\DoAnTotNghiep\V-Shield-2.0\AI_Project\face_recognition\ip_face_recognition_safe.py | C:\DoAnTotNghiep\V-Shield-2.0\AI_Project\face_recognition\FaceID.py | C:\DoAnTotNghiep\V-Shield-2.0\AI_Project\face_recognition\FaceID.py"
"root","63","1","C:\DoAnTotNghiep\V-Shield-2.0\manage.ps1 | C:\DoAnTotNghiep\V-Shield-2.0\manage.ps1 | C:\DoAnTotNghiep\V-Shield-2.0\manage.ps1 | C:\DoAnTotNghiep\V-Shield-2.0\manage.ps1 | C:\DoAnTotNghiep\V-Shield-2.0\manage.ps1"
"start_camera","1","1","C:\DoAnTotNghiep\V-Shield-2.0\AI_Project\face_recognition\FaceID.py"
"stop_camera","1","1","C:\DoAnTotNghiep\V-Shield-2.0\AI_Project\face_recognition\FaceID.py"
"camera_status","1","1","C:\DoAnTotNghiep\V-Shield-2.0\AI_Project\face_recognition\FaceID.py"
"signal_handler","2","1","C:\DoAnTotNghiep\V-Shield-2.0\AI_Project\face_recognition\ip_face_recognition_safe.py | C:\DoAnTotNghiep\V-Shield-2.0\AI_Project\face_recognition\ip_face_recognition_safe.py"
"preprocess_frame","2","1","C:\DoAnTotNghiep\V-Shield-2.0\AI_Project\face_recognition\nhandienface.py | C:\DoAnTotNghiep\V-Shield-2.0\AI_Project\face_recognition\nhandienface.py"
"crop_face_safe","2","1","C:\DoAnTotNghiep\V-Shield-2.0\AI_Project\face_recognition\nhandienface.py | C:\DoAnTotNghiep\V-Shield-2.0\AI_Project\face_recognition\nhandienface.py"
"update_face_state_no_face","2","1","C:\DoAnTotNghiep\V-Shield-2.0\AI_Project\face_recognition\nhandienface.py | C:\DoAnTotNghiep\V-Shield-2.0\AI_Project\face_recognition\nhandienface.py"
"face_processing_worker","2","1","C:\DoAnTotNghiep\V-Shield-2.0\AI_Project\face_recognition\nhandienface.py | C:\DoAnTotNghiep\V-Shield-2.0\AI_Project\face_recognition\nhandienface.py"
"debug_view_loop","2","1","C:\DoAnTotNghiep\V-Shield-2.0\AI_Project\face_recognition\nhandienface.py | C:\DoAnTotNghiep\V-Shield-2.0\AI_Project\face_recognition\nhandienface.py"
"Mock","2","1","C:\DoAnTotNghiep\V-Shield-2.0\AI_Project\face_recognition\docs\conf.py | C:\DoAnTotNghiep\V-Shield-2.0\AI_Project\face_recognition\docs\conf.py"
"__getattr__","1","1","C:\DoAnTotNghiep\V-Shield-2.0\AI_Project\face_recognition\docs\conf.py"
"run_test","5","1","C:\DoAnTotNghiep\V-Shield-2.0\AI_Project\face_recognition\examples\benchmark.py | C:\DoAnTotNghiep\V-Shield-2.0\AI_Project\face_recognition\examples\benchmark.py | C:\DoAnTotNghiep\V-Shield-2.0\AI_Project\face_recognition\examples\benchmark.py | C:\DoAnTotNghiep\V-Shield-2.0\AI_Project\face_recognition\examples\benchmark.py | C:\DoAnTotNghiep\V-Shield-2.0\AI_Project\face_recognition\examples\benchmark.py"
"get_ear","3","1","C:\DoAnTotNghiep\V-Shield-2.0\AI_Project\face_recognition\examples\blink_detection.py | C:\DoAnTotNghiep\V-Shield-2.0\AI_Project\face_recognition\examples\blink_detection.py | C:\DoAnTotNghiep\V-Shield-2.0\AI_Project\face_recognition\examples\blink_detection.py"
"next_id","13","1","C:\DoAnTotNghiep\V-Shield-2.0\AI_Project\test\app.py | C:\DoAnTotNghiep\V-Shield-2.0\AI_Project\test\app.py | C:\DoAnTotNghiep\V-Shield-2.0\AI_Project\test\app.py | C:\DoAnTotNghiep\V-Shield-2.0\AI_Project\AI_An_Ninh\app.py | C:\DoAnTotNghiep\V-Shield-2.0\AI_Project\AI_An_Ninh\app.py"
"prev_id","3","1","C:\DoAnTotNghiep\V-Shield-2.0\AI_Project\face_recognition\examples\facerec_from_webcam_multiprocessing.py | C:\DoAnTotNghiep\V-Shield-2.0\AI_Project\face_recognition\examples\facerec_from_webcam_multiprocessing.py | C:\DoAnTotNghiep\V-Shield-2.0\AI_Project\face_recognition\examples\facerec_from_webcam_multiprocessing.py"
"capture","12","1","C:\DoAnTotNghiep\V-Shield-2.0\View\src\components\ThongHanhQR.vue.bak_mojibake | C:\DoAnTotNghiep\V-Shield-2.0\View\src\components\ThongHanhQR.vue.bak_mojibake | C:\DoAnTotNghiep\V-Shield-2.0\View\src\components\ThongHanhQR.vue | C:\DoAnTotNghiep\V-Shield-2.0\View\src\components\ThongHanhQR.vue | C:\DoAnTotNghiep\V-Shield-2.0\View\src\components\ThongHanh.vue"
"train","19","1","C:\DoAnTotNghiep\V-Shield-2.0\AI_Project\test\train_yolov8s_fire_smoke.py | C:\DoAnTotNghiep\V-Shield-2.0\AI_Project\test\train_yolov8s_fire_smoke.py | C:\DoAnTotNghiep\V-Shield-2.0\AI_Project\test\README.md | C:\DoAnTotNghiep\V-Shield-2.0\AI_Project\test\prepare_hard_negative.py | C:\DoAnTotNghiep\V-Shield-2.0\AI_Project\test\prepare_hard_negative.py"
"predict","15","1","C:\DoAnTotNghiep\V-Shield-2.0\AI_Project\AI_An_Ninh\app.py | C:\DoAnTotNghiep\V-Shield-2.0\AI_Project\face_recognition\examples\facerec_ipcamera_knn.py | C:\DoAnTotNghiep\V-Shield-2.0\AI_Project\face_recognition\examples\facerec_ipcamera_knn.py | C:\DoAnTotNghiep\V-Shield-2.0\AI_Project\face_recognition\examples\facerec_ipcamera_knn.py | C:\DoAnTotNghiep\V-Shield-2.0\AI_Project\face_recognition\examples\facerec_ipcamera_knn.py"
"show_prediction_labels_on_image","4","1","C:\DoAnTotNghiep\V-Shield-2.0\AI_Project\face_recognition\examples\facerec_ipcamera_knn.py | C:\DoAnTotNghiep\V-Shield-2.0\AI_Project\face_recognition\examples\facerec_ipcamera_knn.py | C:\DoAnTotNghiep\V-Shield-2.0\AI_Project\face_recognition\examples\face_recognition_knn.py | C:\DoAnTotNghiep\V-Shield-2.0\AI_Project\face_recognition\examples\face_recognition_knn.py"
"allowed_file","4","1","C:\DoAnTotNghiep\V-Shield-2.0\AI_Project\face_recognition\examples\web_service_example_Simplified_Chinese.py | C:\DoAnTotNghiep\V-Shield-2.0\AI_Project\face_recognition\examples\web_service_example_Simplified_Chinese.py | C:\DoAnTotNghiep\V-Shield-2.0\AI_Project\face_recognition\examples\web_service_example.py | C:\DoAnTotNghiep\V-Shield-2.0\AI_Project\face_recognition\examples\web_service_example.py"
"upload_image","2","1","C:\DoAnTotNghiep\V-Shield-2.0\AI_Project\face_recognition\examples\web_service_example.py | C:\DoAnTotNghiep\V-Shield-2.0\AI_Project\face_recognition\examples\web_service_example_Simplified_Chinese.py"
"detect_faces_in_image","4","1","C:\DoAnTotNghiep\V-Shield-2.0\AI_Project\face_recognition\examples\web_service_example_Simplified_Chinese.py | C:\DoAnTotNghiep\V-Shield-2.0\AI_Project\face_recognition\examples\web_service_example_Simplified_Chinese.py | C:\DoAnTotNghiep\V-Shield-2.0\AI_Project\face_recognition\examples\web_service_example.py | C:\DoAnTotNghiep\V-Shield-2.0\AI_Project\face_recognition\examples\web_service_example.py"
"_rect_to_css","4","1","C:\DoAnTotNghiep\V-Shield-2.0\AI_Project\face_recognition\face_recognition\api.py | C:\DoAnTotNghiep\V-Shield-2.0\AI_Project\face_recognition\face_recognition\api.py | C:\DoAnTotNghiep\V-Shield-2.0\AI_Project\face_recognition\face_recognition\api.py | C:\DoAnTotNghiep\V-Shield-2.0\AI_Project\face_recognition\face_recognition\api.py"
"_css_to_rect","2","1","C:\DoAnTotNghiep\V-Shield-2.0\AI_Project\face_recognition\face_recognition\api.py | C:\DoAnTotNghiep\V-Shield-2.0\AI_Project\face_recognition\face_recognition\api.py"
"_trim_css_to_bounds","4","1","C:\DoAnTotNghiep\V-Shield-2.0\AI_Project\face_recognition\face_recognition\api.py | C:\DoAnTotNghiep\V-Shield-2.0\AI_Project\face_recognition\face_recognition\api.py | C:\DoAnTotNghiep\V-Shield-2.0\AI_Project\face_recognition\face_recognition\api.py | C:\DoAnTotNghiep\V-Shield-2.0\AI_Project\face_recognition\face_recognition\api.py"
"face_distance","25","1","C:\DoAnTotNghiep\V-Shield-2.0\AI_Project\face_recognition\FaceID.py | C:\DoAnTotNghiep\V-Shield-2.0\AI_Project\face_recognition\tests\test_face_recognition.py | C:\DoAnTotNghiep\V-Shield-2.0\AI_Project\face_recognition\tests\test_face_recognition.py | C:\DoAnTotNghiep\V-Shield-2.0\AI_Project\face_recognition\tests\test_face_recognition.py | C:\DoAnTotNghiep\V-Shield-2.0\AI_Project\face_recognition\examples\facerec_from_webcam_faster.py"
"load_image_file","113","1","C:\DoAnTotNghiep\V-Shield-2.0\AI_Project\face_recognition\examples\benchmark.py | C:\DoAnTotNghiep\V-Shield-2.0\AI_Project\face_recognition\examples\benchmark.py | C:\DoAnTotNghiep\V-Shield-2.0\AI_Project\face_recognition\examples\benchmark.py | C:\DoAnTotNghiep\V-Shield-2.0\AI_Project\face_recognition\examples\benchmark.py | C:\DoAnTotNghiep\V-Shield-2.0\AI_Project\face_recognition\examples\facerec_from_webcam_multiprocessing.py"
"_raw_face_locations","8","1","C:\DoAnTotNghiep\V-Shield-2.0\AI_Project\face_recognition\tests\test_face_recognition.py | C:\DoAnTotNghiep\V-Shield-2.0\AI_Project\face_recognition\tests\test_face_recognition.py | C:\DoAnTotNghiep\V-Shield-2.0\AI_Project\face_recognition\tests\test_face_recognition.py | C:\DoAnTotNghiep\V-Shield-2.0\AI_Project\face_recognition\tests\test_face_recognition.py | C:\DoAnTotNghiep\V-Shield-2.0\AI_Project\face_recognition\face_recognition\api.py"
"face_locations","107","1","C:\DoAnTotNghiep\V-Shield-2.0\AI_Project\face_recognition\train_face.py | C:\DoAnTotNghiep\V-Shield-2.0\AI_Project\face_recognition\tests\test_face_recognition.py | C:\DoAnTotNghiep\V-Shield-2.0\AI_Project\face_recognition\tests\test_face_recognition.py | C:\DoAnTotNghiep\V-Shield-2.0\AI_Project\face_recognition\tests\test_face_recognition.py | C:\DoAnTotNghiep\V-Shield-2.0\AI_Project\face_recognition\tests\test_face_recognition.py"
"_raw_face_locations_batched","3","1","C:\DoAnTotNghiep\V-Shield-2.0\AI_Project\face_recognition\tests\test_face_recognition.py | C:\DoAnTotNghiep\V-Shield-2.0\AI_Project\face_recognition\face_recognition\api.py | C:\DoAnTotNghiep\V-Shield-2.0\AI_Project\face_recognition\face_recognition\api.py"
"batch_face_locations","4","1","C:\DoAnTotNghiep\V-Shield-2.0\AI_Project\face_recognition\face_recognition\__init__.py | C:\DoAnTotNghiep\V-Shield-2.0\AI_Project\face_recognition\face_recognition\api.py | C:\DoAnTotNghiep\V-Shield-2.0\AI_Project\face_recognition\tests\test_face_recognition.py | C:\DoAnTotNghiep\V-Shield-2.0\AI_Project\face_recognition\examples\find_faces_in_batches.py"
"convert_cnn_detections_to_css","2","1","C:\DoAnTotNghiep\V-Shield-2.0\AI_Project\face_recognition\face_recognition\api.py | C:\DoAnTotNghiep\V-Shield-2.0\AI_Project\face_recognition\face_recognition\api.py"
"_raw_face_landmarks","4","1","C:\DoAnTotNghiep\V-Shield-2.0\AI_Project\face_recognition\tests\test_face_recognition.py | C:\DoAnTotNghiep\V-Shield-2.0\AI_Project\face_recognition\face_recognition\api.py | C:\DoAnTotNghiep\V-Shield-2.0\AI_Project\face_recognition\face_recognition\api.py | C:\DoAnTotNghiep\V-Shield-2.0\AI_Project\face_recognition\face_recognition\api.py"
"face_landmarks","47","1","C:\DoAnTotNghiep\V-Shield-2.0\AI_Project\face_recognition\tests\test_face_recognition.py | C:\DoAnTotNghiep\V-Shield-2.0\AI_Project\face_recognition\tests\test_face_recognition.py | C:\DoAnTotNghiep\V-Shield-2.0\AI_Project\face_recognition\tests\test_face_recognition.py | C:\DoAnTotNghiep\V-Shield-2.0\AI_Project\face_recognition\tests\test_face_recognition.py | C:\DoAnTotNghiep\V-Shield-2.0\AI_Project\face_recognition\tests\test_face_recognition.py"
"face_encodings","94","1","C:\DoAnTotNghiep\V-Shield-2.0\AI_Project\face_recognition\train_face.py | C:\DoAnTotNghiep\V-Shield-2.0\AI_Project\face_recognition\tests\test_face_recognition.py | C:\DoAnTotNghiep\V-Shield-2.0\AI_Project\face_recognition\tests\test_face_recognition.py | C:\DoAnTotNghiep\V-Shield-2.0\AI_Project\face_recognition\tests\test_face_recognition.py | C:\DoAnTotNghiep\V-Shield-2.0\AI_Project\face_recognition\tests\test_face_recognition.py"
"compare_faces","31","1","C:\DoAnTotNghiep\V-Shield-2.0\AI_Project\face_recognition\face_recognition\__init__.py | C:\DoAnTotNghiep\V-Shield-2.0\AI_Project\face_recognition\face_recognition\api.py | C:\DoAnTotNghiep\V-Shield-2.0\AI_Project\face_recognition\tests\test_face_recognition.py | C:\DoAnTotNghiep\V-Shield-2.0\AI_Project\face_recognition\tests\test_face_recognition.py | C:\DoAnTotNghiep\V-Shield-2.0\AI_Project\face_recognition\tests\test_face_recognition.py"
"print_result","6","1","C:\DoAnTotNghiep\V-Shield-2.0\AI_Project\face_recognition\face_recognition\face_recognition_cli.py | C:\DoAnTotNghiep\V-Shield-2.0\AI_Project\face_recognition\face_recognition\face_recognition_cli.py | C:\DoAnTotNghiep\V-Shield-2.0\AI_Project\face_recognition\face_recognition\face_recognition_cli.py | C:\DoAnTotNghiep\V-Shield-2.0\AI_Project\face_recognition\face_recognition\face_recognition_cli.py | C:\DoAnTotNghiep\V-Shield-2.0\AI_Project\face_recognition\face_recognition\face_detection_cli.py"
"test_image","12","1","C:\DoAnTotNghiep\V-Shield-2.0\AI_Project\face_recognition\face_recognition\face_recognition_cli.py | C:\DoAnTotNghiep\V-Shield-2.0\AI_Project\face_recognition\face_recognition\face_recognition_cli.py | C:\DoAnTotNghiep\V-Shield-2.0\AI_Project\face_recognition\face_recognition\face_recognition_cli.py | C:\DoAnTotNghiep\V-Shield-2.0\AI_Project\face_recognition\face_recognition\face_recognition_cli.py | C:\DoAnTotNghiep\V-Shield-2.0\AI_Project\face_recognition\face_recognition\face_detection_cli.py"
"image_files_in_folder","11","1","C:\DoAnTotNghiep\V-Shield-2.0\AI_Project\face_recognition\face_recognition\face_recognition_cli.py | C:\DoAnTotNghiep\V-Shield-2.0\AI_Project\face_recognition\face_recognition\face_recognition_cli.py | C:\DoAnTotNghiep\V-Shield-2.0\AI_Project\face_recognition\face_recognition\face_recognition_cli.py | C:\DoAnTotNghiep\V-Shield-2.0\AI_Project\face_recognition\face_recognition\face_recognition_cli.py | C:\DoAnTotNghiep\V-Shield-2.0\AI_Project\face_recognition\face_recognition\face_detection_cli.py"
"process_images_in_process_pool","4","1","C:\DoAnTotNghiep\V-Shield-2.0\AI_Project\face_recognition\face_recognition\face_recognition_cli.py | C:\DoAnTotNghiep\V-Shield-2.0\AI_Project\face_recognition\face_recognition\face_recognition_cli.py | C:\DoAnTotNghiep\V-Shield-2.0\AI_Project\face_recognition\face_recognition\face_detection_cli.py | C:\DoAnTotNghiep\V-Shield-2.0\AI_Project\face_recognition\face_recognition\face_detection_cli.py"
"scan_known_people","2","1","C:\DoAnTotNghiep\V-Shield-2.0\AI_Project\face_recognition\face_recognition\face_recognition_cli.py | C:\DoAnTotNghiep\V-Shield-2.0\AI_Project\face_recognition\face_recognition\face_recognition_cli.py"
"Test_face_recognition","1","1","C:\DoAnTotNghiep\V-Shield-2.0\AI_Project\face_recognition\tests\test_face_recognition.py"
"test_load_image_file","1","1","C:\DoAnTotNghiep\V-Shield-2.0\AI_Project\face_recognition\tests\test_face_recognition.py"
"test_load_image_file_32bit","1","1","C:\DoAnTotNghiep\V-Shield-2.0\AI_Project\face_recognition\tests\test_face_recognition.py"
"test_raw_face_locations","1","1","C:\DoAnTotNghiep\V-Shield-2.0\AI_Project\face_recognition\tests\test_face_recognition.py"
"test_cnn_raw_face_locations","1","1","C:\DoAnTotNghiep\V-Shield-2.0\AI_Project\face_recognition\tests\test_face_recognition.py"
"test_raw_face_locations_32bit_image","1","1","C:\DoAnTotNghiep\V-Shield-2.0\AI_Project\face_recognition\tests\test_face_recognition.py"
"test_cnn_raw_face_locations_32bit_image","1","1","C:\DoAnTotNghiep\V-Shield-2.0\AI_Project\face_recognition\tests\test_face_recognition.py"
"test_face_locations","1","1","C:\DoAnTotNghiep\V-Shield-2.0\AI_Project\face_recognition\tests\test_face_recognition.py"
"test_cnn_face_locations","1","1","C:\DoAnTotNghiep\V-Shield-2.0\AI_Project\face_recognition\tests\test_face_recognition.py"
"test_partial_face_locations","1","1","C:\DoAnTotNghiep\V-Shield-2.0\AI_Project\face_recognition\tests\test_face_recognition.py"
"test_raw_face_locations_batched","1","1","C:\DoAnTotNghiep\V-Shield-2.0\AI_Project\face_recognition\tests\test_face_recognition.py"
"test_batched_face_locations","1","1","C:\DoAnTotNghiep\V-Shield-2.0\AI_Project\face_recognition\tests\test_face_recognition.py"
"test_raw_face_landmarks","1","1","C:\DoAnTotNghiep\V-Shield-2.0\AI_Project\face_recognition\tests\test_face_recognition.py"
"test_face_landmarks","3","1","C:\DoAnTotNghiep\V-Shield-2.0\AI_Project\face_recognition\tests\test_face_recognition.py | C:\DoAnTotNghiep\V-Shield-2.0\AI_Project\face_recognition\examples\benchmark.py | C:\DoAnTotNghiep\V-Shield-2.0\AI_Project\face_recognition\examples\benchmark.py"
"test_face_landmarks_small_model","1","1","C:\DoAnTotNghiep\V-Shield-2.0\AI_Project\face_recognition\tests\test_face_recognition.py"
"test_face_encodings","1","1","C:\DoAnTotNghiep\V-Shield-2.0\AI_Project\face_recognition\tests\test_face_recognition.py"
"test_face_encodings_large_model","1","1","C:\DoAnTotNghiep\V-Shield-2.0\AI_Project\face_recognition\tests\test_face_recognition.py"
"test_face_distance","1","1","C:\DoAnTotNghiep\V-Shield-2.0\AI_Project\face_recognition\tests\test_face_recognition.py"
"test_face_distance_empty_lists","1","1","C:\DoAnTotNghiep\V-Shield-2.0\AI_Project\face_recognition\tests\test_face_recognition.py"
"test_compare_faces","1","1","C:\DoAnTotNghiep\V-Shield-2.0\AI_Project\face_recognition\tests\test_face_recognition.py"
"test_compare_faces_empty_lists","1","1","C:\DoAnTotNghiep\V-Shield-2.0\AI_Project\face_recognition\tests\test_face_recognition.py"
"test_command_line_interface_options","1","1","C:\DoAnTotNghiep\V-Shield-2.0\AI_Project\face_recognition\tests\test_face_recognition.py"
"test_command_line_interface","1","1","C:\DoAnTotNghiep\V-Shield-2.0\AI_Project\face_recognition\tests\test_face_recognition.py"
"test_command_line_interface_big_image","1","1","C:\DoAnTotNghiep\V-Shield-2.0\AI_Project\face_recognition\tests\test_face_recognition.py"
"test_command_line_interface_tolerance","1","1","C:\DoAnTotNghiep\V-Shield-2.0\AI_Project\face_recognition\tests\test_face_recognition.py"
"test_command_line_interface_show_distance","1","1","C:\DoAnTotNghiep\V-Shield-2.0\AI_Project\face_recognition\tests\test_face_recognition.py"
"test_fd_command_line_interface_options","1","1","C:\DoAnTotNghiep\V-Shield-2.0\AI_Project\face_recognition\tests\test_face_recognition.py"
"test_fd_command_line_interface","1","1","C:\DoAnTotNghiep\V-Shield-2.0\AI_Project\face_recognition\tests\test_face_recognition.py"
"test_fd_command_line_interface_folder","1","1","C:\DoAnTotNghiep\V-Shield-2.0\AI_Project\face_recognition\tests\test_face_recognition.py"
"test_fd_command_line_interface_hog_model","1","1","C:\DoAnTotNghiep\V-Shield-2.0\AI_Project\face_recognition\tests\test_face_recognition.py"
"test_fd_command_line_interface_cnn_model","1","1","C:\DoAnTotNghiep\V-Shield-2.0\AI_Project\face_recognition\tests\test_face_recognition.py"
"enhance","2","1","C:\DoAnTotNghiep\V-Shield-2.0\AI_Project\QR_Dong\QR_Dong.py | C:\DoAnTotNghiep\V-Shield-2.0\AI_Project\QR_Dong\QR_Dong.py"
"camera_worker","2","1","C:\DoAnTotNghiep\V-Shield-2.0\AI_Project\QR_Dong\QR_Dong.py | C:\DoAnTotNghiep\V-Shield-2.0\AI_Project\QR_Dong\QR_Dong.py"
"decode_qr","2","1","C:\DoAnTotNghiep\V-Shield-2.0\AI_Project\QR_Dong\QR_Dong.py | C:\DoAnTotNghiep\V-Shield-2.0\AI_Project\QR_Dong\QR_Dong.py"
"scan_worker","2","1","C:\DoAnTotNghiep\V-Shield-2.0\AI_Project\QR_Dong\QR_Dong.py | C:\DoAnTotNghiep\V-Shield-2.0\AI_Project\QR_Dong\QR_Dong.py"
"api_start","1","1","C:\DoAnTotNghiep\V-Shield-2.0\AI_Project\QR_Dong\QR_Dong.py"
"api_scan","1","1","C:\DoAnTotNghiep\V-Shield-2.0\AI_Project\QR_Dong\QR_Dong.py"
"api_reset","1","1","C:\DoAnTotNghiep\V-Shield-2.0\AI_Project\QR_Dong\QR_Dong.py"
"api_stop","1","1","C:\DoAnTotNghiep\V-Shield-2.0\AI_Project\QR_Dong\QR_Dong.py"
"api_result","1","1","C:\DoAnTotNghiep\V-Shield-2.0\AI_Project\QR_Dong\QR_Dong.py"
"SimpleTracker","2","1","C:\DoAnTotNghiep\V-Shield-2.0\AI_Project\test\app.py | C:\DoAnTotNghiep\V-Shield-2.0\AI_Project\test\app.py"
"_center","3","1","C:\DoAnTotNghiep\V-Shield-2.0\AI_Project\test\app.py | C:\DoAnTotNghiep\V-Shield-2.0\AI_Project\test\app.py | C:\DoAnTotNghiep\V-Shield-2.0\AI_Project\test\app.py"
"stable_tracks","2","1","C:\DoAnTotNghiep\V-Shield-2.0\AI_Project\test\app.py | C:\DoAnTotNghiep\V-Shield-2.0\AI_Project\test\app.py"
"FrameGrabber","2","1","C:\DoAnTotNghiep\V-Shield-2.0\AI_Project\test\app.py | C:\DoAnTotNghiep\V-Shield-2.0\AI_Project\test\app.py"
"read_latest","3","1","C:\DoAnTotNghiep\V-Shield-2.0\AI_Project\test\app.py | C:\DoAnTotNghiep\V-Shield-2.0\AI_Project\test\app.py | C:\DoAnTotNghiep\V-Shield-2.0\AI_Project\test\app.py"
"_loop","2","1","C:\DoAnTotNghiep\V-Shield-2.0\AI_Project\test\app.py | C:\DoAnTotNghiep\V-Shield-2.0\AI_Project\test\app.py"
"FireSmokeApp","2","1","C:\DoAnTotNghiep\V-Shield-2.0\AI_Project\test\app.py | C:\DoAnTotNghiep\V-Shield-2.0\AI_Project\test\app.py"
"_toggle_source","4","1","C:\DoAnTotNghiep\V-Shield-2.0\AI_Project\test\app.py | C:\DoAnTotNghiep\V-Shield-2.0\AI_Project\test\app.py | C:\DoAnTotNghiep\V-Shield-2.0\AI_Project\test\app.py | C:\DoAnTotNghiep\V-Shield-2.0\AI_Project\test\app.py"
"_pick_video","2","1","C:\DoAnTotNghiep\V-Shield-2.0\AI_Project\test\app.py | C:\DoAnTotNghiep\V-Shield-2.0\AI_Project\test\app.py"
"download_model","3","1","C:\DoAnTotNghiep\V-Shield-2.0\AI_Project\test\app.py | C:\DoAnTotNghiep\V-Shield-2.0\AI_Project\test\app.py | C:\DoAnTotNghiep\V-Shield-2.0\AI_Project\test\app.py"
"_parse_rois","3","1","C:\DoAnTotNghiep\V-Shield-2.0\AI_Project\test\app.py | C:\DoAnTotNghiep\V-Shield-2.0\AI_Project\test\app.py | C:\DoAnTotNghiep\V-Shield-2.0\AI_Project\test\app.py"
"_inside_any_roi","3","1","C:\DoAnTotNghiep\V-Shield-2.0\AI_Project\test\app.py | C:\DoAnTotNghiep\V-Shield-2.0\AI_Project\test\app.py | C:\DoAnTotNghiep\V-Shield-2.0\AI_Project\test\app.py"
"_run_detection","2","1","C:\DoAnTotNghiep\V-Shield-2.0\AI_Project\test\app.py | C:\DoAnTotNghiep\V-Shield-2.0\AI_Project\test\app.py"
"_open_capture","2","1","C:\DoAnTotNghiep\V-Shield-2.0\AI_Project\test\app.py | C:\DoAnTotNghiep\V-Shield-2.0\AI_Project\test\app.py"
"_start_save_thread","2","1","C:\DoAnTotNghiep\V-Shield-2.0\AI_Project\test\app.py | C:\DoAnTotNghiep\V-Shield-2.0\AI_Project\test\app.py"
"_stop_save_thread","3","1","C:\DoAnTotNghiep\V-Shield-2.0\AI_Project\test\app.py | C:\DoAnTotNghiep\V-Shield-2.0\AI_Project\test\app.py | C:\DoAnTotNghiep\V-Shield-2.0\AI_Project\test\app.py"
"_enqueue_raw_frame","2","1","C:\DoAnTotNghiep\V-Shield-2.0\AI_Project\test\app.py | C:\DoAnTotNghiep\V-Shield-2.0\AI_Project\test\app.py"
"_save_worker","2","1","C:\DoAnTotNghiep\V-Shield-2.0\AI_Project\test\app.py | C:\DoAnTotNghiep\V-Shield-2.0\AI_Project\test\app.py"
"_notify_ui_error","2","1","C:\DoAnTotNghiep\V-Shield-2.0\AI_Project\test\app.py | C:\DoAnTotNghiep\V-Shield-2.0\AI_Project\test\app.py"
"_reset_controls","3","1","C:\DoAnTotNghiep\V-Shield-2.0\AI_Project\test\app.py | C:\DoAnTotNghiep\V-Shield-2.0\AI_Project\test\app.py | C:\DoAnTotNghiep\V-Shield-2.0\AI_Project\test\app.py"
"_reset","2","1","C:\DoAnTotNghiep\V-Shield-2.0\AI_Project\test\app.py | C:\DoAnTotNghiep\V-Shield-2.0\AI_Project\test\app.py"
"collect_images","2","1","C:\DoAnTotNghiep\V-Shield-2.0\AI_Project\test\prepare_hard_negative.py | C:\DoAnTotNghiep\V-Shield-2.0\AI_Project\test\prepare_hard_negative.py"
"ensure_dirs","2","1","C:\DoAnTotNghiep\V-Shield-2.0\AI_Project\test\prepare_hard_negative.py | C:\DoAnTotNghiep\V-Shield-2.0\AI_Project\test\prepare_hard_negative.py"
"split_items","2","1","C:\DoAnTotNghiep\V-Shield-2.0\AI_Project\test\prepare_hard_negative.py | C:\DoAnTotNghiep\V-Shield-2.0\AI_Project\test\prepare_hard_negative.py"
"append_negative_samples","3","1","C:\DoAnTotNghiep\V-Shield-2.0\AI_Project\test\prepare_hard_negative.py | C:\DoAnTotNghiep\V-Shield-2.0\AI_Project\test\prepare_hard_negative.py | C:\DoAnTotNghiep\V-Shield-2.0\AI_Project\test\prepare_hard_negative.py"
"count_split","3","1","C:\DoAnTotNghiep\V-Shield-2.0\AI_Project\test\prepare_hard_negative.py | C:\DoAnTotNghiep\V-Shield-2.0\AI_Project\test\prepare_hard_negative.py | C:\DoAnTotNghiep\V-Shield-2.0\AI_Project\test\prepare_hard_negative.py"
"parse_args","4","1","C:\DoAnTotNghiep\V-Shield-2.0\AI_Project\test\train_yolov8s_fire_smoke.py | C:\DoAnTotNghiep\V-Shield-2.0\AI_Project\test\train_yolov8s_fire_smoke.py | C:\DoAnTotNghiep\V-Shield-2.0\AI_Project\test\train_yolov8s_fire_smoke.py | C:\DoAnTotNghiep\V-Shield-2.0\AI_Project\test\prepare_hard_negative.py"
"resolve_device","2","1","C:\DoAnTotNghiep\V-Shield-2.0\AI_Project\test\train_yolov8s_fire_smoke.py | C:\DoAnTotNghiep\V-Shield-2.0\AI_Project\test\train_yolov8s_fire_smoke.py"
"API","370","1","C:\DoAnTotNghiep\V-Shield-2.0\manage.ps1 | C:\DoAnTotNghiep\V-Shield-2.0\manage.ps1 | C:\DoAnTotNghiep\V-Shield-2.0\manage.ps1 | C:\DoAnTotNghiep\V-Shield-2.0\manage.ps1 | C:\DoAnTotNghiep\V-Shield-2.0\manage.ps1"
"Program","1","1","C:\DoAnTotNghiep\V-Shield-2.0\API\API\API\Program.cs"
"Main","6","1","C:\DoAnTotNghiep\V-Shield-2.0\AI_Project\test\prepare_hard_negative.py | C:\DoAnTotNghiep\V-Shield-2.0\AI_Project\test\prepare_hard_negative.py | C:\DoAnTotNghiep\V-Shield-2.0\View\src\pages\Vehicles.vue | C:\DoAnTotNghiep\V-Shield-2.0\View\src\pages\UserManagement.vue | C:\DoAnTotNghiep\V-Shield-2.0\View\src\pages\Employees.vue"
"EnsureSeedAdmin","2","1","C:\DoAnTotNghiep\V-Shield-2.0\API\API\API\Program.cs | C:\DoAnTotNghiep\V-Shield-2.0\API\API\API\Program.cs"
"NormalizeUsername","6","1","C:\DoAnTotNghiep\V-Shield-2.0\API\API\API\Program.cs | C:\DoAnTotNghiep\V-Shield-2.0\API\API\API\Program.cs | C:\DoAnTotNghiep\V-Shield-2.0\API\API\API\Controllers\UsersController.cs | C:\DoAnTotNghiep\V-Shield-2.0\API\API\API\Controllers\UsersController.cs | C:\DoAnTotNghiep\V-Shield-2.0\API\API\API\Services\AuthService.cs"
"EnsureGo2RtcRunning","2","1","C:\DoAnTotNghiep\V-Shield-2.0\API\API\API\Program.cs | C:\DoAnTotNghiep\V-Shield-2.0\API\API\API\Program.cs"
"WeatherForecast","3","1","C:\DoAnTotNghiep\V-Shield-2.0\API\API\API\Controllers\WeatherForecastController.cs | C:\DoAnTotNghiep\V-Shield-2.0\API\API\API\Controllers\WeatherForecastController.cs | C:\DoAnTotNghiep\V-Shield-2.0\API\API\API\WeatherForecast.cs"
"Date","55","1","C:\DoAnTotNghiep\V-Shield-2.0\manage.ps1 | C:\DoAnTotNghiep\V-Shield-2.0\manage.ps1 | C:\DoAnTotNghiep\V-Shield-2.0\AccessControlDB_HoanChinh.sql | C:\DoAnTotNghiep\V-Shield-2.0\API\API\API\Controllers\AccessLogsController.cs | C:\DoAnTotNghiep\V-Shield-2.0\API\API\API\Controllers\AccessLogsController.cs"
"TemperatureC","3","1","C:\DoAnTotNghiep\V-Shield-2.0\API\API\API\Controllers\WeatherForecastController.cs | C:\DoAnTotNghiep\V-Shield-2.0\API\API\API\WeatherForecast.cs | C:\DoAnTotNghiep\V-Shield-2.0\API\API\API\WeatherForecast.cs"
"Summary","2","1","C:\DoAnTotNghiep\V-Shield-2.0\API\API\API\Controllers\WeatherForecastController.cs | C:\DoAnTotNghiep\V-Shield-2.0\API\API\API\WeatherForecast.cs"
"API.Controllers","27","1","C:\DoAnTotNghiep\V-Shield-2.0\API\API\API\Controllers\WeatherForecastController.cs | C:\DoAnTotNghiep\V-Shield-2.0\API\API\API\Controllers\VideoController.cs | C:\DoAnTotNghiep\V-Shield-2.0\API\API\API\Controllers\GuestProfilesController.cs | C:\DoAnTotNghiep\V-Shield-2.0\API\API\API\Controllers\VehiclesController.cs | C:\DoAnTotNghiep\V-Shield-2.0\API\API\API\Controllers\FaceIDController.cs"
"AccessLogsController","2","1","C:\DoAnTotNghiep\V-Shield-2.0\API\API\API\Controllers\AccessLogsController.cs | C:\DoAnTotNghiep\V-Shield-2.0\API\API\API\Controllers\AccessLogsController.cs"
"GetLogs","1","1","C:\DoAnTotNghiep\V-Shield-2.0\API\API\API\Controllers\AccessLogsController.cs"
"GetSummary","2","1","C:\DoAnTotNghiep\V-Shield-2.0\API\API\API\Controllers\StatisticsController.cs | C:\DoAnTotNghiep\V-Shield-2.0\API\API\API\Controllers\AccessLogsController.cs"
"GetExceptions","1","1","C:\DoAnTotNghiep\V-Shield-2.0\API\API\API\Controllers\AccessLogsController.cs"
"GetDetail","4","1","C:\DoAnTotNghiep\V-Shield-2.0\API\API\API\Controllers\AccessLogsController.cs | C:\DoAnTotNghiep\V-Shield-2.0\API\API\API\Controllers\GuestProfilesController.cs | C:\DoAnTotNghiep\V-Shield-2.0\API\API\API\Controllers\GuestProfilesController.cs | C:\DoAnTotNghiep\V-Shield-2.0\API\API\API\Controllers\PreRegistrationController.cs"
"BuildLogProjectionQuery","4","1","C:\DoAnTotNghiep\V-Shield-2.0\API\API\API\Controllers\AccessLogsController.cs | C:\DoAnTotNghiep\V-Shield-2.0\API\API\API\Controllers\AccessLogsController.cs | C:\DoAnTotNghiep\V-Shield-2.0\API\API\API\Controllers\AccessLogsController.cs | C:\DoAnTotNghiep\V-Shield-2.0\API\API\API\Controllers\AccessLogsController.cs"
"MapLogItem","4","1","C:\DoAnTotNghiep\V-Shield-2.0\API\API\API\Controllers\AccessLogsController.cs | C:\DoAnTotNghiep\V-Shield-2.0\API\API\API\Controllers\AccessLogsController.cs | C:\DoAnTotNghiep\V-Shield-2.0\API\API\API\Controllers\AccessLogsController.cs | C:\DoAnTotNghiep\V-Shield-2.0\API\API\API\Controllers\AccessLogsController.cs"
"IsExceptionLog","3","1","C:\DoAnTotNghiep\V-Shield-2.0\API\API\API\Controllers\AccessLogsController.cs | C:\DoAnTotNghiep\V-Shield-2.0\API\API\API\Controllers\AccessLogsController.cs | C:\DoAnTotNghiep\V-Shield-2.0\API\API\API\Controllers\AccessLogsController.cs"
"GetMethod","2","1","C:\DoAnTotNghiep\V-Shield-2.0\API\API\API\Controllers\AccessLogsController.cs | C:\DoAnTotNghiep\V-Shield-2.0\API\API\API\Controllers\AccessLogsController.cs"
"LogId","26","1","C:\DoAnTotNghiep\V-Shield-2.0\AccessControlDB_HoanChinh.sql | C:\DoAnTotNghiep\V-Shield-2.0\AccessControlDB_HoanChinh.sql | C:\DoAnTotNghiep\V-Shield-2.0\AccessControlDB_HoanChinh.sql | C:\DoAnTotNghiep\V-Shield-2.0\API\API\API\Models\AccessLog.cs | C:\DoAnTotNghiep\V-Shield-2.0\API\API\API\Migrations\ApplicationDbContextModelSnapshot.cs"
"Timestamp","43","1","C:\DoAnTotNghiep\V-Shield-2.0\AccessControlDB_HoanChinh.sql | C:\DoAnTotNghiep\V-Shield-2.0\API\API\API\Data\ApplicationDbContext.cs | C:\DoAnTotNghiep\V-Shield-2.0\API\API\API\Controllers\ThongHanhController.cs | C:\DoAnTotNghiep\V-Shield-2.0\API\API\API\Controllers\ThongHanhController.cs | C:\DoAnTotNghiep\V-Shield-2.0\API\API\API\Controllers\ThongHanhController.cs"
"Direction","31","1","C:\DoAnTotNghiep\V-Shield-2.0\AccessControlDB_HoanChinh.sql | C:\DoAnTotNghiep\V-Shield-2.0\AccessControlDB_HoanChinh.sql | C:\DoAnTotNghiep\V-Shield-2.0\API\API\API\DTOs\PreRegistrationDtos.cs | C:\DoAnTotNghiep\V-Shield-2.0\API\API\API\Controllers\DashboardController.cs | C:\DoAnTotNghiep\V-Shield-2.0\API\API\API\Controllers\DashboardController.cs"
"GateId","100","1","C:\DoAnTotNghiep\V-Shield-2.0\API\API\API\Data\ApplicationDbContext.cs | C:\DoAnTotNghiep\V-Shield-2.0\AccessControlDB_HoanChinh.sql | C:\DoAnTotNghiep\V-Shield-2.0\AccessControlDB_HoanChinh.sql | C:\DoAnTotNghiep\V-Shield-2.0\AccessControlDB_HoanChinh.sql | C:\DoAnTotNghiep\V-Shield-2.0\API\API\API\Controllers\ThongHanhController.cs"
"GateName","29","1","C:\DoAnTotNghiep\V-Shield-2.0\AccessControlDB_HoanChinh.sql | C:\DoAnTotNghiep\V-Shield-2.0\API\API\API\Controllers\AccessLogsController.cs | C:\DoAnTotNghiep\V-Shield-2.0\API\API\API\Controllers\AccessLogsController.cs | C:\DoAnTotNghiep\V-Shield-2.0\API\API\API\Controllers\AccessLogsController.cs | C:\DoAnTotNghiep\V-Shield-2.0\API\API\API\Controllers\AccessLogsController.cs"
"CameraId","64","1","C:\DoAnTotNghiep\V-Shield-2.0\AccessControlDB_HoanChinh.sql | C:\DoAnTotNghiep\V-Shield-2.0\AccessControlDB_HoanChinh.sql | C:\DoAnTotNghiep\V-Shield-2.0\API\API\API\Controllers\AccessLogsController.cs | C:\DoAnTotNghiep\V-Shield-2.0\API\API\API\Controllers\AccessLogsController.cs | C:\DoAnTotNghiep\V-Shield-2.0\API\API\API\Controllers\AccessLogsController.cs"
"CameraName","34","1","C:\DoAnTotNghiep\V-Shield-2.0\AccessControlDB_HoanChinh.sql | C:\DoAnTotNghiep\V-Shield-2.0\API\API\API\DTOs\SetCamRequest.cs | C:\DoAnTotNghiep\V-Shield-2.0\API\API\API\Controllers\SetCamController.cs | C:\DoAnTotNghiep\V-Shield-2.0\API\API\API\Controllers\SetCamController.cs | C:\DoAnTotNghiep\V-Shield-2.0\API\API\API\Controllers\SetCamController.cs"
"EmployeeId","237","1","C:\DoAnTotNghiep\V-Shield-2.0\AccessControlDB_HoanChinh.sql | C:\DoAnTotNghiep\V-Shield-2.0\AccessControlDB_HoanChinh.sql | C:\DoAnTotNghiep\V-Shield-2.0\AccessControlDB_HoanChinh.sql | C:\DoAnTotNghiep\V-Shield-2.0\AccessControlDB_HoanChinh.sql | C:\DoAnTotNghiep\V-Shield-2.0\AccessControlDB_HoanChinh.sql"
"RegistrationId","60","1","C:\DoAnTotNghiep\V-Shield-2.0\AccessControlDB_HoanChinh.sql | C:\DoAnTotNghiep\V-Shield-2.0\AccessControlDB_HoanChinh.sql | C:\DoAnTotNghiep\V-Shield-2.0\AccessControlDB_HoanChinh.sql | C:\DoAnTotNghiep\V-Shield-2.0\API\API\API\Data\ApplicationDbContext.cs | C:\DoAnTotNghiep\V-Shield-2.0\API\API\API\Data\ApplicationDbContext.cs"
"ActorName","5","1","C:\DoAnTotNghiep\V-Shield-2.0\API\API\API\Controllers\AccessLogsController.cs | C:\DoAnTotNghiep\V-Shield-2.0\API\API\API\Controllers\AccessLogsController.cs | C:\DoAnTotNghiep\V-Shield-2.0\API\API\API\Controllers\AccessLogsController.cs | C:\DoAnTotNghiep\V-Shield-2.0\API\API\API\Controllers\AccessLogsController.cs | C:\DoAnTotNghiep\V-Shield-2.0\API\API\API\Controllers\AccessLogsController.cs"
"ActorType","3","1","C:\DoAnTotNghiep\V-Shield-2.0\API\API\API\Controllers\AccessLogsController.cs | C:\DoAnTotNghiep\V-Shield-2.0\API\API\API\Controllers\AccessLogsController.cs | C:\DoAnTotNghiep\V-Shield-2.0\API\API\API\Controllers\AccessLogsController.cs"
"CapturedLicensePlate","33","1","C:\DoAnTotNghiep\V-Shield-2.0\AccessControlDB_HoanChinh.sql | C:\DoAnTotNghiep\V-Shield-2.0\AccessControlDB_HoanChinh.sql | C:\DoAnTotNghiep\V-Shield-2.0\AccessControlDB_HoanChinh.sql | C:\DoAnTotNghiep\V-Shield-2.0\AccessControlDB_HoanChinh.sql | C:\DoAnTotNghiep\V-Shield-2.0\AccessControlDB_HoanChinh.sql"
"CapturedFaceImageUrl","11","1","C:\DoAnTotNghiep\V-Shield-2.0\API\API\API\Migrations\ApplicationDbContextModelSnapshot.cs | C:\DoAnTotNghiep\V-Shield-2.0\API\API\API\Migrations\20260522060405_InitialCreate.Designer.cs | C:\DoAnTotNghiep\V-Shield-2.0\API\API\API\Controllers\DashboardController.cs | C:\DoAnTotNghiep\V-Shield-2.0\API\API\API\Controllers\AccessLogsController.cs | C:\DoAnTotNghiep\V-Shield-2.0\API\API\API\Controllers\AccessLogsController.cs"
"ResultStatus","27","1","C:\DoAnTotNghiep\V-Shield-2.0\AccessControlDB_HoanChinh.sql | C:\DoAnTotNghiep\V-Shield-2.0\API\API\API\Controllers\AccessLogsController.cs | C:\DoAnTotNghiep\V-Shield-2.0\API\API\API\Controllers\AccessLogsController.cs | C:\DoAnTotNghiep\V-Shield-2.0\API\API\API\Controllers\AccessLogsController.cs | C:\DoAnTotNghiep\V-Shield-2.0\API\API\API\Controllers\AccessLogsController.cs"
"IsBypass","27","1","C:\DoAnTotNghiep\V-Shield-2.0\AccessControlDB_HoanChinh.sql | C:\DoAnTotNghiep\V-Shield-2.0\API\API\API\Data\ApplicationDbContext.cs | C:\DoAnTotNghiep\V-Shield-2.0\API\API\API\Controllers\AccessLogsController.cs | C:\DoAnTotNghiep\V-Shield-2.0\API\API\API\Controllers\AccessLogsController.cs | C:\DoAnTotNghiep\V-Shield-2.0\API\API\API\Controllers\AccessLogsController.cs"
"ExceptionReasonId","23","1","C:\DoAnTotNghiep\V-Shield-2.0\AccessControlDB_HoanChinh.sql | C:\DoAnTotNghiep\V-Shield-2.0\API\API\API\Controllers\AccessLogsController.cs | C:\DoAnTotNghiep\V-Shield-2.0\API\API\API\Controllers\AccessLogsController.cs | C:\DoAnTotNghiep\V-Shield-2.0\API\API\API\Controllers\AccessLogsController.cs | C:\DoAnTotNghiep\V-Shield-2.0\API\API\API\Controllers\AccessLogsController.cs"
"ExceptionReasonCode","5","1","C:\DoAnTotNghiep\V-Shield-2.0\API\API\API\Controllers\AccessLogsController.cs | C:\DoAnTotNghiep\V-Shield-2.0\API\API\API\Controllers\AccessLogsController.cs | C:\DoAnTotNghiep\V-Shield-2.0\API\API\API\Controllers\AccessLogsController.cs | C:\DoAnTotNghiep\V-Shield-2.0\API\API\API\Controllers\AccessLogsController.cs | C:\DoAnTotNghiep\V-Shield-2.0\API\API\API\Controllers\AccessLogsController.cs"
"ExceptionReasonDescription","5","1","C:\DoAnTotNghiep\V-Shield-2.0\API\API\API\Controllers\AccessLogsController.cs | C:\DoAnTotNghiep\V-Shield-2.0\API\API\API\Controllers\AccessLogsController.cs | C:\DoAnTotNghiep\V-Shield-2.0\API\API\API\Controllers\AccessLogsController.cs | C:\DoAnTotNghiep\V-Shield-2.0\API\API\API\Controllers\AccessLogsController.cs | C:\DoAnTotNghiep\V-Shield-2.0\API\API\API\Controllers\AccessLogsController.cs"
"Note","30","1","C:\DoAnTotNghiep\V-Shield-2.0\AccessControlDB_HoanChinh.sql | C:\DoAnTotNghiep\V-Shield-2.0\AI_Project\face_recognition\docs\usage.rst | C:\DoAnTotNghiep\V-Shield-2.0\AI_Project\face_recognition\README.rst | C:\DoAnTotNghiep\V-Shield-2.0\AI_Project\face_recognition\README.md | C:\DoAnTotNghiep\V-Shield-2.0\AI_Project\face_recognition\docs\conf.py"
"EntryLogId","16","1","C:\DoAnTotNghiep\V-Shield-2.0\AccessControlDB_HoanChinh.sql | C:\DoAnTotNghiep\V-Shield-2.0\AccessControlDB_HoanChinh.sql | C:\DoAnTotNghiep\V-Shield-2.0\API\API\API\Controllers\AccessLogsController.cs | C:\DoAnTotNghiep\V-Shield-2.0\API\API\API\Controllers\AccessLogsController.cs | C:\DoAnTotNghiep\V-Shield-2.0\API\API\API\Controllers\AccessLogsController.cs"
"AccessPermissionController","2","1","C:\DoAnTotNghiep\V-Shield-2.0\API\API\API\Controllers\AccessPermissionController.cs | C:\DoAnTotNghiep\V-Shield-2.0\API\API\API\Controllers\AccessPermissionController.cs"
"SetPermission","1","1","C:\DoAnTotNghiep\V-Shield-2.0\API\API\API\Controllers\AccessPermissionController.cs"
"AuthController","2","1","C:\DoAnTotNghiep\V-Shield-2.0\API\API\API\Controllers\AuthController.cs | C:\DoAnTotNghiep\V-Shield-2.0\API\API\API\Controllers\AuthController.cs"
"Login","6","1","C:\DoAnTotNghiep\V-Shield-2.0\API\API\API\Controllers\AuthController.cs | C:\DoAnTotNghiep\V-Shield-2.0\View\src\components\Layout\Header.vue | C:\DoAnTotNghiep\V-Shield-2.0\View\src\router\index.js | C:\DoAnTotNghiep\V-Shield-2.0\View\src\router\index.js | C:\DoAnTotNghiep\V-Shield-2.0\View\src\router\index.js"
"GetMe","1","1","C:\DoAnTotNghiep\V-Shield-2.0\API\API\API\Controllers\AuthController.cs"
"BienSoController","2","1","C:\DoAnTotNghiep\V-Shield-2.0\API\API\API\Controllers\BienSoController.cs | C:\DoAnTotNghiep\V-Shield-2.0\API\API\API\Controllers\BienSoController.cs"
"GetCameras","3","1","C:\DoAnTotNghiep\V-Shield-2.0\API\API\API\Controllers\DeviceManagementController.cs | C:\DoAnTotNghiep\V-Shield-2.0\API\API\API\Controllers\DeviceManagementController.cs | C:\DoAnTotNghiep\V-Shield-2.0\API\API\API\Controllers\BienSoController.cs"
"GetPlates","1","1","C:\DoAnTotNghiep\V-Shield-2.0\API\API\API\Controllers\BienSoController.cs"
"GetPlate","1","1","C:\DoAnTotNghiep\V-Shield-2.0\API\API\API\Controllers\BienSoController.cs"
"GetCameraPlates","1","1","C:\DoAnTotNghiep\V-Shield-2.0\API\API\API\Controllers\BienSoController.cs"
"BiometricsController","2","1","C:\DoAnTotNghiep\V-Shield-2.0\API\API\API\Controllers\BiometricsController.cs | C:\DoAnTotNghiep\V-Shield-2.0\API\API\API\Controllers\BiometricsController.cs"
"GetOverview","3","1","C:\DoAnTotNghiep\V-Shield-2.0\API\API\API\Controllers\DeviceManagementController.cs | C:\DoAnTotNghiep\V-Shield-2.0\API\API\API\Controllers\DashboardController.cs | C:\DoAnTotNghiep\V-Shield-2.0\API\API\API\Controllers\BiometricsController.cs"
"DashboardController","2","1","C:\DoAnTotNghiep\V-Shield-2.0\API\API\API\Controllers\DashboardController.cs | C:\DoAnTotNghiep\V-Shield-2.0\API\API\API\Controllers\DashboardController.cs"
"StartOfWeek","2","1","C:\DoAnTotNghiep\V-Shield-2.0\API\API\API\Controllers\DashboardController.cs | C:\DoAnTotNghiep\V-Shield-2.0\API\API\API\Controllers\DashboardController.cs"
"GetWeekdayLabel","2","1","C:\DoAnTotNghiep\V-Shield-2.0\API\API\API\Controllers\DashboardController.cs | C:\DoAnTotNghiep\V-Shield-2.0\API\API\API\Controllers\DashboardController.cs"
"DepartmentsController","2","1","C:\DoAnTotNghiep\V-Shield-2.0\API\API\API\Controllers\DepartmentsController.cs | C:\DoAnTotNghiep\V-Shield-2.0\API\API\API\Controllers\DepartmentsController.cs"
"GetAll","11","1","C:\DoAnTotNghiep\V-Shield-2.0\API\API\API\Controllers\VehiclesController.cs | C:\DoAnTotNghiep\V-Shield-2.0\API\API\API\Controllers\UsersController.cs | C:\DoAnTotNghiep\V-Shield-2.0\API\API\API\Controllers\SetCamController.cs | C:\DoAnTotNghiep\V-Shield-2.0\API\API\API\Controllers\RuntimeServicesController.cs | C:\DoAnTotNghiep\V-Shield-2.0\API\API\API\Controllers\PreRegistrationController.cs"
"GetById","11","1","C:\DoAnTotNghiep\V-Shield-2.0\API\API\API\Controllers\VehiclesController.cs | C:\DoAnTotNghiep\V-Shield-2.0\API\API\API\Controllers\VehiclesController.cs | C:\DoAnTotNghiep\V-Shield-2.0\API\API\API\Controllers\UsersController.cs | C:\DoAnTotNghiep\V-Shield-2.0\API\API\API\Controllers\UsersController.cs | C:\DoAnTotNghiep\V-Shield-2.0\API\API\API\Controllers\SetCamController.cs"
"Create","27","1","C:\DoAnTotNghiep\V-Shield-2.0\View\src\pages\Vehicles.vue | C:\DoAnTotNghiep\V-Shield-2.0\View\src\pages\UserManagement.vue | C:\DoAnTotNghiep\V-Shield-2.0\View\src\pages\RegistrationLinks.vue | C:\DoAnTotNghiep\V-Shield-2.0\API\API\API\Controllers\VideoController.cs | C:\DoAnTotNghiep\V-Shield-2.0\API\API\API\Controllers\VehiclesController.cs"
"Update","15","1","C:\DoAnTotNghiep\V-Shield-2.0\taomoitruong_debug.bat | C:\DoAnTotNghiep\V-Shield-2.0\taomoitruong.bat | C:\DoAnTotNghiep\V-Shield-2.0\AI_Project\AI_An_Ninh\app.py | C:\DoAnTotNghiep\V-Shield-2.0\AI_Project\AI_An_Ninh\app.py | C:\DoAnTotNghiep\V-Shield-2.0\AI_Project\AI_An_Ninh\app.py"
"Delete","22","1","C:\DoAnTotNghiep\V-Shield-2.0\AI_Project\cam\cam_gia_lap\mediamtx_v1.17.1_windows_amd64\mediamtx.yml | C:\DoAnTotNghiep\V-Shield-2.0\View\src\pages\Vehicles.vue | C:\DoAnTotNghiep\V-Shield-2.0\View\src\pages\Vehicles.vue | C:\DoAnTotNghiep\V-Shield-2.0\API\API\API\Controllers\DepartmentsController.cs | C:\DoAnTotNghiep\V-Shield-2.0\View\src\pages\UserManagement.vue"
"DeviceManagementController","2","1","C:\DoAnTotNghiep\V-Shield-2.0\API\API\API\Controllers\DeviceManagementController.cs | C:\DoAnTotNghiep\V-Shield-2.0\API\API\API\Controllers\DeviceManagementController.cs"
"CreateCamera","1","1","C:\DoAnTotNghiep\V-Shield-2.0\API\API\API\Controllers\DeviceManagementController.cs"
"UpdateCamera","1","1","C:\DoAnTotNghiep\V-Shield-2.0\API\API\API\Controllers\DeviceManagementController.cs"
"DeleteCamera","1","1","C:\DoAnTotNghiep\V-Shield-2.0\API\API\API\Controllers\DeviceManagementController.cs"
"GetGates","2","1","C:\DoAnTotNghiep\V-Shield-2.0\API\API\API\Controllers\DeviceManagementController.cs | C:\DoAnTotNghiep\V-Shield-2.0\API\API\API\Controllers\DeviceManagementController.cs"
"CreateGate","1","1","C:\DoAnTotNghiep\V-Shield-2.0\API\API\API\Controllers\DeviceManagementController.cs"
"UpdateGate","1","1","C:\DoAnTotNghiep\V-Shield-2.0\API\API\API\Controllers\DeviceManagementController.cs"
"DeleteGate","1","1","C:\DoAnTotNghiep\V-Shield-2.0\API\API\API\Controllers\DeviceManagementController.cs"
"BuildCameraQuery","3","1","C:\DoAnTotNghiep\V-Shield-2.0\API\API\API\Controllers\DeviceManagementController.cs | C:\DoAnTotNghiep\V-Shield-2.0\API\API\API\Controllers\DeviceManagementController.cs | C:\DoAnTotNghiep\V-Shield-2.0\API\API\API\Controllers\DeviceManagementController.cs"
"NormalizeOptional","14","1","C:\DoAnTotNghiep\V-Shield-2.0\API\API\API\Controllers\GuestProfilesController.cs | C:\DoAnTotNghiep\V-Shield-2.0\API\API\API\Controllers\GuestProfilesController.cs | C:\DoAnTotNghiep\V-Shield-2.0\API\API\API\Controllers\GuestProfilesController.cs | C:\DoAnTotNghiep\V-Shield-2.0\API\API\API\Controllers\GuestProfilesController.cs | C:\DoAnTotNghiep\V-Shield-2.0\API\API\API\Controllers\GuestProfilesController.cs"
"CameraType","22","1","C:\DoAnTotNghiep\V-Shield-2.0\AccessControlDB_HoanChinh.sql | C:\DoAnTotNghiep\V-Shield-2.0\API\API\API\Controllers\SetCamController.cs | C:\DoAnTotNghiep\V-Shield-2.0\API\API\API\Controllers\SetCamController.cs | C:\DoAnTotNghiep\V-Shield-2.0\API\API\API\Controllers\SetCamController.cs | C:\DoAnTotNghiep\V-Shield-2.0\API\API\API\Controllers\SetCamController.cs"
"StreamUrl","30","1","C:\DoAnTotNghiep\V-Shield-2.0\API\API\API\DTOs\CameraDTO.cs | C:\DoAnTotNghiep\V-Shield-2.0\API\API\API\Controllers\DeviceManagementController.cs | C:\DoAnTotNghiep\V-Shield-2.0\API\API\API\Controllers\DeviceManagementController.cs | C:\DoAnTotNghiep\V-Shield-2.0\API\API\API\Controllers\DeviceManagementController.cs | C:\DoAnTotNghiep\V-Shield-2.0\API\API\API\Controllers\DeviceManagementController.cs"
"Location","23","1","C:\DoAnTotNghiep\V-Shield-2.0\AccessControlDB_HoanChinh.sql | C:\DoAnTotNghiep\V-Shield-2.0\manage.ps1 | C:\DoAnTotNghiep\V-Shield-2.0\manage.ps1 | C:\DoAnTotNghiep\V-Shield-2.0\manage.ps1 | C:\DoAnTotNghiep\V-Shield-2.0\manage.ps1"
"UrlView","21","1","C:\DoAnTotNghiep\V-Shield-2.0\View\src\components\ThongHanhQR.vue.bak_mojibake | C:\DoAnTotNghiep\V-Shield-2.0\View\src\components\ThongHanhQR.vue | C:\DoAnTotNghiep\V-Shield-2.0\View\src\components\QrAccessMonitor.vue | C:\DoAnTotNghiep\V-Shield-2.0\API\API\API\Controllers\SetCamController.cs | C:\DoAnTotNghiep\V-Shield-2.0\API\API\API\Controllers\SetCamController.cs"
"GateLocation","2","1","C:\DoAnTotNghiep\V-Shield-2.0\API\API\API\Controllers\DeviceManagementController.cs | C:\DoAnTotNghiep\V-Shield-2.0\API\API\API\Controllers\DeviceManagementController.cs"
"AccessLogCount","2","1","C:\DoAnTotNghiep\V-Shield-2.0\API\API\API\Controllers\DeviceManagementController.cs | C:\DoAnTotNghiep\V-Shield-2.0\API\API\API\Controllers\DeviceManagementController.cs"
"LastAccessAt","2","1","C:\DoAnTotNghiep\V-Shield-2.0\API\API\API\Controllers\DeviceManagementController.cs | C:\DoAnTotNghiep\V-Shield-2.0\API\API\API\Controllers\DeviceManagementController.cs"
"LatestPlate","2","1","C:\DoAnTotNghiep\V-Shield-2.0\API\API\API\Controllers\DeviceManagementController.cs | C:\DoAnTotNghiep\V-Shield-2.0\API\API\API\Controllers\DeviceManagementController.cs"
"LatestPlateAt","2","1","C:\DoAnTotNghiep\V-Shield-2.0\API\API\API\Controllers\DeviceManagementController.cs | C:\DoAnTotNghiep\V-Shield-2.0\API\API\API\Controllers\DeviceManagementController.cs"
"NormalizeCameraUrl","6","1","C:\DoAnTotNghiep\V-Shield-2.0\API\API\API\Controllers\DeviceManagementController.cs | C:\DoAnTotNghiep\V-Shield-2.0\API\API\API\Controllers\DeviceManagementController.cs | C:\DoAnTotNghiep\V-Shield-2.0\API\API\API\Controllers\DeviceManagementController.cs | C:\DoAnTotNghiep\V-Shield-2.0\API\API\API\Controllers\SetCamController.cs | C:\DoAnTotNghiep\V-Shield-2.0\API\API\API\Controllers\SetCamController.cs"
"IsDirectWebStream","6","1","C:\DoAnTotNghiep\V-Shield-2.0\API\API\API\Controllers\SetCamController.cs | C:\DoAnTotNghiep\V-Shield-2.0\API\API\API\Controllers\SetCamController.cs | C:\DoAnTotNghiep\V-Shield-2.0\API\API\API\Controllers\SetCamController.cs | C:\DoAnTotNghiep\V-Shield-2.0\API\API\API\Controllers\DeviceManagementController.cs | C:\DoAnTotNghiep\V-Shield-2.0\API\API\API\Controllers\DeviceManagementController.cs"
"ShouldProxyViaGo2Rtc","4","1","C:\DoAnTotNghiep\V-Shield-2.0\API\API\API\Controllers\DeviceManagementController.cs | C:\DoAnTotNghiep\V-Shield-2.0\API\API\API\Controllers\DeviceManagementController.cs | C:\DoAnTotNghiep\V-Shield-2.0\API\API\API\Controllers\SetCamController.cs | C:\DoAnTotNghiep\V-Shield-2.0\API\API\API\Controllers\SetCamController.cs"
"BuildCameraViewUrl","8","1","C:\DoAnTotNghiep\V-Shield-2.0\API\API\API\Controllers\DeviceManagementController.cs | C:\DoAnTotNghiep\V-Shield-2.0\API\API\API\Controllers\DeviceManagementController.cs | C:\DoAnTotNghiep\V-Shield-2.0\API\API\API\Controllers\DeviceManagementController.cs | C:\DoAnTotNghiep\V-Shield-2.0\API\API\API\Controllers\DeviceManagementController.cs | C:\DoAnTotNghiep\V-Shield-2.0\API\API\API\Controllers\SetCamController.cs"
"ResolveGo2RtcPublicBaseUrl","4","1","C:\DoAnTotNghiep\V-Shield-2.0\API\API\API\Controllers\SetCamController.cs | C:\DoAnTotNghiep\V-Shield-2.0\API\API\API\Controllers\SetCamController.cs | C:\DoAnTotNghiep\V-Shield-2.0\API\API\API\Controllers\DeviceManagementController.cs | C:\DoAnTotNghiep\V-Shield-2.0\API\API\API\Controllers\DeviceManagementController.cs"
"ResolvePublicAppBaseUrl","6","1","C:\DoAnTotNghiep\V-Shield-2.0\API\API\API\Controllers\SetCamController.cs | C:\DoAnTotNghiep\V-Shield-2.0\API\API\API\Controllers\SetCamController.cs | C:\DoAnTotNghiep\V-Shield-2.0\API\API\API\Controllers\SetCamController.cs | C:\DoAnTotNghiep\V-Shield-2.0\API\API\API\Controllers\DeviceManagementController.cs | C:\DoAnTotNghiep\V-Shield-2.0\API\API\API\Controllers\DeviceManagementController.cs"
"NormalizeBaseUrl","8","1","C:\DoAnTotNghiep\V-Shield-2.0\API\API\API\Controllers\DeviceManagementController.cs | C:\DoAnTotNghiep\V-Shield-2.0\API\API\API\Controllers\DeviceManagementController.cs | C:\DoAnTotNghiep\V-Shield-2.0\API\API\API\Controllers\DeviceManagementController.cs | C:\DoAnTotNghiep\V-Shield-2.0\API\API\API\Controllers\DeviceManagementController.cs | C:\DoAnTotNghiep\V-Shield-2.0\API\API\API\Controllers\SetCamController.cs"
"TryReloadGo2RtcAsync","4","1","C:\DoAnTotNghiep\V-Shield-2.0\API\API\API\Controllers\DeviceManagementController.cs | C:\DoAnTotNghiep\V-Shield-2.0\API\API\API\Controllers\DeviceManagementController.cs | C:\DoAnTotNghiep\V-Shield-2.0\API\API\API\Controllers\DeviceManagementController.cs | C:\DoAnTotNghiep\V-Shield-2.0\API\API\API\Controllers\DeviceManagementController.cs"
"EmployeesController","2","1","C:\DoAnTotNghiep\V-Shield-2.0\API\API\API\Controllers\EmployeesController.cs | C:\DoAnTotNghiep\V-Shield-2.0\API\API\API\Controllers\EmployeesController.cs"
"UploadFace","1","1","C:\DoAnTotNghiep\V-Shield-2.0\API\API\API\Controllers\EmployeesController.cs"
"ExceptionReasonsController","2","1","C:\DoAnTotNghiep\V-Shield-2.0\API\API\API\Controllers\ExceptionReasonsController.cs | C:\DoAnTotNghiep\V-Shield-2.0\API\API\API\Controllers\ExceptionReasonsController.cs"
"ReasonCode","23","1","C:\DoAnTotNghiep\V-Shield-2.0\AccessControlDB_HoanChinh.sql | C:\DoAnTotNghiep\V-Shield-2.0\API\API\API\Controllers\AccessLogsController.cs | C:\DoAnTotNghiep\V-Shield-2.0\API\API\API\Controllers\ExceptionReasonsController.cs | C:\DoAnTotNghiep\V-Shield-2.0\API\API\API\Controllers\ExceptionReasonsController.cs | C:\DoAnTotNghiep\V-Shield-2.0\API\API\API\Controllers\ExceptionReasonsController.cs"
"Description","40","1","C:\DoAnTotNghiep\V-Shield-2.0\AccessControlDB_HoanChinh.sql | C:\DoAnTotNghiep\V-Shield-2.0\AccessControlDB_HoanChinh.sql | C:\DoAnTotNghiep\V-Shield-2.0\API\API\API\Migrations\ApplicationDbContextModelSnapshot.cs | C:\DoAnTotNghiep\V-Shield-2.0\API\API\API\Migrations\ApplicationDbContextModelSnapshot.cs | C:\DoAnTotNghiep\V-Shield-2.0\API\API\API\Migrations\20260522060405_InitialCreate.Designer.cs"
"FaceCameraController","2","1","C:\DoAnTotNghiep\V-Shield-2.0\API\API\API\Controllers\FaceCameraController.cs | C:\DoAnTotNghiep\V-Shield-2.0\API\API\API\Controllers\FaceCameraController.cs"
"TurnOnCamera","2","1","C:\DoAnTotNghiep\V-Shield-2.0\API\API\API\Controllers\PlateCameraController.cs | C:\DoAnTotNghiep\V-Shield-2.0\API\API\API\Controllers\FaceCameraController.cs"
"TurnOffCamera","2","1","C:\DoAnTotNghiep\V-Shield-2.0\API\API\API\Controllers\PlateCameraController.cs | C:\DoAnTotNghiep\V-Shield-2.0\API\API\API\Controllers\FaceCameraController.cs"
"ResetCameraState","2","1","C:\DoAnTotNghiep\V-Shield-2.0\API\API\API\Controllers\PlateCameraController.cs | C:\DoAnTotNghiep\V-Shield-2.0\API\API\API\Controllers\FaceCameraController.cs"
"GetCameraStatus","2","1","C:\DoAnTotNghiep\V-Shield-2.0\API\API\API\Controllers\PlateCameraController.cs | C:\DoAnTotNghiep\V-Shield-2.0\API\API\API\Controllers\FaceCameraController.cs"
"GetCameraResult","2","1","C:\DoAnTotNghiep\V-Shield-2.0\API\API\API\Controllers\PlateCameraController.cs | C:\DoAnTotNghiep\V-Shield-2.0\API\API\API\Controllers\FaceCameraController.cs"
"GetLockedImages","2","1","C:\DoAnTotNghiep\V-Shield-2.0\API\API\API\Controllers\FaceCameraController.cs | C:\DoAnTotNghiep\V-Shield-2.0\API\API\API\Controllers\PlateCameraController.cs"
"ProxyGetAsync","8","1","C:\DoAnTotNghiep\V-Shield-2.0\API\API\API\Controllers\PlateCameraController.cs | C:\DoAnTotNghiep\V-Shield-2.0\API\API\API\Controllers\PlateCameraController.cs | C:\DoAnTotNghiep\V-Shield-2.0\API\API\API\Controllers\PlateCameraController.cs | C:\DoAnTotNghiep\V-Shield-2.0\API\API\API\Controllers\PlateCameraController.cs | C:\DoAnTotNghiep\V-Shield-2.0\API\API\API\Controllers\FaceCameraController.cs"
"ProxyPostAsync","6","1","C:\DoAnTotNghiep\V-Shield-2.0\API\API\API\Controllers\PlateCameraController.cs | C:\DoAnTotNghiep\V-Shield-2.0\API\API\API\Controllers\PlateCameraController.cs | C:\DoAnTotNghiep\V-Shield-2.0\API\API\API\Controllers\PlateCameraController.cs | C:\DoAnTotNghiep\V-Shield-2.0\API\API\API\Controllers\FaceCameraController.cs | C:\DoAnTotNghiep\V-Shield-2.0\API\API\API\Controllers\FaceCameraController.cs"
"BuildServiceUrl","8","1","C:\DoAnTotNghiep\V-Shield-2.0\API\API\API\Controllers\PlateCameraController.cs | C:\DoAnTotNghiep\V-Shield-2.0\API\API\API\Controllers\PlateCameraController.cs | C:\DoAnTotNghiep\V-Shield-2.0\API\API\API\Controllers\PlateCameraController.cs | C:\DoAnTotNghiep\V-Shield-2.0\API\API\API\Controllers\PlateCameraController.cs | C:\DoAnTotNghiep\V-Shield-2.0\API\API\API\Controllers\FaceCameraController.cs"
"ResolveServiceBaseUrl","6","1","C:\DoAnTotNghiep\V-Shield-2.0\API\API\API\Controllers\FaceIDController.cs | C:\DoAnTotNghiep\V-Shield-2.0\API\API\API\Controllers\FaceIDController.cs | C:\DoAnTotNghiep\V-Shield-2.0\API\API\API\Controllers\FaceCameraController.cs | C:\DoAnTotNghiep\V-Shield-2.0\API\API\API\Controllers\FaceCameraController.cs | C:\DoAnTotNghiep\V-Shield-2.0\API\API\API\Controllers\PlateCameraController.cs"
"Ip","2","1","C:\DoAnTotNghiep\V-Shield-2.0\API\API\API\Controllers\FaceCameraController.cs | C:\DoAnTotNghiep\V-Shield-2.0\API\API\API\Controllers\PlateCameraController.cs"
"FaceIDController","2","1","C:\DoAnTotNghiep\V-Shield-2.0\API\API\API\Controllers\FaceIDController.cs | C:\DoAnTotNghiep\V-Shield-2.0\API\API\API\Controllers\FaceIDController.cs"
"HttpClient","3","1","C:\DoAnTotNghiep\V-Shield-2.0\API\API\API\Controllers\FaceIDController.cs | C:\DoAnTotNghiep\V-Shield-2.0\API\API\API\Services\LanCameraDiscoveryService.cs | C:\DoAnTotNghiep\V-Shield-2.0\API\API\API\Services\LanCameraDiscoveryService.cs"
"StringBuilder","6","1","C:\DoAnTotNghiep\V-Shield-2.0\API\API\API\Controllers\SetCamController.cs | C:\DoAnTotNghiep\V-Shield-2.0\API\API\API\Controllers\QR_DongController.cs | C:\DoAnTotNghiep\V-Shield-2.0\API\API\API\Services\StaticVisitorQrService.cs | C:\DoAnTotNghiep\V-Shield-2.0\API\API\API\Controllers\FaceIDController.cs | C:\DoAnTotNghiep\V-Shield-2.0\API\API\API\Controllers\DeviceManagementController.cs"
"ResolvePythonFolder","2","1","C:\DoAnTotNghiep\V-Shield-2.0\API\API\API\Controllers\FaceIDController.cs | C:\DoAnTotNghiep\V-Shield-2.0\API\API\API\Controllers\FaceIDController.cs"
"IsPythonServiceAvailable","3","1","C:\DoAnTotNghiep\V-Shield-2.0\API\API\API\Controllers\FaceIDController.cs | C:\DoAnTotNghiep\V-Shield-2.0\API\API\API\Controllers\FaceIDController.cs | C:\DoAnTotNghiep\V-Shield-2.0\API\API\API\Controllers\FaceIDController.cs"
"BuildPythonUrl","5","1","C:\DoAnTotNghiep\V-Shield-2.0\API\API\API\Controllers\FaceIDController.cs | C:\DoAnTotNghiep\V-Shield-2.0\API\API\API\Controllers\FaceIDController.cs | C:\DoAnTotNghiep\V-Shield-2.0\API\API\API\Controllers\FaceIDController.cs | C:\DoAnTotNghiep\V-Shield-2.0\API\API\API\Controllers\FaceIDController.cs | C:\DoAnTotNghiep\V-Shield-2.0\API\API\API\Controllers\FaceIDController.cs"
"ResolvePythonExecutable","2","1","C:\DoAnTotNghiep\V-Shield-2.0\API\API\API\Controllers\FaceIDController.cs | C:\DoAnTotNghiep\V-Shield-2.0\API\API\API\Controllers\FaceIDController.cs"
"ResolveUvicornHost","2","1","C:\DoAnTotNghiep\V-Shield-2.0\API\API\API\Controllers\FaceIDController.cs | C:\DoAnTotNghiep\V-Shield-2.0\API\API\API\Controllers\FaceIDController.cs"
"Status","85","1","C:\DoAnTotNghiep\V-Shield-2.0\AccessControlDB_HoanChinh.sql | C:\DoAnTotNghiep\V-Shield-2.0\AccessControlDB_HoanChinh.sql | C:\DoAnTotNghiep\V-Shield-2.0\manage.ps1 | C:\DoAnTotNghiep\V-Shield-2.0\manage.ps1 | C:\DoAnTotNghiep\V-Shield-2.0\AI_Project\cam\cam_gia_lap\cam_gia_lap.py"
"StartCamera","1","1","C:\DoAnTotNghiep\V-Shield-2.0\API\API\API\Controllers\FaceIDController.cs"
"StopCamera","1","1","C:\DoAnTotNghiep\V-Shield-2.0\API\API\API\Controllers\FaceIDController.cs"
"DiscoverIpWebcam","1","1","C:\DoAnTotNghiep\V-Shield-2.0\API\API\API\Controllers\FaceIDController.cs"
"ShutdownPython","1","1","C:\DoAnTotNghiep\V-Shield-2.0\API\API\API\Controllers\FaceIDController.cs"
"GuestProfilesController","2","1","C:\DoAnTotNghiep\V-Shield-2.0\API\API\API\Controllers\GuestProfilesController.cs | C:\DoAnTotNghiep\V-Shield-2.0\API\API\API\Controllers\GuestProfilesController.cs"
"FullName","110","1","C:\DoAnTotNghiep\V-Shield-2.0\AccessControlDB_HoanChinh.sql | C:\DoAnTotNghiep\V-Shield-2.0\AccessControlDB_HoanChinh.sql | C:\DoAnTotNghiep\V-Shield-2.0\AccessControlDB_HoanChinh.sql | C:\DoAnTotNghiep\V-Shield-2.0\API\API\API\appsettings.Development.json | C:\DoAnTotNghiep\V-Shield-2.0\API\API\API\appsettings.Production.example.json"
"Phone","53","1","C:\DoAnTotNghiep\V-Shield-2.0\AccessControlDB_HoanChinh.sql | C:\DoAnTotNghiep\V-Shield-2.0\AccessControlDB_HoanChinh.sql | C:\DoAnTotNghiep\V-Shield-2.0\API\API\API\Data\ApplicationDbContext.cs | C:\DoAnTotNghiep\V-Shield-2.0\API\API\API\Data\ApplicationDbContext.cs | C:\DoAnTotNghiep\V-Shield-2.0\API\API\API\Data\ApplicationDbContext.cs"
"DefaultLicensePlate","13","1","C:\DoAnTotNghiep\V-Shield-2.0\AccessControlDB_HoanChinh.sql | C:\DoAnTotNghiep\V-Shield-2.0\API\API\API\Models\GuestProfile.cs | C:\DoAnTotNghiep\V-Shield-2.0\API\API\API\Migrations\ApplicationDbContextModelSnapshot.cs | C:\DoAnTotNghiep\V-Shield-2.0\API\API\API\Migrations\20260522060405_InitialCreate.Designer.cs | C:\DoAnTotNghiep\V-Shield-2.0\API\API\API\Migrations\20260522060405_InitialCreate.cs"
"FaceImageUrl","43","1","C:\DoAnTotNghiep\V-Shield-2.0\API\API\API\Controllers\BiometricsController.cs | C:\DoAnTotNghiep\V-Shield-2.0\API\API\API\Controllers\EmployeesController.cs | C:\DoAnTotNghiep\V-Shield-2.0\API\API\API\Controllers\EmployeesController.cs | C:\DoAnTotNghiep\V-Shield-2.0\API\API\API\Controllers\EmployeesController.cs | C:\DoAnTotNghiep\V-Shield-2.0\API\API\API\Controllers\EmployeesController.cs"
"PlateCameraController","2","1","C:\DoAnTotNghiep\V-Shield-2.0\API\API\API\Controllers\PlateCameraController.cs | C:\DoAnTotNghiep\V-Shield-2.0\API\API\API\Controllers\PlateCameraController.cs"
"PositionsController","2","1","C:\DoAnTotNghiep\V-Shield-2.0\API\API\API\Controllers\PositionsController.cs | C:\DoAnTotNghiep\V-Shield-2.0\API\API\API\Controllers\PositionsController.cs"
"PreRegistrationController","2","1","C:\DoAnTotNghiep\V-Shield-2.0\API\API\API\Controllers\PreRegistrationController.cs | C:\DoAnTotNghiep\V-Shield-2.0\API\API\API\Controllers\PreRegistrationController.cs"
"ValidateToken","1","1","C:\DoAnTotNghiep\V-Shield-2.0\API\API\API\Controllers\PreRegistrationController.cs"
"SubmitRegistration","1","1","C:\DoAnTotNghiep\V-Shield-2.0\API\API\API\Controllers\PreRegistrationController.cs"
"UpdateStatus","1","1","C:\DoAnTotNghiep\V-Shield-2.0\API\API\API\Controllers\PreRegistrationController.cs"
"VerifyVisitorQr","1","1","C:\DoAnTotNghiep\V-Shield-2.0\API\API\API\Controllers\PreRegistrationController.cs"
"QrAccessController","2","1","C:\DoAnTotNghiep\V-Shield-2.0\API\API\API\Controllers\QrAccessController.cs | C:\DoAnTotNghiep\V-Shield-2.0\API\API\API\Controllers\QrAccessController.cs"
"ScanAccess","1","1","C:\DoAnTotNghiep\V-Shield-2.0\API\API\API\Controllers\QrAccessController.cs"
"QR_DongController","4","1","C:\DoAnTotNghiep\V-Shield-2.0\API\API\API\Controllers\QR_DongController.cs | C:\DoAnTotNghiep\V-Shield-2.0\API\API\API\Controllers\QR_DongController.cs | C:\DoAnTotNghiep\V-Shield-2.0\API\API\API\Controllers\QR_DongController.cs | C:\DoAnTotNghiep\V-Shield-2.0\API\API\API\Controllers\QR_DongController.cs"
"GenerateDynamicQr","1","1","C:\DoAnTotNghiep\V-Shield-2.0\API\API\API\Controllers\QR_DongController.cs"
"VerifyDynamicQr","1","1","C:\DoAnTotNghiep\V-Shield-2.0\API\API\API\Controllers\QR_DongController.cs"
"SaveScanLog","10","1","C:\DoAnTotNghiep\V-Shield-2.0\API\API\API\Controllers\QR_DongController.cs | C:\DoAnTotNghiep\V-Shield-2.0\API\API\API\Controllers\QR_DongController.cs | C:\DoAnTotNghiep\V-Shield-2.0\API\API\API\Controllers\QR_DongController.cs | C:\DoAnTotNghiep\V-Shield-2.0\API\API\API\Controllers\QR_DongController.cs | C:\DoAnTotNghiep\V-Shield-2.0\API\API\API\Controllers\QR_DongController.cs"
"GetCurrentCounter","3","1","C:\DoAnTotNghiep\V-Shield-2.0\API\API\API\Controllers\QR_DongController.cs | C:\DoAnTotNghiep\V-Shield-2.0\API\API\API\Controllers\QR_DongController.cs | C:\DoAnTotNghiep\V-Shield-2.0\API\API\API\Controllers\QR_DongController.cs"
"GetCounterExpiryUtc","3","1","C:\DoAnTotNghiep\V-Shield-2.0\API\API\API\Controllers\QR_DongController.cs | C:\DoAnTotNghiep\V-Shield-2.0\API\API\API\Controllers\QR_DongController.cs | C:\DoAnTotNghiep\V-Shield-2.0\API\API\API\Controllers\QR_DongController.cs"
"GenerateTotp","3","1","C:\DoAnTotNghiep\V-Shield-2.0\API\API\API\Controllers\QR_DongController.cs | C:\DoAnTotNghiep\V-Shield-2.0\API\API\API\Controllers\QR_DongController.cs | C:\DoAnTotNghiep\V-Shield-2.0\API\API\API\Controllers\QR_DongController.cs"
"GenerateBase32Secret","2","1","C:\DoAnTotNghiep\V-Shield-2.0\API\API\API\Controllers\QR_DongController.cs | C:\DoAnTotNghiep\V-Shield-2.0\API\API\API\Controllers\QR_DongController.cs"
"ParseQrPayload","2","1","C:\DoAnTotNghiep\V-Shield-2.0\API\API\API\Controllers\QR_DongController.cs | C:\DoAnTotNghiep\V-Shield-2.0\API\API\API\Controllers\QR_DongController.cs"
"FixedTimeEquals","5","1","C:\DoAnTotNghiep\V-Shield-2.0\API\API\API\Services\StaticVisitorQrService.cs | C:\DoAnTotNghiep\V-Shield-2.0\API\API\API\Services\StaticVisitorQrService.cs | C:\DoAnTotNghiep\V-Shield-2.0\API\API\API\Controllers\QR_DongController.cs | C:\DoAnTotNghiep\V-Shield-2.0\API\API\API\Controllers\QR_DongController.cs | C:\DoAnTotNghiep\V-Shield-2.0\API\API\API\Controllers\QR_DongController.cs"
"Base32Encode","4","1","C:\DoAnTotNghiep\V-Shield-2.0\API\API\API\Services\StaticVisitorQrService.cs | C:\DoAnTotNghiep\V-Shield-2.0\API\API\API\Services\StaticVisitorQrService.cs | C:\DoAnTotNghiep\V-Shield-2.0\API\API\API\Controllers\QR_DongController.cs | C:\DoAnTotNghiep\V-Shield-2.0\API\API\API\Controllers\QR_DongController.cs"
"Base32Decode","4","1","C:\DoAnTotNghiep\V-Shield-2.0\API\API\API\Controllers\QR_DongController.cs | C:\DoAnTotNghiep\V-Shield-2.0\API\API\API\Controllers\QR_DongController.cs | C:\DoAnTotNghiep\V-Shield-2.0\API\API\API\Services\StaticVisitorQrService.cs | C:\DoAnTotNghiep\V-Shield-2.0\API\API\API\Services\StaticVisitorQrService.cs"
"TryVerifyStaticVisitorQr","3","1","C:\DoAnTotNghiep\V-Shield-2.0\API\API\API\Controllers\QR_DongController.cs | C:\DoAnTotNghiep\V-Shield-2.0\API\API\API\Controllers\QR_DongController.cs | C:\DoAnTotNghiep\V-Shield-2.0\API\API\API\Controllers\QR_DongController.cs"
"RegistrationLinkController","2","1","C:\DoAnTotNghiep\V-Shield-2.0\API\API\API\Controllers\RegistrationLinkController.cs | C:\DoAnTotNghiep\V-Shield-2.0\API\API\API\Controllers\RegistrationLinkController.cs"
"CreateLink","1","1","C:\DoAnTotNghiep\V-Shield-2.0\API\API\API\Controllers\RegistrationLinkController.cs"
"GetLinks","1","1","C:\DoAnTotNghiep\V-Shield-2.0\API\API\API\Controllers\RegistrationLinkController.cs"
"RuntimeServicesController","2","1","C:\DoAnTotNghiep\V-Shield-2.0\API\API\API\Controllers\RuntimeServicesController.cs | C:\DoAnTotNghiep\V-Shield-2.0\API\API\API\Controllers\RuntimeServicesController.cs"
"UpdateConfig","3","1","C:\DoAnTotNghiep\V-Shield-2.0\API\API\API\Controllers\RuntimeServicesController.cs | C:\DoAnTotNghiep\V-Shield-2.0\API\API\API\Controllers\RuntimeServicesController.cs | C:\DoAnTotNghiep\V-Shield-2.0\API\API\API\Services\RuntimeOrchestrator.cs"
"StartService","1","1","C:\DoAnTotNghiep\V-Shield-2.0\API\API\API\Controllers\RuntimeServicesController.cs"
"StopService","1","1","C:\DoAnTotNghiep\V-Shield-2.0\API\API\API\Controllers\RuntimeServicesController.cs"
"Enabled","11","1","C:\DoAnTotNghiep\V-Shield-2.0\AI_Project\cam\cam_gia_lap\mediamtx_v1.17.1_windows_amd64\mediamtx.yml | C:\DoAnTotNghiep\V-Shield-2.0\AI_Project\cam\cam_gia_lap\mediamtx_v1.17.1_windows_amd64\mediamtx.yml | C:\DoAnTotNghiep\V-Shield-2.0\API\API\API\Services\RuntimeOrchestrator.cs | C:\DoAnTotNghiep\V-Shield-2.0\API\API\API\Services\RuntimeOrchestrator.cs | C:\DoAnTotNghiep\V-Shield-2.0\API\API\API\Services\RuntimeOrchestrator.cs"
"AutoStart","20","1","C:\DoAnTotNghiep\V-Shield-2.0\API\API\API\Controllers\RuntimeServicesController.cs | C:\DoAnTotNghiep\V-Shield-2.0\API\API\API\Controllers\RuntimeServicesController.cs | C:\DoAnTotNghiep\V-Shield-2.0\API\API\API\Services\RuntimeOrchestrator.cs | C:\DoAnTotNghiep\V-Shield-2.0\API\API\API\Services\RuntimeOrchestrator.cs | C:\DoAnTotNghiep\V-Shield-2.0\API\API\API\Services\RuntimeOrchestrator.cs"
"SetCamController","2","1","C:\DoAnTotNghiep\V-Shield-2.0\API\API\API\Controllers\SetCamController.cs | C:\DoAnTotNghiep\V-Shield-2.0\API\API\API\Controllers\SetCamController.cs"
"ReloadGo2Rtc","1","1","C:\DoAnTotNghiep\V-Shield-2.0\API\API\API\Controllers\SetCamController.cs"
"StopGo2Rtc","1","1","C:\DoAnTotNghiep\V-Shield-2.0\API\API\API\Controllers\SetCamController.cs"
"StartPythonQr","1","1","C:\DoAnTotNghiep\V-Shield-2.0\API\API\API\Controllers\SetCamController.cs"
"StopPythonQr","1","1","C:\DoAnTotNghiep\V-Shield-2.0\API\API\API\Controllers\SetCamController.cs"
"StartPythonPlate","1","1","C:\DoAnTotNghiep\V-Shield-2.0\API\API\API\Controllers\SetCamController.cs"
"StopPythonPlate","1","1","C:\DoAnTotNghiep\V-Shield-2.0\API\API\API\Controllers\SetCamController.cs"
"StartPythonCamGiaLap","1","1","C:\DoAnTotNghiep\V-Shield-2.0\API\API\API\Controllers\SetCamController.cs"
"StopPythonCamGiaLap","3","1","C:\DoAnTotNghiep\V-Shield-2.0\API\API\API\Services\RuntimeOrchestrator.cs | C:\DoAnTotNghiep\V-Shield-2.0\API\API\API\Services\RuntimeOrchestrator.cs | C:\DoAnTotNghiep\V-Shield-2.0\API\API\API\Controllers\SetCamController.cs"
"StatusPython","1","1","C:\DoAnTotNghiep\V-Shield-2.0\API\API\API\Controllers\SetCamController.cs"
"StartPythonScript","8","1","C:\DoAnTotNghiep\V-Shield-2.0\API\API\API\Services\RuntimeOrchestrator.cs | C:\DoAnTotNghiep\V-Shield-2.0\API\API\API\Services\RuntimeOrchestrator.cs | C:\DoAnTotNghiep\V-Shield-2.0\API\API\API\Services\RuntimeOrchestrator.cs | C:\DoAnTotNghiep\V-Shield-2.0\API\API\API\Services\RuntimeOrchestrator.cs | C:\DoAnTotNghiep\V-Shield-2.0\API\API\API\Controllers\SetCamController.cs"
"StopPythonScript","8","1","C:\DoAnTotNghiep\V-Shield-2.0\API\API\API\Services\RuntimeOrchestrator.cs | C:\DoAnTotNghiep\V-Shield-2.0\API\API\API\Services\RuntimeOrchestrator.cs | C:\DoAnTotNghiep\V-Shield-2.0\API\API\API\Services\RuntimeOrchestrator.cs | C:\DoAnTotNghiep\V-Shield-2.0\API\API\API\Services\RuntimeOrchestrator.cs | C:\DoAnTotNghiep\V-Shield-2.0\API\API\API\Controllers\SetCamController.cs"
"IsPythonScriptRunning","10","1","C:\DoAnTotNghiep\V-Shield-2.0\API\API\API\Services\RuntimeOrchestrator.cs | C:\DoAnTotNghiep\V-Shield-2.0\API\API\API\Services\RuntimeOrchestrator.cs | C:\DoAnTotNghiep\V-Shield-2.0\API\API\API\Services\RuntimeOrchestrator.cs | C:\DoAnTotNghiep\V-Shield-2.0\API\API\API\Services\RuntimeOrchestrator.cs | C:\DoAnTotNghiep\V-Shield-2.0\API\API\API\Services\RuntimeOrchestrator.cs"
"BuildDirectWebStreamUrl","2","1","C:\DoAnTotNghiep\V-Shield-2.0\API\API\API\Controllers\SetCamController.cs | C:\DoAnTotNghiep\V-Shield-2.0\API\API\API\Controllers\SetCamController.cs"
"GetLocalIPAddress","1","1","C:\DoAnTotNghiep\V-Shield-2.0\API\API\API\Controllers\SetCamController.cs"
"EnsureCloudflaredConfig","2","1","C:\DoAnTotNghiep\V-Shield-2.0\API\API\API\Controllers\SetCamController.cs | C:\DoAnTotNghiep\V-Shield-2.0\API\API\API\Controllers\SetCamController.cs"
"StartCloudflared","4","1","C:\DoAnTotNghiep\V-Shield-2.0\API\API\API\Controllers\SetCamController.cs | C:\DoAnTotNghiep\V-Shield-2.0\API\API\API\Controllers\SetCamController.cs | C:\DoAnTotNghiep\V-Shield-2.0\API\API\API\Services\RuntimeOrchestrator.cs | C:\DoAnTotNghiep\V-Shield-2.0\API\API\API\Services\RuntimeOrchestrator.cs"
"StatisticsController","2","1","C:\DoAnTotNghiep\V-Shield-2.0\API\API\API\Controllers\StatisticsController.cs | C:\DoAnTotNghiep\V-Shield-2.0\API\API\API\Controllers\StatisticsController.cs"
"StreamEmployeeCount","1","1","C:\DoAnTotNghiep\V-Shield-2.0\API\API\API\Controllers\StatisticsController.cs"
"GateController","2","1","C:\DoAnTotNghiep\V-Shield-2.0\API\API\API\Controllers\ThongHanhController.cs | C:\DoAnTotNghiep\V-Shield-2.0\API\API\API\Controllers\ThongHanhController.cs"
"ScanVehicle","1","1","C:\DoAnTotNghiep\V-Shield-2.0\API\API\API\Controllers\ThongHanhController.cs"
"ScanGuest","1","1","C:\DoAnTotNghiep\V-Shield-2.0\API\API\API\Controllers\ThongHanhController.cs"
"GetVehiclesByEmployee","1","1","C:\DoAnTotNghiep\V-Shield-2.0\API\API\API\Controllers\ThongHanhController.cs"
"GetVehicleByPlate","1","1","C:\DoAnTotNghiep\V-Shield-2.0\API\API\API\Controllers\ThongHanhController.cs"
"GetLogsByPlate","1","1","C:\DoAnTotNghiep\V-Shield-2.0\API\API\API\Controllers\ThongHanhController.cs"
"GetLogsByEmployee","1","1","C:\DoAnTotNghiep\V-Shield-2.0\API\API\API\Controllers\ThongHanhController.cs"
"NormalizeLicensePlate","8","1","C:\DoAnTotNghiep\V-Shield-2.0\API\API\API\Controllers\ThongHanhController.cs | C:\DoAnTotNghiep\V-Shield-2.0\API\API\API\Controllers\ThongHanhController.cs | C:\DoAnTotNghiep\V-Shield-2.0\API\API\API\Controllers\ThongHanhController.cs | C:\DoAnTotNghiep\V-Shield-2.0\API\API\API\Controllers\ThongHanhController.cs | C:\DoAnTotNghiep\V-Shield-2.0\API\API\API\Controllers\ThongHanhController.cs"
"NormalizeParkingStatus","3","1","C:\DoAnTotNghiep\V-Shield-2.0\API\API\API\Controllers\ThongHanhController.cs | C:\DoAnTotNghiep\V-Shield-2.0\API\API\API\Controllers\ThongHanhController.cs | C:\DoAnTotNghiep\V-Shield-2.0\API\API\API\Controllers\ThongHanhController.cs"
"GateScanRequest","3","1","C:\DoAnTotNghiep\V-Shield-2.0\API\API\API\Controllers\ThongHanhController.cs | C:\DoAnTotNghiep\V-Shield-2.0\API\API\API\Controllers\ThongHanhController.cs | C:\DoAnTotNghiep\V-Shield-2.0\API\API\API\Controllers\ThongHanhController.cs"
"LicensePlate","42","1","C:\DoAnTotNghiep\V-Shield-2.0\AccessControlDB_HoanChinh.sql | C:\DoAnTotNghiep\V-Shield-2.0\AccessControlDB_HoanChinh.sql | C:\DoAnTotNghiep\V-Shield-2.0\API\API\API\Migrations\20260522060405_InitialCreate.cs | C:\DoAnTotNghiep\V-Shield-2.0\API\API\API\Migrations\20260522060405_InitialCreate.cs | C:\DoAnTotNghiep\V-Shield-2.0\API\API\API\Migrations\ApplicationDbContextModelSnapshot.cs"
"VehicleTypeId","46","1","C:\DoAnTotNghiep\V-Shield-2.0\AccessControlDB_HoanChinh.sql | C:\DoAnTotNghiep\V-Shield-2.0\AccessControlDB_HoanChinh.sql | C:\DoAnTotNghiep\V-Shield-2.0\API\API\API\Data\ApplicationDbContext.cs | C:\DoAnTotNghiep\V-Shield-2.0\API\API\API\Controllers\ThongHanhController.cs | C:\DoAnTotNghiep\V-Shield-2.0\API\API\API\Controllers\ThongHanhController.cs"
"GuestId","41","1","C:\DoAnTotNghiep\V-Shield-2.0\AccessControlDB_HoanChinh.sql | C:\DoAnTotNghiep\V-Shield-2.0\AccessControlDB_HoanChinh.sql | C:\DoAnTotNghiep\V-Shield-2.0\API\API\API\Data\ApplicationDbContext.cs | C:\DoAnTotNghiep\V-Shield-2.0\API\API\API\Controllers\GuestProfilesController.cs | C:\DoAnTotNghiep\V-Shield-2.0\API\API\API\Controllers\GuestProfilesController.cs"
"VisitorDetailId","70","1","C:\DoAnTotNghiep\V-Shield-2.0\AccessControlDB_HoanChinh.sql | C:\DoAnTotNghiep\V-Shield-2.0\API\API\API\Models\VisitorDetail.cs | C:\DoAnTotNghiep\V-Shield-2.0\API\API\API\Models\Vehicle.cs | C:\DoAnTotNghiep\V-Shield-2.0\API\API\API\Models\AccessPermissions.cs | C:\DoAnTotNghiep\V-Shield-2.0\API\API\API\Models\AccessLog.cs"
"QrPayload","42","1","C:\DoAnTotNghiep\V-Shield-2.0\API\API\API\DTOs\PreRegistrationDtos.cs | C:\DoAnTotNghiep\V-Shield-2.0\API\API\API\DTOs\DynamicQrDtos.cs | C:\DoAnTotNghiep\V-Shield-2.0\View\src\components\ThongHanhQR.vue.bak_mojibake | C:\DoAnTotNghiep\V-Shield-2.0\View\src\components\ThongHanhQR.vue | C:\DoAnTotNghiep\V-Shield-2.0\API\API\API\Controllers\ThongHanhController.cs"
"GateApiResponse","41","1","C:\DoAnTotNghiep\V-Shield-2.0\API\API\API\Controllers\AccessPermissionController.cs | C:\DoAnTotNghiep\V-Shield-2.0\API\API\API\Controllers\AccessPermissionController.cs | C:\DoAnTotNghiep\V-Shield-2.0\API\API\API\Controllers\AccessPermissionController.cs | C:\DoAnTotNghiep\V-Shield-2.0\API\API\API\Controllers\AccessPermissionController.cs | C:\DoAnTotNghiep\V-Shield-2.0\API\API\API\Controllers\AccessPermissionController.cs"
"Success","16","1","C:\DoAnTotNghiep\V-Shield-2.0\View\src\pages\PreRegistration.vue | C:\DoAnTotNghiep\V-Shield-2.0\API\API\API\Services\RuntimeOrchestrator.cs | C:\DoAnTotNghiep\V-Shield-2.0\API\API\API\Services\RuntimeOrchestrator.cs | C:\DoAnTotNghiep\V-Shield-2.0\API\API\API\Services\RuntimeOrchestrator.cs | C:\DoAnTotNghiep\V-Shield-2.0\View\src\pages\GuestRegister.vue"
"Message","68","1","C:\DoAnTotNghiep\V-Shield-2.0\manage.ps1 | C:\DoAnTotNghiep\V-Shield-2.0\API\API\API\Services\RuntimeOrchestrator.cs | C:\DoAnTotNghiep\V-Shield-2.0\API\API\API\Services\RuntimeOrchestrator.cs | C:\DoAnTotNghiep\V-Shield-2.0\API\API\API\Services\RuntimeOrchestrator.cs | C:\DoAnTotNghiep\V-Shield-2.0\API\API\API\Services\RuntimeOrchestrator.cs"
"Data","41","1","C:\DoAnTotNghiep\V-Shield-2.0\API\API\API\Data\ApplicationDbContext.cs | C:\DoAnTotNghiep\V-Shield-2.0\API\API\API\Program.cs | C:\DoAnTotNghiep\V-Shield-2.0\API\API\API\Program.cs | C:\DoAnTotNghiep\V-Shield-2.0\API\API\API\Controllers\VideoController.cs | C:\DoAnTotNghiep\V-Shield-2.0\API\API\API\Migrations\ApplicationDbContextModelSnapshot.cs"
"CreateSuccess","11","1","C:\DoAnTotNghiep\V-Shield-2.0\API\API\API\Controllers\ThongHanhController.cs | C:\DoAnTotNghiep\V-Shield-2.0\API\API\API\Controllers\ThongHanhController.cs | C:\DoAnTotNghiep\V-Shield-2.0\API\API\API\Controllers\ThongHanhController.cs | C:\DoAnTotNghiep\V-Shield-2.0\API\API\API\Controllers\ThongHanhController.cs | C:\DoAnTotNghiep\V-Shield-2.0\API\API\API\Controllers\ThongHanhController.cs"
"CreateError","27","1","C:\DoAnTotNghiep\V-Shield-2.0\API\API\API\Controllers\AccessPermissionController.cs | C:\DoAnTotNghiep\V-Shield-2.0\API\API\API\Controllers\AccessPermissionController.cs | C:\DoAnTotNghiep\V-Shield-2.0\API\API\API\Controllers\AccessPermissionController.cs | C:\DoAnTotNghiep\V-Shield-2.0\API\API\API\Controllers\AccessPermissionController.cs | C:\DoAnTotNghiep\V-Shield-2.0\API\API\API\Controllers\ThongHanhController.cs"
"UsersController","2","1","C:\DoAnTotNghiep\V-Shield-2.0\API\API\API\Controllers\UsersController.cs | C:\DoAnTotNghiep\V-Shield-2.0\API\API\API\Controllers\UsersController.cs"
"VehiclesController","2","1","C:\DoAnTotNghiep\V-Shield-2.0\API\API\API\Controllers\VehiclesController.cs | C:\DoAnTotNghiep\V-Shield-2.0\API\API\API\Controllers\VehiclesController.cs"
"GetVehicleTypes","1","1","C:\DoAnTotNghiep\V-Shield-2.0\API\API\API\Controllers\VehiclesController.cs"
"GetByLicensePlate","1","1","C:\DoAnTotNghiep\V-Shield-2.0\API\API\API\Controllers\VehiclesController.cs"
"GetByEmployeeId","1","1","C:\DoAnTotNghiep\V-Shield-2.0\API\API\API\Controllers\VehiclesController.cs"
"VideoController","2","1","C:\DoAnTotNghiep\V-Shield-2.0\API\API\API\Controllers\VideoController.cs | C:\DoAnTotNghiep\V-Shield-2.0\API\API\API\Controllers\VideoController.cs"
"UploadVideo","1","1","C:\DoAnTotNghiep\V-Shield-2.0\API\API\API\Controllers\VideoController.cs"
"GetVideosByEmployee","1","1","C:\DoAnTotNghiep\V-Shield-2.0\API\API\API\Controllers\VideoController.cs"
"DeleteVideo","1","1","C:\DoAnTotNghiep\V-Shield-2.0\API\API\API\Controllers\VideoController.cs"
"WeatherForecastController","3","1","C:\DoAnTotNghiep\V-Shield-2.0\API\API\API\Controllers\WeatherForecastController.cs | C:\DoAnTotNghiep\V-Shield-2.0\API\API\API\Controllers\WeatherForecastController.cs | C:\DoAnTotNghiep\V-Shield-2.0\API\API\API\Controllers\WeatherForecastController.cs"
"Get","34","1","C:\DoAnTotNghiep\V-Shield-2.0\manage.ps1 | C:\DoAnTotNghiep\V-Shield-2.0\manage.ps1 | C:\DoAnTotNghiep\V-Shield-2.0\manage.ps1 | C:\DoAnTotNghiep\V-Shield-2.0\manage.ps1 | C:\DoAnTotNghiep\V-Shield-2.0\manage.ps1"
"API.Data","27","1","C:\DoAnTotNghiep\V-Shield-2.0\API\API\API\Data\ApplicationDbContext.cs | C:\DoAnTotNghiep\V-Shield-2.0\API\API\API\Program.cs | C:\DoAnTotNghiep\V-Shield-2.0\API\API\API\Services\VehicleService.cs | C:\DoAnTotNghiep\V-Shield-2.0\API\API\API\Controllers\VideoController.cs | C:\DoAnTotNghiep\V-Shield-2.0\API\API\API\Controllers\UsersController.cs"
"ApplicationDbContext","55","1","C:\DoAnTotNghiep\V-Shield-2.0\API\API\API\Services\VehicleService.cs | C:\DoAnTotNghiep\V-Shield-2.0\API\API\API\Services\VehicleService.cs | C:\DoAnTotNghiep\V-Shield-2.0\API\API\API\Migrations\ApplicationDbContextModelSnapshot.cs | C:\DoAnTotNghiep\V-Shield-2.0\API\API\API\Migrations\20260522060405_InitialCreate.Designer.cs | C:\DoAnTotNghiep\V-Shield-2.0\API\API\API\Services\AuthService.cs"
"AccessLogs","70","1","C:\DoAnTotNghiep\V-Shield-2.0\API\API\API\Migrations\ApplicationDbContextModelSnapshot.cs | C:\DoAnTotNghiep\V-Shield-2.0\API\API\API\Migrations\ApplicationDbContextModelSnapshot.cs | C:\DoAnTotNghiep\V-Shield-2.0\API\API\API\Migrations\ApplicationDbContextModelSnapshot.cs | C:\DoAnTotNghiep\V-Shield-2.0\API\API\API\Migrations\ApplicationDbContextModelSnapshot.cs | C:\DoAnTotNghiep\V-Shield-2.0\API\API\API\Migrations\ApplicationDbContextModelSnapshot.cs"
"Cameras","32","1","C:\DoAnTotNghiep\V-Shield-2.0\API\API\API\Controllers\DashboardController.cs | C:\DoAnTotNghiep\V-Shield-2.0\API\API\API\Controllers\BienSoController.cs | C:\DoAnTotNghiep\V-Shield-2.0\API\API\API\Controllers\QrAccessController.cs | C:\DoAnTotNghiep\V-Shield-2.0\API\API\API\Data\ApplicationDbContext.cs | C:\DoAnTotNghiep\V-Shield-2.0\API\API\API\Data\ApplicationDbContext.cs"
"CameraPlates","13","1","C:\DoAnTotNghiep\V-Shield-2.0\AccessControlDB_HoanChinh.sql | C:\DoAnTotNghiep\V-Shield-2.0\AccessControlDB_HoanChinh.sql | C:\DoAnTotNghiep\V-Shield-2.0\API\API\API\Data\ApplicationDbContext.cs | C:\DoAnTotNghiep\V-Shield-2.0\API\API\API\Controllers\BienSoController.cs | C:\DoAnTotNghiep\V-Shield-2.0\API\API\API\Controllers\BienSoController.cs"
"Departments","15","1","C:\DoAnTotNghiep\V-Shield-2.0\API\API\API\Data\ApplicationDbContext.cs | C:\DoAnTotNghiep\V-Shield-2.0\API\API\API\Controllers\DepartmentsController.cs | C:\DoAnTotNghiep\V-Shield-2.0\API\API\API\Controllers\DepartmentsController.cs | C:\DoAnTotNghiep\V-Shield-2.0\API\API\API\Controllers\DepartmentsController.cs | C:\DoAnTotNghiep\V-Shield-2.0\API\API\API\Controllers\DepartmentsController.cs"
"Employees","64","1","C:\DoAnTotNghiep\V-Shield-2.0\API\API\API\Data\ApplicationDbContext.cs | C:\DoAnTotNghiep\V-Shield-2.0\API\API\API\Data\ApplicationDbContext.cs | C:\DoAnTotNghiep\V-Shield-2.0\API\API\API\Data\ApplicationDbContext.cs | C:\DoAnTotNghiep\V-Shield-2.0\API\API\API\Data\ApplicationDbContext.cs | C:\DoAnTotNghiep\V-Shield-2.0\API\API\API\Data\ApplicationDbContext.cs"
"ExceptionReasons","8","1","C:\DoAnTotNghiep\V-Shield-2.0\API\API\API\Data\ApplicationDbContext.cs | C:\DoAnTotNghiep\V-Shield-2.0\API\API\API\Controllers\ExceptionReasonsController.cs | C:\DoAnTotNghiep\V-Shield-2.0\API\API\API\Controllers\ExceptionReasonsController.cs | C:\DoAnTotNghiep\V-Shield-2.0\API\API\API\Controllers\ExceptionReasonsController.cs | C:\DoAnTotNghiep\V-Shield-2.0\API\API\API\Controllers\ExceptionReasonsController.cs"
"Gates","15","1","C:\DoAnTotNghiep\V-Shield-2.0\API\API\API\Controllers\SetCamController.cs | C:\DoAnTotNghiep\V-Shield-2.0\API\API\API\Controllers\SetCamController.cs | C:\DoAnTotNghiep\V-Shield-2.0\API\API\API\Controllers\DeviceManagementController.cs | C:\DoAnTotNghiep\V-Shield-2.0\API\API\API\Controllers\DeviceManagementController.cs | C:\DoAnTotNghiep\V-Shield-2.0\API\API\API\Controllers\DeviceManagementController.cs"
"GuestProfiles","13","1","C:\DoAnTotNghiep\V-Shield-2.0\View\src\router\index.js | C:\DoAnTotNghiep\V-Shield-2.0\View\src\router\index.js | C:\DoAnTotNghiep\V-Shield-2.0\API\API\API\Data\ApplicationDbContext.cs | C:\DoAnTotNghiep\V-Shield-2.0\View\src\components\Layout\Header.vue | C:\DoAnTotNghiep\V-Shield-2.0\API\API\API\Controllers\GuestProfilesController.cs"
"Positions","15","1","C:\DoAnTotNghiep\V-Shield-2.0\View\src\services\lookupApi.js | C:\DoAnTotNghiep\V-Shield-2.0\View\src\services\lookupApi.js | C:\DoAnTotNghiep\V-Shield-2.0\View\src\pages\SystemCatalog.vue | C:\DoAnTotNghiep\V-Shield-2.0\View\src\pages\DepartmentPosition.vue | C:\DoAnTotNghiep\V-Shield-2.0\API\API\API\Data\ApplicationDbContext.cs"
"PreRegistrations","28","1","C:\DoAnTotNghiep\V-Shield-2.0\API\API\API\Data\ApplicationDbContext.cs | C:\DoAnTotNghiep\V-Shield-2.0\API\API\API\Data\ApplicationDbContext.cs | C:\DoAnTotNghiep\V-Shield-2.0\API\API\API\Data\ApplicationDbContext.cs | C:\DoAnTotNghiep\V-Shield-2.0\API\API\API\Controllers\DashboardController.cs | C:\DoAnTotNghiep\V-Shield-2.0\API\API\API\Controllers\DashboardController.cs"
"Vehicles","40","1","C:\DoAnTotNghiep\V-Shield-2.0\API\API\API\Controllers\AccessLogsController.cs | C:\DoAnTotNghiep\V-Shield-2.0\API\API\API\Migrations\ApplicationDbContextModelSnapshot.cs | C:\DoAnTotNghiep\V-Shield-2.0\API\API\API\Migrations\ApplicationDbContextModelSnapshot.cs | C:\DoAnTotNghiep\V-Shield-2.0\API\API\API\Migrations\ApplicationDbContextModelSnapshot.cs | C:\DoAnTotNghiep\V-Shield-2.0\API\API\API\Migrations\ApplicationDbContextModelSnapshot.cs"
"VehicleTypes","6","1","C:\DoAnTotNghiep\V-Shield-2.0\API\API\API\Data\ApplicationDbContext.cs | C:\DoAnTotNghiep\V-Shield-2.0\API\API\API\Services\VehicleService.cs | C:\DoAnTotNghiep\V-Shield-2.0\API\API\API\Services\VehicleService.cs | C:\DoAnTotNghiep\V-Shield-2.0\API\API\API\Services\VehicleService.cs | C:\DoAnTotNghiep\V-Shield-2.0\API\API\API\Services\VehicleService.cs"
"AppUsers","22","1","C:\DoAnTotNghiep\V-Shield-2.0\API\API\API\Data\ApplicationDbContext.cs | C:\DoAnTotNghiep\V-Shield-2.0\API\API\API\Migrations\ApplicationDbContextModelSnapshot.cs | C:\DoAnTotNghiep\V-Shield-2.0\API\API\API\Migrations\20260522060405_InitialCreate.cs | C:\DoAnTotNghiep\V-Shield-2.0\API\API\API\Migrations\20260522060405_InitialCreate.cs | C:\DoAnTotNghiep\V-Shield-2.0\API\API\API\Migrations\20260522060405_InitialCreate.cs"
"RegistrationLinks","8","1","C:\DoAnTotNghiep\V-Shield-2.0\API\API\API\Data\ApplicationDbContext.cs | C:\DoAnTotNghiep\V-Shield-2.0\API\API\API\Controllers\RegistrationLinkController.cs | C:\DoAnTotNghiep\V-Shield-2.0\API\API\API\Controllers\RegistrationLinkController.cs | C:\DoAnTotNghiep\V-Shield-2.0\View\src\components\Layout\Header.vue | C:\DoAnTotNghiep\V-Shield-2.0\View\src\router\index.js"
"VisitorDetails","17","1","C:\DoAnTotNghiep\V-Shield-2.0\API\API\API\Data\ApplicationDbContext.cs | C:\DoAnTotNghiep\V-Shield-2.0\API\API\API\Data\ApplicationDbContext.cs | C:\DoAnTotNghiep\V-Shield-2.0\API\API\API\Data\ApplicationDbContext.cs | C:\DoAnTotNghiep\V-Shield-2.0\API\API\API\Controllers\QR_DongController.cs | C:\DoAnTotNghiep\V-Shield-2.0\API\API\API\Controllers\QrAccessController.cs"
"EmployeeFaceVideos","19","1","C:\DoAnTotNghiep\V-Shield-2.0\AccessControlDB_HoanChinh.sql | C:\DoAnTotNghiep\V-Shield-2.0\AccessControlDB_HoanChinh.sql | C:\DoAnTotNghiep\V-Shield-2.0\AccessControlDB_HoanChinh.sql | C:\DoAnTotNghiep\V-Shield-2.0\AccessControlDB_HoanChinh.sql | C:\DoAnTotNghiep\V-Shield-2.0\API\API\API\Data\ApplicationDbContext.cs"
"EmployeeFaceModels","17","1","C:\DoAnTotNghiep\V-Shield-2.0\AccessControlDB_HoanChinh.sql | C:\DoAnTotNghiep\V-Shield-2.0\AccessControlDB_HoanChinh.sql | C:\DoAnTotNghiep\V-Shield-2.0\AccessControlDB_HoanChinh.sql | C:\DoAnTotNghiep\V-Shield-2.0\AccessControlDB_HoanChinh.sql | C:\DoAnTotNghiep\V-Shield-2.0\API\API\API\Data\ApplicationDbContext.cs"
"EmployeeDynamicQrs","9","1","C:\DoAnTotNghiep\V-Shield-2.0\API\API\API\Data\ApplicationDbContext.cs | C:\DoAnTotNghiep\V-Shield-2.0\API\API\API\Controllers\QR_DongController.cs | C:\DoAnTotNghiep\V-Shield-2.0\API\API\API\Controllers\QR_DongController.cs | C:\DoAnTotNghiep\V-Shield-2.0\API\API\API\Controllers\QR_DongController.cs | C:\DoAnTotNghiep\V-Shield-2.0\API\API\API\Migrations\ApplicationDbContextModelSnapshot.cs"
"DynamicQrScanLogs","6","1","C:\DoAnTotNghiep\V-Shield-2.0\API\API\API\Data\ApplicationDbContext.cs | C:\DoAnTotNghiep\V-Shield-2.0\API\API\API\Controllers\QR_DongController.cs | C:\DoAnTotNghiep\V-Shield-2.0\API\API\API\Migrations\ApplicationDbContextModelSnapshot.cs | C:\DoAnTotNghiep\V-Shield-2.0\API\API\API\Migrations\20260522060405_InitialCreate.Designer.cs | C:\DoAnTotNghiep\V-Shield-2.0\API\API\API\Migrations\20260522060405_InitialCreate.cs"
"EmployeeAccessPermissions","4","1","C:\DoAnTotNghiep\V-Shield-2.0\API\API\API\Controllers\QrAccessController.cs | C:\DoAnTotNghiep\V-Shield-2.0\API\API\API\Controllers\AccessPermissionController.cs | C:\DoAnTotNghiep\V-Shield-2.0\API\API\API\Controllers\AccessPermissionController.cs | C:\DoAnTotNghiep\V-Shield-2.0\API\API\API\Data\ApplicationDbContext.cs"
"VisitorAccessPermissions","4","1","C:\DoAnTotNghiep\V-Shield-2.0\API\API\API\Data\ApplicationDbContext.cs | C:\DoAnTotNghiep\V-Shield-2.0\API\API\API\Controllers\QrAccessController.cs | C:\DoAnTotNghiep\V-Shield-2.0\API\API\API\Controllers\AccessPermissionController.cs | C:\DoAnTotNghiep\V-Shield-2.0\API\API\API\Controllers\AccessPermissionController.cs"
"OnModelCreating","1","1","C:\DoAnTotNghiep\V-Shield-2.0\API\API\API\Data\ApplicationDbContext.cs"
"API.DTOs","31","1","C:\DoAnTotNghiep\V-Shield-2.0\API\API\API\Controllers\VehiclesController.cs | C:\DoAnTotNghiep\V-Shield-2.0\API\API\API\Controllers\UsersController.cs | C:\DoAnTotNghiep\V-Shield-2.0\API\API\API\Controllers\StatisticsController.cs | C:\DoAnTotNghiep\V-Shield-2.0\API\API\API\Controllers\SetCamController.cs | C:\DoAnTotNghiep\V-Shield-2.0\API\API\API\Controllers\RegistrationLinkController.cs"
"SetPermissionRequest","2","1","C:\DoAnTotNghiep\V-Shield-2.0\API\API\API\Controllers\AccessPermissionController.cs | C:\DoAnTotNghiep\V-Shield-2.0\API\API\API\DTOs\AccessControlDtos.cs"
"IsAllowed","16","1","C:\DoAnTotNghiep\V-Shield-2.0\View\src\components\AccessPermissionManager.vue | C:\DoAnTotNghiep\V-Shield-2.0\API\API\API\Controllers\AccessPermissionController.cs | C:\DoAnTotNghiep\V-Shield-2.0\API\API\API\Controllers\AccessPermissionController.cs | C:\DoAnTotNghiep\V-Shield-2.0\API\API\API\Controllers\AccessPermissionController.cs | C:\DoAnTotNghiep\V-Shield-2.0\API\API\API\Controllers\AccessPermissionController.cs"
"QrScanAccessRequest","2","1","C:\DoAnTotNghiep\V-Shield-2.0\API\API\API\Controllers\QrAccessController.cs | C:\DoAnTotNghiep\V-Shield-2.0\API\API\API\DTOs\AccessControlDtos.cs"
"UserPassword","4","1","C:\DoAnTotNghiep\V-Shield-2.0\View\src\components\QrAccessMonitor.vue | C:\DoAnTotNghiep\V-Shield-2.0\API\API\API\Controllers\QrAccessController.cs | C:\DoAnTotNghiep\V-Shield-2.0\API\API\API\Controllers\QrAccessController.cs | C:\DoAnTotNghiep\V-Shield-2.0\API\API\API\DTOs\AccessControlDtos.cs"
"LoggedInUserId","4","1","C:\DoAnTotNghiep\V-Shield-2.0\API\API\API\DTOs\AccessControlDtos.cs | C:\DoAnTotNghiep\V-Shield-2.0\API\API\API\Controllers\QrAccessController.cs | C:\DoAnTotNghiep\V-Shield-2.0\API\API\API\Controllers\QrAccessController.cs | C:\DoAnTotNghiep\V-Shield-2.0\View\src\components\QrAccessMonitor.vue"
"CameraDTO","3","1","C:\DoAnTotNghiep\V-Shield-2.0\API\API\API\DTOs\CameraDTO.cs | C:\DoAnTotNghiep\V-Shield-2.0\API\API\API\Controllers\SetCamController.cs | C:\DoAnTotNghiep\V-Shield-2.0\API\API\API\Controllers\SetCamController.cs"
"CreateEmployeeRequest","2","1","C:\DoAnTotNghiep\V-Shield-2.0\API\API\API\Controllers\EmployeesController.cs | C:\DoAnTotNghiep\V-Shield-2.0\API\API\API\DTOs\CreateEmployeeRequest.cs"
"DepartmentId","82","1","C:\DoAnTotNghiep\V-Shield-2.0\AccessControlDB_HoanChinh.sql | C:\DoAnTotNghiep\V-Shield-2.0\AccessControlDB_HoanChinh.sql | C:\DoAnTotNghiep\V-Shield-2.0\API\API\API\Data\ApplicationDbContext.cs | C:\DoAnTotNghiep\V-Shield-2.0\API\API\API\Data\ApplicationDbContext.cs | C:\DoAnTotNghiep\V-Shield-2.0\API\API\API\Data\ApplicationDbContext.cs"
"PositionId","82","1","C:\DoAnTotNghiep\V-Shield-2.0\AccessControlDB_HoanChinh.sql | C:\DoAnTotNghiep\V-Shield-2.0\AccessControlDB_HoanChinh.sql | C:\DoAnTotNghiep\V-Shield-2.0\API\API\API\Data\ApplicationDbContext.cs | C:\DoAnTotNghiep\V-Shield-2.0\API\API\API\Data\ApplicationDbContext.cs | C:\DoAnTotNghiep\V-Shield-2.0\API\API\API\Data\ApplicationDbContext.cs"
"Email","36","1","C:\DoAnTotNghiep\V-Shield-2.0\AccessControlDB_HoanChinh.sql | C:\DoAnTotNghiep\V-Shield-2.0\API\API\API\Data\ApplicationDbContext.cs | C:\DoAnTotNghiep\V-Shield-2.0\API\API\API\Data\ApplicationDbContext.cs | C:\DoAnTotNghiep\V-Shield-2.0\API\API\API\Data\ApplicationDbContext.cs | C:\DoAnTotNghiep\V-Shield-2.0\API\API\API\Data\ApplicationDbContext.cs"
"CreateUserRequest","2","1","C:\DoAnTotNghiep\V-Shield-2.0\API\API\API\Controllers\UsersController.cs | C:\DoAnTotNghiep\V-Shield-2.0\API\API\API\DTOs\CreateUserRequest.cs"
"Username","34","1","C:\DoAnTotNghiep\V-Shield-2.0\API\API\API\appsettings.Development.json | C:\DoAnTotNghiep\V-Shield-2.0\API\API\API\appsettings.json | C:\DoAnTotNghiep\V-Shield-2.0\API\API\API\appsettings.Production.example.json | C:\DoAnTotNghiep\V-Shield-2.0\AI_Project\cam\cam_gia_lap\mediamtx_v1.17.1_windows_amd64\mediamtx.yml | C:\DoAnTotNghiep\V-Shield-2.0\API\API\API\Data\ApplicationDbContext.cs"
"Password","13","1","C:\DoAnTotNghiep\V-Shield-2.0\API\API\API\appsettings.Development.json | C:\DoAnTotNghiep\V-Shield-2.0\API\API\API\appsettings.json | C:\DoAnTotNghiep\V-Shield-2.0\API\API\API\appsettings.Production.example.json | C:\DoAnTotNghiep\V-Shield-2.0\API\API\API\appsettings.Production.example.json | C:\DoAnTotNghiep\V-Shield-2.0\AI_Project\cam\cam_gia_lap\mediamtx_v1.17.1_windows_amd64\mediamtx.yml"
"Role","26","1","C:\DoAnTotNghiep\V-Shield-2.0\API\API\API\Controllers\VideoController.cs | C:\DoAnTotNghiep\V-Shield-2.0\API\API\API\Controllers\UsersController.cs | C:\DoAnTotNghiep\V-Shield-2.0\API\API\API\Controllers\UsersController.cs | C:\DoAnTotNghiep\V-Shield-2.0\API\API\API\Controllers\UsersController.cs | C:\DoAnTotNghiep\V-Shield-2.0\API\API\API\Controllers\UsersController.cs"
"CreateDepartmentRequest","2","1","C:\DoAnTotNghiep\V-Shield-2.0\API\API\API\Controllers\DepartmentsController.cs | C:\DoAnTotNghiep\V-Shield-2.0\API\API\API\DTOs\DepartmentRequest.cs"
"Name","113","1","C:\DoAnTotNghiep\V-Shield-2.0\manage.ps1 | C:\DoAnTotNghiep\V-Shield-2.0\manage.ps1 | C:\DoAnTotNghiep\V-Shield-2.0\manage.ps1 | C:\DoAnTotNghiep\V-Shield-2.0\manage.ps1 | C:\DoAnTotNghiep\V-Shield-2.0\manage.ps1"
"UpdateDepartmentRequest","2","1","C:\DoAnTotNghiep\V-Shield-2.0\API\API\API\Controllers\DepartmentsController.cs | C:\DoAnTotNghiep\V-Shield-2.0\API\API\API\DTOs\DepartmentRequest.cs"
"DepartmentResponse","5","1","C:\DoAnTotNghiep\V-Shield-2.0\API\API\API\Controllers\DepartmentsController.cs | C:\DoAnTotNghiep\V-Shield-2.0\API\API\API\Controllers\DepartmentsController.cs | C:\DoAnTotNghiep\V-Shield-2.0\API\API\API\Controllers\DepartmentsController.cs | C:\DoAnTotNghiep\V-Shield-2.0\API\API\API\Controllers\DepartmentsController.cs | C:\DoAnTotNghiep\V-Shield-2.0\API\API\API\DTOs\DepartmentRequest.cs"
"EmployeeCount","10","1","C:\DoAnTotNghiep\V-Shield-2.0\API\API\API\Controllers\DepartmentsController.cs | C:\DoAnTotNghiep\V-Shield-2.0\API\API\API\Controllers\DepartmentsController.cs | C:\DoAnTotNghiep\V-Shield-2.0\API\API\API\Controllers\DepartmentsController.cs | C:\DoAnTotNghiep\V-Shield-2.0\API\API\API\Controllers\DepartmentsController.cs | C:\DoAnTotNghiep\V-Shield-2.0\API\API\API\DTOs\DepartmentRequest.cs"
"API.Models.DTOs","2","1","C:\DoAnTotNghiep\V-Shield-2.0\API\API\API\Controllers\QR_DongController.cs | C:\DoAnTotNghiep\V-Shield-2.0\API\API\API\DTOs\DynamicQrDtos.cs"
"GenerateDynamicQrRequest","2","1","C:\DoAnTotNghiep\V-Shield-2.0\API\API\API\DTOs\DynamicQrDtos.cs | C:\DoAnTotNghiep\V-Shield-2.0\API\API\API\Controllers\QR_DongController.cs"
"VerifyDynamicQrRequest","3","1","C:\DoAnTotNghiep\V-Shield-2.0\API\API\API\Controllers\QR_DongController.cs | C:\DoAnTotNghiep\V-Shield-2.0\API\API\API\Controllers\QR_DongController.cs | C:\DoAnTotNghiep\V-Shield-2.0\API\API\API\DTOs\DynamicQrDtos.cs"
"ScannerDevice","16","1","C:\DoAnTotNghiep\V-Shield-2.0\API\API\API\Data\ApplicationDbContext.cs | C:\DoAnTotNghiep\V-Shield-2.0\API\API\API\Migrations\20260522060405_InitialCreate.cs | C:\DoAnTotNghiep\V-Shield-2.0\API\API\API\Migrations\20260522060405_InitialCreate.Designer.cs | C:\DoAnTotNghiep\V-Shield-2.0\API\API\API\Migrations\ApplicationDbContextModelSnapshot.cs | C:\DoAnTotNghiep\V-Shield-2.0\API\API\API\Models\DynamicQrScanLog.cs"
"EmployeeResponse","5","1","C:\DoAnTotNghiep\V-Shield-2.0\API\API\API\DTOs\EmployeeResponse.cs | C:\DoAnTotNghiep\V-Shield-2.0\API\API\API\Controllers\EmployeesController.cs | C:\DoAnTotNghiep\V-Shield-2.0\API\API\API\Controllers\EmployeesController.cs | C:\DoAnTotNghiep\V-Shield-2.0\API\API\API\Controllers\EmployeesController.cs | C:\DoAnTotNghiep\V-Shield-2.0\API\API\API\Controllers\EmployeesController.cs"
"DepartmentName","8","1","C:\DoAnTotNghiep\V-Shield-2.0\API\API\API\Controllers\StatisticsController.cs | C:\DoAnTotNghiep\V-Shield-2.0\API\API\API\Controllers\EmployeesController.cs | C:\DoAnTotNghiep\V-Shield-2.0\API\API\API\Controllers\EmployeesController.cs | C:\DoAnTotNghiep\V-Shield-2.0\API\API\API\Controllers\EmployeesController.cs | C:\DoAnTotNghiep\V-Shield-2.0\API\API\API\Controllers\EmployeesController.cs"
"PositionName","8","1","C:\DoAnTotNghiep\V-Shield-2.0\API\API\API\Controllers\StatisticsController.cs | C:\DoAnTotNghiep\V-Shield-2.0\API\API\API\Controllers\EmployeesController.cs | C:\DoAnTotNghiep\V-Shield-2.0\API\API\API\Controllers\EmployeesController.cs | C:\DoAnTotNghiep\V-Shield-2.0\API\API\API\Controllers\EmployeesController.cs | C:\DoAnTotNghiep\V-Shield-2.0\API\API\API\Controllers\EmployeesController.cs"
"EmployeeSummaryResponse","2","1","C:\DoAnTotNghiep\V-Shield-2.0\API\API\API\DTOs\EmployeeStatsResponse.cs | C:\DoAnTotNghiep\V-Shield-2.0\API\API\API\Controllers\StatisticsController.cs"
"TotalEmployees","5","1","C:\DoAnTotNghiep\V-Shield-2.0\API\API\API\Controllers\EmployeesController.cs | C:\DoAnTotNghiep\V-Shield-2.0\API\API\API\Controllers\EmployeesController.cs | C:\DoAnTotNghiep\V-Shield-2.0\API\API\API\Controllers\StatisticsController.cs | C:\DoAnTotNghiep\V-Shield-2.0\API\API\API\DTOs\EmployeeStatsResponse.cs | C:\DoAnTotNghiep\V-Shield-2.0\API\API\API\DTOs\EmployeeStatsResponse.cs"
"ActiveEmployees","5","1","C:\DoAnTotNghiep\V-Shield-2.0\API\API\API\Controllers\EmployeesController.cs | C:\DoAnTotNghiep\V-Shield-2.0\API\API\API\Controllers\EmployeesController.cs | C:\DoAnTotNghiep\V-Shield-2.0\API\API\API\DTOs\EmployeeStatsResponse.cs | C:\DoAnTotNghiep\V-Shield-2.0\API\API\API\DTOs\EmployeeStatsResponse.cs | C:\DoAnTotNghiep\V-Shield-2.0\API\API\API\Controllers\StatisticsController.cs"
"InactiveEmployees","2","1","C:\DoAnTotNghiep\V-Shield-2.0\API\API\API\Controllers\StatisticsController.cs | C:\DoAnTotNghiep\V-Shield-2.0\API\API\API\DTOs\EmployeeStatsResponse.cs"
"new","565","1","C:\DoAnTotNghiep\V-Shield-2.0\AI_Project\cam\cam_gia_lap\mediamtx_v1.17.1_windows_amd64\mediamtx.yml | C:\DoAnTotNghiep\V-Shield-2.0\AI_Project\cam\cam_gia_lap\mediamtx_v1.17.1_windows_amd64\mediamtx.yml | C:\DoAnTotNghiep\V-Shield-2.0\AI_Project\cam\cam_gia_lap\mediamtx_v1.17.1_windows_amd64\mediamtx.yml | C:\DoAnTotNghiep\V-Shield-2.0\AI_Project\cam\cam_gia_lap\mediamtx_v1.17.1_windows_amd64\mediamtx.yml | C:\DoAnTotNghiep\V-Shield-2.0\AI_Project\cam\cam_gia_lap\mediamtx_v1.17.1_windows_amd64\mediamtx.yml"
"ByDepartment","2","1","C:\DoAnTotNghiep\V-Shield-2.0\API\API\API\DTOs\EmployeeStatsResponse.cs | C:\DoAnTotNghiep\V-Shield-2.0\API\API\API\Controllers\StatisticsController.cs"
"ByPosition","2","1","C:\DoAnTotNghiep\V-Shield-2.0\API\API\API\Controllers\StatisticsController.cs | C:\DoAnTotNghiep\V-Shield-2.0\API\API\API\DTOs\EmployeeStatsResponse.cs"
"CalculatedAt","2","1","C:\DoAnTotNghiep\V-Shield-2.0\API\API\API\DTOs\EmployeeStatsResponse.cs | C:\DoAnTotNghiep\V-Shield-2.0\API\API\API\Controllers\StatisticsController.cs"
"DepartmentStatItem","3","1","C:\DoAnTotNghiep\V-Shield-2.0\API\API\API\DTOs\EmployeeStatsResponse.cs | C:\DoAnTotNghiep\V-Shield-2.0\API\API\API\DTOs\EmployeeStatsResponse.cs | C:\DoAnTotNghiep\V-Shield-2.0\API\API\API\Controllers\StatisticsController.cs"
"TotalCount","6","1","C:\DoAnTotNghiep\V-Shield-2.0\API\API\API\Controllers\StatisticsController.cs | C:\DoAnTotNghiep\V-Shield-2.0\API\API\API\Controllers\StatisticsController.cs | C:\DoAnTotNghiep\V-Shield-2.0\API\API\API\Controllers\StatisticsController.cs | C:\DoAnTotNghiep\V-Shield-2.0\API\API\API\Controllers\StatisticsController.cs | C:\DoAnTotNghiep\V-Shield-2.0\API\API\API\DTOs\EmployeeStatsResponse.cs"
"ActiveCount","4","1","C:\DoAnTotNghiep\V-Shield-2.0\API\API\API\Controllers\StatisticsController.cs | C:\DoAnTotNghiep\V-Shield-2.0\API\API\API\Controllers\StatisticsController.cs | C:\DoAnTotNghiep\V-Shield-2.0\API\API\API\DTOs\EmployeeStatsResponse.cs | C:\DoAnTotNghiep\V-Shield-2.0\API\API\API\DTOs\EmployeeStatsResponse.cs"
"PositionStatItem","3","1","C:\DoAnTotNghiep\V-Shield-2.0\API\API\API\Controllers\StatisticsController.cs | C:\DoAnTotNghiep\V-Shield-2.0\API\API\API\DTOs\EmployeeStatsResponse.cs | C:\DoAnTotNghiep\V-Shield-2.0\API\API\API\DTOs\EmployeeStatsResponse.cs"
"EmployeeCountChangedEvent","3","1","C:\DoAnTotNghiep\V-Shield-2.0\API\API\API\DTOs\EmployeeStatsResponse.cs | C:\DoAnTotNghiep\V-Shield-2.0\API\API\API\Controllers\EmployeesController.cs | C:\DoAnTotNghiep\V-Shield-2.0\API\API\API\Controllers\EmployeesController.cs"
"ChangeType","3","1","C:\DoAnTotNghiep\V-Shield-2.0\API\API\API\DTOs\EmployeeStatsResponse.cs | C:\DoAnTotNghiep\V-Shield-2.0\API\API\API\Controllers\EmployeesController.cs | C:\DoAnTotNghiep\V-Shield-2.0\API\API\API\Controllers\EmployeesController.cs"
"ChangedAt","3","1","C:\DoAnTotNghiep\V-Shield-2.0\API\API\API\Controllers\EmployeesController.cs | C:\DoAnTotNghiep\V-Shield-2.0\API\API\API\Controllers\EmployeesController.cs | C:\DoAnTotNghiep\V-Shield-2.0\API\API\API\DTOs\EmployeeStatsResponse.cs"
"LoginRequest","4","1","C:\DoAnTotNghiep\V-Shield-2.0\API\API\API\Services\IAuthService.cs | C:\DoAnTotNghiep\V-Shield-2.0\API\API\API\Services\AuthService.cs | C:\DoAnTotNghiep\V-Shield-2.0\API\API\API\DTOs\LoginRequest.cs | C:\DoAnTotNghiep\V-Shield-2.0\API\API\API\Controllers\AuthController.cs"
"LoginResponse","4","1","C:\DoAnTotNghiep\V-Shield-2.0\API\API\API\DTOs\LoginResponse.cs | C:\DoAnTotNghiep\V-Shield-2.0\API\API\API\Services\IAuthService.cs | C:\DoAnTotNghiep\V-Shield-2.0\API\API\API\Services\AuthService.cs | C:\DoAnTotNghiep\V-Shield-2.0\API\API\API\Services\AuthService.cs"
"Token","24","1","C:\DoAnTotNghiep\V-Shield-2.0\AccessControlDB_HoanChinh.sql | C:\DoAnTotNghiep\V-Shield-2.0\AI_Project\cam\cam_gia_lap\mediamtx_v1.17.1_windows_amd64\mediamtx.yml | C:\DoAnTotNghiep\V-Shield-2.0\View\src\components\Layout\Sidebar.vue | C:\DoAnTotNghiep\V-Shield-2.0\API\API\API\Services\LanCameraDiscoveryService.cs | C:\DoAnTotNghiep\V-Shield-2.0\API\API\API\Services\AuthService.cs"
"ExpiresAt","2","1","C:\DoAnTotNghiep\V-Shield-2.0\API\API\API\DTOs\LoginResponse.cs | C:\DoAnTotNghiep\V-Shield-2.0\API\API\API\Services\AuthService.cs"
"CreatePositionRequest","2","1","C:\DoAnTotNghiep\V-Shield-2.0\API\API\API\DTOs\PositionRequest.cs | C:\DoAnTotNghiep\V-Shield-2.0\API\API\API\Controllers\PositionsController.cs"
"UpdatePositionRequest","2","1","C:\DoAnTotNghiep\V-Shield-2.0\API\API\API\DTOs\PositionRequest.cs | C:\DoAnTotNghiep\V-Shield-2.0\API\API\API\Controllers\PositionsController.cs"
"PositionResponse","5","1","C:\DoAnTotNghiep\V-Shield-2.0\API\API\API\DTOs\PositionRequest.cs | C:\DoAnTotNghiep\V-Shield-2.0\API\API\API\Controllers\PositionsController.cs | C:\DoAnTotNghiep\V-Shield-2.0\API\API\API\Controllers\PositionsController.cs | C:\DoAnTotNghiep\V-Shield-2.0\API\API\API\Controllers\PositionsController.cs | C:\DoAnTotNghiep\V-Shield-2.0\API\API\API\Controllers\PositionsController.cs"
"API.DTOs.PreRegistration","3","1","C:\DoAnTotNghiep\V-Shield-2.0\API\API\API\Controllers\RegistrationLinkController.cs | C:\DoAnTotNghiep\V-Shield-2.0\API\API\API\Controllers\PreRegistrationController.cs | C:\DoAnTotNghiep\V-Shield-2.0\API\API\API\DTOs\PreRegistrationDtos.cs"
"CreateLinkRequestDto","2","1","C:\DoAnTotNghiep\V-Shield-2.0\API\API\API\DTOs\PreRegistrationDtos.cs | C:\DoAnTotNghiep\V-Shield-2.0\API\API\API\Controllers\RegistrationLinkController.cs"
"HostEmployeeId","31","1","C:\DoAnTotNghiep\V-Shield-2.0\AccessControlDB_HoanChinh.sql | C:\DoAnTotNghiep\V-Shield-2.0\AccessControlDB_HoanChinh.sql | C:\DoAnTotNghiep\V-Shield-2.0\API\API\API\Data\ApplicationDbContext.cs | C:\DoAnTotNghiep\V-Shield-2.0\API\API\API\Controllers\PreRegistrationController.cs | C:\DoAnTotNghiep\V-Shield-2.0\API\API\API\Controllers\PreRegistrationController.cs"
"ExpiryHours","2","1","C:\DoAnTotNghiep\V-Shield-2.0\API\API\API\Controllers\RegistrationLinkController.cs | C:\DoAnTotNghiep\V-Shield-2.0\API\API\API\DTOs\PreRegistrationDtos.cs"
"SubmitRegistrationDto","2","1","C:\DoAnTotNghiep\V-Shield-2.0\API\API\API\Controllers\PreRegistrationController.cs | C:\DoAnTotNghiep\V-Shield-2.0\API\API\API\DTOs\PreRegistrationDtos.cs"
"ExpectedTimeIn","18","1","C:\DoAnTotNghiep\V-Shield-2.0\AccessControlDB_HoanChinh.sql | C:\DoAnTotNghiep\V-Shield-2.0\API\API\API\Controllers\PreRegistrationController.cs | C:\DoAnTotNghiep\V-Shield-2.0\API\API\API\Controllers\PreRegistrationController.cs | C:\DoAnTotNghiep\V-Shield-2.0\API\API\API\Controllers\PreRegistrationController.cs | C:\DoAnTotNghiep\V-Shield-2.0\API\API\API\Controllers\PreRegistrationController.cs"
"ExpectedTimeOut","12","1","C:\DoAnTotNghiep\V-Shield-2.0\AccessControlDB_HoanChinh.sql | C:\DoAnTotNghiep\V-Shield-2.0\API\API\API\Controllers\PreRegistrationController.cs | C:\DoAnTotNghiep\V-Shield-2.0\API\API\API\Controllers\PreRegistrationController.cs | C:\DoAnTotNghiep\V-Shield-2.0\API\API\API\Controllers\PreRegistrationController.cs | C:\DoAnTotNghiep\V-Shield-2.0\API\API\API\Controllers\PreRegistrationController.cs"
"NumberOfVisitors","12","1","C:\DoAnTotNghiep\V-Shield-2.0\AccessControlDB_HoanChinh.sql | C:\DoAnTotNghiep\V-Shield-2.0\API\API\API\Data\ApplicationDbContext.cs | C:\DoAnTotNghiep\V-Shield-2.0\API\API\API\Controllers\GuestProfilesController.cs | C:\DoAnTotNghiep\V-Shield-2.0\API\API\API\Controllers\PreRegistrationController.cs | C:\DoAnTotNghiep\V-Shield-2.0\API\API\API\Controllers\PreRegistrationController.cs"
"Visitors","7","1","C:\DoAnTotNghiep\V-Shield-2.0\API\API\API\Controllers\PreRegistrationController.cs | C:\DoAnTotNghiep\V-Shield-2.0\API\API\API\Controllers\PreRegistrationController.cs | C:\DoAnTotNghiep\V-Shield-2.0\API\API\API\Controllers\PreRegistrationController.cs | C:\DoAnTotNghiep\V-Shield-2.0\API\API\API\Controllers\PreRegistrationController.cs | C:\DoAnTotNghiep\V-Shield-2.0\API\API\API\DTOs\PreRegistrationDtos.cs"
"VisitorInfoDto","4","1","C:\DoAnTotNghiep\V-Shield-2.0\API\API\API\Controllers\PreRegistrationController.cs | C:\DoAnTotNghiep\V-Shield-2.0\API\API\API\DTOs\PreRegistrationDtos.cs | C:\DoAnTotNghiep\V-Shield-2.0\API\API\API\DTOs\PreRegistrationDtos.cs | C:\DoAnTotNghiep\V-Shield-2.0\API\API\API\DTOs\PreRegistrationDtos.cs"
"IdCardNumber","10","1","C:\DoAnTotNghiep\V-Shield-2.0\AccessControlDB_HoanChinh.sql | C:\DoAnTotNghiep\V-Shield-2.0\API\API\API\Migrations\ApplicationDbContextModelSnapshot.cs | C:\DoAnTotNghiep\V-Shield-2.0\API\API\API\Migrations\20260522060405_InitialCreate.Designer.cs | C:\DoAnTotNghiep\V-Shield-2.0\API\API\API\Migrations\20260522060405_InitialCreate.cs | C:\DoAnTotNghiep\V-Shield-2.0\API\API\API\Controllers\PreRegistrationController.cs"
"ExpectedFaceImage","9","1","C:\DoAnTotNghiep\V-Shield-2.0\AccessControlDB_HoanChinh.sql | C:\DoAnTotNghiep\V-Shield-2.0\API\API\API\DTOs\PreRegistrationDtos.cs | C:\DoAnTotNghiep\V-Shield-2.0\API\API\API\Models\VisitorDetail.cs | C:\DoAnTotNghiep\V-Shield-2.0\API\API\API\Controllers\PreRegistrationController.cs | C:\DoAnTotNghiep\V-Shield-2.0\API\API\API\Controllers\PreRegistrationController.cs"
"QrCodeData","3","1","C:\DoAnTotNghiep\V-Shield-2.0\API\API\API\DTOs\PreRegistrationDtos.cs | C:\DoAnTotNghiep\V-Shield-2.0\API\API\API\Controllers\PreRegistrationController.cs | C:\DoAnTotNghiep\V-Shield-2.0\API\API\API\Controllers\PreRegistrationController.cs"
"QrIssuedAt","9","1","C:\DoAnTotNghiep\V-Shield-2.0\API\API\API\Models\VisitorDetail.cs | C:\DoAnTotNghiep\V-Shield-2.0\API\API\API\Controllers\PreRegistrationController.cs | C:\DoAnTotNghiep\V-Shield-2.0\API\API\API\Controllers\PreRegistrationController.cs | C:\DoAnTotNghiep\V-Shield-2.0\API\API\API\Controllers\PreRegistrationController.cs | C:\DoAnTotNghiep\V-Shield-2.0\API\API\API\Controllers\PreRegistrationController.cs"
"IsQrActive","14","1","C:\DoAnTotNghiep\V-Shield-2.0\API\API\API\Controllers\ThongHanhController.cs | C:\DoAnTotNghiep\V-Shield-2.0\API\API\API\Controllers\QR_DongController.cs | C:\DoAnTotNghiep\V-Shield-2.0\API\API\API\Controllers\QrAccessController.cs | C:\DoAnTotNghiep\V-Shield-2.0\API\API\API\Controllers\QrAccessController.cs | C:\DoAnTotNghiep\V-Shield-2.0\API\API\API\Controllers\PreRegistrationController.cs"
"VerifyVisitorQrDto","2","1","C:\DoAnTotNghiep\V-Shield-2.0\API\API\API\Controllers\PreRegistrationController.cs | C:\DoAnTotNghiep\V-Shield-2.0\API\API\API\DTOs\PreRegistrationDtos.cs"
"UpdateStatusDto","2","1","C:\DoAnTotNghiep\V-Shield-2.0\API\API\API\DTOs\PreRegistrationDtos.cs | C:\DoAnTotNghiep\V-Shield-2.0\API\API\API\Controllers\PreRegistrationController.cs"
"CreateLinkResponseDto","2","1","C:\DoAnTotNghiep\V-Shield-2.0\API\API\API\DTOs\PreRegistrationDtos.cs | C:\DoAnTotNghiep\V-Shield-2.0\API\API\API\Controllers\RegistrationLinkController.cs"
"RegistrationUrl","2","1","C:\DoAnTotNghiep\V-Shield-2.0\API\API\API\Controllers\RegistrationLinkController.cs | C:\DoAnTotNghiep\V-Shield-2.0\API\API\API\DTOs\PreRegistrationDtos.cs"
"ExpiredAt","15","1","C:\DoAnTotNghiep\V-Shield-2.0\AccessControlDB_HoanChinh.sql | C:\DoAnTotNghiep\V-Shield-2.0\API\API\API\Migrations\ApplicationDbContextModelSnapshot.cs | C:\DoAnTotNghiep\V-Shield-2.0\API\API\API\Migrations\20260522060405_InitialCreate.Designer.cs | C:\DoAnTotNghiep\V-Shield-2.0\API\API\API\Migrations\20260522060405_InitialCreate.cs | C:\DoAnTotNghiep\V-Shield-2.0\API\API\API\DTOs\PreRegistrationDtos.cs"
"ValidateTokenResponseDto","2","1","C:\DoAnTotNghiep\V-Shield-2.0\API\API\API\Controllers\PreRegistrationController.cs | C:\DoAnTotNghiep\V-Shield-2.0\API\API\API\DTOs\PreRegistrationDtos.cs"
"HostEmployeeName","5","1","C:\DoAnTotNghiep\V-Shield-2.0\API\API\API\Controllers\PreRegistrationController.cs | C:\DoAnTotNghiep\V-Shield-2.0\API\API\API\Controllers\PreRegistrationController.cs | C:\DoAnTotNghiep\V-Shield-2.0\API\API\API\Controllers\PreRegistrationController.cs | C:\DoAnTotNghiep\V-Shield-2.0\API\API\API\DTOs\PreRegistrationDtos.cs | C:\DoAnTotNghiep\V-Shield-2.0\API\API\API\DTOs\PreRegistrationDtos.cs"
"HostEmployeePhone","2","1","C:\DoAnTotNghiep\V-Shield-2.0\API\API\API\DTOs\PreRegistrationDtos.cs | C:\DoAnTotNghiep\V-Shield-2.0\API\API\API\Controllers\PreRegistrationController.cs"
"HostEmployeeEmail","2","1","C:\DoAnTotNghiep\V-Shield-2.0\API\API\API\DTOs\PreRegistrationDtos.cs | C:\DoAnTotNghiep\V-Shield-2.0\API\API\API\Controllers\PreRegistrationController.cs"
"HostDepartmentName","2","1","C:\DoAnTotNghiep\V-Shield-2.0\API\API\API\Controllers\PreRegistrationController.cs | C:\DoAnTotNghiep\V-Shield-2.0\API\API\API\DTOs\PreRegistrationDtos.cs"
"HostPositionName","2","1","C:\DoAnTotNghiep\V-Shield-2.0\API\API\API\Controllers\PreRegistrationController.cs | C:\DoAnTotNghiep\V-Shield-2.0\API\API\API\DTOs\PreRegistrationDtos.cs"
"HostFaceImageUrl","2","1","C:\DoAnTotNghiep\V-Shield-2.0\API\API\API\DTOs\PreRegistrationDtos.cs | C:\DoAnTotNghiep\V-Shield-2.0\API\API\API\Controllers\PreRegistrationController.cs"
"HostLicensePlates","2","1","C:\DoAnTotNghiep\V-Shield-2.0\API\API\API\Controllers\PreRegistrationController.cs | C:\DoAnTotNghiep\V-Shield-2.0\API\API\API\DTOs\PreRegistrationDtos.cs"
"RegistrationListItemDto","3","1","C:\DoAnTotNghiep\V-Shield-2.0\API\API\API\Controllers\PreRegistrationController.cs | C:\DoAnTotNghiep\V-Shield-2.0\API\API\API\DTOs\PreRegistrationDtos.cs | C:\DoAnTotNghiep\V-Shield-2.0\API\API\API\DTOs\PreRegistrationDtos.cs"
"GuestFullName","3","1","C:\DoAnTotNghiep\V-Shield-2.0\API\API\API\DTOs\PreRegistrationDtos.cs | C:\DoAnTotNghiep\V-Shield-2.0\API\API\API\Controllers\PreRegistrationController.cs | C:\DoAnTotNghiep\V-Shield-2.0\API\API\API\Controllers\PreRegistrationController.cs"
"GuestPhone","3","1","C:\DoAnTotNghiep\V-Shield-2.0\API\API\API\Controllers\PreRegistrationController.cs | C:\DoAnTotNghiep\V-Shield-2.0\API\API\API\Controllers\PreRegistrationController.cs | C:\DoAnTotNghiep\V-Shield-2.0\API\API\API\DTOs\PreRegistrationDtos.cs"
"CreatedAt","75","1","C:\DoAnTotNghiep\V-Shield-2.0\AccessControlDB_HoanChinh.sql | C:\DoAnTotNghiep\V-Shield-2.0\AccessControlDB_HoanChinh.sql | C:\DoAnTotNghiep\V-Shield-2.0\AccessControlDB_HoanChinh.sql | C:\DoAnTotNghiep\V-Shield-2.0\AccessControlDB_HoanChinh.sql | C:\DoAnTotNghiep\V-Shield-2.0\API\API\API\Data\ApplicationDbContext.cs"
"RegistrationDetailDto","2","1","C:\DoAnTotNghiep\V-Shield-2.0\API\API\API\DTOs\PreRegistrationDtos.cs | C:\DoAnTotNghiep\V-Shield-2.0\API\API\API\Controllers\PreRegistrationController.cs"
"AccessLogDto","3","1","C:\DoAnTotNghiep\V-Shield-2.0\API\API\API\DTOs\PreRegistrationDtos.cs | C:\DoAnTotNghiep\V-Shield-2.0\API\API\API\DTOs\PreRegistrationDtos.cs | C:\DoAnTotNghiep\V-Shield-2.0\API\API\API\Controllers\PreRegistrationController.cs"
"SetCamRequest","3","1","C:\DoAnTotNghiep\V-Shield-2.0\API\API\API\Controllers\SetCamController.cs | C:\DoAnTotNghiep\V-Shield-2.0\API\API\API\Controllers\SetCamController.cs | C:\DoAnTotNghiep\V-Shield-2.0\API\API\API\DTOs\SetCamRequest.cs"
"UpdateEmployeeRequest","2","1","C:\DoAnTotNghiep\V-Shield-2.0\API\API\API\Controllers\EmployeesController.cs | C:\DoAnTotNghiep\V-Shield-2.0\API\API\API\DTOs\UpdateEmployeeRequest.cs"
"UpdateUserRequest","2","1","C:\DoAnTotNghiep\V-Shield-2.0\API\API\API\DTOs\UpdateUserRequest.cs | C:\DoAnTotNghiep\V-Shield-2.0\API\API\API\Controllers\UsersController.cs"
"IsActive","27","1","C:\DoAnTotNghiep\V-Shield-2.0\API\API\API\Data\ApplicationDbContext.cs | C:\DoAnTotNghiep\V-Shield-2.0\API\API\API\Data\ApplicationDbContext.cs | C:\DoAnTotNghiep\V-Shield-2.0\API\API\API\Services\AuthService.cs | C:\DoAnTotNghiep\V-Shield-2.0\API\API\API\Controllers\UsersController.cs | C:\DoAnTotNghiep\V-Shield-2.0\API\API\API\Controllers\UsersController.cs"
"UserResponse","6","1","C:\DoAnTotNghiep\V-Shield-2.0\API\API\API\DTOs\UserResponse.cs | C:\DoAnTotNghiep\V-Shield-2.0\API\API\API\Controllers\UsersController.cs | C:\DoAnTotNghiep\V-Shield-2.0\API\API\API\Controllers\UsersController.cs | C:\DoAnTotNghiep\V-Shield-2.0\API\API\API\Controllers\UsersController.cs | C:\DoAnTotNghiep\V-Shield-2.0\API\API\API\Controllers\UsersController.cs"
"UserId","21","1","C:\DoAnTotNghiep\V-Shield-2.0\API\API\API\Controllers\AuthController.cs | C:\DoAnTotNghiep\V-Shield-2.0\API\API\API\Services\AuthService.cs | C:\DoAnTotNghiep\V-Shield-2.0\API\API\API\Migrations\ApplicationDbContextModelSnapshot.cs | C:\DoAnTotNghiep\V-Shield-2.0\API\API\API\Migrations\ApplicationDbContextModelSnapshot.cs | C:\DoAnTotNghiep\V-Shield-2.0\API\API\API\Migrations\ApplicationDbContextModelSnapshot.cs"
"VehicleDto","14","1","C:\DoAnTotNghiep\V-Shield-2.0\API\API\API\DTOs\VehicleDtos.cs | C:\DoAnTotNghiep\V-Shield-2.0\API\API\API\Services\VehicleService.cs | C:\DoAnTotNghiep\V-Shield-2.0\API\API\API\Services\VehicleService.cs | C:\DoAnTotNghiep\V-Shield-2.0\API\API\API\Services\VehicleService.cs | C:\DoAnTotNghiep\V-Shield-2.0\API\API\API\Services\VehicleService.cs"
"VehicleId","22","1","C:\DoAnTotNghiep\V-Shield-2.0\AccessControlDB_HoanChinh.sql | C:\DoAnTotNghiep\V-Shield-2.0\API\API\API\Data\ApplicationDbContext.cs | C:\DoAnTotNghiep\V-Shield-2.0\API\API\API\Migrations\ApplicationDbContextModelSnapshot.cs | C:\DoAnTotNghiep\V-Shield-2.0\API\API\API\Migrations\ApplicationDbContextModelSnapshot.cs | C:\DoAnTotNghiep\V-Shield-2.0\API\API\API\Migrations\ApplicationDbContextModelSnapshot.cs"
"VehicleTypeName","2","1","C:\DoAnTotNghiep\V-Shield-2.0\API\API\API\Services\VehicleService.cs | C:\DoAnTotNghiep\V-Shield-2.0\API\API\API\DTOs\VehicleDtos.cs"
"EmployeeFullName","2","1","C:\DoAnTotNghiep\V-Shield-2.0\API\API\API\DTOs\VehicleDtos.cs | C:\DoAnTotNghiep\V-Shield-2.0\API\API\API\Services\VehicleService.cs"
"VehicleTypeDto","4","1","C:\DoAnTotNghiep\V-Shield-2.0\API\API\API\DTOs\VehicleDtos.cs | C:\DoAnTotNghiep\V-Shield-2.0\API\API\API\Services\VehicleService.cs | C:\DoAnTotNghiep\V-Shield-2.0\API\API\API\Services\VehicleService.cs | C:\DoAnTotNghiep\V-Shield-2.0\API\API\API\Services\VehicleService.cs"
"TypeName","17","1","C:\DoAnTotNghiep\V-Shield-2.0\AccessControlDB_HoanChinh.sql | C:\DoAnTotNghiep\V-Shield-2.0\API\API\API\Models\VehicleType.cs | C:\DoAnTotNghiep\V-Shield-2.0\API\API\API\DTOs\VehicleDtos.cs | C:\DoAnTotNghiep\V-Shield-2.0\API\API\API\Models\RegistrationLink.cs | C:\DoAnTotNghiep\V-Shield-2.0\API\API\API\Models\RegistrationLink.cs"
"CreateVehicleDto","4","1","C:\DoAnTotNghiep\V-Shield-2.0\API\API\API\Services\VehicleService.cs | C:\DoAnTotNghiep\V-Shield-2.0\API\API\API\Services\VehicleService.cs | C:\DoAnTotNghiep\V-Shield-2.0\API\API\API\DTOs\VehicleDtos.cs | C:\DoAnTotNghiep\V-Shield-2.0\API\API\API\Controllers\VehiclesController.cs"
"UpdateVehicleDto","4","1","C:\DoAnTotNghiep\V-Shield-2.0\API\API\API\Controllers\VehiclesController.cs | C:\DoAnTotNghiep\V-Shield-2.0\API\API\API\Services\VehicleService.cs | C:\DoAnTotNghiep\V-Shield-2.0\API\API\API\Services\VehicleService.cs | C:\DoAnTotNghiep\V-Shield-2.0\API\API\API\DTOs\VehicleDtos.cs"
"API.Hubs","4","1","C:\DoAnTotNghiep\V-Shield-2.0\API\API\API\Controllers\EmployeesController.cs | C:\DoAnTotNghiep\V-Shield-2.0\API\API\API\Controllers\StatisticsController.cs | C:\DoAnTotNghiep\V-Shield-2.0\API\API\API\Program.cs | C:\DoAnTotNghiep\V-Shield-2.0\API\API\API\Hubs\EmployeeStatsHub.cs"
"EmployeeStatsHub","6","1","C:\DoAnTotNghiep\V-Shield-2.0\API\API\API\Controllers\EmployeesController.cs | C:\DoAnTotNghiep\V-Shield-2.0\API\API\API\Controllers\EmployeesController.cs | C:\DoAnTotNghiep\V-Shield-2.0\API\API\API\Controllers\StatisticsController.cs | C:\DoAnTotNghiep\V-Shield-2.0\API\API\API\Controllers\StatisticsController.cs | C:\DoAnTotNghiep\V-Shield-2.0\API\API\API\Program.cs"
"JoinStatsGroup","1","1","C:\DoAnTotNghiep\V-Shield-2.0\API\API\API\Hubs\EmployeeStatsHub.cs"
"LeaveStatsGroup","1","1","C:\DoAnTotNghiep\V-Shield-2.0\API\API\API\Hubs\EmployeeStatsHub.cs"
"API.Migrations","3","1","C:\DoAnTotNghiep\V-Shield-2.0\API\API\API\Migrations\ApplicationDbContextModelSnapshot.cs | C:\DoAnTotNghiep\V-Shield-2.0\API\API\API\Migrations\20260522060405_InitialCreate.Designer.cs | C:\DoAnTotNghiep\V-Shield-2.0\API\API\API\Migrations\20260522060405_InitialCreate.cs"
"InitialCreate","4","1","C:\DoAnTotNghiep\V-Shield-2.0\taomoitruong_debug.bat | C:\DoAnTotNghiep\V-Shield-2.0\taomoitruong.bat | C:\DoAnTotNghiep\V-Shield-2.0\API\API\API\Migrations\20260522060405_InitialCreate.Designer.cs | C:\DoAnTotNghiep\V-Shield-2.0\API\API\API\Migrations\20260522060405_InitialCreate.cs"
"Up","3","1","C:\DoAnTotNghiep\V-Shield-2.0\AI_Project\face_recognition\docker\README.md | C:\DoAnTotNghiep\V-Shield-2.0\API\API\API\Services\LanCameraDiscoveryService.cs | C:\DoAnTotNghiep\V-Shield-2.0\API\API\API\Migrations\20260522060405_InitialCreate.cs"
"Down","1","1","C:\DoAnTotNghiep\V-Shield-2.0\API\API\API\Migrations\20260522060405_InitialCreate.cs"
"BuildTargetModel","1","1","C:\DoAnTotNghiep\V-Shield-2.0\API\API\API\Migrations\20260522060405_InitialCreate.Designer.cs"
"ApplicationDbContextModelSnapshot","1","1","C:\DoAnTotNghiep\V-Shield-2.0\API\API\API\Migrations\ApplicationDbContextModelSnapshot.cs"
"BuildModel","1","1","C:\DoAnTotNghiep\V-Shield-2.0\API\API\API\Migrations\ApplicationDbContextModelSnapshot.cs"
"API.Models","170","1","C:\DoAnTotNghiep\V-Shield-2.0\API\API\API\Data\ApplicationDbContext.cs | C:\DoAnTotNghiep\V-Shield-2.0\API\API\API\DTOs\DynamicQrDtos.cs | C:\DoAnTotNghiep\V-Shield-2.0\API\API\API\Program.cs | C:\DoAnTotNghiep\V-Shield-2.0\API\API\API\Migrations\20260522060405_InitialCreate.Designer.cs | C:\DoAnTotNghiep\V-Shield-2.0\API\API\API\Migrations\20260522060405_InitialCreate.Designer.cs"
"AccessLog","24","1","C:\DoAnTotNghiep\V-Shield-2.0\API\API\API\Data\ApplicationDbContext.cs | C:\DoAnTotNghiep\V-Shield-2.0\API\API\API\Data\ApplicationDbContext.cs | C:\DoAnTotNghiep\V-Shield-2.0\API\API\API\Models\AccessLog.cs | C:\DoAnTotNghiep\V-Shield-2.0\API\API\API\Models\AccessLog.cs | C:\DoAnTotNghiep\V-Shield-2.0\API\API\API\Models\AccessLog.cs"
"Camera","139","1","C:\DoAnTotNghiep\V-Shield-2.0\AccessControlDB_HoanChinh.sql | C:\DoAnTotNghiep\V-Shield-2.0\AccessControlDB_HoanChinh.sql | C:\DoAnTotNghiep\V-Shield-2.0\AccessControlDB_HoanChinh.sql | C:\DoAnTotNghiep\V-Shield-2.0\AccessControlDB_HoanChinh.sql | C:\DoAnTotNghiep\V-Shield-2.0\AccessControlDB_HoanChinh.sql"
"Employee","129","1","C:\DoAnTotNghiep\V-Shield-2.0\AccessControlDB_HoanChinh.sql | C:\DoAnTotNghiep\V-Shield-2.0\AccessControlDB_HoanChinh.sql | C:\DoAnTotNghiep\V-Shield-2.0\AccessControlDB_HoanChinh.sql | C:\DoAnTotNghiep\V-Shield-2.0\AccessControlDB_HoanChinh.sql | C:\DoAnTotNghiep\V-Shield-2.0\API\API\API\Controllers\AccessLogsController.cs"
"EntryLog","7","1","C:\DoAnTotNghiep\V-Shield-2.0\API\API\API\Data\ApplicationDbContext.cs | C:\DoAnTotNghiep\V-Shield-2.0\API\API\API\Models\AccessLog.cs | C:\DoAnTotNghiep\V-Shield-2.0\API\API\API\Models\AccessLog.cs | C:\DoAnTotNghiep\V-Shield-2.0\API\API\API\Migrations\ApplicationDbContextModelSnapshot.cs | C:\DoAnTotNghiep\V-Shield-2.0\API\API\API\Migrations\ApplicationDbContextModelSnapshot.cs"
"ExceptionReason","19","1","C:\DoAnTotNghiep\V-Shield-2.0\API\API\API\Data\ApplicationDbContext.cs | C:\DoAnTotNghiep\V-Shield-2.0\API\API\API\Data\ApplicationDbContext.cs | C:\DoAnTotNghiep\V-Shield-2.0\API\API\API\Data\ApplicationDbContext.cs | C:\DoAnTotNghiep\V-Shield-2.0\API\API\API\Controllers\AccessLogsController.cs | C:\DoAnTotNghiep\V-Shield-2.0\API\API\API\Controllers\AccessLogsController.cs"
"Gate","61","1","C:\DoAnTotNghiep\V-Shield-2.0\AccessControlDB_HoanChinh.sql | C:\DoAnTotNghiep\V-Shield-2.0\AccessControlDB_HoanChinh.sql | C:\DoAnTotNghiep\V-Shield-2.0\AccessControlDB_HoanChinh.sql | C:\DoAnTotNghiep\V-Shield-2.0\AccessControlDB_HoanChinh.sql | C:\DoAnTotNghiep\V-Shield-2.0\AccessControlDB_HoanChinh.sql"
"InverseEntryLog","7","1","C:\DoAnTotNghiep\V-Shield-2.0\API\API\API\Models\AccessLog.cs | C:\DoAnTotNghiep\V-Shield-2.0\API\API\API\Models\AccessLog.cs | C:\DoAnTotNghiep\V-Shield-2.0\API\API\API\Data\ApplicationDbContext.cs | C:\DoAnTotNghiep\V-Shield-2.0\API\API\API\Migrations\ApplicationDbContextModelSnapshot.cs | C:\DoAnTotNghiep\V-Shield-2.0\API\API\API\Migrations\ApplicationDbContextModelSnapshot.cs"
"Registration","29","1","C:\DoAnTotNghiep\V-Shield-2.0\API\API\API\Data\ApplicationDbContext.cs | C:\DoAnTotNghiep\V-Shield-2.0\API\API\API\Data\ApplicationDbContext.cs | C:\DoAnTotNghiep\V-Shield-2.0\API\API\API\Data\ApplicationDbContext.cs | C:\DoAnTotNghiep\V-Shield-2.0\API\API\API\Models\VisitorDetail.cs | C:\DoAnTotNghiep\V-Shield-2.0\API\API\API\Models\PreRegistration.cs"
"VisitorDetail","26","1","C:\DoAnTotNghiep\V-Shield-2.0\API\API\API\Controllers\ThongHanhController.cs | C:\DoAnTotNghiep\V-Shield-2.0\API\API\API\Controllers\PreRegistrationController.cs | C:\DoAnTotNghiep\V-Shield-2.0\API\API\API\Controllers\PreRegistrationController.cs | C:\DoAnTotNghiep\V-Shield-2.0\API\API\API\Controllers\DashboardController.cs | C:\DoAnTotNghiep\V-Shield-2.0\API\API\API\Controllers\DashboardController.cs"
"EmployeeAccessPermission","5","1","C:\DoAnTotNghiep\V-Shield-2.0\API\API\API\Data\ApplicationDbContext.cs | C:\DoAnTotNghiep\V-Shield-2.0\API\API\API\Controllers\AccessPermissionController.cs | C:\DoAnTotNghiep\V-Shield-2.0\API\API\API\Models\AccessPermissions.cs | C:\DoAnTotNghiep\V-Shield-2.0\API\API\API\Migrations\ApplicationDbContextModelSnapshot.cs | C:\DoAnTotNghiep\V-Shield-2.0\API\API\API\Migrations\20260522060405_InitialCreate.Designer.cs"
"Id","70","1","C:\DoAnTotNghiep\V-Shield-2.0\AccessControlDB_HoanChinh.sql | C:\DoAnTotNghiep\V-Shield-2.0\AccessControlDB_HoanChinh.sql | C:\DoAnTotNghiep\V-Shield-2.0\manage.ps1 | C:\DoAnTotNghiep\V-Shield-2.0\manage.ps1 | C:\DoAnTotNghiep\V-Shield-2.0\manage.ps1"
"VisitorAccessPermission","5","1","C:\DoAnTotNghiep\V-Shield-2.0\API\API\API\Data\ApplicationDbContext.cs | C:\DoAnTotNghiep\V-Shield-2.0\API\API\API\Controllers\AccessPermissionController.cs | C:\DoAnTotNghiep\V-Shield-2.0\API\API\API\Models\AccessPermissions.cs | C:\DoAnTotNghiep\V-Shield-2.0\API\API\API\Migrations\ApplicationDbContextModelSnapshot.cs | C:\DoAnTotNghiep\V-Shield-2.0\API\API\API\Migrations\20260522060405_InitialCreate.Designer.cs"
"AppUser","20","1","C:\DoAnTotNghiep\V-Shield-2.0\API\API\API\Data\ApplicationDbContext.cs | C:\DoAnTotNghiep\V-Shield-2.0\API\API\API\Data\ApplicationDbContext.cs | C:\DoAnTotNghiep\V-Shield-2.0\API\API\API\Data\ApplicationDbContext.cs | C:\DoAnTotNghiep\V-Shield-2.0\API\API\API\Data\ApplicationDbContext.cs | C:\DoAnTotNghiep\V-Shield-2.0\API\API\API\Data\ApplicationDbContext.cs"
"PasswordHash","11","1","C:\DoAnTotNghiep\V-Shield-2.0\API\API\API\Controllers\UsersController.cs | C:\DoAnTotNghiep\V-Shield-2.0\API\API\API\Controllers\UsersController.cs | C:\DoAnTotNghiep\V-Shield-2.0\API\API\API\Services\AuthService.cs | C:\DoAnTotNghiep\V-Shield-2.0\API\API\API\Models\AppUser.cs | C:\DoAnTotNghiep\V-Shield-2.0\API\API\API\Controllers\QrAccessController.cs"
"CameraPlate","4","1","C:\DoAnTotNghiep\V-Shield-2.0\API\API\API\Migrations\ApplicationDbContextModelSnapshot.cs | C:\DoAnTotNghiep\V-Shield-2.0\API\API\API\Migrations\20260522060405_InitialCreate.Designer.cs | C:\DoAnTotNghiep\V-Shield-2.0\API\API\API\Data\ApplicationDbContext.cs | C:\DoAnTotNghiep\V-Shield-2.0\API\API\API\Models\CameraPlate.cs"
"CameraIP","14","1","C:\DoAnTotNghiep\V-Shield-2.0\AccessControlDB_HoanChinh.sql | C:\DoAnTotNghiep\V-Shield-2.0\API\API\API\Controllers\BienSoController.cs | C:\DoAnTotNghiep\V-Shield-2.0\API\API\API\Controllers\BienSoController.cs | C:\DoAnTotNghiep\V-Shield-2.0\API\API\API\Controllers\BienSoController.cs | C:\DoAnTotNghiep\V-Shield-2.0\API\API\API\Controllers\BienSoController.cs"
"PlateNumber","8","1","C:\DoAnTotNghiep\V-Shield-2.0\AccessControlDB_HoanChinh.sql | C:\DoAnTotNghiep\V-Shield-2.0\API\API\API\Controllers\DeviceManagementController.cs | C:\DoAnTotNghiep\V-Shield-2.0\API\API\API\Controllers\BienSoController.cs | C:\DoAnTotNghiep\V-Shield-2.0\API\API\API\Controllers\BienSoController.cs | C:\DoAnTotNghiep\V-Shield-2.0\API\API\API\Models\CameraPlate.cs"
"X1","7","1","C:\DoAnTotNghiep\V-Shield-2.0\AccessControlDB_HoanChinh.sql | C:\DoAnTotNghiep\V-Shield-2.0\API\API\API\Models\CameraPlate.cs | C:\DoAnTotNghiep\V-Shield-2.0\API\API\API\Migrations\ApplicationDbContextModelSnapshot.cs | C:\DoAnTotNghiep\V-Shield-2.0\API\API\API\Migrations\20260522060405_InitialCreate.Designer.cs | C:\DoAnTotNghiep\V-Shield-2.0\API\API\API\Migrations\20260522060405_InitialCreate.cs"
"Y1","7","1","C:\DoAnTotNghiep\V-Shield-2.0\AccessControlDB_HoanChinh.sql | C:\DoAnTotNghiep\V-Shield-2.0\API\API\API\Controllers\BienSoController.cs | C:\DoAnTotNghiep\V-Shield-2.0\API\API\API\Controllers\BienSoController.cs | C:\DoAnTotNghiep\V-Shield-2.0\API\API\API\Migrations\ApplicationDbContextModelSnapshot.cs | C:\DoAnTotNghiep\V-Shield-2.0\API\API\API\Models\CameraPlate.cs"
"X2","7","1","C:\DoAnTotNghiep\V-Shield-2.0\AccessControlDB_HoanChinh.sql | C:\DoAnTotNghiep\V-Shield-2.0\API\API\API\Models\CameraPlate.cs | C:\DoAnTotNghiep\V-Shield-2.0\API\API\API\Migrations\ApplicationDbContextModelSnapshot.cs | C:\DoAnTotNghiep\V-Shield-2.0\API\API\API\Migrations\20260522060405_InitialCreate.Designer.cs | C:\DoAnTotNghiep\V-Shield-2.0\API\API\API\Migrations\20260522060405_InitialCreate.cs"
"Y2","7","1","C:\DoAnTotNghiep\V-Shield-2.0\AccessControlDB_HoanChinh.sql | C:\DoAnTotNghiep\V-Shield-2.0\API\API\API\Controllers\BienSoController.cs | C:\DoAnTotNghiep\V-Shield-2.0\API\API\API\Controllers\BienSoController.cs | C:\DoAnTotNghiep\V-Shield-2.0\API\API\API\Models\CameraPlate.cs | C:\DoAnTotNghiep\V-Shield-2.0\API\API\API\Migrations\ApplicationDbContextModelSnapshot.cs"
"LastUpdate","11","1","C:\DoAnTotNghiep\V-Shield-2.0\AccessControlDB_HoanChinh.sql | C:\DoAnTotNghiep\V-Shield-2.0\API\API\API\Controllers\BienSoController.cs | C:\DoAnTotNghiep\V-Shield-2.0\API\API\API\Controllers\BienSoController.cs | C:\DoAnTotNghiep\V-Shield-2.0\API\API\API\Controllers\BienSoController.cs | C:\DoAnTotNghiep\V-Shield-2.0\API\API\API\Controllers\DeviceManagementController.cs"
"Department","50","1","C:\DoAnTotNghiep\V-Shield-2.0\AccessControlDB_HoanChinh.sql | C:\DoAnTotNghiep\V-Shield-2.0\AccessControlDB_HoanChinh.sql | C:\DoAnTotNghiep\V-Shield-2.0\AccessControlDB_HoanChinh.sql | C:\DoAnTotNghiep\V-Shield-2.0\AccessControlDB_HoanChinh.sql | C:\DoAnTotNghiep\V-Shield-2.0\AccessControlDB_HoanChinh.sql"
"DynamicQrScanLog","7","1","C:\DoAnTotNghiep\V-Shield-2.0\API\API\API\Data\ApplicationDbContext.cs | C:\DoAnTotNghiep\V-Shield-2.0\API\API\API\Data\ApplicationDbContext.cs | C:\DoAnTotNghiep\V-Shield-2.0\API\API\API\Controllers\QR_DongController.cs | C:\DoAnTotNghiep\V-Shield-2.0\API\API\API\Controllers\QR_DongController.cs | C:\DoAnTotNghiep\V-Shield-2.0\API\API\API\Migrations\ApplicationDbContextModelSnapshot.cs"
"IsValid","16","1","C:\DoAnTotNghiep\V-Shield-2.0\API\API\API\Controllers\AuthController.cs | C:\DoAnTotNghiep\V-Shield-2.0\API\API\API\Controllers\EmployeesController.cs | C:\DoAnTotNghiep\V-Shield-2.0\API\API\API\Controllers\EmployeesController.cs | C:\DoAnTotNghiep\V-Shield-2.0\API\API\API\Controllers\DepartmentsController.cs | C:\DoAnTotNghiep\V-Shield-2.0\API\API\API\Controllers\DepartmentsController.cs"
"ScannedAt","6","1","C:\DoAnTotNghiep\V-Shield-2.0\API\API\API\Data\ApplicationDbContext.cs | C:\DoAnTotNghiep\V-Shield-2.0\API\API\API\Migrations\ApplicationDbContextModelSnapshot.cs | C:\DoAnTotNghiep\V-Shield-2.0\API\API\API\Migrations\20260522060405_InitialCreate.Designer.cs | C:\DoAnTotNghiep\V-Shield-2.0\API\API\API\Migrations\20260522060405_InitialCreate.cs | C:\DoAnTotNghiep\V-Shield-2.0\API\API\API\Controllers\QR_DongController.cs"
"Position","50","1","C:\DoAnTotNghiep\V-Shield-2.0\AccessControlDB_HoanChinh.sql | C:\DoAnTotNghiep\V-Shield-2.0\AccessControlDB_HoanChinh.sql | C:\DoAnTotNghiep\V-Shield-2.0\AccessControlDB_HoanChinh.sql | C:\DoAnTotNghiep\V-Shield-2.0\AccessControlDB_HoanChinh.sql | C:\DoAnTotNghiep\V-Shield-2.0\AccessControlDB_HoanChinh.sql"
"EmployeeDynamicQr","8","1","C:\DoAnTotNghiep\V-Shield-2.0\API\API\API\Data\ApplicationDbContext.cs | C:\DoAnTotNghiep\V-Shield-2.0\API\API\API\Data\ApplicationDbContext.cs | C:\DoAnTotNghiep\V-Shield-2.0\API\API\API\Models\EmployeeDynamicQr.cs | C:\DoAnTotNghiep\V-Shield-2.0\API\API\API\Controllers\QR_DongController.cs | C:\DoAnTotNghiep\V-Shield-2.0\API\API\API\Migrations\ApplicationDbContextModelSnapshot.cs"
"SecretKey","10","1","C:\DoAnTotNghiep\V-Shield-2.0\API\API\API\Migrations\ApplicationDbContextModelSnapshot.cs | C:\DoAnTotNghiep\V-Shield-2.0\API\API\API\Migrations\20260522060405_InitialCreate.Designer.cs | C:\DoAnTotNghiep\V-Shield-2.0\API\API\API\Migrations\20260522060405_InitialCreate.cs | C:\DoAnTotNghiep\V-Shield-2.0\API\API\API\Controllers\QR_DongController.cs | C:\DoAnTotNghiep\V-Shield-2.0\API\API\API\Controllers\QR_DongController.cs"
"TimeStepSeconds","11","1","C:\DoAnTotNghiep\V-Shield-2.0\API\API\API\Controllers\QR_DongController.cs | C:\DoAnTotNghiep\V-Shield-2.0\API\API\API\Controllers\QR_DongController.cs | C:\DoAnTotNghiep\V-Shield-2.0\API\API\API\Controllers\QR_DongController.cs | C:\DoAnTotNghiep\V-Shield-2.0\API\API\API\Controllers\QR_DongController.cs | C:\DoAnTotNghiep\V-Shield-2.0\API\API\API\Controllers\QR_DongController.cs"
"Digits","8","1","C:\DoAnTotNghiep\V-Shield-2.0\API\API\API\Data\ApplicationDbContext.cs | C:\DoAnTotNghiep\V-Shield-2.0\API\API\API\Migrations\20260522060405_InitialCreate.cs | C:\DoAnTotNghiep\V-Shield-2.0\API\API\API\Migrations\20260522060405_InitialCreate.Designer.cs | C:\DoAnTotNghiep\V-Shield-2.0\API\API\API\Migrations\ApplicationDbContextModelSnapshot.cs | C:\DoAnTotNghiep\V-Shield-2.0\API\API\API\Models\EmployeeDynamicQr.cs"
"LastUsedCounter","6","1","C:\DoAnTotNghiep\V-Shield-2.0\API\API\API\Migrations\20260522060405_InitialCreate.cs | C:\DoAnTotNghiep\V-Shield-2.0\API\API\API\Migrations\20260522060405_InitialCreate.Designer.cs | C:\DoAnTotNghiep\V-Shield-2.0\API\API\API\Migrations\ApplicationDbContextModelSnapshot.cs | C:\DoAnTotNghiep\V-Shield-2.0\API\API\API\Controllers\QR_DongController.cs | C:\DoAnTotNghiep\V-Shield-2.0\API\API\API\Controllers\QR_DongController.cs"
"UpdatedAt","10","1","C:\DoAnTotNghiep\V-Shield-2.0\API\API\API\Controllers\QR_DongController.cs | C:\DoAnTotNghiep\V-Shield-2.0\API\API\API\Services\RuntimeOrchestrator.cs | C:\DoAnTotNghiep\V-Shield-2.0\API\API\API\Services\RuntimeOrchestrator.cs | C:\DoAnTotNghiep\V-Shield-2.0\API\API\API\Services\RuntimeOrchestrator.cs | C:\DoAnTotNghiep\V-Shield-2.0\API\API\API\Services\RuntimeOrchestrator.cs"
"EmployeeFaceModel","7","1","C:\DoAnTotNghiep\V-Shield-2.0\API\API\API\Data\ApplicationDbContext.cs | C:\DoAnTotNghiep\V-Shield-2.0\API\API\API\Data\ApplicationDbContext.cs | C:\DoAnTotNghiep\V-Shield-2.0\API\API\API\Migrations\ApplicationDbContextModelSnapshot.cs | C:\DoAnTotNghiep\V-Shield-2.0\API\API\API\Migrations\ApplicationDbContextModelSnapshot.cs | C:\DoAnTotNghiep\V-Shield-2.0\API\API\API\Migrations\20260522060405_InitialCreate.Designer.cs"
"ModelFileName","8","1","C:\DoAnTotNghiep\V-Shield-2.0\AccessControlDB_HoanChinh.sql | C:\DoAnTotNghiep\V-Shield-2.0\API\API\API\Data\ApplicationDbContext.cs | C:\DoAnTotNghiep\V-Shield-2.0\API\API\API\Controllers\BiometricsController.cs | C:\DoAnTotNghiep\V-Shield-2.0\API\API\API\Migrations\ApplicationDbContextModelSnapshot.cs | C:\DoAnTotNghiep\V-Shield-2.0\API\API\API\Migrations\20260522060405_InitialCreate.Designer.cs"
"ModelPath","9","1","C:\DoAnTotNghiep\V-Shield-2.0\AccessControlDB_HoanChinh.sql | C:\DoAnTotNghiep\V-Shield-2.0\API\API\API\Data\ApplicationDbContext.cs | C:\DoAnTotNghiep\V-Shield-2.0\API\API\API\Controllers\BiometricsController.cs | C:\DoAnTotNghiep\V-Shield-2.0\API\API\API\Controllers\BiometricsController.cs | C:\DoAnTotNghiep\V-Shield-2.0\API\API\API\Migrations\20260522060405_InitialCreate.cs"
"EmployeeFaceVideo","8","1","C:\DoAnTotNghiep\V-Shield-2.0\API\API\API\Data\ApplicationDbContext.cs | C:\DoAnTotNghiep\V-Shield-2.0\API\API\API\Data\ApplicationDbContext.cs | C:\DoAnTotNghiep\V-Shield-2.0\API\API\API\Controllers\VideoController.cs | C:\DoAnTotNghiep\V-Shield-2.0\API\API\API\Migrations\20260522060405_InitialCreate.Designer.cs | C:\DoAnTotNghiep\V-Shield-2.0\API\API\API\Migrations\20260522060405_InitialCreate.Designer.cs"
"FileName","24","1","C:\DoAnTotNghiep\V-Shield-2.0\AccessControlDB_HoanChinh.sql | C:\DoAnTotNghiep\V-Shield-2.0\API\API\API\Data\ApplicationDbContext.cs | C:\DoAnTotNghiep\V-Shield-2.0\API\API\API\Controllers\BiometricsController.cs | C:\DoAnTotNghiep\V-Shield-2.0\API\API\API\Program.cs | C:\DoAnTotNghiep\V-Shield-2.0\API\API\API\Controllers\DeviceManagementController.cs"
"FilePath","11","1","C:\DoAnTotNghiep\V-Shield-2.0\manage.ps1 | C:\DoAnTotNghiep\V-Shield-2.0\AccessControlDB_HoanChinh.sql | C:\DoAnTotNghiep\V-Shield-2.0\API\API\API\Data\ApplicationDbContext.cs | C:\DoAnTotNghiep\V-Shield-2.0\API\API\API\Migrations\ApplicationDbContextModelSnapshot.cs | C:\DoAnTotNghiep\V-Shield-2.0\API\API\API\Migrations\20260522060405_InitialCreate.Designer.cs"
"FileSize","7","1","C:\DoAnTotNghiep\V-Shield-2.0\AccessControlDB_HoanChinh.sql | C:\DoAnTotNghiep\V-Shield-2.0\API\API\API\Controllers\BiometricsController.cs | C:\DoAnTotNghiep\V-Shield-2.0\API\API\API\Models\EmployeeFaceVideo.cs | C:\DoAnTotNghiep\V-Shield-2.0\API\API\API\Controllers\VideoController.cs | C:\DoAnTotNghiep\V-Shield-2.0\API\API\API\Migrations\ApplicationDbContextModelSnapshot.cs"
"ReasonId","18","1","C:\DoAnTotNghiep\V-Shield-2.0\AccessControlDB_HoanChinh.sql | C:\DoAnTotNghiep\V-Shield-2.0\API\API\API\Data\ApplicationDbContext.cs | C:\DoAnTotNghiep\V-Shield-2.0\API\API\API\Models\ExceptionReason.cs | C:\DoAnTotNghiep\V-Shield-2.0\API\API\API\Controllers\ExceptionReasonsController.cs | C:\DoAnTotNghiep\V-Shield-2.0\API\API\API\Controllers\ExceptionReasonsController.cs"
"GuestProfile","24","1","C:\DoAnTotNghiep\V-Shield-2.0\AccessControlDB_HoanChinh.sql | C:\DoAnTotNghiep\V-Shield-2.0\AccessControlDB_HoanChinh.sql | C:\DoAnTotNghiep\V-Shield-2.0\AccessControlDB_HoanChinh.sql | C:\DoAnTotNghiep\V-Shield-2.0\AccessControlDB_HoanChinh.sql | C:\DoAnTotNghiep\V-Shield-2.0\API\API\API\Migrations\ApplicationDbContextModelSnapshot.cs"
"PreRegistration","25","1","C:\DoAnTotNghiep\V-Shield-2.0\API\API\API\Controllers\RegistrationLinkController.cs | C:\DoAnTotNghiep\V-Shield-2.0\API\API\API\Controllers\PreRegistrationController.cs | C:\DoAnTotNghiep\V-Shield-2.0\API\API\API\Controllers\PreRegistrationController.cs | C:\DoAnTotNghiep\V-Shield-2.0\API\API\API\Models\Employee.cs | C:\DoAnTotNghiep\V-Shield-2.0\API\API\API\Models\AccessLog.cs"
"Guest","25","1","C:\DoAnTotNghiep\V-Shield-2.0\API\API\API\Data\ApplicationDbContext.cs | C:\DoAnTotNghiep\V-Shield-2.0\API\API\API\Controllers\AccessLogsController.cs | C:\DoAnTotNghiep\V-Shield-2.0\API\API\API\Controllers\AccessLogsController.cs | C:\DoAnTotNghiep\V-Shield-2.0\API\API\API\Controllers\AccessLogsController.cs | C:\DoAnTotNghiep\V-Shield-2.0\API\API\API\Controllers\AccessLogsController.cs"
"HostEmployee","33","1","C:\DoAnTotNghiep\V-Shield-2.0\API\API\API\Controllers\PreRegistrationController.cs | C:\DoAnTotNghiep\V-Shield-2.0\API\API\API\Controllers\PreRegistrationController.cs | C:\DoAnTotNghiep\V-Shield-2.0\API\API\API\Controllers\PreRegistrationController.cs | C:\DoAnTotNghiep\V-Shield-2.0\API\API\API\Controllers\PreRegistrationController.cs | C:\DoAnTotNghiep\V-Shield-2.0\API\API\API\Controllers\PreRegistrationController.cs"
"RegistrationLink","8","1","C:\DoAnTotNghiep\V-Shield-2.0\API\API\API\Data\ApplicationDbContext.cs | C:\DoAnTotNghiep\V-Shield-2.0\API\API\API\Data\ApplicationDbContext.cs | C:\DoAnTotNghiep\V-Shield-2.0\API\API\API\Migrations\ApplicationDbContextModelSnapshot.cs | C:\DoAnTotNghiep\V-Shield-2.0\API\API\API\Migrations\ApplicationDbContextModelSnapshot.cs | C:\DoAnTotNghiep\V-Shield-2.0\API\API\API\Migrations\20260522060405_InitialCreate.Designer.cs"
"LinkId","12","1","C:\DoAnTotNghiep\V-Shield-2.0\AccessControlDB_HoanChinh.sql | C:\DoAnTotNghiep\V-Shield-2.0\API\API\API\Data\ApplicationDbContext.cs | C:\DoAnTotNghiep\V-Shield-2.0\API\API\API\Models\RegistrationLink.cs | C:\DoAnTotNghiep\V-Shield-2.0\API\API\API\Controllers\RegistrationLinkController.cs | C:\DoAnTotNghiep\V-Shield-2.0\API\API\API\Migrations\ApplicationDbContextModelSnapshot.cs"
"IsUsed","11","1","C:\DoAnTotNghiep\V-Shield-2.0\AccessControlDB_HoanChinh.sql | C:\DoAnTotNghiep\V-Shield-2.0\API\API\API\Data\ApplicationDbContext.cs | C:\DoAnTotNghiep\V-Shield-2.0\API\API\API\Migrations\ApplicationDbContextModelSnapshot.cs | C:\DoAnTotNghiep\V-Shield-2.0\API\API\API\Migrations\20260522060405_InitialCreate.Designer.cs | C:\DoAnTotNghiep\V-Shield-2.0\API\API\API\Migrations\20260522060405_InitialCreate.cs"
"UploadVideoRequest","2","1","C:\DoAnTotNghiep\V-Shield-2.0\API\API\API\Models\UploadVideoRequest.cs | C:\DoAnTotNghiep\V-Shield-2.0\API\API\API\Controllers\VideoController.cs"
"File","30","1","C:\DoAnTotNghiep\V-Shield-2.0\stop.bat | C:\DoAnTotNghiep\V-Shield-2.0\install.bat | C:\DoAnTotNghiep\V-Shield-2.0\uninstall.bat | C:\DoAnTotNghiep\V-Shield-2.0\start.bat | C:\DoAnTotNghiep\V-Shield-2.0\API\API\API\API.sln"
"Vehicle","28","1","C:\DoAnTotNghiep\V-Shield-2.0\AccessControlDB_HoanChinh.sql | C:\DoAnTotNghiep\V-Shield-2.0\AccessControlDB_HoanChinh.sql | C:\DoAnTotNghiep\V-Shield-2.0\AccessControlDB_HoanChinh.sql | C:\DoAnTotNghiep\V-Shield-2.0\AccessControlDB_HoanChinh.sql | C:\DoAnTotNghiep\V-Shield-2.0\AccessControlDB_HoanChinh.sql"
"ParkingStatus","23","1","C:\DoAnTotNghiep\V-Shield-2.0\AccessControlDB_HoanChinh.sql | C:\DoAnTotNghiep\V-Shield-2.0\AccessControlDB_HoanChinh.sql | C:\DoAnTotNghiep\V-Shield-2.0\AccessControlDB_HoanChinh.sql | C:\DoAnTotNghiep\V-Shield-2.0\API\API\API\Controllers\AccessLogsController.cs | C:\DoAnTotNghiep\V-Shield-2.0\API\API\API\Controllers\DashboardController.cs"
"VehicleType","37","1","C:\DoAnTotNghiep\V-Shield-2.0\AccessControlDB_HoanChinh.sql | C:\DoAnTotNghiep\V-Shield-2.0\AccessControlDB_HoanChinh.sql | C:\DoAnTotNghiep\V-Shield-2.0\AccessControlDB_HoanChinh.sql | C:\DoAnTotNghiep\V-Shield-2.0\AccessControlDB_HoanChinh.sql | C:\DoAnTotNghiep\V-Shield-2.0\AccessControlDB_HoanChinh.sql"
"QrSecret","8","1","C:\DoAnTotNghiep\V-Shield-2.0\API\API\API\Migrations\ApplicationDbContextModelSnapshot.cs | C:\DoAnTotNghiep\V-Shield-2.0\API\API\API\Migrations\20260522060405_InitialCreate.Designer.cs | C:\DoAnTotNghiep\V-Shield-2.0\API\API\API\Migrations\20260522060405_InitialCreate.cs | C:\DoAnTotNghiep\V-Shield-2.0\API\API\API\Controllers\QR_DongController.cs | C:\DoAnTotNghiep\V-Shield-2.0\API\API\API\Controllers\PreRegistrationController.cs"
"API.Services","13","1","C:\DoAnTotNghiep\V-Shield-2.0\API\API\API\Controllers\FaceIDController.cs | C:\DoAnTotNghiep\V-Shield-2.0\API\API\API\Controllers\PreRegistrationController.cs | C:\DoAnTotNghiep\V-Shield-2.0\API\API\API\Controllers\QR_DongController.cs | C:\DoAnTotNghiep\V-Shield-2.0\API\API\API\Controllers\RuntimeServicesController.cs | C:\DoAnTotNghiep\V-Shield-2.0\API\API\API\Controllers\VehiclesController.cs"
"AuthService","3","1","C:\DoAnTotNghiep\V-Shield-2.0\API\API\API\Services\AuthService.cs | C:\DoAnTotNghiep\V-Shield-2.0\API\API\API\Services\AuthService.cs | C:\DoAnTotNghiep\V-Shield-2.0\API\API\API\Program.cs"
"LoginAsync","3","1","C:\DoAnTotNghiep\V-Shield-2.0\API\API\API\Controllers\AuthController.cs | C:\DoAnTotNghiep\V-Shield-2.0\API\API\API\Services\IAuthService.cs | C:\DoAnTotNghiep\V-Shield-2.0\API\API\API\Services\AuthService.cs"
"IAuthService","5","1","C:\DoAnTotNghiep\V-Shield-2.0\API\API\API\Controllers\AuthController.cs | C:\DoAnTotNghiep\V-Shield-2.0\API\API\API\Controllers\AuthController.cs | C:\DoAnTotNghiep\V-Shield-2.0\API\API\API\Services\AuthService.cs | C:\DoAnTotNghiep\V-Shield-2.0\API\API\API\Program.cs | C:\DoAnTotNghiep\V-Shield-2.0\API\API\API\Services\IAuthService.cs"
"ILanCameraDiscoveryService","5","1","C:\DoAnTotNghiep\V-Shield-2.0\API\API\API\Program.cs | C:\DoAnTotNghiep\V-Shield-2.0\API\API\API\Controllers\FaceIDController.cs | C:\DoAnTotNghiep\V-Shield-2.0\API\API\API\Controllers\FaceIDController.cs | C:\DoAnTotNghiep\V-Shield-2.0\API\API\API\Services\LanCameraDiscoveryService.cs | C:\DoAnTotNghiep\V-Shield-2.0\API\API\API\Services\LanCameraDiscoveryService.cs"
"DiscoverIpWebcamsAsync","3","1","C:\DoAnTotNghiep\V-Shield-2.0\API\API\API\Services\LanCameraDiscoveryService.cs | C:\DoAnTotNghiep\V-Shield-2.0\API\API\API\Services\LanCameraDiscoveryService.cs | C:\DoAnTotNghiep\V-Shield-2.0\API\API\API\Controllers\FaceIDController.cs"
"GetPrivateLocalIps","2","1","C:\DoAnTotNghiep\V-Shield-2.0\API\API\API\Services\LanCameraDiscoveryService.cs | C:\DoAnTotNghiep\V-Shield-2.0\API\API\API\Services\LanCameraDiscoveryService.cs"
"LooksLikeHotspotInterface","2","1","C:\DoAnTotNghiep\V-Shield-2.0\API\API\API\Services\LanCameraDiscoveryService.cs | C:\DoAnTotNghiep\V-Shield-2.0\API\API\API\Services\LanCameraDiscoveryService.cs"
"IsPrivateIpv4","2","1","C:\DoAnTotNghiep\V-Shield-2.0\API\API\API\Services\LanCameraDiscoveryService.cs | C:\DoAnTotNghiep\V-Shield-2.0\API\API\API\Services\LanCameraDiscoveryService.cs"
"ToSubnetPrefix","2","1","C:\DoAnTotNghiep\V-Shield-2.0\API\API\API\Services\LanCameraDiscoveryService.cs | C:\DoAnTotNghiep\V-Shield-2.0\API\API\API\Services\LanCameraDiscoveryService.cs"
"LooksLikeIpCameraLite","5","1","C:\DoAnTotNghiep\V-Shield-2.0\API\API\API\Services\LanCameraDiscoveryService.cs | C:\DoAnTotNghiep\V-Shield-2.0\API\API\API\Services\LanCameraDiscoveryService.cs | C:\DoAnTotNghiep\V-Shield-2.0\API\API\API\Services\LanCameraDiscoveryService.cs | C:\DoAnTotNghiep\V-Shield-2.0\API\API\API\Services\LanCameraDiscoveryService.cs | C:\DoAnTotNghiep\V-Shield-2.0\API\API\API\Services\LanCameraDiscoveryService.cs"
"BuildDisplayName","2","1","C:\DoAnTotNghiep\V-Shield-2.0\API\API\API\Services\LanCameraDiscoveryService.cs | C:\DoAnTotNghiep\V-Shield-2.0\API\API\API\Services\LanCameraDiscoveryService.cs"
"ExtractTitle","2","1","C:\DoAnTotNghiep\V-Shield-2.0\API\API\API\Services\LanCameraDiscoveryService.cs | C:\DoAnTotNghiep\V-Shield-2.0\API\API\API\Services\LanCameraDiscoveryService.cs"
"LooksLikeIpWebcam","3","1","C:\DoAnTotNghiep\V-Shield-2.0\API\API\API\Services\LanCameraDiscoveryService.cs | C:\DoAnTotNghiep\V-Shield-2.0\API\API\API\Services\LanCameraDiscoveryService.cs | C:\DoAnTotNghiep\V-Shield-2.0\API\API\API\Services\LanCameraDiscoveryService.cs"
"LooksLikeSupportedLanCamera","2","1","C:\DoAnTotNghiep\V-Shield-2.0\API\API\API\Services\LanCameraDiscoveryService.cs | C:\DoAnTotNghiep\V-Shield-2.0\API\API\API\Services\LanCameraDiscoveryService.cs"
"LooksLikePreviewContentType","2","1","C:\DoAnTotNghiep\V-Shield-2.0\API\API\API\Services\LanCameraDiscoveryService.cs | C:\DoAnTotNghiep\V-Shield-2.0\API\API\API\Services\LanCameraDiscoveryService.cs"
"BuildRtspUrls","2","1","C:\DoAnTotNghiep\V-Shield-2.0\API\API\API\Services\LanCameraDiscoveryService.cs | C:\DoAnTotNghiep\V-Shield-2.0\API\API\API\Services\LanCameraDiscoveryService.cs"
"BuildCandidate","2","1","C:\DoAnTotNghiep\V-Shield-2.0\API\API\API\Services\LanCameraDiscoveryService.cs | C:\DoAnTotNghiep\V-Shield-2.0\API\API\API\Services\LanCameraDiscoveryService.cs"
"BuildPreviewCandidate","2","1","C:\DoAnTotNghiep\V-Shield-2.0\API\API\API\Services\LanCameraDiscoveryService.cs | C:\DoAnTotNghiep\V-Shield-2.0\API\API\API\Services\LanCameraDiscoveryService.cs"
"CanOpenPortAsync","2","1","C:\DoAnTotNghiep\V-Shield-2.0\API\API\API\Services\LanCameraDiscoveryService.cs | C:\DoAnTotNghiep\V-Shield-2.0\API\API\API\Services\LanCameraDiscoveryService.cs"
"ReadBodySnippetAsync","2","1","C:\DoAnTotNghiep\V-Shield-2.0\API\API\API\Services\LanCameraDiscoveryService.cs | C:\DoAnTotNghiep\V-Shield-2.0\API\API\API\Services\LanCameraDiscoveryService.cs"
"ProbePreviewEndpointAsync","3","1","C:\DoAnTotNghiep\V-Shield-2.0\API\API\API\Services\LanCameraDiscoveryService.cs | C:\DoAnTotNghiep\V-Shield-2.0\API\API\API\Services\LanCameraDiscoveryService.cs | C:\DoAnTotNghiep\V-Shield-2.0\API\API\API\Services\LanCameraDiscoveryService.cs"
"ProbeIpWebcamAsync","2","1","C:\DoAnTotNghiep\V-Shield-2.0\API\API\API\Services\LanCameraDiscoveryService.cs | C:\DoAnTotNghiep\V-Shield-2.0\API\API\API\Services\LanCameraDiscoveryService.cs"
"IpAddress","5","1","C:\DoAnTotNghiep\V-Shield-2.0\API\API\API\Services\LanCameraDiscoveryService.cs | C:\DoAnTotNghiep\V-Shield-2.0\API\API\API\Services\LanCameraDiscoveryService.cs | C:\DoAnTotNghiep\V-Shield-2.0\API\API\API\Services\LanCameraDiscoveryService.cs | C:\DoAnTotNghiep\V-Shield-2.0\API\API\API\Services\LanCameraDiscoveryService.cs | C:\DoAnTotNghiep\V-Shield-2.0\API\API\API\Services\LanCameraDiscoveryService.cs"
"Port","10","1","C:\DoAnTotNghiep\V-Shield-2.0\AI_Project\cam\cam_gia_lap\mediamtx_v1.17.1_windows_amd64\mediamtx.yml | C:\DoAnTotNghiep\V-Shield-2.0\AI_Project\cam\cam_gia_lap\mediamtx_v1.17.1_windows_amd64\mediamtx.yml | C:\DoAnTotNghiep\V-Shield-2.0\AI_Project\cam\cam_gia_lap\mediamtx_v1.17.1_windows_amd64\mediamtx.yml | C:\DoAnTotNghiep\V-Shield-2.0\AI_Project\cam\cam_gia_lap\mediamtx_v1.17.1_windows_amd64\mediamtx.yml | C:\DoAnTotNghiep\V-Shield-2.0\API\API\API\Services\LanCameraDiscoveryService.cs"
"BaseUrl","3","1","C:\DoAnTotNghiep\V-Shield-2.0\API\API\API\Services\LanCameraDiscoveryService.cs | C:\DoAnTotNghiep\V-Shield-2.0\API\API\API\Services\LanCameraDiscoveryService.cs | C:\DoAnTotNghiep\V-Shield-2.0\API\API\API\Services\LanCameraDiscoveryService.cs"
"PreviewUrl","3","1","C:\DoAnTotNghiep\V-Shield-2.0\API\API\API\Services\LanCameraDiscoveryService.cs | C:\DoAnTotNghiep\V-Shield-2.0\API\API\API\Services\LanCameraDiscoveryService.cs | C:\DoAnTotNghiep\V-Shield-2.0\API\API\API\Services\LanCameraDiscoveryService.cs"
"SnapshotUrl","3","1","C:\DoAnTotNghiep\V-Shield-2.0\API\API\API\Services\LanCameraDiscoveryService.cs | C:\DoAnTotNghiep\V-Shield-2.0\API\API\API\Services\LanCameraDiscoveryService.cs | C:\DoAnTotNghiep\V-Shield-2.0\API\API\API\Services\LanCameraDiscoveryService.cs"
"RtspUrls","3","1","C:\DoAnTotNghiep\V-Shield-2.0\API\API\API\Services\LanCameraDiscoveryService.cs | C:\DoAnTotNghiep\V-Shield-2.0\API\API\API\Services\LanCameraDiscoveryService.cs | C:\DoAnTotNghiep\V-Shield-2.0\API\API\API\Services\LanCameraDiscoveryService.cs"
"StartAsync","4","1","C:\DoAnTotNghiep\V-Shield-2.0\API\API\API\Services\RuntimeOrchestrator.cs | C:\DoAnTotNghiep\V-Shield-2.0\API\API\API\Services\RuntimeOrchestrator.cs | C:\DoAnTotNghiep\V-Shield-2.0\API\API\API\Services\RuntimeAutoStartHostedService.cs | C:\DoAnTotNghiep\V-Shield-2.0\API\API\API\Controllers\RuntimeServicesController.cs"
"StopAsync","3","1","C:\DoAnTotNghiep\V-Shield-2.0\API\API\API\Services\RuntimeOrchestrator.cs | C:\DoAnTotNghiep\V-Shield-2.0\API\API\API\Controllers\RuntimeServicesController.cs | C:\DoAnTotNghiep\V-Shield-2.0\API\API\API\Services\RuntimeAutoStartHostedService.cs"
"GetServices","2","1","C:\DoAnTotNghiep\V-Shield-2.0\API\API\API\Services\RuntimeOrchestrator.cs | C:\DoAnTotNghiep\V-Shield-2.0\API\API\API\Controllers\RuntimeServicesController.cs"
"GetService","1","1","C:\DoAnTotNghiep\V-Shield-2.0\API\API\API\Services\RuntimeOrchestrator.cs"
"EnsureAutoStartAsync","2","1","C:\DoAnTotNghiep\V-Shield-2.0\API\API\API\Services\RuntimeOrchestrator.cs | C:\DoAnTotNghiep\V-Shield-2.0\API\API\API\Services\RuntimeAutoStartHostedService.cs"
"ToState","4","1","C:\DoAnTotNghiep\V-Shield-2.0\API\API\API\Services\RuntimeOrchestrator.cs | C:\DoAnTotNghiep\V-Shield-2.0\API\API\API\Services\RuntimeOrchestrator.cs | C:\DoAnTotNghiep\V-Shield-2.0\API\API\API\Services\RuntimeOrchestrator.cs | C:\DoAnTotNghiep\V-Shield-2.0\API\API\API\Services\RuntimeOrchestrator.cs"
"LoadConfigs","6","1","C:\DoAnTotNghiep\V-Shield-2.0\API\API\API\Services\RuntimeOrchestrator.cs | C:\DoAnTotNghiep\V-Shield-2.0\API\API\API\Services\RuntimeOrchestrator.cs | C:\DoAnTotNghiep\V-Shield-2.0\API\API\API\Services\RuntimeOrchestrator.cs | C:\DoAnTotNghiep\V-Shield-2.0\API\API\API\Services\RuntimeOrchestrator.cs | C:\DoAnTotNghiep\V-Shield-2.0\API\API\API\Services\RuntimeOrchestrator.cs"
"SaveConfigs","5","1","C:\DoAnTotNghiep\V-Shield-2.0\API\API\API\Services\RuntimeOrchestrator.cs | C:\DoAnTotNghiep\V-Shield-2.0\API\API\API\Services\RuntimeOrchestrator.cs | C:\DoAnTotNghiep\V-Shield-2.0\API\API\API\Services\RuntimeOrchestrator.cs | C:\DoAnTotNghiep\V-Shield-2.0\API\API\API\Services\RuntimeOrchestrator.cs | C:\DoAnTotNghiep\V-Shield-2.0\API\API\API\Services\RuntimeOrchestrator.cs"
"GetConfigFilePath","3","1","C:\DoAnTotNghiep\V-Shield-2.0\API\API\API\Services\RuntimeOrchestrator.cs | C:\DoAnTotNghiep\V-Shield-2.0\API\API\API\Services\RuntimeOrchestrator.cs | C:\DoAnTotNghiep\V-Shield-2.0\API\API\API\Services\RuntimeOrchestrator.cs"
"GetDefaultConfigs","2","1","C:\DoAnTotNghiep\V-Shield-2.0\API\API\API\Services\RuntimeOrchestrator.cs | C:\DoAnTotNghiep\V-Shield-2.0\API\API\API\Services\RuntimeOrchestrator.cs"
"StartGo2Rtc","2","1","C:\DoAnTotNghiep\V-Shield-2.0\API\API\API\Services\RuntimeOrchestrator.cs | C:\DoAnTotNghiep\V-Shield-2.0\API\API\API\Services\RuntimeOrchestrator.cs"
"KillProcesses","3","1","C:\DoAnTotNghiep\V-Shield-2.0\API\API\API\Services\RuntimeOrchestrator.cs | C:\DoAnTotNghiep\V-Shield-2.0\API\API\API\Services\RuntimeOrchestrator.cs | C:\DoAnTotNghiep\V-Shield-2.0\API\API\API\Services\RuntimeOrchestrator.cs"
"IsProcessRunning","5","1","C:\DoAnTotNghiep\V-Shield-2.0\API\API\API\Services\RuntimeOrchestrator.cs | C:\DoAnTotNghiep\V-Shield-2.0\API\API\API\Services\RuntimeOrchestrator.cs | C:\DoAnTotNghiep\V-Shield-2.0\API\API\API\Services\RuntimeOrchestrator.cs | C:\DoAnTotNghiep\V-Shield-2.0\API\API\API\Services\RuntimeOrchestrator.cs | C:\DoAnTotNghiep\V-Shield-2.0\API\API\API\Services\RuntimeOrchestrator.cs"
"DisplayName","4","1","C:\DoAnTotNghiep\V-Shield-2.0\API\API\API\Services\RuntimeOrchestrator.cs | C:\DoAnTotNghiep\V-Shield-2.0\API\API\API\Services\RuntimeOrchestrator.cs | C:\DoAnTotNghiep\V-Shield-2.0\API\API\API\Services\RuntimeOrchestrator.cs | C:\DoAnTotNghiep\V-Shield-2.0\API\API\API\Services\RuntimeOrchestrator.cs"
"ManagedMode","4","1","C:\DoAnTotNghiep\V-Shield-2.0\API\API\API\Services\RuntimeOrchestrator.cs | C:\DoAnTotNghiep\V-Shield-2.0\API\API\API\Services\RuntimeOrchestrator.cs | C:\DoAnTotNghiep\V-Shield-2.0\API\API\API\Services\RuntimeOrchestrator.cs | C:\DoAnTotNghiep\V-Shield-2.0\API\API\API\Services\RuntimeOrchestrator.cs"
"Running","5","1","C:\DoAnTotNghiep\V-Shield-2.0\API\API\API\Services\RuntimeOrchestrator.cs | C:\DoAnTotNghiep\V-Shield-2.0\API\API\API\Services\RuntimeOrchestrator.cs | C:\DoAnTotNghiep\V-Shield-2.0\AI_Project\face_recognition\docs\Makefile | C:\DoAnTotNghiep\V-Shield-2.0\AI_Project\face_recognition\docs\Makefile | C:\DoAnTotNghiep\V-Shield-2.0\AI_Project\face_recognition\docs\Makefile"
"GenerateSecret","2","1","C:\DoAnTotNghiep\V-Shield-2.0\API\API\API\Controllers\PreRegistrationController.cs | C:\DoAnTotNghiep\V-Shield-2.0\API\API\API\Services\StaticVisitorQrService.cs"
"GenerateOtp","4","1","C:\DoAnTotNghiep\V-Shield-2.0\API\API\API\Services\StaticVisitorQrService.cs | C:\DoAnTotNghiep\V-Shield-2.0\API\API\API\Controllers\QR_DongController.cs | C:\DoAnTotNghiep\V-Shield-2.0\API\API\API\Controllers\PreRegistrationController.cs | C:\DoAnTotNghiep\V-Shield-2.0\API\API\API\Controllers\PreRegistrationController.cs"
"BuildPayload","2","1","C:\DoAnTotNghiep\V-Shield-2.0\API\API\API\Controllers\PreRegistrationController.cs | C:\DoAnTotNghiep\V-Shield-2.0\API\API\API\Services\StaticVisitorQrService.cs"
"TryParsePayload","3","1","C:\DoAnTotNghiep\V-Shield-2.0\API\API\API\Services\StaticVisitorQrService.cs | C:\DoAnTotNghiep\V-Shield-2.0\API\API\API\Controllers\QR_DongController.cs | C:\DoAnTotNghiep\V-Shield-2.0\API\API\API\Controllers\PreRegistrationController.cs"
"VisitorQrParsedPayload","3","1","C:\DoAnTotNghiep\V-Shield-2.0\API\API\API\Services\StaticVisitorQrService.cs | C:\DoAnTotNghiep\V-Shield-2.0\API\API\API\Services\StaticVisitorQrService.cs | C:\DoAnTotNghiep\V-Shield-2.0\API\API\API\Services\StaticVisitorQrService.cs"
"IVehicleService","5","1","C:\DoAnTotNghiep\V-Shield-2.0\API\API\API\Controllers\VehiclesController.cs | C:\DoAnTotNghiep\V-Shield-2.0\API\API\API\Controllers\VehiclesController.cs | C:\DoAnTotNghiep\V-Shield-2.0\API\API\API\Services\VehicleService.cs | C:\DoAnTotNghiep\V-Shield-2.0\API\API\API\Services\VehicleService.cs | C:\DoAnTotNghiep\V-Shield-2.0\API\API\API\Program.cs"
"VehicleService","3","1","C:\DoAnTotNghiep\V-Shield-2.0\API\API\API\Program.cs | C:\DoAnTotNghiep\V-Shield-2.0\API\API\API\Services\VehicleService.cs | C:\DoAnTotNghiep\V-Shield-2.0\API\API\API\Services\VehicleService.cs"
"GetVehicleTypesAsync","3","1","C:\DoAnTotNghiep\V-Shield-2.0\API\API\API\Services\VehicleService.cs | C:\DoAnTotNghiep\V-Shield-2.0\API\API\API\Services\VehicleService.cs | C:\DoAnTotNghiep\V-Shield-2.0\API\API\API\Controllers\VehiclesController.cs"
"GetAllAsync","3","1","C:\DoAnTotNghiep\V-Shield-2.0\API\API\API\Controllers\VehiclesController.cs | C:\DoAnTotNghiep\V-Shield-2.0\API\API\API\Services\VehicleService.cs | C:\DoAnTotNghiep\V-Shield-2.0\API\API\API\Services\VehicleService.cs"
"GetByIdAsync","3","1","C:\DoAnTotNghiep\V-Shield-2.0\API\API\API\Controllers\VehiclesController.cs | C:\DoAnTotNghiep\V-Shield-2.0\API\API\API\Services\VehicleService.cs | C:\DoAnTotNghiep\V-Shield-2.0\API\API\API\Services\VehicleService.cs"
"GetByEmployeeIdAsync","3","1","C:\DoAnTotNghiep\V-Shield-2.0\API\API\API\Controllers\VehiclesController.cs | C:\DoAnTotNghiep\V-Shield-2.0\API\API\API\Services\VehicleService.cs | C:\DoAnTotNghiep\V-Shield-2.0\API\API\API\Services\VehicleService.cs"
"GetByLicensePlateAsync","3","1","C:\DoAnTotNghiep\V-Shield-2.0\API\API\API\Services\VehicleService.cs | C:\DoAnTotNghiep\V-Shield-2.0\API\API\API\Services\VehicleService.cs | C:\DoAnTotNghiep\V-Shield-2.0\API\API\API\Controllers\VehiclesController.cs"
"CreateAsync","3","1","C:\DoAnTotNghiep\V-Shield-2.0\API\API\API\Services\VehicleService.cs | C:\DoAnTotNghiep\V-Shield-2.0\API\API\API\Services\VehicleService.cs | C:\DoAnTotNghiep\V-Shield-2.0\API\API\API\Controllers\VehiclesController.cs"
"UpdateAsync","3","1","C:\DoAnTotNghiep\V-Shield-2.0\API\API\API\Controllers\VehiclesController.cs | C:\DoAnTotNghiep\V-Shield-2.0\API\API\API\Services\VehicleService.cs | C:\DoAnTotNghiep\V-Shield-2.0\API\API\API\Services\VehicleService.cs"
"DeleteAsync","3","1","C:\DoAnTotNghiep\V-Shield-2.0\API\API\API\Services\VehicleService.cs | C:\DoAnTotNghiep\V-Shield-2.0\API\API\API\Services\VehicleService.cs | C:\DoAnTotNghiep\V-Shield-2.0\API\API\API\Controllers\VehiclesController.cs"
"EnsureDefaultVehicleTypesAsync","4","1","C:\DoAnTotNghiep\V-Shield-2.0\API\API\API\Services\VehicleService.cs | C:\DoAnTotNghiep\V-Shield-2.0\API\API\API\Services\VehicleService.cs | C:\DoAnTotNghiep\V-Shield-2.0\API\API\API\Services\VehicleService.cs | C:\DoAnTotNghiep\V-Shield-2.0\API\API\API\Services\VehicleService.cs"
"MapToDto","7","1","C:\DoAnTotNghiep\V-Shield-2.0\API\API\API\Services\VehicleService.cs | C:\DoAnTotNghiep\V-Shield-2.0\API\API\API\Services\VehicleService.cs | C:\DoAnTotNghiep\V-Shield-2.0\API\API\API\Services\VehicleService.cs | C:\DoAnTotNghiep\V-Shield-2.0\API\API\API\Services\VehicleService.cs | C:\DoAnTotNghiep\V-Shield-2.0\API\API\API\Services\VehicleService.cs"
"walk","9","1","C:\DoAnTotNghiep\V-Shield-2.0\View\package-lock.json | C:\DoAnTotNghiep\V-Shield-2.0\View\package-lock.json | C:\DoAnTotNghiep\V-Shield-2.0\View\package-lock.json | C:\DoAnTotNghiep\V-Shield-2.0\View\replace_colors_br.cjs | C:\DoAnTotNghiep\V-Shield-2.0\View\replace_colors_br.cjs"
"AccessPermissionManager","3","1","C:\DoAnTotNghiep\V-Shield-2.0\View\src\router\index.js | C:\DoAnTotNghiep\V-Shield-2.0\View\src\router\index.js | C:\DoAnTotNghiep\V-Shield-2.0\View\src\components\AccessPermissionManager.vue"
"BienSoSecurity","2","1","C:\DoAnTotNghiep\V-Shield-2.0\View\src\components\BienSoSecurity.vue | C:\DoAnTotNghiep\V-Shield-2.0\View\src\router\index.js"
"FaceIdSecurity","1","1","C:\DoAnTotNghiep\V-Shield-2.0\View\src\components\FaceCamera.vue"
"QrAccessMonitor","3","1","C:\DoAnTotNghiep\V-Shield-2.0\View\src\components\QrAccessMonitor.vue | C:\DoAnTotNghiep\V-Shield-2.0\View\src\router\index.js | C:\DoAnTotNghiep\V-Shield-2.0\View\src\router\index.js"
"DynamicQrIpScanner","1","1","C:\DoAnTotNghiep\V-Shield-2.0\View\src\components\Scan_QR_D.vue"
"VShieldGateMinimal","1","1","C:\DoAnTotNghiep\V-Shield-2.0\View\src\components\ThongHanh.vue"
"VShieldGateMinimalQr","2","1","C:\DoAnTotNghiep\V-Shield-2.0\View\src\components\ThongHanhQR.vue.bak_mojibake | C:\DoAnTotNghiep\V-Shield-2.0\View\src\components\ThongHanhQR.vue"
"getResolvedPlateApiBaseUrl","5","1","C:\DoAnTotNghiep\V-Shield-2.0\View\src\components\ThongHanhQR.vue.bak_mojibake | C:\DoAnTotNghiep\V-Shield-2.0\View\src\components\ThongHanhQR.vue.bak_mojibake | C:\DoAnTotNghiep\V-Shield-2.0\View\src\components\ThongHanhQR.vue | C:\DoAnTotNghiep\V-Shield-2.0\View\src\components\ThongHanhQR.vue | C:\DoAnTotNghiep\V-Shield-2.0\View\src\services\biensoApi.js"
"scanGate","7","1","C:\DoAnTotNghiep\V-Shield-2.0\View\src\components\ThongHanhQR.vue.bak_mojibake | C:\DoAnTotNghiep\V-Shield-2.0\View\src\components\ThongHanhQR.vue.bak_mojibake | C:\DoAnTotNghiep\V-Shield-2.0\View\src\components\ThongHanhQR.vue | C:\DoAnTotNghiep\V-Shield-2.0\View\src\components\ThongHanhQR.vue | C:\DoAnTotNghiep\V-Shield-2.0\View\src\components\ThongHanh.vue"
"scanGuest","5","1","C:\DoAnTotNghiep\V-Shield-2.0\View\src\components\ThongHanhQR.vue.bak_mojibake | C:\DoAnTotNghiep\V-Shield-2.0\View\src\components\ThongHanhQR.vue.bak_mojibake | C:\DoAnTotNghiep\V-Shield-2.0\View\src\components\ThongHanhQR.vue | C:\DoAnTotNghiep\V-Shield-2.0\View\src\components\ThongHanhQR.vue | C:\DoAnTotNghiep\V-Shield-2.0\View\src\services\thonghanhAPI.js"
"logout","4","1","C:\DoAnTotNghiep\V-Shield-2.0\View\src\stores\auth.js | C:\DoAnTotNghiep\V-Shield-2.0\View\src\stores\auth.js | C:\DoAnTotNghiep\V-Shield-2.0\View\src\components\Layout\Header.vue | C:\DoAnTotNghiep\V-Shield-2.0\View\src\components\Layout\Header.vue"
"isLoggedIn","4","1","C:\DoAnTotNghiep\V-Shield-2.0\View\src\stores\auth.js | C:\DoAnTotNghiep\V-Shield-2.0\View\src\router\index.js | C:\DoAnTotNghiep\V-Shield-2.0\View\src\router\index.js | C:\DoAnTotNghiep\V-Shield-2.0\View\src\router\index.js"
"hasRole","3","1","C:\DoAnTotNghiep\V-Shield-2.0\View\src\stores\auth.js | C:\DoAnTotNghiep\V-Shield-2.0\View\src\router\index.js | C:\DoAnTotNghiep\V-Shield-2.0\View\src\router\index.js"
"optimizeAndValidatePlate","5","1","C:\DoAnTotNghiep\V-Shield-2.0\View\src\utils\licensePlateValidator.js | C:\DoAnTotNghiep\V-Shield-2.0\View\src\pages\Vehicles.vue | C:\DoAnTotNghiep\V-Shield-2.0\View\src\pages\Vehicles.vue | C:\DoAnTotNghiep\V-Shield-2.0\View\src\pages\Vehicles.vue | C:\DoAnTotNghiep\V-Shield-2.0\View\src\pages\Vehicles.vue"
"validatePlateFormat","1","1","C:\DoAnTotNghiep\V-Shield-2.0\View\src\utils\licensePlateValidator.js"
"getVehicleTypeLabel","5","1","C:\DoAnTotNghiep\V-Shield-2.0\View\src\utils\licensePlateValidator.js | C:\DoAnTotNghiep\V-Shield-2.0\View\src\pages\Vehicles.vue | C:\DoAnTotNghiep\V-Shield-2.0\View\src\pages\Vehicles.vue | C:\DoAnTotNghiep\V-Shield-2.0\View\src\pages\Vehicles.vue | C:\DoAnTotNghiep\V-Shield-2.0\View\src\pages\Vehicles.vue"
"normalizeVietnameseName","6","1","C:\DoAnTotNghiep\V-Shield-2.0\View\src\utils\nameValidator.js | C:\DoAnTotNghiep\V-Shield-2.0\View\src\utils\nameValidator.js | C:\DoAnTotNghiep\V-Shield-2.0\View\src\pages\GuestRegister.vue | C:\DoAnTotNghiep\V-Shield-2.0\View\src\pages\GuestRegister.vue | C:\DoAnTotNghiep\V-Shield-2.0\View\src\pages\Employees.vue"
"validateVietnameseName","7","1","C:\DoAnTotNghiep\V-Shield-2.0\View\src\utils\nameValidator.js | C:\DoAnTotNghiep\V-Shield-2.0\View\src\pages\Employees.vue | C:\DoAnTotNghiep\V-Shield-2.0\View\src\pages\Employees.vue | C:\DoAnTotNghiep\V-Shield-2.0\View\src\pages\GuestRegister.vue | C:\DoAnTotNghiep\V-Shield-2.0\View\src\pages\GuestRegister.vue"
