"Name","ReferenceCount","FileCount","SampleRefs"
"get_font","6","1","C:\DoAnTotNghiep\V-Shield-2.0\analysis_python_hits.txt | C:\DoAnTotNghiep\V-Shield-2.0\analysis_symbols_unique.txt | C:\DoAnTotNghiep\V-Shield-2.0\analysis_linkage_hits.txt | C:\DoAnTotNghiep\V-Shield-2.0\analysis_name_declarations.csv | C:\DoAnTotNghiep\V-Shield-2.0\AI_Project\AI_An_Ninh\app.py"
"normalize_ui_text","18","1","C:\DoAnTotNghiep\V-Shield-2.0\analysis_name_declarations.csv | C:\DoAnTotNghiep\V-Shield-2.0\analysis_symbols_unique.txt | C:\DoAnTotNghiep\V-Shield-2.0\analysis_python_hits.txt | C:\DoAnTotNghiep\V-Shield-2.0\analysis_linkage_hits.txt | C:\DoAnTotNghiep\V-Shield-2.0\AI_Project\AI_An_Ninh\app.py"
"bgr_to_rgb","6","1","C:\DoAnTotNghiep\V-Shield-2.0\analysis_symbols_unique.txt | C:\DoAnTotNghiep\V-Shield-2.0\analysis_name_declarations.csv | C:\DoAnTotNghiep\V-Shield-2.0\analysis_python_hits.txt | C:\DoAnTotNghiep\V-Shield-2.0\analysis_linkage_hits.txt | C:\DoAnTotNghiep\V-Shield-2.0\AI_Project\AI_An_Ninh\app.py"
"action_key","12","1","C:\DoAnTotNghiep\V-Shield-2.0\analysis_python_hits.txt | C:\DoAnTotNghiep\V-Shield-2.0\analysis_linkage_hits.txt | C:\DoAnTotNghiep\V-Shield-2.0\analysis_name_declarations.csv | C:\DoAnTotNghiep\V-Shield-2.0\analysis_symbols_unique.txt | C:\DoAnTotNghiep\V-Shield-2.0\AI_Project\AI_An_Ninh\app.py"
"adjust_action_score","14","1","C:\DoAnTotNghiep\V-Shield-2.0\analysis_python_hits.txt | C:\DoAnTotNghiep\V-Shield-2.0\analysis_symbols_unique.txt | C:\DoAnTotNghiep\V-Shield-2.0\analysis_name_declarations.csv | C:\DoAnTotNghiep\V-Shield-2.0\AI_Project\AI_An_Ninh\app.py | C:\DoAnTotNghiep\V-Shield-2.0\AI_Project\AI_An_Ninh\app.py"
"pick_first_existing","6","1","C:\DoAnTotNghiep\V-Shield-2.0\analysis_name_declarations.csv | C:\DoAnTotNghiep\V-Shield-2.0\analysis_linkage_hits.txt | C:\DoAnTotNghiep\V-Shield-2.0\analysis_symbols_unique.txt | C:\DoAnTotNghiep\V-Shield-2.0\analysis_python_hits.txt | C:\DoAnTotNghiep\V-Shield-2.0\AI_Project\AI_An_Ninh\app.py"
"adaptive_infer_size","7","1","C:\DoAnTotNghiep\V-Shield-2.0\analysis_name_declarations.csv | C:\DoAnTotNghiep\V-Shield-2.0\analysis_symbols_unique.txt | C:\DoAnTotNghiep\V-Shield-2.0\analysis_python_hits.txt | C:\DoAnTotNghiep\V-Shield-2.0\analysis_linkage_hits.txt | C:\DoAnTotNghiep\V-Shield-2.0\AI_Project\AI_An_Ninh\app.py"
"gamma_lut","6","1","C:\DoAnTotNghiep\V-Shield-2.0\analysis_symbols_unique.txt | C:\DoAnTotNghiep\V-Shield-2.0\analysis_python_hits.txt | C:\DoAnTotNghiep\V-Shield-2.0\analysis_name_declarations.csv | C:\DoAnTotNghiep\V-Shield-2.0\analysis_linkage_hits.txt | C:\DoAnTotNghiep\V-Shield-2.0\AI_Project\AI_An_Ninh\app.py"
"clahe_filter","6","1","C:\DoAnTotNghiep\V-Shield-2.0\analysis_symbols_unique.txt | C:\DoAnTotNghiep\V-Shield-2.0\analysis_name_declarations.csv | C:\DoAnTotNghiep\V-Shield-2.0\analysis_python_hits.txt | C:\DoAnTotNghiep\V-Shield-2.0\analysis_linkage_hits.txt | C:\DoAnTotNghiep\V-Shield-2.0\AI_Project\AI_An_Ninh\app.py"
"person_pose_profile","6","1","C:\DoAnTotNghiep\V-Shield-2.0\analysis_linkage_hits.txt | C:\DoAnTotNghiep\V-Shield-2.0\analysis_symbols_unique.txt | C:\DoAnTotNghiep\V-Shield-2.0\analysis_python_hits.txt | C:\DoAnTotNghiep\V-Shield-2.0\analysis_name_declarations.csv | C:\DoAnTotNghiep\V-Shield-2.0\AI_Project\AI_An_Ninh\app.py"
"PersonState","10","1","C:\DoAnTotNghiep\V-Shield-2.0\analysis_python_hits.txt | C:\DoAnTotNghiep\V-Shield-2.0\analysis_name_declarations.csv | C:\DoAnTotNghiep\V-Shield-2.0\analysis_linkage_hits.txt | C:\DoAnTotNghiep\V-Shield-2.0\AI_Project\AI_An_Ninh\app.py | C:\DoAnTotNghiep\V-Shield-2.0\AI_Project\AI_An_Ninh\app.py"
"draw_unicode_texts","6","1","C:\DoAnTotNghiep\V-Shield-2.0\AI_Project\AI_An_Ninh\app.py | C:\DoAnTotNghiep\V-Shield-2.0\AI_Project\AI_An_Ninh\app.py | C:\DoAnTotNghiep\V-Shield-2.0\analysis_python_hits.txt | C:\DoAnTotNghiep\V-Shield-2.0\analysis_name_declarations.csv | C:\DoAnTotNghiep\V-Shield-2.0\analysis_linkage_hits.txt"
"draw_box","8","1","C:\DoAnTotNghiep\V-Shield-2.0\analysis_name_declarations.csv | C:\DoAnTotNghiep\V-Shield-2.0\analysis_linkage_hits.txt | C:\DoAnTotNghiep\V-Shield-2.0\analysis_symbols_unique.txt | C:\DoAnTotNghiep\V-Shield-2.0\analysis_python_hits.txt | C:\DoAnTotNghiep\V-Shield-2.0\AI_Project\AI_An_Ninh\app.py"
"preprocess_low_light","6","1","C:\DoAnTotNghiep\V-Shield-2.0\analysis_python_hits.txt | C:\DoAnTotNghiep\V-Shield-2.0\analysis_name_declarations.csv | C:\DoAnTotNghiep\V-Shield-2.0\analysis_linkage_hits.txt | C:\DoAnTotNghiep\V-Shield-2.0\analysis_symbols_unique.txt | C:\DoAnTotNghiep\V-Shield-2.0\AI_Project\AI_An_Ninh\app.py"
"save_snapshot","7","1","C:\DoAnTotNghiep\V-Shield-2.0\analysis_symbols_unique.txt | C:\DoAnTotNghiep\V-Shield-2.0\analysis_python_hits.txt | C:\DoAnTotNghiep\V-Shield-2.0\analysis_name_declarations.csv | C:\DoAnTotNghiep\V-Shield-2.0\analysis_linkage_hits.txt | C:\DoAnTotNghiep\V-Shield-2.0\AI_Project\AI_An_Ninh\app.py"
"save_debug_alert_snapshot","6","1","C:\DoAnTotNghiep\V-Shield-2.0\analysis_symbols_unique.txt | C:\DoAnTotNghiep\V-Shield-2.0\analysis_python_hits.txt | C:\DoAnTotNghiep\V-Shield-2.0\analysis_name_declarations.csv | C:\DoAnTotNghiep\V-Shield-2.0\analysis_linkage_hits.txt | C:\DoAnTotNghiep\V-Shield-2.0\AI_Project\AI_An_Ninh\app.py"
"_build_fire_smoke_engine_class","6","1","C:\DoAnTotNghiep\V-Shield-2.0\AI_Project\AI_An_Ninh\app.py | C:\DoAnTotNghiep\V-Shield-2.0\AI_Project\AI_An_Ninh\app.py | C:\DoAnTotNghiep\V-Shield-2.0\analysis_symbols_unique.txt | C:\DoAnTotNghiep\V-Shield-2.0\analysis_python_hits.txt | C:\DoAnTotNghiep\V-Shield-2.0\analysis_name_declarations.csv"
"roi_flicker_score","5","1","C:\DoAnTotNghiep\V-Shield-2.0\AI_Project\AI_An_Ninh\app.py | C:\DoAnTotNghiep\V-Shield-2.0\AI_Project\AI_An_Ninh\app.py | C:\DoAnTotNghiep\V-Shield-2.0\AI_Project\AI_An_Ninh\app.py | C:\DoAnTotNghiep\V-Shield-2.0\analysis_name_declarations.csv | C:\DoAnTotNghiep\V-Shield-2.0\analysis_symbols_unique.txt"
"clamp","25","1","C:\DoAnTotNghiep\V-Shield-2.0\analysis_symbols_unique.txt | C:\DoAnTotNghiep\V-Shield-2.0\analysis_name_declarations.csv | C:\DoAnTotNghiep\V-Shield-2.0\AI_Project\AI_An_Ninh\app.py | C:\DoAnTotNghiep\V-Shield-2.0\AI_Project\AI_An_Ninh\app.py | C:\DoAnTotNghiep\V-Shield-2.0\AI_Project\AI_An_Ninh\app.py"
"box_iou","7","1","C:\DoAnTotNghiep\V-Shield-2.0\analysis_name_declarations.csv | C:\DoAnTotNghiep\V-Shield-2.0\analysis_symbols_unique.txt | C:\DoAnTotNghiep\V-Shield-2.0\AI_Project\AI_An_Ninh\app.py | C:\DoAnTotNghiep\V-Shield-2.0\AI_Project\AI_An_Ninh\app.py | C:\DoAnTotNghiep\V-Shield-2.0\AI_Project\AI_An_Ninh\app.py"
"box_centroid","11","1","C:\DoAnTotNghiep\V-Shield-2.0\analysis_name_declarations.csv | C:\DoAnTotNghiep\V-Shield-2.0\analysis_symbols_unique.txt | C:\DoAnTotNghiep\V-Shield-2.0\AI_Project\AI_An_Ninh\app.py | C:\DoAnTotNghiep\V-Shield-2.0\AI_Project\AI_An_Ninh\app.py | C:\DoAnTotNghiep\V-Shield-2.0\AI_Project\AI_An_Ninh\app.py"
"roi_motion","4","1","C:\DoAnTotNghiep\V-Shield-2.0\analysis_symbols_unique.txt | C:\DoAnTotNghiep\V-Shield-2.0\analysis_name_declarations.csv | C:\DoAnTotNghiep\V-Shield-2.0\AI_Project\AI_An_Ninh\app.py | C:\DoAnTotNghiep\V-Shield-2.0\AI_Project\AI_An_Ninh\app.py"
"roi_texture_score","4","1","C:\DoAnTotNghiep\V-Shield-2.0\analysis_name_declarations.csv | C:\DoAnTotNghiep\V-Shield-2.0\analysis_symbols_unique.txt | C:\DoAnTotNghiep\V-Shield-2.0\AI_Project\AI_An_Ninh\app.py | C:\DoAnTotNghiep\V-Shield-2.0\AI_Project\AI_An_Ninh\app.py"
"roi_blur_score","4","1","C:\DoAnTotNghiep\V-Shield-2.0\analysis_symbols_unique.txt | C:\DoAnTotNghiep\V-Shield-2.0\analysis_name_declarations.csv | C:\DoAnTotNghiep\V-Shield-2.0\AI_Project\AI_An_Ninh\app.py | C:\DoAnTotNghiep\V-Shield-2.0\AI_Project\AI_An_Ninh\app.py"
"extract_edge_features","4","1","C:\DoAnTotNghiep\V-Shield-2.0\analysis_symbols_unique.txt | C:\DoAnTotNghiep\V-Shield-2.0\analysis_name_declarations.csv | C:\DoAnTotNghiep\V-Shield-2.0\AI_Project\AI_An_Ninh\app.py | C:\DoAnTotNghiep\V-Shield-2.0\AI_Project\AI_An_Ninh\app.py"
"fire_color_score","4","1","C:\DoAnTotNghiep\V-Shield-2.0\analysis_symbols_unique.txt | C:\DoAnTotNghiep\V-Shield-2.0\analysis_name_declarations.csv | C:\DoAnTotNghiep\V-Shield-2.0\AI_Project\AI_An_Ninh\app.py | C:\DoAnTotNghiep\V-Shield-2.0\AI_Project\AI_An_Ninh\app.py"
"smoke_color_score","4","1","C:\DoAnTotNghiep\V-Shield-2.0\analysis_name_declarations.csv | C:\DoAnTotNghiep\V-Shield-2.0\analysis_symbols_unique.txt | C:\DoAnTotNghiep\V-Shield-2.0\AI_Project\AI_An_Ninh\app.py | C:\DoAnTotNghiep\V-Shield-2.0\AI_Project\AI_An_Ninh\app.py"
"get_class_name","4","1","C:\DoAnTotNghiep\V-Shield-2.0\analysis_symbols_unique.txt | C:\DoAnTotNghiep\V-Shield-2.0\analysis_name_declarations.csv | C:\DoAnTotNghiep\V-Shield-2.0\AI_Project\AI_An_Ninh\app.py | C:\DoAnTotNghiep\V-Shield-2.0\AI_Project\AI_An_Ninh\app.py"
"fit_image_letterbox","3","1","C:\DoAnTotNghiep\V-Shield-2.0\analysis_name_declarations.csv | C:\DoAnTotNghiep\V-Shield-2.0\analysis_symbols_unique.txt | C:\DoAnTotNghiep\V-Shield-2.0\AI_Project\AI_An_Ninh\app.py"
"Track","11","1","C:\DoAnTotNghiep\V-Shield-2.0\analysis_symbols_unique.txt | C:\DoAnTotNghiep\V-Shield-2.0\analysis_python_hits.txt | C:\DoAnTotNghiep\V-Shield-2.0\analysis_name_declarations.csv | C:\DoAnTotNghiep\V-Shield-2.0\analysis_name_declarations.csv | C:\DoAnTotNghiep\V-Shield-2.0\analysis_linkage_hits.txt"
"area_var","11","1","C:\DoAnTotNghiep\V-Shield-2.0\analysis_symbols_unique.txt | C:\DoAnTotNghiep\V-Shield-2.0\analysis_name_declarations.csv | C:\DoAnTotNghiep\V-Shield-2.0\analysis_name_declarations.csv | C:\DoAnTotNghiep\V-Shield-2.0\analysis_name_declarations.csv | C:\DoAnTotNghiep\V-Shield-2.0\AI_Project\AI_An_Ninh\app.py"
"__init__","37","1","C:\DoAnTotNghiep\V-Shield-2.0\analysis_source_files.txt | C:\DoAnTotNghiep\V-Shield-2.0\analysis_source_files.txt | C:\DoAnTotNghiep\V-Shield-2.0\analysis_symbols_unique.txt | C:\DoAnTotNghiep\V-Shield-2.0\analysis_python_hits.txt | C:\DoAnTotNghiep\V-Shield-2.0\analysis_name_declarations.csv"
"_frame_score","5","1","C:\DoAnTotNghiep\V-Shield-2.0\analysis_symbols_unique.txt | C:\DoAnTotNghiep\V-Shield-2.0\analysis_name_declarations.csv | C:\DoAnTotNghiep\V-Shield-2.0\AI_Project\AI_An_Ninh\app.py | C:\DoAnTotNghiep\V-Shield-2.0\AI_Project\AI_An_Ninh\app.py | C:\DoAnTotNghiep\V-Shield-2.0\AI_Project\AI_An_Ninh\app.py"
"should_instant_confirm","5","1","C:\DoAnTotNghiep\V-Shield-2.0\analysis_name_declarations.csv | C:\DoAnTotNghiep\V-Shield-2.0\analysis_symbols_unique.txt | C:\DoAnTotNghiep\V-Shield-2.0\AI_Project\AI_An_Ninh\app.py | C:\DoAnTotNghiep\V-Shield-2.0\AI_Project\AI_An_Ninh\app.py | C:\DoAnTotNghiep\V-Shield-2.0\AI_Project\AI_An_Ninh\app.py"
"update","56","1","C:\DoAnTotNghiep\V-Shield-2.0\analysis_symbols_unique.txt | C:\DoAnTotNghiep\V-Shield-2.0\taomoitruong.bat | C:\DoAnTotNghiep\V-Shield-2.0\taomoitruong.bat | C:\DoAnTotNghiep\V-Shield-2.0\taomoitruong.bat | C:\DoAnTotNghiep\V-Shield-2.0\taomoitruong_debug.bat"
"miss","8","1","C:\DoAnTotNghiep\V-Shield-2.0\analysis_name_declarations.csv | C:\DoAnTotNghiep\V-Shield-2.0\analysis_symbols_unique.txt | C:\DoAnTotNghiep\V-Shield-2.0\analysis_linkage_hits.txt | C:\DoAnTotNghiep\V-Shield-2.0\analysis_linkage_hits.txt | C:\DoAnTotNghiep\V-Shield-2.0\analysis_python_hits.txt"
"motion_avg","7","1","C:\DoAnTotNghiep\V-Shield-2.0\analysis_symbols_unique.txt | C:\DoAnTotNghiep\V-Shield-2.0\analysis_name_declarations.csv | C:\DoAnTotNghiep\V-Shield-2.0\AI_Project\AI_An_Ninh\app.py | C:\DoAnTotNghiep\V-Shield-2.0\AI_Project\AI_An_Ninh\app.py | C:\DoAnTotNghiep\V-Shield-2.0\AI_Project\AI_An_Ninh\app.py"
"motion_var","4","1","C:\DoAnTotNghiep\V-Shield-2.0\analysis_symbols_unique.txt | C:\DoAnTotNghiep\V-Shield-2.0\analysis_name_declarations.csv | C:\DoAnTotNghiep\V-Shield-2.0\AI_Project\AI_An_Ninh\app.py | C:\DoAnTotNghiep\V-Shield-2.0\AI_Project\AI_An_Ninh\app.py"
"motion_trend","4","1","C:\DoAnTotNghiep\V-Shield-2.0\analysis_symbols_unique.txt | C:\DoAnTotNghiep\V-Shield-2.0\analysis_name_declarations.csv | C:\DoAnTotNghiep\V-Shield-2.0\AI_Project\AI_An_Ninh\app.py | C:\DoAnTotNghiep\V-Shield-2.0\AI_Project\AI_An_Ninh\app.py"
"motion_consistency","6","1","C:\DoAnTotNghiep\V-Shield-2.0\analysis_symbols_unique.txt | C:\DoAnTotNghiep\V-Shield-2.0\analysis_name_declarations.csv | C:\DoAnTotNghiep\V-Shield-2.0\AI_Project\AI_An_Ninh\app.py | C:\DoAnTotNghiep\V-Shield-2.0\AI_Project\AI_An_Ninh\app.py | C:\DoAnTotNghiep\V-Shield-2.0\AI_Project\AI_An_Ninh\app.py"
"motion_linearity","6","1","C:\DoAnTotNghiep\V-Shield-2.0\analysis_symbols_unique.txt | C:\DoAnTotNghiep\V-Shield-2.0\analysis_name_declarations.csv | C:\DoAnTotNghiep\V-Shield-2.0\AI_Project\AI_An_Ninh\app.py | C:\DoAnTotNghiep\V-Shield-2.0\AI_Project\AI_An_Ninh\app.py | C:\DoAnTotNghiep\V-Shield-2.0\AI_Project\AI_An_Ninh\app.py"
"color_avg","8","1","C:\DoAnTotNghiep\V-Shield-2.0\analysis_symbols_unique.txt | C:\DoAnTotNghiep\V-Shield-2.0\analysis_name_declarations.csv | C:\DoAnTotNghiep\V-Shield-2.0\AI_Project\AI_An_Ninh\app.py | C:\DoAnTotNghiep\V-Shield-2.0\AI_Project\AI_An_Ninh\app.py | C:\DoAnTotNghiep\V-Shield-2.0\AI_Project\AI_An_Ninh\app.py"
"texture_avg","10","1","C:\DoAnTotNghiep\V-Shield-2.0\analysis_name_declarations.csv | C:\DoAnTotNghiep\V-Shield-2.0\analysis_symbols_unique.txt | C:\DoAnTotNghiep\V-Shield-2.0\AI_Project\AI_An_Ninh\app.py | C:\DoAnTotNghiep\V-Shield-2.0\AI_Project\AI_An_Ninh\app.py | C:\DoAnTotNghiep\V-Shield-2.0\AI_Project\AI_An_Ninh\app.py"
"blur_avg","9","1","C:\DoAnTotNghiep\V-Shield-2.0\analysis_symbols_unique.txt | C:\DoAnTotNghiep\V-Shield-2.0\analysis_name_declarations.csv | C:\DoAnTotNghiep\V-Shield-2.0\AI_Project\AI_An_Ninh\app.py | C:\DoAnTotNghiep\V-Shield-2.0\AI_Project\AI_An_Ninh\app.py | C:\DoAnTotNghiep\V-Shield-2.0\AI_Project\AI_An_Ninh\app.py"
"centroid_disp","4","1","C:\DoAnTotNghiep\V-Shield-2.0\analysis_name_declarations.csv | C:\DoAnTotNghiep\V-Shield-2.0\analysis_symbols_unique.txt | C:\DoAnTotNghiep\V-Shield-2.0\AI_Project\AI_An_Ninh\app.py | C:\DoAnTotNghiep\V-Shield-2.0\AI_Project\AI_An_Ninh\app.py"
"aspect_ratio_var","5","1","C:\DoAnTotNghiep\V-Shield-2.0\analysis_symbols_unique.txt | C:\DoAnTotNghiep\V-Shield-2.0\analysis_name_declarations.csv | C:\DoAnTotNghiep\V-Shield-2.0\AI_Project\AI_An_Ninh\app.py | C:\DoAnTotNghiep\V-Shield-2.0\AI_Project\AI_An_Ninh\app.py | C:\DoAnTotNghiep\V-Shield-2.0\AI_Project\AI_An_Ninh\app.py"
"shape_stability_score","6","1","C:\DoAnTotNghiep\V-Shield-2.0\analysis_name_declarations.csv | C:\DoAnTotNghiep\V-Shield-2.0\analysis_symbols_unique.txt | C:\DoAnTotNghiep\V-Shield-2.0\AI_Project\AI_An_Ninh\app.py | C:\DoAnTotNghiep\V-Shield-2.0\AI_Project\AI_An_Ninh\app.py | C:\DoAnTotNghiep\V-Shield-2.0\AI_Project\AI_An_Ninh\app.py"
"boundary_consistency_score","9","1","C:\DoAnTotNghiep\V-Shield-2.0\analysis_name_declarations.csv | C:\DoAnTotNghiep\V-Shield-2.0\analysis_symbols_unique.txt | C:\DoAnTotNghiep\V-Shield-2.0\AI_Project\AI_An_Ninh\app.py | C:\DoAnTotNghiep\V-Shield-2.0\AI_Project\AI_An_Ninh\app.py | C:\DoAnTotNghiep\V-Shield-2.0\AI_Project\AI_An_Ninh\app.py"
"color_variance","5","1","C:\DoAnTotNghiep\V-Shield-2.0\analysis_symbols_unique.txt | C:\DoAnTotNghiep\V-Shield-2.0\analysis_name_declarations.csv | C:\DoAnTotNghiep\V-Shield-2.0\AI_Project\AI_An_Ninh\app.py | C:\DoAnTotNghiep\V-Shield-2.0\AI_Project\AI_An_Ninh\app.py | C:\DoAnTotNghiep\V-Shield-2.0\AI_Project\AI_An_Ninh\app.py"
"should_confirm","4","1","C:\DoAnTotNghiep\V-Shield-2.0\analysis_name_declarations.csv | C:\DoAnTotNghiep\V-Shield-2.0\analysis_symbols_unique.txt | C:\DoAnTotNghiep\V-Shield-2.0\AI_Project\AI_An_Ninh\app.py | C:\DoAnTotNghiep\V-Shield-2.0\AI_Project\AI_An_Ninh\app.py"
"should_release","4","1","C:\DoAnTotNghiep\V-Shield-2.0\analysis_symbols_unique.txt | C:\DoAnTotNghiep\V-Shield-2.0\analysis_name_declarations.csv | C:\DoAnTotNghiep\V-Shield-2.0\AI_Project\AI_An_Ninh\app.py | C:\DoAnTotNghiep\V-Shield-2.0\AI_Project\AI_An_Ninh\app.py"
"TrackManager","6","1","C:\DoAnTotNghiep\V-Shield-2.0\analysis_symbols_unique.txt | C:\DoAnTotNghiep\V-Shield-2.0\analysis_name_declarations.csv | C:\DoAnTotNghiep\V-Shield-2.0\AI_Project\AI_An_Ninh\app.py | C:\DoAnTotNghiep\V-Shield-2.0\AI_Project\AI_An_Ninh\app.py | C:\DoAnTotNghiep\V-Shield-2.0\AI_Project\AI_An_Ninh\app.py"
"_decay_recent_fire_regions","4","1","C:\DoAnTotNghiep\V-Shield-2.0\analysis_symbols_unique.txt | C:\DoAnTotNghiep\V-Shield-2.0\analysis_name_declarations.csv | C:\DoAnTotNghiep\V-Shield-2.0\AI_Project\AI_An_Ninh\app.py | C:\DoAnTotNghiep\V-Shield-2.0\AI_Project\AI_An_Ninh\app.py"
"_remember_fire_region","4","1","C:\DoAnTotNghiep\V-Shield-2.0\analysis_symbols_unique.txt | C:\DoAnTotNghiep\V-Shield-2.0\analysis_name_declarations.csv | C:\DoAnTotNghiep\V-Shield-2.0\AI_Project\AI_An_Ninh\app.py | C:\DoAnTotNghiep\V-Shield-2.0\AI_Project\AI_An_Ninh\app.py"
"_near_recent_fire","4","1","C:\DoAnTotNghiep\V-Shield-2.0\analysis_name_declarations.csv | C:\DoAnTotNghiep\V-Shield-2.0\analysis_symbols_unique.txt | C:\DoAnTotNghiep\V-Shield-2.0\AI_Project\AI_An_Ninh\app.py | C:\DoAnTotNghiep\V-Shield-2.0\AI_Project\AI_An_Ninh\app.py"
"FireSmokeEngine","6","1","C:\DoAnTotNghiep\V-Shield-2.0\analysis_name_declarations.csv | C:\DoAnTotNghiep\V-Shield-2.0\analysis_symbols_unique.txt | C:\DoAnTotNghiep\V-Shield-2.0\AI_Project\AI_An_Ninh\app.py | C:\DoAnTotNghiep\V-Shield-2.0\AI_Project\AI_An_Ninh\app.py | C:\DoAnTotNghiep\V-Shield-2.0\AI_Project\AI_An_Ninh\app.py"
"reset","97","1","C:\DoAnTotNghiep\V-Shield-2.0\analysis_symbols_unique.txt | C:\DoAnTotNghiep\V-Shield-2.0\analysis_api_routes.txt | C:\DoAnTotNghiep\V-Shield-2.0\analysis_api_routes.txt | C:\DoAnTotNghiep\V-Shield-2.0\analysis_csharp_symbols.csv | C:\DoAnTotNghiep\V-Shield-2.0\analysis_csharp_symbols.csv"
"process","53","1","C:\DoAnTotNghiep\V-Shield-2.0\analysis_symbols_unique.txt | C:\DoAnTotNghiep\V-Shield-2.0\analysis_python_hits.txt | C:\DoAnTotNghiep\V-Shield-2.0\analysis_name_declarations.csv | C:\DoAnTotNghiep\V-Shield-2.0\analysis_name_declarations.csv | C:\DoAnTotNghiep\V-Shield-2.0\analysis_linkage_hits.txt"
"point_from_kp","29","1","C:\DoAnTotNghiep\V-Shield-2.0\analysis_name_declarations.csv | C:\DoAnTotNghiep\V-Shield-2.0\analysis_linkage_hits.txt | C:\DoAnTotNghiep\V-Shield-2.0\AI_Project\AI_An_Ninh\app.py | C:\DoAnTotNghiep\V-Shield-2.0\AI_Project\AI_An_Ninh\app.py | C:\DoAnTotNghiep\V-Shield-2.0\AI_Project\AI_An_Ninh\app.py"
"count_valid_points","13","1","C:\DoAnTotNghiep\V-Shield-2.0\analysis_symbols_unique.txt | C:\DoAnTotNghiep\V-Shield-2.0\analysis_python_hits.txt | C:\DoAnTotNghiep\V-Shield-2.0\analysis_name_declarations.csv | C:\DoAnTotNghiep\V-Shield-2.0\analysis_linkage_hits.txt | C:\DoAnTotNghiep\V-Shield-2.0\AI_Project\AI_An_Ninh\app.py"
"angle_3pts","9","1","C:\DoAnTotNghiep\V-Shield-2.0\analysis_linkage_hits.txt | C:\DoAnTotNghiep\V-Shield-2.0\analysis_symbols_unique.txt | C:\DoAnTotNghiep\V-Shield-2.0\analysis_python_hits.txt | C:\DoAnTotNghiep\V-Shield-2.0\analysis_name_declarations.csv | C:\DoAnTotNghiep\V-Shield-2.0\AI_Project\AI_An_Ninh\app.py"
"torso_angle_and_center","6","1","C:\DoAnTotNghiep\V-Shield-2.0\analysis_python_hits.txt | C:\DoAnTotNghiep\V-Shield-2.0\analysis_symbols_unique.txt | C:\DoAnTotNghiep\V-Shield-2.0\analysis_name_declarations.csv | C:\DoAnTotNghiep\V-Shield-2.0\AI_Project\AI_An_Ninh\app.py | C:\DoAnTotNghiep\V-Shield-2.0\AI_Project\AI_An_Ninh\app.py"
"posture_from_features","6","1","C:\DoAnTotNghiep\V-Shield-2.0\analysis_name_declarations.csv | C:\DoAnTotNghiep\V-Shield-2.0\analysis_symbols_unique.txt | C:\DoAnTotNghiep\V-Shield-2.0\analysis_python_hits.txt | C:\DoAnTotNghiep\V-Shield-2.0\analysis_linkage_hits.txt | C:\DoAnTotNghiep\V-Shield-2.0\AI_Project\AI_An_Ninh\app.py"
"signed_alternation_ratio","6","1","C:\DoAnTotNghiep\V-Shield-2.0\analysis_python_hits.txt | C:\DoAnTotNghiep\V-Shield-2.0\analysis_name_declarations.csv | C:\DoAnTotNghiep\V-Shield-2.0\analysis_linkage_hits.txt | C:\DoAnTotNghiep\V-Shield-2.0\analysis_symbols_unique.txt | C:\DoAnTotNghiep\V-Shield-2.0\AI_Project\AI_An_Ninh\app.py"
"robust_slope","8","1","C:\DoAnTotNghiep\V-Shield-2.0\analysis_symbols_unique.txt | C:\DoAnTotNghiep\V-Shield-2.0\analysis_python_hits.txt | C:\DoAnTotNghiep\V-Shield-2.0\analysis_linkage_hits.txt | C:\DoAnTotNghiep\V-Shield-2.0\analysis_name_declarations.csv | C:\DoAnTotNghiep\V-Shield-2.0\AI_Project\AI_An_Ninh\app.py"
"oscillation_strength","6","1","C:\DoAnTotNghiep\V-Shield-2.0\analysis_symbols_unique.txt | C:\DoAnTotNghiep\V-Shield-2.0\analysis_python_hits.txt | C:\DoAnTotNghiep\V-Shield-2.0\analysis_linkage_hits.txt | C:\DoAnTotNghiep\V-Shield-2.0\analysis_name_declarations.csv | C:\DoAnTotNghiep\V-Shield-2.0\AI_Project\AI_An_Ninh\app.py"
"ratio_true","13","1","C:\DoAnTotNghiep\V-Shield-2.0\analysis_python_hits.txt | C:\DoAnTotNghiep\V-Shield-2.0\analysis_name_declarations.csv | C:\DoAnTotNghiep\V-Shield-2.0\analysis_linkage_hits.txt | C:\DoAnTotNghiep\V-Shield-2.0\analysis_symbols_unique.txt | C:\DoAnTotNghiep\V-Shield-2.0\AI_Project\AI_An_Ninh\app.py"
"recent_mean","8","1","C:\DoAnTotNghiep\V-Shield-2.0\analysis_symbols_unique.txt | C:\DoAnTotNghiep\V-Shield-2.0\analysis_python_hits.txt | C:\DoAnTotNghiep\V-Shield-2.0\analysis_name_declarations.csv | C:\DoAnTotNghiep\V-Shield-2.0\analysis_linkage_hits.txt | C:\DoAnTotNghiep\V-Shield-2.0\AI_Project\AI_An_Ninh\app.py"
"recent_peak","8","1","C:\DoAnTotNghiep\V-Shield-2.0\analysis_symbols_unique.txt | C:\DoAnTotNghiep\V-Shield-2.0\analysis_linkage_hits.txt | C:\DoAnTotNghiep\V-Shield-2.0\analysis_python_hits.txt | C:\DoAnTotNghiep\V-Shield-2.0\analysis_name_declarations.csv | C:\DoAnTotNghiep\V-Shield-2.0\AI_Project\AI_An_Ninh\app.py"
"estimate_camera_motion_rel","8","1","C:\DoAnTotNghiep\V-Shield-2.0\analysis_python_hits.txt | C:\DoAnTotNghiep\V-Shield-2.0\analysis_name_declarations.csv | C:\DoAnTotNghiep\V-Shield-2.0\analysis_linkage_hits.txt | C:\DoAnTotNghiep\V-Shield-2.0\analysis_symbols_unique.txt | C:\DoAnTotNghiep\V-Shield-2.0\analysis_ai_coupling.txt"
"overlap_ratio_1d","10","1","C:\DoAnTotNghiep\V-Shield-2.0\analysis_python_hits.txt | C:\DoAnTotNghiep\V-Shield-2.0\analysis_symbols_unique.txt | C:\DoAnTotNghiep\V-Shield-2.0\analysis_name_declarations.csv | C:\DoAnTotNghiep\V-Shield-2.0\analysis_linkage_hits.txt | C:\DoAnTotNghiep\V-Shield-2.0\AI_Project\AI_An_Ninh\app.py"
"point_in_expanded_box","6","1","C:\DoAnTotNghiep\V-Shield-2.0\analysis_python_hits.txt | C:\DoAnTotNghiep\V-Shield-2.0\analysis_name_declarations.csv | C:\DoAnTotNghiep\V-Shield-2.0\analysis_symbols_unique.txt | C:\DoAnTotNghiep\V-Shield-2.0\analysis_linkage_hits.txt | C:\DoAnTotNghiep\V-Shield-2.0\AI_Project\AI_An_Ninh\app.py"
"point_in_norm_zones","6","1","C:\DoAnTotNghiep\V-Shield-2.0\analysis_name_declarations.csv | C:\DoAnTotNghiep\V-Shield-2.0\analysis_linkage_hits.txt | C:\DoAnTotNghiep\V-Shield-2.0\analysis_symbols_unique.txt | C:\DoAnTotNghiep\V-Shield-2.0\analysis_python_hits.txt | C:\DoAnTotNghiep\V-Shield-2.0\AI_Project\AI_An_Ninh\app.py"
"recent_vector","7","1","C:\DoAnTotNghiep\V-Shield-2.0\analysis_symbols_unique.txt | C:\DoAnTotNghiep\V-Shield-2.0\analysis_name_declarations.csv | C:\DoAnTotNghiep\V-Shield-2.0\analysis_python_hits.txt | C:\DoAnTotNghiep\V-Shield-2.0\AI_Project\AI_An_Ninh\app.py | C:\DoAnTotNghiep\V-Shield-2.0\AI_Project\AI_An_Ninh\app.py"
"unit_vector","7","1","C:\DoAnTotNghiep\V-Shield-2.0\analysis_symbols_unique.txt | C:\DoAnTotNghiep\V-Shield-2.0\analysis_name_declarations.csv | C:\DoAnTotNghiep\V-Shield-2.0\analysis_python_hits.txt | C:\DoAnTotNghiep\V-Shield-2.0\AI_Project\AI_An_Ninh\app.py | C:\DoAnTotNghiep\V-Shield-2.0\AI_Project\AI_An_Ninh\app.py"
"projected_speed","7","1","C:\DoAnTotNghiep\V-Shield-2.0\analysis_name_declarations.csv | C:\DoAnTotNghiep\V-Shield-2.0\analysis_symbols_unique.txt | C:\DoAnTotNghiep\V-Shield-2.0\analysis_python_hits.txt | C:\DoAnTotNghiep\V-Shield-2.0\analysis_linkage_hits.txt | C:\DoAnTotNghiep\V-Shield-2.0\AI_Project\AI_An_Ninh\app.py"
"local_crowd_count","5","1","C:\DoAnTotNghiep\V-Shield-2.0\analysis_python_hits.txt | C:\DoAnTotNghiep\V-Shield-2.0\analysis_name_declarations.csv | C:\DoAnTotNghiep\V-Shield-2.0\analysis_symbols_unique.txt | C:\DoAnTotNghiep\V-Shield-2.0\analysis_linkage_hits.txt | C:\DoAnTotNghiep\V-Shield-2.0\AI_Project\AI_An_Ninh\app.py"
"bbox_edge_flags","7","1","C:\DoAnTotNghiep\V-Shield-2.0\analysis_python_hits.txt | C:\DoAnTotNghiep\V-Shield-2.0\analysis_name_declarations.csv | C:\DoAnTotNghiep\V-Shield-2.0\analysis_symbols_unique.txt | C:\DoAnTotNghiep\V-Shield-2.0\analysis_linkage_hits.txt | C:\DoAnTotNghiep\V-Shield-2.0\AI_Project\AI_An_Ninh\app.py"
"fall_ground_signature","7","1","C:\DoAnTotNghiep\V-Shield-2.0\analysis_python_hits.txt | C:\DoAnTotNghiep\V-Shield-2.0\analysis_name_declarations.csv | C:\DoAnTotNghiep\V-Shield-2.0\analysis_symbols_unique.txt | C:\DoAnTotNghiep\V-Shield-2.0\analysis_linkage_hits.txt | C:\DoAnTotNghiep\V-Shield-2.0\AI_Project\AI_An_Ninh\app.py"
"bbox_motion_signature","6","1","C:\DoAnTotNghiep\V-Shield-2.0\analysis_python_hits.txt | C:\DoAnTotNghiep\V-Shield-2.0\analysis_name_declarations.csv | C:\DoAnTotNghiep\V-Shield-2.0\analysis_symbols_unique.txt | C:\DoAnTotNghiep\V-Shield-2.0\analysis_linkage_hits.txt | C:\DoAnTotNghiep\V-Shield-2.0\AI_Project\AI_An_Ninh\app.py"
"trajectory_motion_signature","6","1","C:\DoAnTotNghiep\V-Shield-2.0\analysis_symbols_unique.txt | C:\DoAnTotNghiep\V-Shield-2.0\analysis_python_hits.txt | C:\DoAnTotNghiep\V-Shield-2.0\analysis_name_declarations.csv | C:\DoAnTotNghiep\V-Shield-2.0\analysis_linkage_hits.txt | C:\DoAnTotNghiep\V-Shield-2.0\AI_Project\AI_An_Ninh\app.py"
"bbox_iou","7","1","C:\DoAnTotNghiep\V-Shield-2.0\analysis_python_hits.txt | C:\DoAnTotNghiep\V-Shield-2.0\analysis_name_declarations.csv | C:\DoAnTotNghiep\V-Shield-2.0\analysis_symbols_unique.txt | C:\DoAnTotNghiep\V-Shield-2.0\analysis_linkage_hits.txt | C:\DoAnTotNghiep\V-Shield-2.0\AI_Project\AI_An_Ninh\app.py"
"dominant_id_ratio","7","1","C:\DoAnTotNghiep\V-Shield-2.0\analysis_symbols_unique.txt | C:\DoAnTotNghiep\V-Shield-2.0\analysis_python_hits.txt | C:\DoAnTotNghiep\V-Shield-2.0\analysis_name_declarations.csv | C:\DoAnTotNghiep\V-Shield-2.0\analysis_linkage_hits.txt | C:\DoAnTotNghiep\V-Shield-2.0\AI_Project\AI_An_Ninh\app.py"
"analyze_joint_geometry","6","1","C:\DoAnTotNghiep\V-Shield-2.0\analysis_name_declarations.csv | C:\DoAnTotNghiep\V-Shield-2.0\analysis_symbols_unique.txt | C:\DoAnTotNghiep\V-Shield-2.0\analysis_linkage_hits.txt | C:\DoAnTotNghiep\V-Shield-2.0\analysis_python_hits.txt | C:\DoAnTotNghiep\V-Shield-2.0\AI_Project\AI_An_Ninh\app.py"
"detect_holding_pose","5","1","C:\DoAnTotNghiep\V-Shield-2.0\analysis_python_hits.txt | C:\DoAnTotNghiep\V-Shield-2.0\analysis_name_declarations.csv | C:\DoAnTotNghiep\V-Shield-2.0\analysis_linkage_hits.txt | C:\DoAnTotNghiep\V-Shield-2.0\AI_Project\AI_An_Ninh\app.py | C:\DoAnTotNghiep\V-Shield-2.0\analysis_symbols_unique.txt"
"punch_kick_thresholds","7","1","C:\DoAnTotNghiep\V-Shield-2.0\analysis_symbols_unique.txt | C:\DoAnTotNghiep\V-Shield-2.0\analysis_python_hits.txt | C:\DoAnTotNghiep\V-Shield-2.0\analysis_name_declarations.csv | C:\DoAnTotNghiep\V-Shield-2.0\analysis_linkage_hits.txt | C:\DoAnTotNghiep\V-Shield-2.0\AI_Project\AI_An_Ninh\app.py"
"softmax_scores","6","1","C:\DoAnTotNghiep\V-Shield-2.0\analysis_linkage_hits.txt | C:\DoAnTotNghiep\V-Shield-2.0\analysis_symbols_unique.txt | C:\DoAnTotNghiep\V-Shield-2.0\analysis_python_hits.txt | C:\DoAnTotNghiep\V-Shield-2.0\analysis_name_declarations.csv | C:\DoAnTotNghiep\V-Shield-2.0\AI_Project\AI_An_Ninh\app.py"
"MMActionBehaviorEngine","6","1","C:\DoAnTotNghiep\V-Shield-2.0\analysis_symbols_unique.txt | C:\DoAnTotNghiep\V-Shield-2.0\analysis_name_declarations.csv | C:\DoAnTotNghiep\V-Shield-2.0\analysis_python_hits.txt | C:\DoAnTotNghiep\V-Shield-2.0\analysis_linkage_hits.txt | C:\DoAnTotNghiep\V-Shield-2.0\AI_Project\AI_An_Ninh\app.py"
"_patch_missing_localizer","4","1","C:\DoAnTotNghiep\V-Shield-2.0\analysis_name_declarations.csv | C:\DoAnTotNghiep\V-Shield-2.0\analysis_symbols_unique.txt | C:\DoAnTotNghiep\V-Shield-2.0\AI_Project\AI_An_Ninh\app.py | C:\DoAnTotNghiep\V-Shield-2.0\AI_Project\AI_An_Ninh\app.py"
"DRN","9","1","C:\DoAnTotNghiep\V-Shield-2.0\analysis_name_declarations.csv | C:\DoAnTotNghiep\V-Shield-2.0\analysis_symbols_unique.txt | C:\DoAnTotNghiep\V-Shield-2.0\analysis_python_hits.txt | C:\DoAnTotNghiep\V-Shield-2.0\analysis_linkage_hits.txt | C:\DoAnTotNghiep\V-Shield-2.0\analysis_linkage_hits.txt"
"_crop_person","4","1","C:\DoAnTotNghiep\V-Shield-2.0\analysis_symbols_unique.txt | C:\DoAnTotNghiep\V-Shield-2.0\analysis_name_declarations.csv | C:\DoAnTotNghiep\V-Shield-2.0\AI_Project\AI_An_Ninh\app.py | C:\DoAnTotNghiep\V-Shield-2.0\AI_Project\AI_An_Ninh\app.py"
"_extract_label_scores","4","1","C:\DoAnTotNghiep\V-Shield-2.0\analysis_symbols_unique.txt | C:\DoAnTotNghiep\V-Shield-2.0\analysis_name_declarations.csv | C:\DoAnTotNghiep\V-Shield-2.0\AI_Project\AI_An_Ninh\app.py | C:\DoAnTotNghiep\V-Shield-2.0\AI_Project\AI_An_Ninh\app.py"
"_to_behavior_hint","4","1","C:\DoAnTotNghiep\V-Shield-2.0\analysis_symbols_unique.txt | C:\DoAnTotNghiep\V-Shield-2.0\analysis_name_declarations.csv | C:\DoAnTotNghiep\V-Shield-2.0\AI_Project\AI_An_Ninh\app.py | C:\DoAnTotNghiep\V-Shield-2.0\AI_Project\AI_An_Ninh\app.py"
"update_and_predict","4","1","C:\DoAnTotNghiep\V-Shield-2.0\analysis_symbols_unique.txt | C:\DoAnTotNghiep\V-Shield-2.0\analysis_name_declarations.csv | C:\DoAnTotNghiep\V-Shield-2.0\AI_Project\AI_An_Ninh\app.py | C:\DoAnTotNghiep\V-Shield-2.0\AI_Project\AI_An_Ninh\app.py"
"recent_hint","9","1","C:\DoAnTotNghiep\V-Shield-2.0\analysis_name_declarations.csv | C:\DoAnTotNghiep\V-Shield-2.0\analysis_symbols_unique.txt | C:\DoAnTotNghiep\V-Shield-2.0\AI_Project\AI_An_Ninh\app.py | C:\DoAnTotNghiep\V-Shield-2.0\AI_Project\AI_An_Ninh\app.py | C:\DoAnTotNghiep\V-Shield-2.0\AI_Project\AI_An_Ninh\app.py"
"open_capture","7","1","C:\DoAnTotNghiep\V-Shield-2.0\analysis_python_hits.txt | C:\DoAnTotNghiep\V-Shield-2.0\analysis_symbols_unique.txt | C:\DoAnTotNghiep\V-Shield-2.0\analysis_name_declarations.csv | C:\DoAnTotNghiep\V-Shield-2.0\analysis_linkage_hits.txt | C:\DoAnTotNghiep\V-Shield-2.0\AI_Project\AI_An_Ninh\app.py"
"FallAlarmApp","6","1","C:\DoAnTotNghiep\V-Shield-2.0\analysis_python_hits.txt | C:\DoAnTotNghiep\V-Shield-2.0\analysis_name_declarations.csv | C:\DoAnTotNghiep\V-Shield-2.0\analysis_symbols_unique.txt | C:\DoAnTotNghiep\V-Shield-2.0\analysis_linkage_hits.txt | C:\DoAnTotNghiep\V-Shield-2.0\AI_Project\AI_An_Ninh\app.py"
"_maybe_autostart_on_launch","4","1","C:\DoAnTotNghiep\V-Shield-2.0\analysis_symbols_unique.txt | C:\DoAnTotNghiep\V-Shield-2.0\analysis_name_declarations.csv | C:\DoAnTotNghiep\V-Shield-2.0\AI_Project\AI_An_Ninh\app.py | C:\DoAnTotNghiep\V-Shield-2.0\AI_Project\AI_An_Ninh\app.py"
"_set_status","7","1","C:\DoAnTotNghiep\V-Shield-2.0\analysis_symbols_unique.txt | C:\DoAnTotNghiep\V-Shield-2.0\analysis_name_declarations.csv | C:\DoAnTotNghiep\V-Shield-2.0\AI_Project\AI_An_Ninh\app.py | C:\DoAnTotNghiep\V-Shield-2.0\AI_Project\AI_An_Ninh\app.py | C:\DoAnTotNghiep\V-Shield-2.0\AI_Project\AI_An_Ninh\app.py"
"apply_status","5","1","C:\DoAnTotNghiep\V-Shield-2.0\analysis_symbols_unique.txt | C:\DoAnTotNghiep\V-Shield-2.0\analysis_name_declarations.csv | C:\DoAnTotNghiep\V-Shield-2.0\AI_Project\AI_An_Ninh\app.py | C:\DoAnTotNghiep\V-Shield-2.0\AI_Project\AI_An_Ninh\app.py | C:\DoAnTotNghiep\V-Shield-2.0\AI_Project\AI_An_Ninh\app.py"
"_timeline_now","4","1","C:\DoAnTotNghiep\V-Shield-2.0\analysis_symbols_unique.txt | C:\DoAnTotNghiep\V-Shield-2.0\analysis_name_declarations.csv | C:\DoAnTotNghiep\V-Shield-2.0\AI_Project\AI_An_Ninh\app.py | C:\DoAnTotNghiep\V-Shield-2.0\AI_Project\AI_An_Ninh\app.py"
"_reset_detection_state","7","1","C:\DoAnTotNghiep\V-Shield-2.0\analysis_symbols_unique.txt | C:\DoAnTotNghiep\V-Shield-2.0\analysis_name_declarations.csv | C:\DoAnTotNghiep\V-Shield-2.0\AI_Project\AI_An_Ninh\app.py | C:\DoAnTotNghiep\V-Shield-2.0\AI_Project\AI_An_Ninh\app.py | C:\DoAnTotNghiep\V-Shield-2.0\AI_Project\AI_An_Ninh\app.py"
"_prune_recent_fall_events","5","1","C:\DoAnTotNghiep\V-Shield-2.0\analysis_symbols_unique.txt | C:\DoAnTotNghiep\V-Shield-2.0\analysis_name_declarations.csv | C:\DoAnTotNghiep\V-Shield-2.0\AI_Project\AI_An_Ninh\app.py | C:\DoAnTotNghiep\V-Shield-2.0\AI_Project\AI_An_Ninh\app.py | C:\DoAnTotNghiep\V-Shield-2.0\AI_Project\AI_An_Ninh\app.py"
"_remember_recent_fall_event","5","1","C:\DoAnTotNghiep\V-Shield-2.0\analysis_symbols_unique.txt | C:\DoAnTotNghiep\V-Shield-2.0\analysis_name_declarations.csv | C:\DoAnTotNghiep\V-Shield-2.0\AI_Project\AI_An_Ninh\app.py | C:\DoAnTotNghiep\V-Shield-2.0\AI_Project\AI_An_Ninh\app.py | C:\DoAnTotNghiep\V-Shield-2.0\AI_Project\AI_An_Ninh\app.py"
"_match_recent_fall_event","7","1","C:\DoAnTotNghiep\V-Shield-2.0\analysis_name_declarations.csv | C:\DoAnTotNghiep\V-Shield-2.0\analysis_symbols_unique.txt | C:\DoAnTotNghiep\V-Shield-2.0\analysis_linkage_hits.txt | C:\DoAnTotNghiep\V-Shield-2.0\analysis_linkage_hits.txt | C:\DoAnTotNghiep\V-Shield-2.0\AI_Project\AI_An_Ninh\app.py"
"_build_ui","7","1","C:\DoAnTotNghiep\V-Shield-2.0\analysis_symbols_unique.txt | C:\DoAnTotNghiep\V-Shield-2.0\analysis_name_declarations.csv | C:\DoAnTotNghiep\V-Shield-2.0\analysis_name_declarations.csv | C:\DoAnTotNghiep\V-Shield-2.0\AI_Project\AI_An_Ninh\app.py | C:\DoAnTotNghiep\V-Shield-2.0\AI_Project\AI_An_Ninh\app.py"
"choose_video","5","1","C:\DoAnTotNghiep\V-Shield-2.0\analysis_symbols_unique.txt | C:\DoAnTotNghiep\V-Shield-2.0\analysis_name_declarations.csv | C:\DoAnTotNghiep\V-Shield-2.0\AI_Project\AI_An_Ninh\app.py | C:\DoAnTotNghiep\V-Shield-2.0\AI_Project\AI_An_Ninh\app.py | C:\DoAnTotNghiep\V-Shield-2.0\AI_Project\AI_An_Ninh\app.py"
"_on_seek_press","4","1","C:\DoAnTotNghiep\V-Shield-2.0\analysis_symbols_unique.txt | C:\DoAnTotNghiep\V-Shield-2.0\analysis_name_declarations.csv | C:\DoAnTotNghiep\V-Shield-2.0\AI_Project\AI_An_Ninh\app.py | C:\DoAnTotNghiep\V-Shield-2.0\AI_Project\AI_An_Ninh\app.py"
"_on_seek_move","4","1","C:\DoAnTotNghiep\V-Shield-2.0\analysis_symbols_unique.txt | C:\DoAnTotNghiep\V-Shield-2.0\analysis_name_declarations.csv | C:\DoAnTotNghiep\V-Shield-2.0\AI_Project\AI_An_Ninh\app.py | C:\DoAnTotNghiep\V-Shield-2.0\AI_Project\AI_An_Ninh\app.py"
"_on_seek_release","4","1","C:\DoAnTotNghiep\V-Shield-2.0\analysis_symbols_unique.txt | C:\DoAnTotNghiep\V-Shield-2.0\analysis_name_declarations.csv | C:\DoAnTotNghiep\V-Shield-2.0\AI_Project\AI_An_Ninh\app.py | C:\DoAnTotNghiep\V-Shield-2.0\AI_Project\AI_An_Ninh\app.py"
"_update_seek_label","7","1","C:\DoAnTotNghiep\V-Shield-2.0\analysis_name_declarations.csv | C:\DoAnTotNghiep\V-Shield-2.0\analysis_symbols_unique.txt | C:\DoAnTotNghiep\V-Shield-2.0\AI_Project\AI_An_Ninh\app.py | C:\DoAnTotNghiep\V-Shield-2.0\AI_Project\AI_An_Ninh\app.py | C:\DoAnTotNghiep\V-Shield-2.0\AI_Project\AI_An_Ninh\app.py"
"_format_timecode","4","1","C:\DoAnTotNghiep\V-Shield-2.0\analysis_symbols_unique.txt | C:\DoAnTotNghiep\V-Shield-2.0\analysis_name_declarations.csv | C:\DoAnTotNghiep\V-Shield-2.0\AI_Project\AI_An_Ninh\app.py | C:\DoAnTotNghiep\V-Shield-2.0\AI_Project\AI_An_Ninh\app.py"
"_resolve_source","7","1","C:\DoAnTotNghiep\V-Shield-2.0\analysis_symbols_unique.txt | C:\DoAnTotNghiep\V-Shield-2.0\analysis_name_declarations.csv | C:\DoAnTotNghiep\V-Shield-2.0\analysis_name_declarations.csv | C:\DoAnTotNghiep\V-Shield-2.0\AI_Project\test\app.py | C:\DoAnTotNghiep\V-Shield-2.0\AI_Project\test\app.py"
"_play_alarm_once","4","1","C:\DoAnTotNghiep\V-Shield-2.0\analysis_symbols_unique.txt | C:\DoAnTotNghiep\V-Shield-2.0\analysis_name_declarations.csv | C:\DoAnTotNghiep\V-Shield-2.0\AI_Project\AI_An_Ninh\app.py | C:\DoAnTotNghiep\V-Shield-2.0\AI_Project\AI_An_Ninh\app.py"
"_required_stable_frames","4","1","C:\DoAnTotNghiep\V-Shield-2.0\analysis_name_declarations.csv | C:\DoAnTotNghiep\V-Shield-2.0\analysis_symbols_unique.txt | C:\DoAnTotNghiep\V-Shield-2.0\AI_Project\AI_An_Ninh\app.py | C:\DoAnTotNghiep\V-Shield-2.0\AI_Project\AI_An_Ninh\app.py"
"_stabilize_action","5","1","C:\DoAnTotNghiep\V-Shield-2.0\analysis_name_declarations.csv | C:\DoAnTotNghiep\V-Shield-2.0\analysis_symbols_unique.txt | C:\DoAnTotNghiep\V-Shield-2.0\AI_Project\AI_An_Ninh\app.py | C:\DoAnTotNghiep\V-Shield-2.0\AI_Project\AI_An_Ninh\app.py | C:\DoAnTotNghiep\V-Shield-2.0\AI_Project\AI_An_Ninh\app.py"
"start","216","1","C:\DoAnTotNghiep\V-Shield-2.0\analysis_symbols_unique.txt | C:\DoAnTotNghiep\V-Shield-2.0\analysis_csharp_symbols.csv | C:\DoAnTotNghiep\V-Shield-2.0\analysis_csharp_symbols.csv | C:\DoAnTotNghiep\V-Shield-2.0\analysis_csharp_symbols.csv | C:\DoAnTotNghiep\V-Shield-2.0\analysis_csharp_symbols.csv"
"stop","104","1","C:\DoAnTotNghiep\V-Shield-2.0\manage.ps1 | C:\DoAnTotNghiep\V-Shield-2.0\manage.ps1 | C:\DoAnTotNghiep\V-Shield-2.0\README.md | C:\DoAnTotNghiep\V-Shield-2.0\README.md | C:\DoAnTotNghiep\V-Shield-2.0\README.md"
"on_close","4","1","C:\DoAnTotNghiep\V-Shield-2.0\AI_Project\AI_An_Ninh\app.py | C:\DoAnTotNghiep\V-Shield-2.0\AI_Project\AI_An_Ninh\app.py | C:\DoAnTotNghiep\V-Shield-2.0\analysis_symbols_unique.txt | C:\DoAnTotNghiep\V-Shield-2.0\analysis_name_declarations.csv"
"_reconnect_capture","6","1","C:\DoAnTotNghiep\V-Shield-2.0\analysis_symbols_unique.txt | C:\DoAnTotNghiep\V-Shield-2.0\analysis_name_declarations.csv | C:\DoAnTotNghiep\V-Shield-2.0\AI_Project\AI_An_Ninh\app.py | C:\DoAnTotNghiep\V-Shield-2.0\AI_Project\AI_An_Ninh\app.py | C:\DoAnTotNghiep\V-Shield-2.0\AI_Project\AI_An_Ninh\app.py"
"_worker_loop","4","1","C:\DoAnTotNghiep\V-Shield-2.0\analysis_symbols_unique.txt | C:\DoAnTotNghiep\V-Shield-2.0\analysis_name_declarations.csv | C:\DoAnTotNghiep\V-Shield-2.0\AI_Project\AI_An_Ninh\app.py | C:\DoAnTotNghiep\V-Shield-2.0\AI_Project\AI_An_Ninh\app.py"
"_classify_person_fallback","4","1","C:\DoAnTotNghiep\V-Shield-2.0\analysis_symbols_unique.txt | C:\DoAnTotNghiep\V-Shield-2.0\AI_Project\AI_An_Ninh\app.py | C:\DoAnTotNghiep\V-Shield-2.0\AI_Project\AI_An_Ninh\app.py | C:\DoAnTotNghiep\V-Shield-2.0\analysis_name_declarations.csv"
"_classify_person","4","1","C:\DoAnTotNghiep\V-Shield-2.0\analysis_symbols_unique.txt | C:\DoAnTotNghiep\V-Shield-2.0\analysis_name_declarations.csv | C:\DoAnTotNghiep\V-Shield-2.0\AI_Project\AI_An_Ninh\app.py | C:\DoAnTotNghiep\V-Shield-2.0\AI_Project\AI_An_Ninh\app.py"
"_detect_bullying_interactions","4","1","C:\DoAnTotNghiep\V-Shield-2.0\analysis_name_declarations.csv | C:\DoAnTotNghiep\V-Shield-2.0\analysis_symbols_unique.txt | C:\DoAnTotNghiep\V-Shield-2.0\AI_Project\AI_An_Ninh\app.py | C:\DoAnTotNghiep\V-Shield-2.0\AI_Project\AI_An_Ninh\app.py"
"_detect_combat_interactions","4","1","C:\DoAnTotNghiep\V-Shield-2.0\analysis_symbols_unique.txt | C:\DoAnTotNghiep\V-Shield-2.0\analysis_name_declarations.csv | C:\DoAnTotNghiep\V-Shield-2.0\AI_Project\AI_An_Ninh\app.py | C:\DoAnTotNghiep\V-Shield-2.0\AI_Project\AI_An_Ninh\app.py"
"_is_hazard_track_plausible","4","1","C:\DoAnTotNghiep\V-Shield-2.0\analysis_symbols_unique.txt | C:\DoAnTotNghiep\V-Shield-2.0\analysis_name_declarations.csv | C:\DoAnTotNghiep\V-Shield-2.0\AI_Project\AI_An_Ninh\app.py | C:\DoAnTotNghiep\V-Shield-2.0\AI_Project\AI_An_Ninh\app.py"
"_filter_hazard_tracks","5","1","C:\DoAnTotNghiep\V-Shield-2.0\analysis_symbols_unique.txt | C:\DoAnTotNghiep\V-Shield-2.0\analysis_name_declarations.csv | C:\DoAnTotNghiep\V-Shield-2.0\AI_Project\AI_An_Ninh\app.py | C:\DoAnTotNghiep\V-Shield-2.0\AI_Project\AI_An_Ninh\app.py | C:\DoAnTotNghiep\V-Shield-2.0\AI_Project\AI_An_Ninh\app.py"
"_process_frame","4","1","C:\DoAnTotNghiep\V-Shield-2.0\analysis_symbols_unique.txt | C:\DoAnTotNghiep\V-Shield-2.0\analysis_name_declarations.csv | C:\DoAnTotNghiep\V-Shield-2.0\AI_Project\AI_An_Ninh\app.py | C:\DoAnTotNghiep\V-Shield-2.0\AI_Project\AI_An_Ninh\app.py"
"preferred_interaction","5","1","C:\DoAnTotNghiep\V-Shield-2.0\analysis_symbols_unique.txt | C:\DoAnTotNghiep\V-Shield-2.0\analysis_name_declarations.csv | C:\DoAnTotNghiep\V-Shield-2.0\AI_Project\AI_An_Ninh\app.py | C:\DoAnTotNghiep\V-Shield-2.0\AI_Project\AI_An_Ninh\app.py | C:\DoAnTotNghiep\V-Shield-2.0\AI_Project\AI_An_Ninh\app.py"
"_refresh_preview","5","1","C:\DoAnTotNghiep\V-Shield-2.0\analysis_symbols_unique.txt | C:\DoAnTotNghiep\V-Shield-2.0\analysis_name_declarations.csv | C:\DoAnTotNghiep\V-Shield-2.0\AI_Project\AI_An_Ninh\app.py | C:\DoAnTotNghiep\V-Shield-2.0\AI_Project\AI_An_Ninh\app.py | C:\DoAnTotNghiep\V-Shield-2.0\AI_Project\AI_An_Ninh\app.py"
"extract_feature","6","1","C:\DoAnTotNghiep\V-Shield-2.0\analysis_name_declarations.csv | C:\DoAnTotNghiep\V-Shield-2.0\analysis_python_hits.txt | C:\DoAnTotNghiep\V-Shield-2.0\analysis_symbols_unique.txt | C:\DoAnTotNghiep\V-Shield-2.0\analysis_linkage_hits.txt | C:\DoAnTotNghiep\V-Shield-2.0\AI_Project\AI_An_Ninh\build_dataset.py"
"process_video","7","1","C:\DoAnTotNghiep\V-Shield-2.0\analysis_name_declarations.csv | C:\DoAnTotNghiep\V-Shield-2.0\analysis_symbols_unique.txt | C:\DoAnTotNghiep\V-Shield-2.0\analysis_python_hits.txt | C:\DoAnTotNghiep\V-Shield-2.0\analysis_linkage_hits.txt | C:\DoAnTotNghiep\V-Shield-2.0\AI_Project\AI_An_Ninh\build_dataset.py"
"Model","17","1","C:\DoAnTotNghiep\V-Shield-2.0\AI_Project\test\app.py | C:\DoAnTotNghiep\V-Shield-2.0\AI_Project\test\app.py | C:\DoAnTotNghiep\V-Shield-2.0\AI_Project\test\app.py | C:\DoAnTotNghiep\V-Shield-2.0\AI_Project\test\app.py | C:\DoAnTotNghiep\V-Shield-2.0\analysis_python_hits.txt"
"forward","3","1","C:\DoAnTotNghiep\V-Shield-2.0\analysis_symbols_unique.txt | C:\DoAnTotNghiep\V-Shield-2.0\analysis_name_declarations.csv | C:\DoAnTotNghiep\V-Shield-2.0\AI_Project\AI_An_Ninh\train_lstm.py"
"check_port","7","1","C:\DoAnTotNghiep\V-Shield-2.0\analysis_python_hits.txt | C:\DoAnTotNghiep\V-Shield-2.0\analysis_symbols_unique.txt | C:\DoAnTotNghiep\V-Shield-2.0\analysis_name_declarations.csv | C:\DoAnTotNghiep\V-Shield-2.0\analysis_linkage_hits.txt | C:\DoAnTotNghiep\V-Shield-2.0\AI_Project\cam\cam_gia_lap\cam_gia_lap.py"
"MediaMTX","11","1","C:\DoAnTotNghiep\V-Shield-2.0\AI_Project\cam\cam_gia_lap\cam_gia_lap.py | C:\DoAnTotNghiep\V-Shield-2.0\AI_Project\cam\cam_gia_lap\cam_gia_lap.py | C:\DoAnTotNghiep\V-Shield-2.0\AI_Project\cam\cam_gia_lap\cam_gia_lap.py | C:\DoAnTotNghiep\V-Shield-2.0\AI_Project\cam\cam_gia_lap\cam_gia_lap.py | C:\DoAnTotNghiep\V-Shield-2.0\AI_Project\cam\cam_gia_lap\cam_gia_lap.py"
"StreamManager","6","1","C:\DoAnTotNghiep\V-Shield-2.0\analysis_python_hits.txt | C:\DoAnTotNghiep\V-Shield-2.0\analysis_name_declarations.csv | C:\DoAnTotNghiep\V-Shield-2.0\analysis_symbols_unique.txt | C:\DoAnTotNghiep\V-Shield-2.0\analysis_linkage_hits.txt | C:\DoAnTotNghiep\V-Shield-2.0\AI_Project\cam\cam_gia_lap\cam_gia_lap.py"
"read_log","4","1","C:\DoAnTotNghiep\V-Shield-2.0\analysis_name_declarations.csv | C:\DoAnTotNghiep\V-Shield-2.0\analysis_symbols_unique.txt | C:\DoAnTotNghiep\V-Shield-2.0\AI_Project\cam\cam_gia_lap\cam_gia_lap.py | C:\DoAnTotNghiep\V-Shield-2.0\AI_Project\cam\cam_gia_lap\cam_gia_lap.py"
"stop_all","7","1","C:\DoAnTotNghiep\V-Shield-2.0\analysis_symbols_unique.txt | C:\DoAnTotNghiep\V-Shield-2.0\analysis_name_declarations.csv | C:\DoAnTotNghiep\V-Shield-2.0\analysis_name_declarations.csv | C:\DoAnTotNghiep\V-Shield-2.0\AI_Project\cam\cam_gia_lap\cam_gia_lap.py | C:\DoAnTotNghiep\V-Shield-2.0\AI_Project\cam\cam_gia_lap\cam_gia_lap.py"
"App","12","1","C:\DoAnTotNghiep\V-Shield-2.0\analysis_frontend_hits.txt | C:\DoAnTotNghiep\V-Shield-2.0\analysis_symbols_unique.txt | C:\DoAnTotNghiep\V-Shield-2.0\analysis_source_files.txt | C:\DoAnTotNghiep\V-Shield-2.0\analysis_python_hits.txt | C:\DoAnTotNghiep\V-Shield-2.0\analysis_name_declarations.csv"
"load_videos","5","1","C:\DoAnTotNghiep\V-Shield-2.0\analysis_name_declarations.csv | C:\DoAnTotNghiep\V-Shield-2.0\analysis_ai_coupling.txt | C:\DoAnTotNghiep\V-Shield-2.0\analysis_symbols_unique.txt | C:\DoAnTotNghiep\V-Shield-2.0\AI_Project\cam\cam_gia_lap\cam_gia_lap.py | C:\DoAnTotNghiep\V-Shield-2.0\AI_Project\cam\cam_gia_lap\cam_gia_lap.py"
"start_server","4","1","C:\DoAnTotNghiep\V-Shield-2.0\analysis_name_declarations.csv | C:\DoAnTotNghiep\V-Shield-2.0\analysis_symbols_unique.txt | C:\DoAnTotNghiep\V-Shield-2.0\AI_Project\cam\cam_gia_lap\cam_gia_lap.py | C:\DoAnTotNghiep\V-Shield-2.0\AI_Project\cam\cam_gia_lap\cam_gia_lap.py"
"start_all","5","1","C:\DoAnTotNghiep\V-Shield-2.0\analysis_name_declarations.csv | C:\DoAnTotNghiep\V-Shield-2.0\analysis_symbols_unique.txt | C:\DoAnTotNghiep\V-Shield-2.0\AI_Project\cam\cam_gia_lap\cam_gia_lap.py | C:\DoAnTotNghiep\V-Shield-2.0\AI_Project\cam\cam_gia_lap\cam_gia_lap.py | C:\DoAnTotNghiep\V-Shield-2.0\AI_Project\cam\cam_gia_lap\cam_gia_lap.py"
"refresh","57","1","C:\DoAnTotNghiep\V-Shield-2.0\analysis_symbols_unique.txt | C:\DoAnTotNghiep\V-Shield-2.0\analysis_name_declarations.csv | C:\DoAnTotNghiep\V-Shield-2.0\analysis_name_declarations.csv | C:\DoAnTotNghiep\V-Shield-2.0\analysis_name_declarations.csv | C:\DoAnTotNghiep\V-Shield-2.0\analysis_name_declarations.csv"
"loop","7","1","C:\DoAnTotNghiep\V-Shield-2.0\analysis_name_declarations.csv | C:\DoAnTotNghiep\V-Shield-2.0\analysis_symbols_unique.txt | C:\DoAnTotNghiep\V-Shield-2.0\AI_Project\cam\cam_gia_lap\cam_gia_lap.py | C:\DoAnTotNghiep\V-Shield-2.0\AI_Project\cam\cam_gia_lap\cam_gia_lap.py | C:\DoAnTotNghiep\V-Shield-2.0\AI_Project\cam\cam_gia_lap\cam_gia_lap.py"
"make_json_safe","25","1","C:\DoAnTotNghiep\V-Shield-2.0\analysis_name_declarations.csv | C:\DoAnTotNghiep\V-Shield-2.0\analysis_name_declarations.csv | C:\DoAnTotNghiep\V-Shield-2.0\analysis_symbols_unique.txt | C:\DoAnTotNghiep\V-Shield-2.0\analysis_linkage_hits.txt | C:\DoAnTotNghiep\V-Shield-2.0\analysis_linkage_hits.txt"
"now_ts","17","1","C:\DoAnTotNghiep\V-Shield-2.0\analysis_symbols_unique.txt | C:\DoAnTotNghiep\V-Shield-2.0\analysis_python_hits.txt | C:\DoAnTotNghiep\V-Shield-2.0\analysis_python_hits.txt | C:\DoAnTotNghiep\V-Shield-2.0\analysis_name_declarations.csv | C:\DoAnTotNghiep\V-Shield-2.0\analysis_name_declarations.csv"
"safe_counter_to_dict","12","1","C:\DoAnTotNghiep\V-Shield-2.0\analysis_linkage_hits.txt | C:\DoAnTotNghiep\V-Shield-2.0\analysis_python_hits.txt | C:\DoAnTotNghiep\V-Shield-2.0\AI_Project\doc_bien_gpu\docbien.py | C:\DoAnTotNghiep\V-Shield-2.0\AI_Project\doc_bien_gpu\docbien.py | C:\DoAnTotNghiep\V-Shield-2.0\AI_Project\doc_bien_gpu\docbien.py"
"next_session_id","6","1","C:\DoAnTotNghiep\V-Shield-2.0\analysis_symbols_unique.txt | C:\DoAnTotNghiep\V-Shield-2.0\analysis_python_hits.txt | C:\DoAnTotNghiep\V-Shield-2.0\analysis_name_declarations.csv | C:\DoAnTotNghiep\V-Shield-2.0\analysis_linkage_hits.txt | C:\DoAnTotNghiep\V-Shield-2.0\AI_Project\doc_bien_gpu\docbien.py"
"get_session_id","28","1","C:\DoAnTotNghiep\V-Shield-2.0\analysis_symbols_unique.txt | C:\DoAnTotNghiep\V-Shield-2.0\analysis_linkage_hits.txt | C:\DoAnTotNghiep\V-Shield-2.0\analysis_python_hits.txt | C:\DoAnTotNghiep\V-Shield-2.0\analysis_name_declarations.csv | C:\DoAnTotNghiep\V-Shield-2.0\AI_Project\doc_bien_gpu\docbien.py"
"update_recognition_state","49","1","C:\DoAnTotNghiep\V-Shield-2.0\analysis_linkage_hits.txt | C:\DoAnTotNghiep\V-Shield-2.0\analysis_linkage_hits.txt | C:\DoAnTotNghiep\V-Shield-2.0\analysis_python_hits.txt | C:\DoAnTotNghiep\V-Shield-2.0\analysis_python_hits.txt | C:\DoAnTotNghiep\V-Shield-2.0\analysis_symbols_unique.txt"
"get_recognition_snapshot","17","1","C:\DoAnTotNghiep\V-Shield-2.0\analysis_linkage_hits.txt | C:\DoAnTotNghiep\V-Shield-2.0\analysis_linkage_hits.txt | C:\DoAnTotNghiep\V-Shield-2.0\analysis_symbols_unique.txt | C:\DoAnTotNghiep\V-Shield-2.0\analysis_python_hits.txt | C:\DoAnTotNghiep\V-Shield-2.0\analysis_python_hits.txt"
"set_camera_flags","47","1","C:\DoAnTotNghiep\V-Shield-2.0\analysis_python_hits.txt | C:\DoAnTotNghiep\V-Shield-2.0\analysis_python_hits.txt | C:\DoAnTotNghiep\V-Shield-2.0\analysis_name_declarations.csv | C:\DoAnTotNghiep\V-Shield-2.0\analysis_name_declarations.csv | C:\DoAnTotNghiep\V-Shield-2.0\analysis_symbols_unique.txt"
"get_camera_flags","47","1","C:\DoAnTotNghiep\V-Shield-2.0\analysis_linkage_hits.txt | C:\DoAnTotNghiep\V-Shield-2.0\analysis_linkage_hits.txt | C:\DoAnTotNghiep\V-Shield-2.0\analysis_ai_coupling.txt | C:\DoAnTotNghiep\V-Shield-2.0\analysis_ai_coupling.txt | C:\DoAnTotNghiep\V-Shield-2.0\analysis_ai_coupling.txt"
"get_latest_frame_copy","15","1","C:\DoAnTotNghiep\V-Shield-2.0\analysis_ai_coupling.txt | C:\DoAnTotNghiep\V-Shield-2.0\analysis_ai_coupling.txt | C:\DoAnTotNghiep\V-Shield-2.0\analysis_ai_coupling.txt | C:\DoAnTotNghiep\V-Shield-2.0\analysis_ai_coupling.txt | C:\DoAnTotNghiep\V-Shield-2.0\analysis_linkage_hits.txt"
"is_box_moving_fast","6","1","C:\DoAnTotNghiep\V-Shield-2.0\analysis_python_hits.txt | C:\DoAnTotNghiep\V-Shield-2.0\analysis_symbols_unique.txt | C:\DoAnTotNghiep\V-Shield-2.0\analysis_name_declarations.csv | C:\DoAnTotNghiep\V-Shield-2.0\analysis_linkage_hits.txt | C:\DoAnTotNghiep\V-Shield-2.0\AI_Project\doc_bien_gpu\docbien.py"
"is_similar_box","6","1","C:\DoAnTotNghiep\V-Shield-2.0\analysis_name_declarations.csv | C:\DoAnTotNghiep\V-Shield-2.0\analysis_linkage_hits.txt | C:\DoAnTotNghiep\V-Shield-2.0\analysis_symbols_unique.txt | C:\DoAnTotNghiep\V-Shield-2.0\analysis_python_hits.txt | C:\DoAnTotNghiep\V-Shield-2.0\AI_Project\doc_bien_gpu\docbien.py"
"normalize_plate_text","7","1","C:\DoAnTotNghiep\V-Shield-2.0\analysis_name_declarations.csv | C:\DoAnTotNghiep\V-Shield-2.0\analysis_python_hits.txt | C:\DoAnTotNghiep\V-Shield-2.0\analysis_linkage_hits.txt | C:\DoAnTotNghiep\V-Shield-2.0\AI_Project\doc_bien_gpu\docbien.py | C:\DoAnTotNghiep\V-Shield-2.0\AI_Project\doc_bien_gpu\docbien.py"
"validate_plate","6","1","C:\DoAnTotNghiep\V-Shield-2.0\analysis_linkage_hits.txt | C:\DoAnTotNghiep\V-Shield-2.0\analysis_symbols_unique.txt | C:\DoAnTotNghiep\V-Shield-2.0\analysis_python_hits.txt | C:\DoAnTotNghiep\V-Shield-2.0\analysis_name_declarations.csv | C:\DoAnTotNghiep\V-Shield-2.0\AI_Project\doc_bien_gpu\docbien.py"
"clear_ocr_queue","6","1","C:\DoAnTotNghiep\V-Shield-2.0\analysis_symbols_unique.txt | C:\DoAnTotNghiep\V-Shield-2.0\analysis_python_hits.txt | C:\DoAnTotNghiep\V-Shield-2.0\analysis_name_declarations.csv | C:\DoAnTotNghiep\V-Shield-2.0\analysis_linkage_hits.txt | C:\DoAnTotNghiep\V-Shield-2.0\AI_Project\doc_bien_gpu\docbien.py"
"encode_frame_to_jpeg","27","1","C:\DoAnTotNghiep\V-Shield-2.0\analysis_ai_coupling.txt | C:\DoAnTotNghiep\V-Shield-2.0\analysis_ai_coupling.txt | C:\DoAnTotNghiep\V-Shield-2.0\analysis_ai_coupling.txt | C:\DoAnTotNghiep\V-Shield-2.0\analysis_ai_coupling.txt | C:\DoAnTotNghiep\V-Shield-2.0\analysis_ai_coupling.txt"
"image_to_base64","15","1","C:\DoAnTotNghiep\V-Shield-2.0\analysis_python_hits.txt | C:\DoAnTotNghiep\V-Shield-2.0\analysis_python_hits.txt | C:\DoAnTotNghiep\V-Shield-2.0\analysis_symbols_unique.txt | C:\DoAnTotNghiep\V-Shield-2.0\analysis_name_declarations.csv | C:\DoAnTotNghiep\V-Shield-2.0\analysis_name_declarations.csv"
"reset_recognition_state","20","1","C:\DoAnTotNghiep\V-Shield-2.0\analysis_python_hits.txt | C:\DoAnTotNghiep\V-Shield-2.0\analysis_python_hits.txt | C:\DoAnTotNghiep\V-Shield-2.0\analysis_symbols_unique.txt | C:\DoAnTotNghiep\V-Shield-2.0\analysis_name_declarations.csv | C:\DoAnTotNghiep\V-Shield-2.0\analysis_name_declarations.csv"
"auto_brightness_contrast","6","1","C:\DoAnTotNghiep\V-Shield-2.0\analysis_python_hits.txt | C:\DoAnTotNghiep\V-Shield-2.0\analysis_name_declarations.csv | C:\DoAnTotNghiep\V-Shield-2.0\analysis_symbols_unique.txt | C:\DoAnTotNghiep\V-Shield-2.0\analysis_linkage_hits.txt | C:\DoAnTotNghiep\V-Shield-2.0\AI_Project\doc_bien_gpu\docbien.py"
"sharpen_image","6","1","C:\DoAnTotNghiep\V-Shield-2.0\analysis_name_declarations.csv | C:\DoAnTotNghiep\V-Shield-2.0\analysis_python_hits.txt | C:\DoAnTotNghiep\V-Shield-2.0\analysis_linkage_hits.txt | C:\DoAnTotNghiep\V-Shield-2.0\analysis_symbols_unique.txt | C:\DoAnTotNghiep\V-Shield-2.0\AI_Project\doc_bien_gpu\docbien.py"
"deskew_plate","6","1","C:\DoAnTotNghiep\V-Shield-2.0\analysis_symbols_unique.txt | C:\DoAnTotNghiep\V-Shield-2.0\analysis_python_hits.txt | C:\DoAnTotNghiep\V-Shield-2.0\analysis_name_declarations.csv | C:\DoAnTotNghiep\V-Shield-2.0\analysis_linkage_hits.txt | C:\DoAnTotNghiep\V-Shield-2.0\AI_Project\doc_bien_gpu\docbien.py"
"normalize_plate_size","6","1","C:\DoAnTotNghiep\V-Shield-2.0\analysis_name_declarations.csv | C:\DoAnTotNghiep\V-Shield-2.0\analysis_symbols_unique.txt | C:\DoAnTotNghiep\V-Shield-2.0\analysis_linkage_hits.txt | C:\DoAnTotNghiep\V-Shield-2.0\analysis_python_hits.txt | C:\DoAnTotNghiep\V-Shield-2.0\AI_Project\doc_bien_gpu\docbien.py"
"is_bad_lighting","6","1","C:\DoAnTotNghiep\V-Shield-2.0\analysis_symbols_unique.txt | C:\DoAnTotNghiep\V-Shield-2.0\analysis_python_hits.txt | C:\DoAnTotNghiep\V-Shield-2.0\analysis_name_declarations.csv | C:\DoAnTotNghiep\V-Shield-2.0\analysis_linkage_hits.txt | C:\DoAnTotNghiep\V-Shield-2.0\AI_Project\doc_bien_gpu\docbien.py"
"enhance_plate","6","1","C:\DoAnTotNghiep\V-Shield-2.0\analysis_symbols_unique.txt | C:\DoAnTotNghiep\V-Shield-2.0\analysis_python_hits.txt | C:\DoAnTotNghiep\V-Shield-2.0\analysis_name_declarations.csv | C:\DoAnTotNghiep\V-Shield-2.0\analysis_linkage_hits.txt | C:\DoAnTotNghiep\V-Shield-2.0\AI_Project\doc_bien_gpu\docbien.py"
"extract_text_from_ocr","6","1","C:\DoAnTotNghiep\V-Shield-2.0\analysis_python_hits.txt | C:\DoAnTotNghiep\V-Shield-2.0\analysis_name_declarations.csv | C:\DoAnTotNghiep\V-Shield-2.0\analysis_linkage_hits.txt | C:\DoAnTotNghiep\V-Shield-2.0\analysis_symbols_unique.txt | C:\DoAnTotNghiep\V-Shield-2.0\AI_Project\doc_bien_gpu\docbien.py"
"smart_rotate_ocr_candidates","6","1","C:\DoAnTotNghiep\V-Shield-2.0\analysis_symbols_unique.txt | C:\DoAnTotNghiep\V-Shield-2.0\analysis_python_hits.txt | C:\DoAnTotNghiep\V-Shield-2.0\analysis_name_declarations.csv | C:\DoAnTotNghiep\V-Shield-2.0\analysis_linkage_hits.txt | C:\DoAnTotNghiep\V-Shield-2.0\AI_Project\doc_bien_gpu\docbien.py"
"lock_scan_result","13","1","C:\DoAnTotNghiep\V-Shield-2.0\analysis_name_declarations.csv | C:\DoAnTotNghiep\V-Shield-2.0\analysis_name_declarations.csv | C:\DoAnTotNghiep\V-Shield-2.0\analysis_linkage_hits.txt | C:\DoAnTotNghiep\V-Shield-2.0\analysis_linkage_hits.txt | C:\DoAnTotNghiep\V-Shield-2.0\analysis_python_hits.txt"
"ocr_worker","6","1","C:\DoAnTotNghiep\V-Shield-2.0\analysis_name_declarations.csv | C:\DoAnTotNghiep\V-Shield-2.0\analysis_symbols_unique.txt | C:\DoAnTotNghiep\V-Shield-2.0\analysis_python_hits.txt | C:\DoAnTotNghiep\V-Shield-2.0\analysis_linkage_hits.txt | C:\DoAnTotNghiep\V-Shield-2.0\AI_Project\doc_bien_gpu\docbien.py"
"camera_reader_worker","15","1","C:\DoAnTotNghiep\V-Shield-2.0\analysis_python_hits.txt | C:\DoAnTotNghiep\V-Shield-2.0\analysis_python_hits.txt | C:\DoAnTotNghiep\V-Shield-2.0\AI_Project\doc_bien_gpu\docbien.py | C:\DoAnTotNghiep\V-Shield-2.0\AI_Project\doc_bien_gpu\docbien.py | C:\DoAnTotNghiep\V-Shield-2.0\analysis_name_declarations.csv"
"get_display_text","11","1","C:\DoAnTotNghiep\V-Shield-2.0\analysis_symbols_unique.txt | C:\DoAnTotNghiep\V-Shield-2.0\analysis_name_declarations.csv | C:\DoAnTotNghiep\V-Shield-2.0\analysis_name_declarations.csv | C:\DoAnTotNghiep\V-Shield-2.0\analysis_python_hits.txt | C:\DoAnTotNghiep\V-Shield-2.0\analysis_python_hits.txt"
"draw_overlay","13","1","C:\DoAnTotNghiep\V-Shield-2.0\analysis_python_hits.txt | C:\DoAnTotNghiep\V-Shield-2.0\analysis_python_hits.txt | C:\DoAnTotNghiep\V-Shield-2.0\analysis_linkage_hits.txt | C:\DoAnTotNghiep\V-Shield-2.0\analysis_linkage_hits.txt | C:\DoAnTotNghiep\V-Shield-2.0\analysis_name_declarations.csv"
"offline_frame","13","1","C:\DoAnTotNghiep\V-Shield-2.0\analysis_python_hits.txt | C:\DoAnTotNghiep\V-Shield-2.0\analysis_python_hits.txt | C:\DoAnTotNghiep\V-Shield-2.0\analysis_symbols_unique.txt | C:\DoAnTotNghiep\V-Shield-2.0\analysis_name_declarations.csv | C:\DoAnTotNghiep\V-Shield-2.0\analysis_name_declarations.csv"
"mjpeg_generator","11","1","C:\DoAnTotNghiep\V-Shield-2.0\analysis_symbols_unique.txt | C:\DoAnTotNghiep\V-Shield-2.0\analysis_python_hits.txt | C:\DoAnTotNghiep\V-Shield-2.0\analysis_python_hits.txt | C:\DoAnTotNghiep\V-Shield-2.0\analysis_name_declarations.csv | C:\DoAnTotNghiep\V-Shield-2.0\analysis_name_declarations.csv"
"open_camera","19","1","C:\DoAnTotNghiep\V-Shield-2.0\analysis_ai_coupling.txt | C:\DoAnTotNghiep\V-Shield-2.0\analysis_ai_coupling.txt | C:\DoAnTotNghiep\V-Shield-2.0\analysis_ai_coupling.txt | C:\DoAnTotNghiep\V-Shield-2.0\analysis_ai_coupling.txt | C:\DoAnTotNghiep\V-Shield-2.0\analysis_ai_coupling.txt"
"close_camera","31","1","C:\DoAnTotNghiep\V-Shield-2.0\analysis_python_hits.txt | C:\DoAnTotNghiep\V-Shield-2.0\analysis_python_hits.txt | C:\DoAnTotNghiep\V-Shield-2.0\analysis_ai_coupling.txt | C:\DoAnTotNghiep\V-Shield-2.0\analysis_ai_coupling.txt | C:\DoAnTotNghiep\V-Shield-2.0\analysis_ai_coupling.txt"
"api_camera_on","11","1","C:\DoAnTotNghiep\V-Shield-2.0\analysis_python_hits.txt | C:\DoAnTotNghiep\V-Shield-2.0\analysis_python_hits.txt | C:\DoAnTotNghiep\V-Shield-2.0\analysis_name_declarations.csv | C:\DoAnTotNghiep\V-Shield-2.0\analysis_name_declarations.csv | C:\DoAnTotNghiep\V-Shield-2.0\analysis_symbols_unique.txt"
"api_camera_off","11","1","C:\DoAnTotNghiep\V-Shield-2.0\analysis_ai_coupling.txt | C:\DoAnTotNghiep\V-Shield-2.0\analysis_ai_coupling.txt | C:\DoAnTotNghiep\V-Shield-2.0\analysis_symbols_unique.txt | C:\DoAnTotNghiep\V-Shield-2.0\analysis_name_declarations.csv | C:\DoAnTotNghiep\V-Shield-2.0\analysis_name_declarations.csv"
"api_camera_reset","11","1","C:\DoAnTotNghiep\V-Shield-2.0\analysis_ai_coupling.txt | C:\DoAnTotNghiep\V-Shield-2.0\analysis_ai_coupling.txt | C:\DoAnTotNghiep\V-Shield-2.0\analysis_python_hits.txt | C:\DoAnTotNghiep\V-Shield-2.0\analysis_python_hits.txt | C:\DoAnTotNghiep\V-Shield-2.0\analysis_name_declarations.csv"
"api_camera_status","11","1","C:\DoAnTotNghiep\V-Shield-2.0\analysis_ai_coupling.txt | C:\DoAnTotNghiep\V-Shield-2.0\analysis_ai_coupling.txt | C:\DoAnTotNghiep\V-Shield-2.0\analysis_symbols_unique.txt | C:\DoAnTotNghiep\V-Shield-2.0\analysis_python_hits.txt | C:\DoAnTotNghiep\V-Shield-2.0\analysis_python_hits.txt"
"api_camera_result","11","1","C:\DoAnTotNghiep\V-Shield-2.0\analysis_name_declarations.csv | C:\DoAnTotNghiep\V-Shield-2.0\analysis_name_declarations.csv | C:\DoAnTotNghiep\V-Shield-2.0\analysis_ai_coupling.txt | C:\DoAnTotNghiep\V-Shield-2.0\analysis_ai_coupling.txt | C:\DoAnTotNghiep\V-Shield-2.0\analysis_python_hits.txt"
"api_camera_locked_images","11","1","C:\DoAnTotNghiep\V-Shield-2.0\analysis_ai_coupling.txt | C:\DoAnTotNghiep\V-Shield-2.0\analysis_ai_coupling.txt | C:\DoAnTotNghiep\V-Shield-2.0\analysis_symbols_unique.txt | C:\DoAnTotNghiep\V-Shield-2.0\analysis_name_declarations.csv | C:\DoAnTotNghiep\V-Shield-2.0\analysis_name_declarations.csv"
"api_camera_stream","11","1","C:\DoAnTotNghiep\V-Shield-2.0\analysis_ai_coupling.txt | C:\DoAnTotNghiep\V-Shield-2.0\analysis_ai_coupling.txt | C:\DoAnTotNghiep\V-Shield-2.0\analysis_python_hits.txt | C:\DoAnTotNghiep\V-Shield-2.0\analysis_python_hits.txt | C:\DoAnTotNghiep\V-Shield-2.0\analysis_symbols_unique.txt"
"api_camera_events","11","1","C:\DoAnTotNghiep\V-Shield-2.0\analysis_ai_coupling.txt | C:\DoAnTotNghiep\V-Shield-2.0\analysis_ai_coupling.txt | C:\DoAnTotNghiep\V-Shield-2.0\analysis_symbols_unique.txt | C:\DoAnTotNghiep\V-Shield-2.0\analysis_name_declarations.csv | C:\DoAnTotNghiep\V-Shield-2.0\analysis_name_declarations.csv"
"event_stream","7","1","C:\DoAnTotNghiep\V-Shield-2.0\analysis_symbols_unique.txt | C:\DoAnTotNghiep\V-Shield-2.0\analysis_name_declarations.csv | C:\DoAnTotNghiep\V-Shield-2.0\analysis_name_declarations.csv | C:\DoAnTotNghiep\V-Shield-2.0\AI_Project\doc_bien_gpu\docbien.py | C:\DoAnTotNghiep\V-Shield-2.0\AI_Project\doc_bien_gpu\docbien.py"
"api_health","9","1","C:\DoAnTotNghiep\V-Shield-2.0\analysis_symbols_unique.txt | C:\DoAnTotNghiep\V-Shield-2.0\analysis_python_hits.txt | C:\DoAnTotNghiep\V-Shield-2.0\analysis_python_hits.txt | C:\DoAnTotNghiep\V-Shield-2.0\analysis_name_declarations.csv | C:\DoAnTotNghiep\V-Shield-2.0\analysis_name_declarations.csv"
"run_api_server","11","1","C:\DoAnTotNghiep\V-Shield-2.0\analysis_symbols_unique.txt | C:\DoAnTotNghiep\V-Shield-2.0\analysis_python_hits.txt | C:\DoAnTotNghiep\V-Shield-2.0\analysis_python_hits.txt | C:\DoAnTotNghiep\V-Shield-2.0\analysis_name_declarations.csv | C:\DoAnTotNghiep\V-Shield-2.0\analysis_name_declarations.csv"
"main","147","1","C:\DoAnTotNghiep\V-Shield-2.0\analysis_source_files.txt | C:\DoAnTotNghiep\V-Shield-2.0\analysis_source_files.txt | C:\DoAnTotNghiep\V-Shield-2.0\analysis_name_declarations.csv | C:\DoAnTotNghiep\V-Shield-2.0\analysis_name_declarations.csv | C:\DoAnTotNghiep\V-Shield-2.0\analysis_name_declarations.csv"
"reset_state","8","1","C:\DoAnTotNghiep\V-Shield-2.0\analysis_python_hits.txt | C:\DoAnTotNghiep\V-Shield-2.0\analysis_name_declarations.csv | C:\DoAnTotNghiep\V-Shield-2.0\analysis_linkage_hits.txt | C:\DoAnTotNghiep\V-Shield-2.0\analysis_symbols_unique.txt | C:\DoAnTotNghiep\V-Shield-2.0\AI_Project\face_recognition\FaceID.py"
"camera_thread","31","1","C:\DoAnTotNghiep\V-Shield-2.0\analysis_symbols_unique.txt | C:\DoAnTotNghiep\V-Shield-2.0\analysis_python_hits.txt | C:\DoAnTotNghiep\V-Shield-2.0\analysis_python_hits.txt | C:\DoAnTotNghiep\V-Shield-2.0\analysis_name_declarations.csv | C:\DoAnTotNghiep\V-Shield-2.0\analysis_name_declarations.csv"
"face_processing","11","1","C:\DoAnTotNghiep\V-Shield-2.0\analysis_python_hits.txt | C:\DoAnTotNghiep\V-Shield-2.0\analysis_python_hits.txt | C:\DoAnTotNghiep\V-Shield-2.0\analysis_name_declarations.csv | C:\DoAnTotNghiep\V-Shield-2.0\analysis_name_declarations.csv | C:\DoAnTotNghiep\V-Shield-2.0\analysis_symbols_unique.txt"
"root","71","1","C:\DoAnTotNghiep\V-Shield-2.0\analysis_symbols_unique.txt | C:\DoAnTotNghiep\V-Shield-2.0\manage.ps1 | C:\DoAnTotNghiep\V-Shield-2.0\manage.ps1 | C:\DoAnTotNghiep\V-Shield-2.0\manage.ps1 | C:\DoAnTotNghiep\V-Shield-2.0\manage.ps1"
"start_camera","6","1","C:\DoAnTotNghiep\V-Shield-2.0\analysis_ai_coupling.txt | C:\DoAnTotNghiep\V-Shield-2.0\analysis_name_declarations.csv | C:\DoAnTotNghiep\V-Shield-2.0\AI_Project\face_recognition\FaceID.py | C:\DoAnTotNghiep\V-Shield-2.0\analysis_linkage_hits.txt | C:\DoAnTotNghiep\V-Shield-2.0\analysis_python_hits.txt"
"stop_camera","6","1","C:\DoAnTotNghiep\V-Shield-2.0\analysis_symbols_unique.txt | C:\DoAnTotNghiep\V-Shield-2.0\analysis_name_declarations.csv | C:\DoAnTotNghiep\V-Shield-2.0\analysis_python_hits.txt | C:\DoAnTotNghiep\V-Shield-2.0\analysis_ai_coupling.txt | C:\DoAnTotNghiep\V-Shield-2.0\analysis_linkage_hits.txt"
"camera_status","6","1","C:\DoAnTotNghiep\V-Shield-2.0\analysis_ai_coupling.txt | C:\DoAnTotNghiep\V-Shield-2.0\analysis_name_declarations.csv | C:\DoAnTotNghiep\V-Shield-2.0\analysis_symbols_unique.txt | C:\DoAnTotNghiep\V-Shield-2.0\analysis_python_hits.txt | C:\DoAnTotNghiep\V-Shield-2.0\analysis_linkage_hits.txt"
"signal_handler","6","1","C:\DoAnTotNghiep\V-Shield-2.0\analysis_name_declarations.csv | C:\DoAnTotNghiep\V-Shield-2.0\analysis_symbols_unique.txt | C:\DoAnTotNghiep\V-Shield-2.0\analysis_python_hits.txt | C:\DoAnTotNghiep\V-Shield-2.0\analysis_linkage_hits.txt | C:\DoAnTotNghiep\V-Shield-2.0\AI_Project\face_recognition\ip_face_recognition_safe.py"
"preprocess_frame","6","1","C:\DoAnTotNghiep\V-Shield-2.0\analysis_symbols_unique.txt | C:\DoAnTotNghiep\V-Shield-2.0\analysis_python_hits.txt | C:\DoAnTotNghiep\V-Shield-2.0\analysis_name_declarations.csv | C:\DoAnTotNghiep\V-Shield-2.0\analysis_linkage_hits.txt | C:\DoAnTotNghiep\V-Shield-2.0\AI_Project\face_recognition\nhandienface.py"
"crop_face_safe","6","1","C:\DoAnTotNghiep\V-Shield-2.0\analysis_python_hits.txt | C:\DoAnTotNghiep\V-Shield-2.0\analysis_symbols_unique.txt | C:\DoAnTotNghiep\V-Shield-2.0\analysis_linkage_hits.txt | C:\DoAnTotNghiep\V-Shield-2.0\analysis_name_declarations.csv | C:\DoAnTotNghiep\V-Shield-2.0\AI_Project\face_recognition\nhandienface.py"
"update_face_state_no_face","6","1","C:\DoAnTotNghiep\V-Shield-2.0\analysis_symbols_unique.txt | C:\DoAnTotNghiep\V-Shield-2.0\analysis_name_declarations.csv | C:\DoAnTotNghiep\V-Shield-2.0\analysis_python_hits.txt | C:\DoAnTotNghiep\V-Shield-2.0\analysis_linkage_hits.txt | C:\DoAnTotNghiep\V-Shield-2.0\AI_Project\face_recognition\nhandienface.py"
"face_processing_worker","6","1","C:\DoAnTotNghiep\V-Shield-2.0\analysis_name_declarations.csv | C:\DoAnTotNghiep\V-Shield-2.0\analysis_symbols_unique.txt | C:\DoAnTotNghiep\V-Shield-2.0\analysis_python_hits.txt | C:\DoAnTotNghiep\V-Shield-2.0\analysis_linkage_hits.txt | C:\DoAnTotNghiep\V-Shield-2.0\AI_Project\face_recognition\nhandienface.py"
"debug_view_loop","6","1","C:\DoAnTotNghiep\V-Shield-2.0\analysis_symbols_unique.txt | C:\DoAnTotNghiep\V-Shield-2.0\analysis_python_hits.txt | C:\DoAnTotNghiep\V-Shield-2.0\analysis_name_declarations.csv | C:\DoAnTotNghiep\V-Shield-2.0\analysis_linkage_hits.txt | C:\DoAnTotNghiep\V-Shield-2.0\AI_Project\face_recognition\nhandienface.py"
"Mock","6","1","C:\DoAnTotNghiep\V-Shield-2.0\analysis_python_hits.txt | C:\DoAnTotNghiep\V-Shield-2.0\analysis_symbols_unique.txt | C:\DoAnTotNghiep\V-Shield-2.0\analysis_name_declarations.csv | C:\DoAnTotNghiep\V-Shield-2.0\analysis_linkage_hits.txt | C:\DoAnTotNghiep\V-Shield-2.0\AI_Project\face_recognition\docs\conf.py"
"__getattr__","3","1","C:\DoAnTotNghiep\V-Shield-2.0\analysis_name_declarations.csv | C:\DoAnTotNghiep\V-Shield-2.0\analysis_symbols_unique.txt | C:\DoAnTotNghiep\V-Shield-2.0\AI_Project\face_recognition\docs\conf.py"
"run_test","14","1","C:\DoAnTotNghiep\V-Shield-2.0\analysis_ai_coupling.txt | C:\DoAnTotNghiep\V-Shield-2.0\analysis_ai_coupling.txt | C:\DoAnTotNghiep\V-Shield-2.0\analysis_ai_coupling.txt | C:\DoAnTotNghiep\V-Shield-2.0\analysis_ai_coupling.txt | C:\DoAnTotNghiep\V-Shield-2.0\analysis_ai_coupling.txt"
"get_ear","7","1","C:\DoAnTotNghiep\V-Shield-2.0\analysis_linkage_hits.txt | C:\DoAnTotNghiep\V-Shield-2.0\analysis_symbols_unique.txt | C:\DoAnTotNghiep\V-Shield-2.0\analysis_python_hits.txt | C:\DoAnTotNghiep\V-Shield-2.0\analysis_name_declarations.csv | C:\DoAnTotNghiep\V-Shield-2.0\AI_Project\face_recognition\examples\blink_detection.py"
"next_id","17","1","C:\DoAnTotNghiep\V-Shield-2.0\analysis_python_hits.txt | C:\DoAnTotNghiep\V-Shield-2.0\analysis_name_declarations.csv | C:\DoAnTotNghiep\V-Shield-2.0\analysis_symbols_unique.txt | C:\DoAnTotNghiep\V-Shield-2.0\analysis_linkage_hits.txt | C:\DoAnTotNghiep\V-Shield-2.0\AI_Project\test\app.py"
"prev_id","7","1","C:\DoAnTotNghiep\V-Shield-2.0\analysis_linkage_hits.txt | C:\DoAnTotNghiep\V-Shield-2.0\analysis_python_hits.txt | C:\DoAnTotNghiep\V-Shield-2.0\analysis_name_declarations.csv | C:\DoAnTotNghiep\V-Shield-2.0\analysis_symbols_unique.txt | C:\DoAnTotNghiep\V-Shield-2.0\AI_Project\face_recognition\examples\facerec_from_webcam_multiprocessing.py"
"capture","18","1","C:\DoAnTotNghiep\V-Shield-2.0\analysis_ai_coupling.txt | C:\DoAnTotNghiep\V-Shield-2.0\analysis_ai_coupling.txt | C:\DoAnTotNghiep\V-Shield-2.0\analysis_symbols_unique.txt | C:\DoAnTotNghiep\V-Shield-2.0\analysis_python_hits.txt | C:\DoAnTotNghiep\V-Shield-2.0\analysis_linkage_hits.txt"
"train","29","1","C:\DoAnTotNghiep\V-Shield-2.0\analysis_symbols_unique.txt | C:\DoAnTotNghiep\V-Shield-2.0\analysis_ai_coupling.txt | C:\DoAnTotNghiep\V-Shield-2.0\analysis_ai_coupling.txt | C:\DoAnTotNghiep\V-Shield-2.0\analysis_name_declarations.csv | C:\DoAnTotNghiep\V-Shield-2.0\analysis_name_declarations.csv"
"predict","23","1","C:\DoAnTotNghiep\V-Shield-2.0\analysis_ai_coupling.txt | C:\DoAnTotNghiep\V-Shield-2.0\analysis_name_declarations.csv | C:\DoAnTotNghiep\V-Shield-2.0\analysis_name_declarations.csv | C:\DoAnTotNghiep\V-Shield-2.0\analysis_linkage_hits.txt | C:\DoAnTotNghiep\V-Shield-2.0\analysis_linkage_hits.txt"
"show_prediction_labels_on_image","12","1","C:\DoAnTotNghiep\V-Shield-2.0\analysis_python_hits.txt | C:\DoAnTotNghiep\V-Shield-2.0\analysis_python_hits.txt | C:\DoAnTotNghiep\V-Shield-2.0\analysis_ai_coupling.txt | C:\DoAnTotNghiep\V-Shield-2.0\analysis_name_declarations.csv | C:\DoAnTotNghiep\V-Shield-2.0\analysis_name_declarations.csv"
"allowed_file","11","1","C:\DoAnTotNghiep\V-Shield-2.0\analysis_symbols_unique.txt | C:\DoAnTotNghiep\V-Shield-2.0\analysis_python_hits.txt | C:\DoAnTotNghiep\V-Shield-2.0\analysis_python_hits.txt | C:\DoAnTotNghiep\V-Shield-2.0\analysis_name_declarations.csv | C:\DoAnTotNghiep\V-Shield-2.0\analysis_name_declarations.csv"
"upload_image","9","1","C:\DoAnTotNghiep\V-Shield-2.0\analysis_python_hits.txt | C:\DoAnTotNghiep\V-Shield-2.0\analysis_python_hits.txt | C:\DoAnTotNghiep\V-Shield-2.0\analysis_name_declarations.csv | C:\DoAnTotNghiep\V-Shield-2.0\analysis_name_declarations.csv | C:\DoAnTotNghiep\V-Shield-2.0\analysis_symbols_unique.txt"
"detect_faces_in_image","11","1","C:\DoAnTotNghiep\V-Shield-2.0\analysis_name_declarations.csv | C:\DoAnTotNghiep\V-Shield-2.0\analysis_name_declarations.csv | C:\DoAnTotNghiep\V-Shield-2.0\analysis_symbols_unique.txt | C:\DoAnTotNghiep\V-Shield-2.0\analysis_python_hits.txt | C:\DoAnTotNghiep\V-Shield-2.0\analysis_python_hits.txt"
"_rect_to_css","8","1","C:\DoAnTotNghiep\V-Shield-2.0\analysis_symbols_unique.txt | C:\DoAnTotNghiep\V-Shield-2.0\analysis_python_hits.txt | C:\DoAnTotNghiep\V-Shield-2.0\analysis_name_declarations.csv | C:\DoAnTotNghiep\V-Shield-2.0\analysis_linkage_hits.txt | C:\DoAnTotNghiep\V-Shield-2.0\AI_Project\face_recognition\face_recognition\api.py"
"_css_to_rect","6","1","C:\DoAnTotNghiep\V-Shield-2.0\analysis_symbols_unique.txt | C:\DoAnTotNghiep\V-Shield-2.0\analysis_name_declarations.csv | C:\DoAnTotNghiep\V-Shield-2.0\analysis_python_hits.txt | C:\DoAnTotNghiep\V-Shield-2.0\analysis_linkage_hits.txt | C:\DoAnTotNghiep\V-Shield-2.0\AI_Project\face_recognition\face_recognition\api.py"
"_trim_css_to_bounds","8","1","C:\DoAnTotNghiep\V-Shield-2.0\analysis_symbols_unique.txt | C:\DoAnTotNghiep\V-Shield-2.0\analysis_python_hits.txt | C:\DoAnTotNghiep\V-Shield-2.0\analysis_name_declarations.csv | C:\DoAnTotNghiep\V-Shield-2.0\analysis_linkage_hits.txt | C:\DoAnTotNghiep\V-Shield-2.0\AI_Project\face_recognition\face_recognition\api.py"
"face_distance","58","1","C:\DoAnTotNghiep\V-Shield-2.0\analysis_name_declarations.csv | C:\DoAnTotNghiep\V-Shield-2.0\analysis_linkage_hits.txt | C:\DoAnTotNghiep\V-Shield-2.0\analysis_linkage_hits.txt | C:\DoAnTotNghiep\V-Shield-2.0\analysis_linkage_hits.txt | C:\DoAnTotNghiep\V-Shield-2.0\analysis_linkage_hits.txt"
"load_image_file","150","1","C:\DoAnTotNghiep\V-Shield-2.0\analysis_symbols_unique.txt | C:\DoAnTotNghiep\V-Shield-2.0\analysis_ai_coupling.txt | C:\DoAnTotNghiep\V-Shield-2.0\analysis_ai_coupling.txt | C:\DoAnTotNghiep\V-Shield-2.0\analysis_ai_coupling.txt | C:\DoAnTotNghiep\V-Shield-2.0\analysis_ai_coupling.txt"
"_raw_face_locations","12","1","C:\DoAnTotNghiep\V-Shield-2.0\analysis_symbols_unique.txt | C:\DoAnTotNghiep\V-Shield-2.0\analysis_python_hits.txt | C:\DoAnTotNghiep\V-Shield-2.0\analysis_name_declarations.csv | C:\DoAnTotNghiep\V-Shield-2.0\analysis_linkage_hits.txt | C:\DoAnTotNghiep\V-Shield-2.0\AI_Project\face_recognition\tests\test_face_recognition.py"
"face_locations","119","1","C:\DoAnTotNghiep\V-Shield-2.0\analysis_ai_coupling.txt | C:\DoAnTotNghiep\V-Shield-2.0\analysis_python_hits.txt | C:\DoAnTotNghiep\V-Shield-2.0\analysis_python_hits.txt | C:\DoAnTotNghiep\V-Shield-2.0\analysis_python_hits.txt | C:\DoAnTotNghiep\V-Shield-2.0\analysis_python_hits.txt"
"_raw_face_locations_batched","7","1","C:\DoAnTotNghiep\V-Shield-2.0\analysis_linkage_hits.txt | C:\DoAnTotNghiep\V-Shield-2.0\analysis_python_hits.txt | C:\DoAnTotNghiep\V-Shield-2.0\analysis_name_declarations.csv | C:\DoAnTotNghiep\V-Shield-2.0\analysis_symbols_unique.txt | C:\DoAnTotNghiep\V-Shield-2.0\AI_Project\face_recognition\tests\test_face_recognition.py"
"batch_face_locations","11","1","C:\DoAnTotNghiep\V-Shield-2.0\analysis_symbols_unique.txt | C:\DoAnTotNghiep\V-Shield-2.0\analysis_linkage_hits.txt | C:\DoAnTotNghiep\V-Shield-2.0\analysis_linkage_hits.txt | C:\DoAnTotNghiep\V-Shield-2.0\analysis_linkage_hits.txt | C:\DoAnTotNghiep\V-Shield-2.0\analysis_name_declarations.csv"
"convert_cnn_detections_to_css","4","1","C:\DoAnTotNghiep\V-Shield-2.0\analysis_symbols_unique.txt | C:\DoAnTotNghiep\V-Shield-2.0\analysis_name_declarations.csv | C:\DoAnTotNghiep\V-Shield-2.0\AI_Project\face_recognition\face_recognition\api.py | C:\DoAnTotNghiep\V-Shield-2.0\AI_Project\face_recognition\face_recognition\api.py"
"_raw_face_landmarks","8","1","C:\DoAnTotNghiep\V-Shield-2.0\analysis_linkage_hits.txt | C:\DoAnTotNghiep\V-Shield-2.0\analysis_symbols_unique.txt | C:\DoAnTotNghiep\V-Shield-2.0\analysis_python_hits.txt | C:\DoAnTotNghiep\V-Shield-2.0\analysis_name_declarations.csv | C:\DoAnTotNghiep\V-Shield-2.0\AI_Project\face_recognition\tests\test_face_recognition.py"
"face_landmarks","54","1","C:\DoAnTotNghiep\V-Shield-2.0\analysis_symbols_unique.txt | C:\DoAnTotNghiep\V-Shield-2.0\analysis_python_hits.txt | C:\DoAnTotNghiep\V-Shield-2.0\analysis_python_hits.txt | C:\DoAnTotNghiep\V-Shield-2.0\analysis_name_declarations.csv | C:\DoAnTotNghiep\V-Shield-2.0\analysis_linkage_hits.txt"
"face_encodings","105","1","C:\DoAnTotNghiep\V-Shield-2.0\analysis_symbols_unique.txt | C:\DoAnTotNghiep\V-Shield-2.0\analysis_python_hits.txt | C:\DoAnTotNghiep\V-Shield-2.0\analysis_python_hits.txt | C:\DoAnTotNghiep\V-Shield-2.0\analysis_python_hits.txt | C:\DoAnTotNghiep\V-Shield-2.0\analysis_name_declarations.csv"
"compare_faces","38","1","C:\DoAnTotNghiep\V-Shield-2.0\analysis_name_declarations.csv | C:\DoAnTotNghiep\V-Shield-2.0\analysis_linkage_hits.txt | C:\DoAnTotNghiep\V-Shield-2.0\analysis_linkage_hits.txt | C:\DoAnTotNghiep\V-Shield-2.0\analysis_linkage_hits.txt | C:\DoAnTotNghiep\V-Shield-2.0\analysis_python_hits.txt"
"print_result","13","1","C:\DoAnTotNghiep\V-Shield-2.0\analysis_symbols_unique.txt | C:\DoAnTotNghiep\V-Shield-2.0\analysis_python_hits.txt | C:\DoAnTotNghiep\V-Shield-2.0\analysis_python_hits.txt | C:\DoAnTotNghiep\V-Shield-2.0\analysis_linkage_hits.txt | C:\DoAnTotNghiep\V-Shield-2.0\analysis_linkage_hits.txt"
"test_image","31","1","C:\DoAnTotNghiep\V-Shield-2.0\analysis_python_hits.txt | C:\DoAnTotNghiep\V-Shield-2.0\analysis_python_hits.txt | C:\DoAnTotNghiep\V-Shield-2.0\analysis_name_declarations.csv | C:\DoAnTotNghiep\V-Shield-2.0\analysis_name_declarations.csv | C:\DoAnTotNghiep\V-Shield-2.0\analysis_symbols_unique.txt"
"image_files_in_folder","26","1","C:\DoAnTotNghiep\V-Shield-2.0\analysis_ai_coupling.txt | C:\DoAnTotNghiep\V-Shield-2.0\analysis_ai_coupling.txt | C:\DoAnTotNghiep\V-Shield-2.0\analysis_python_hits.txt | C:\DoAnTotNghiep\V-Shield-2.0\analysis_python_hits.txt | C:\DoAnTotNghiep\V-Shield-2.0\analysis_python_hits.txt"
"process_images_in_process_pool","11","1","C:\DoAnTotNghiep\V-Shield-2.0\analysis_symbols_unique.txt | C:\DoAnTotNghiep\V-Shield-2.0\analysis_name_declarations.csv | C:\DoAnTotNghiep\V-Shield-2.0\analysis_name_declarations.csv | C:\DoAnTotNghiep\V-Shield-2.0\analysis_python_hits.txt | C:\DoAnTotNghiep\V-Shield-2.0\analysis_python_hits.txt"
"scan_known_people","6","1","C:\DoAnTotNghiep\V-Shield-2.0\analysis_python_hits.txt | C:\DoAnTotNghiep\V-Shield-2.0\analysis_name_declarations.csv | C:\DoAnTotNghiep\V-Shield-2.0\analysis_symbols_unique.txt | C:\DoAnTotNghiep\V-Shield-2.0\analysis_linkage_hits.txt | C:\DoAnTotNghiep\V-Shield-2.0\AI_Project\face_recognition\face_recognition\face_recognition_cli.py"
"Test_face_recognition","6","1","C:\DoAnTotNghiep\V-Shield-2.0\analysis_ai_coupling.txt | C:\DoAnTotNghiep\V-Shield-2.0\analysis_python_hits.txt | C:\DoAnTotNghiep\V-Shield-2.0\analysis_name_declarations.csv | C:\DoAnTotNghiep\V-Shield-2.0\analysis_symbols_unique.txt | C:\DoAnTotNghiep\V-Shield-2.0\analysis_linkage_hits.txt"
"test_load_image_file","4","1","C:\DoAnTotNghiep\V-Shield-2.0\analysis_ai_coupling.txt | C:\DoAnTotNghiep\V-Shield-2.0\analysis_symbols_unique.txt | C:\DoAnTotNghiep\V-Shield-2.0\analysis_name_declarations.csv | C:\DoAnTotNghiep\V-Shield-2.0\AI_Project\face_recognition\tests\test_face_recognition.py"
"test_load_image_file_32bit","4","1","C:\DoAnTotNghiep\V-Shield-2.0\analysis_name_declarations.csv | C:\DoAnTotNghiep\V-Shield-2.0\analysis_ai_coupling.txt | C:\DoAnTotNghiep\V-Shield-2.0\analysis_symbols_unique.txt | C:\DoAnTotNghiep\V-Shield-2.0\AI_Project\face_recognition\tests\test_face_recognition.py"
"test_raw_face_locations","4","1","C:\DoAnTotNghiep\V-Shield-2.0\analysis_ai_coupling.txt | C:\DoAnTotNghiep\V-Shield-2.0\analysis_symbols_unique.txt | C:\DoAnTotNghiep\V-Shield-2.0\analysis_name_declarations.csv | C:\DoAnTotNghiep\V-Shield-2.0\AI_Project\face_recognition\tests\test_face_recognition.py"
"test_cnn_raw_face_locations","4","1","C:\DoAnTotNghiep\V-Shield-2.0\analysis_name_declarations.csv | C:\DoAnTotNghiep\V-Shield-2.0\analysis_ai_coupling.txt | C:\DoAnTotNghiep\V-Shield-2.0\analysis_symbols_unique.txt | C:\DoAnTotNghiep\V-Shield-2.0\AI_Project\face_recognition\tests\test_face_recognition.py"
"test_raw_face_locations_32bit_image","4","1","C:\DoAnTotNghiep\V-Shield-2.0\analysis_name_declarations.csv | C:\DoAnTotNghiep\V-Shield-2.0\analysis_symbols_unique.txt | C:\DoAnTotNghiep\V-Shield-2.0\analysis_ai_coupling.txt | C:\DoAnTotNghiep\V-Shield-2.0\AI_Project\face_recognition\tests\test_face_recognition.py"
"test_cnn_raw_face_locations_32bit_image","4","1","C:\DoAnTotNghiep\V-Shield-2.0\analysis_symbols_unique.txt | C:\DoAnTotNghiep\V-Shield-2.0\analysis_name_declarations.csv | C:\DoAnTotNghiep\V-Shield-2.0\analysis_ai_coupling.txt | C:\DoAnTotNghiep\V-Shield-2.0\AI_Project\face_recognition\tests\test_face_recognition.py"
"test_face_locations","4","1","C:\DoAnTotNghiep\V-Shield-2.0\analysis_ai_coupling.txt | C:\DoAnTotNghiep\V-Shield-2.0\analysis_name_declarations.csv | C:\DoAnTotNghiep\V-Shield-2.0\analysis_symbols_unique.txt | C:\DoAnTotNghiep\V-Shield-2.0\AI_Project\face_recognition\tests\test_face_recognition.py"
"test_cnn_face_locations","4","1","C:\DoAnTotNghiep\V-Shield-2.0\analysis_name_declarations.csv | C:\DoAnTotNghiep\V-Shield-2.0\analysis_ai_coupling.txt | C:\DoAnTotNghiep\V-Shield-2.0\analysis_symbols_unique.txt | C:\DoAnTotNghiep\V-Shield-2.0\AI_Project\face_recognition\tests\test_face_recognition.py"
"test_partial_face_locations","4","1","C:\DoAnTotNghiep\V-Shield-2.0\analysis_symbols_unique.txt | C:\DoAnTotNghiep\V-Shield-2.0\analysis_name_declarations.csv | C:\DoAnTotNghiep\V-Shield-2.0\analysis_ai_coupling.txt | C:\DoAnTotNghiep\V-Shield-2.0\AI_Project\face_recognition\tests\test_face_recognition.py"
"test_raw_face_locations_batched","4","1","C:\DoAnTotNghiep\V-Shield-2.0\analysis_ai_coupling.txt | C:\DoAnTotNghiep\V-Shield-2.0\analysis_name_declarations.csv | C:\DoAnTotNghiep\V-Shield-2.0\analysis_symbols_unique.txt | C:\DoAnTotNghiep\V-Shield-2.0\AI_Project\face_recognition\tests\test_face_recognition.py"
"test_batched_face_locations","4","1","C:\DoAnTotNghiep\V-Shield-2.0\analysis_symbols_unique.txt | C:\DoAnTotNghiep\V-Shield-2.0\analysis_name_declarations.csv | C:\DoAnTotNghiep\V-Shield-2.0\analysis_ai_coupling.txt | C:\DoAnTotNghiep\V-Shield-2.0\AI_Project\face_recognition\tests\test_face_recognition.py"
"test_raw_face_landmarks","4","1","C:\DoAnTotNghiep\V-Shield-2.0\analysis_name_declarations.csv | C:\DoAnTotNghiep\V-Shield-2.0\analysis_ai_coupling.txt | C:\DoAnTotNghiep\V-Shield-2.0\analysis_symbols_unique.txt | C:\DoAnTotNghiep\V-Shield-2.0\AI_Project\face_recognition\tests\test_face_recognition.py"
"test_face_landmarks","8","1","C:\DoAnTotNghiep\V-Shield-2.0\analysis_symbols_unique.txt | C:\DoAnTotNghiep\V-Shield-2.0\analysis_name_declarations.csv | C:\DoAnTotNghiep\V-Shield-2.0\analysis_ai_coupling.txt | C:\DoAnTotNghiep\V-Shield-2.0\analysis_ai_coupling.txt | C:\DoAnTotNghiep\V-Shield-2.0\analysis_ai_coupling.txt"
"test_face_landmarks_small_model","4","1","C:\DoAnTotNghiep\V-Shield-2.0\analysis_symbols_unique.txt | C:\DoAnTotNghiep\V-Shield-2.0\analysis_name_declarations.csv | C:\DoAnTotNghiep\V-Shield-2.0\analysis_ai_coupling.txt | C:\DoAnTotNghiep\V-Shield-2.0\AI_Project\face_recognition\tests\test_face_recognition.py"
"test_face_encodings","4","1","C:\DoAnTotNghiep\V-Shield-2.0\analysis_ai_coupling.txt | C:\DoAnTotNghiep\V-Shield-2.0\analysis_symbols_unique.txt | C:\DoAnTotNghiep\V-Shield-2.0\analysis_name_declarations.csv | C:\DoAnTotNghiep\V-Shield-2.0\AI_Project\face_recognition\tests\test_face_recognition.py"
"test_face_encodings_large_model","4","1","C:\DoAnTotNghiep\V-Shield-2.0\analysis_ai_coupling.txt | C:\DoAnTotNghiep\V-Shield-2.0\analysis_name_declarations.csv | C:\DoAnTotNghiep\V-Shield-2.0\analysis_symbols_unique.txt | C:\DoAnTotNghiep\V-Shield-2.0\AI_Project\face_recognition\tests\test_face_recognition.py"
"test_face_distance","4","1","C:\DoAnTotNghiep\V-Shield-2.0\analysis_ai_coupling.txt | C:\DoAnTotNghiep\V-Shield-2.0\analysis_name_declarations.csv | C:\DoAnTotNghiep\V-Shield-2.0\analysis_symbols_unique.txt | C:\DoAnTotNghiep\V-Shield-2.0\AI_Project\face_recognition\tests\test_face_recognition.py"
"test_face_distance_empty_lists","4","1","C:\DoAnTotNghiep\V-Shield-2.0\analysis_ai_coupling.txt | C:\DoAnTotNghiep\V-Shield-2.0\analysis_name_declarations.csv | C:\DoAnTotNghiep\V-Shield-2.0\analysis_symbols_unique.txt | C:\DoAnTotNghiep\V-Shield-2.0\AI_Project\face_recognition\tests\test_face_recognition.py"
"test_compare_faces","4","1","C:\DoAnTotNghiep\V-Shield-2.0\analysis_ai_coupling.txt | C:\DoAnTotNghiep\V-Shield-2.0\analysis_symbols_unique.txt | C:\DoAnTotNghiep\V-Shield-2.0\analysis_name_declarations.csv | C:\DoAnTotNghiep\V-Shield-2.0\AI_Project\face_recognition\tests\test_face_recognition.py"
"test_compare_faces_empty_lists","4","1","C:\DoAnTotNghiep\V-Shield-2.0\analysis_ai_coupling.txt | C:\DoAnTotNghiep\V-Shield-2.0\analysis_symbols_unique.txt | C:\DoAnTotNghiep\V-Shield-2.0\analysis_name_declarations.csv | C:\DoAnTotNghiep\V-Shield-2.0\AI_Project\face_recognition\tests\test_face_recognition.py"
"test_command_line_interface_options","4","1","C:\DoAnTotNghiep\V-Shield-2.0\analysis_name_declarations.csv | C:\DoAnTotNghiep\V-Shield-2.0\analysis_ai_coupling.txt | C:\DoAnTotNghiep\V-Shield-2.0\analysis_symbols_unique.txt | C:\DoAnTotNghiep\V-Shield-2.0\AI_Project\face_recognition\tests\test_face_recognition.py"
"test_command_line_interface","4","1","C:\DoAnTotNghiep\V-Shield-2.0\analysis_name_declarations.csv | C:\DoAnTotNghiep\V-Shield-2.0\analysis_ai_coupling.txt | C:\DoAnTotNghiep\V-Shield-2.0\analysis_symbols_unique.txt | C:\DoAnTotNghiep\V-Shield-2.0\AI_Project\face_recognition\tests\test_face_recognition.py"
"test_command_line_interface_big_image","4","1","C:\DoAnTotNghiep\V-Shield-2.0\analysis_symbols_unique.txt | C:\DoAnTotNghiep\V-Shield-2.0\analysis_name_declarations.csv | C:\DoAnTotNghiep\V-Shield-2.0\analysis_ai_coupling.txt | C:\DoAnTotNghiep\V-Shield-2.0\AI_Project\face_recognition\tests\test_face_recognition.py"
"test_command_line_interface_tolerance","4","1","C:\DoAnTotNghiep\V-Shield-2.0\analysis_ai_coupling.txt | C:\DoAnTotNghiep\V-Shield-2.0\analysis_name_declarations.csv | C:\DoAnTotNghiep\V-Shield-2.0\analysis_symbols_unique.txt | C:\DoAnTotNghiep\V-Shield-2.0\AI_Project\face_recognition\tests\test_face_recognition.py"
"test_command_line_interface_show_distance","4","1","C:\DoAnTotNghiep\V-Shield-2.0\analysis_ai_coupling.txt | C:\DoAnTotNghiep\V-Shield-2.0\analysis_name_declarations.csv | C:\DoAnTotNghiep\V-Shield-2.0\analysis_symbols_unique.txt | C:\DoAnTotNghiep\V-Shield-2.0\AI_Project\face_recognition\tests\test_face_recognition.py"
"test_fd_command_line_interface_options","4","1","C:\DoAnTotNghiep\V-Shield-2.0\analysis_ai_coupling.txt | C:\DoAnTotNghiep\V-Shield-2.0\analysis_name_declarations.csv | C:\DoAnTotNghiep\V-Shield-2.0\analysis_symbols_unique.txt | C:\DoAnTotNghiep\V-Shield-2.0\AI_Project\face_recognition\tests\test_face_recognition.py"
"test_fd_command_line_interface","4","1","C:\DoAnTotNghiep\V-Shield-2.0\analysis_name_declarations.csv | C:\DoAnTotNghiep\V-Shield-2.0\analysis_symbols_unique.txt | C:\DoAnTotNghiep\V-Shield-2.0\analysis_ai_coupling.txt | C:\DoAnTotNghiep\V-Shield-2.0\AI_Project\face_recognition\tests\test_face_recognition.py"
"test_fd_command_line_interface_folder","4","1","C:\DoAnTotNghiep\V-Shield-2.0\analysis_name_declarations.csv | C:\DoAnTotNghiep\V-Shield-2.0\analysis_symbols_unique.txt | C:\DoAnTotNghiep\V-Shield-2.0\analysis_ai_coupling.txt | C:\DoAnTotNghiep\V-Shield-2.0\AI_Project\face_recognition\tests\test_face_recognition.py"
"test_fd_command_line_interface_hog_model","4","1","C:\DoAnTotNghiep\V-Shield-2.0\analysis_symbols_unique.txt | C:\DoAnTotNghiep\V-Shield-2.0\analysis_ai_coupling.txt | C:\DoAnTotNghiep\V-Shield-2.0\analysis_name_declarations.csv | C:\DoAnTotNghiep\V-Shield-2.0\AI_Project\face_recognition\tests\test_face_recognition.py"
"test_fd_command_line_interface_cnn_model","4","1","C:\DoAnTotNghiep\V-Shield-2.0\analysis_name_declarations.csv | C:\DoAnTotNghiep\V-Shield-2.0\analysis_symbols_unique.txt | C:\DoAnTotNghiep\V-Shield-2.0\analysis_ai_coupling.txt | C:\DoAnTotNghiep\V-Shield-2.0\AI_Project\face_recognition\tests\test_face_recognition.py"
"enhance","6","1","C:\DoAnTotNghiep\V-Shield-2.0\analysis_symbols_unique.txt | C:\DoAnTotNghiep\V-Shield-2.0\analysis_python_hits.txt | C:\DoAnTotNghiep\V-Shield-2.0\analysis_name_declarations.csv | C:\DoAnTotNghiep\V-Shield-2.0\analysis_linkage_hits.txt | C:\DoAnTotNghiep\V-Shield-2.0\AI_Project\QR_Dong\QR_Dong.py"
"camera_worker","8","1","C:\DoAnTotNghiep\V-Shield-2.0\analysis_symbols_unique.txt | C:\DoAnTotNghiep\V-Shield-2.0\analysis_ai_coupling.txt | C:\DoAnTotNghiep\V-Shield-2.0\analysis_ai_coupling.txt | C:\DoAnTotNghiep\V-Shield-2.0\analysis_name_declarations.csv | C:\DoAnTotNghiep\V-Shield-2.0\analysis_python_hits.txt"
"decode_qr","6","1","C:\DoAnTotNghiep\V-Shield-2.0\analysis_python_hits.txt | C:\DoAnTotNghiep\V-Shield-2.0\analysis_name_declarations.csv | C:\DoAnTotNghiep\V-Shield-2.0\analysis_symbols_unique.txt | C:\DoAnTotNghiep\V-Shield-2.0\analysis_linkage_hits.txt | C:\DoAnTotNghiep\V-Shield-2.0\AI_Project\QR_Dong\QR_Dong.py"
"scan_worker","6","1","C:\DoAnTotNghiep\V-Shield-2.0\analysis_symbols_unique.txt | C:\DoAnTotNghiep\V-Shield-2.0\analysis_python_hits.txt | C:\DoAnTotNghiep\V-Shield-2.0\analysis_name_declarations.csv | C:\DoAnTotNghiep\V-Shield-2.0\AI_Project\QR_Dong\QR_Dong.py | C:\DoAnTotNghiep\V-Shield-2.0\AI_Project\QR_Dong\QR_Dong.py"
"api_start","5","1","C:\DoAnTotNghiep\V-Shield-2.0\analysis_python_hits.txt | C:\DoAnTotNghiep\V-Shield-2.0\analysis_name_declarations.csv | C:\DoAnTotNghiep\V-Shield-2.0\analysis_linkage_hits.txt | C:\DoAnTotNghiep\V-Shield-2.0\analysis_symbols_unique.txt | C:\DoAnTotNghiep\V-Shield-2.0\AI_Project\QR_Dong\QR_Dong.py"
"api_scan","5","1","C:\DoAnTotNghiep\V-Shield-2.0\analysis_symbols_unique.txt | C:\DoAnTotNghiep\V-Shield-2.0\analysis_python_hits.txt | C:\DoAnTotNghiep\V-Shield-2.0\analysis_name_declarations.csv | C:\DoAnTotNghiep\V-Shield-2.0\analysis_linkage_hits.txt | C:\DoAnTotNghiep\V-Shield-2.0\AI_Project\QR_Dong\QR_Dong.py"
"api_reset","5","1","C:\DoAnTotNghiep\V-Shield-2.0\analysis_symbols_unique.txt | C:\DoAnTotNghiep\V-Shield-2.0\analysis_python_hits.txt | C:\DoAnTotNghiep\V-Shield-2.0\analysis_name_declarations.csv | C:\DoAnTotNghiep\V-Shield-2.0\analysis_linkage_hits.txt | C:\DoAnTotNghiep\V-Shield-2.0\AI_Project\QR_Dong\QR_Dong.py"
"api_stop","5","1","C:\DoAnTotNghiep\V-Shield-2.0\analysis_python_hits.txt | C:\DoAnTotNghiep\V-Shield-2.0\analysis_linkage_hits.txt | C:\DoAnTotNghiep\V-Shield-2.0\analysis_name_declarations.csv | C:\DoAnTotNghiep\V-Shield-2.0\analysis_symbols_unique.txt | C:\DoAnTotNghiep\V-Shield-2.0\AI_Project\QR_Dong\QR_Dong.py"
"api_result","5","1","C:\DoAnTotNghiep\V-Shield-2.0\analysis_python_hits.txt | C:\DoAnTotNghiep\V-Shield-2.0\analysis_symbols_unique.txt | C:\DoAnTotNghiep\V-Shield-2.0\analysis_name_declarations.csv | C:\DoAnTotNghiep\V-Shield-2.0\analysis_linkage_hits.txt | C:\DoAnTotNghiep\V-Shield-2.0\AI_Project\QR_Dong\QR_Dong.py"
"SimpleTracker","6","1","C:\DoAnTotNghiep\V-Shield-2.0\analysis_name_declarations.csv | C:\DoAnTotNghiep\V-Shield-2.0\analysis_symbols_unique.txt | C:\DoAnTotNghiep\V-Shield-2.0\analysis_linkage_hits.txt | C:\DoAnTotNghiep\V-Shield-2.0\analysis_python_hits.txt | C:\DoAnTotNghiep\V-Shield-2.0\AI_Project\test\app.py"
"_center","5","1","C:\DoAnTotNghiep\V-Shield-2.0\analysis_symbols_unique.txt | C:\DoAnTotNghiep\V-Shield-2.0\analysis_name_declarations.csv | C:\DoAnTotNghiep\V-Shield-2.0\AI_Project\test\app.py | C:\DoAnTotNghiep\V-Shield-2.0\AI_Project\test\app.py | C:\DoAnTotNghiep\V-Shield-2.0\AI_Project\test\app.py"
"stable_tracks","4","1","C:\DoAnTotNghiep\V-Shield-2.0\AI_Project\test\app.py | C:\DoAnTotNghiep\V-Shield-2.0\AI_Project\test\app.py | C:\DoAnTotNghiep\V-Shield-2.0\analysis_name_declarations.csv | C:\DoAnTotNghiep\V-Shield-2.0\analysis_symbols_unique.txt"
"FrameGrabber","6","1","C:\DoAnTotNghiep\V-Shield-2.0\analysis_name_declarations.csv | C:\DoAnTotNghiep\V-Shield-2.0\analysis_symbols_unique.txt | C:\DoAnTotNghiep\V-Shield-2.0\analysis_linkage_hits.txt | C:\DoAnTotNghiep\V-Shield-2.0\analysis_python_hits.txt | C:\DoAnTotNghiep\V-Shield-2.0\AI_Project\test\app.py"
"read_latest","8","1","C:\DoAnTotNghiep\V-Shield-2.0\analysis_ai_coupling.txt | C:\DoAnTotNghiep\V-Shield-2.0\analysis_ai_coupling.txt | C:\DoAnTotNghiep\V-Shield-2.0\analysis_ai_coupling.txt | C:\DoAnTotNghiep\V-Shield-2.0\analysis_name_declarations.csv | C:\DoAnTotNghiep\V-Shield-2.0\analysis_symbols_unique.txt"
"_loop","4","1","C:\DoAnTotNghiep\V-Shield-2.0\analysis_symbols_unique.txt | C:\DoAnTotNghiep\V-Shield-2.0\analysis_name_declarations.csv | C:\DoAnTotNghiep\V-Shield-2.0\AI_Project\test\app.py | C:\DoAnTotNghiep\V-Shield-2.0\AI_Project\test\app.py"
"FireSmokeApp","6","1","C:\DoAnTotNghiep\V-Shield-2.0\analysis_python_hits.txt | C:\DoAnTotNghiep\V-Shield-2.0\analysis_symbols_unique.txt | C:\DoAnTotNghiep\V-Shield-2.0\analysis_name_declarations.csv | C:\DoAnTotNghiep\V-Shield-2.0\AI_Project\test\app.py | C:\DoAnTotNghiep\V-Shield-2.0\AI_Project\test\app.py"
"_toggle_source","6","1","C:\DoAnTotNghiep\V-Shield-2.0\analysis_name_declarations.csv | C:\DoAnTotNghiep\V-Shield-2.0\analysis_symbols_unique.txt | C:\DoAnTotNghiep\V-Shield-2.0\AI_Project\test\app.py | C:\DoAnTotNghiep\V-Shield-2.0\AI_Project\test\app.py | C:\DoAnTotNghiep\V-Shield-2.0\AI_Project\test\app.py"
"_pick_video","4","1","C:\DoAnTotNghiep\V-Shield-2.0\analysis_name_declarations.csv | C:\DoAnTotNghiep\V-Shield-2.0\AI_Project\test\app.py | C:\DoAnTotNghiep\V-Shield-2.0\AI_Project\test\app.py | C:\DoAnTotNghiep\V-Shield-2.0\analysis_symbols_unique.txt"
"download_model","5","1","C:\DoAnTotNghiep\V-Shield-2.0\analysis_name_declarations.csv | C:\DoAnTotNghiep\V-Shield-2.0\analysis_symbols_unique.txt | C:\DoAnTotNghiep\V-Shield-2.0\AI_Project\test\app.py | C:\DoAnTotNghiep\V-Shield-2.0\AI_Project\test\app.py | C:\DoAnTotNghiep\V-Shield-2.0\AI_Project\test\app.py"
"_parse_rois","5","1","C:\DoAnTotNghiep\V-Shield-2.0\AI_Project\test\app.py | C:\DoAnTotNghiep\V-Shield-2.0\AI_Project\test\app.py | C:\DoAnTotNghiep\V-Shield-2.0\AI_Project\test\app.py | C:\DoAnTotNghiep\V-Shield-2.0\analysis_name_declarations.csv | C:\DoAnTotNghiep\V-Shield-2.0\analysis_symbols_unique.txt"
"_inside_any_roi","5","1","C:\DoAnTotNghiep\V-Shield-2.0\analysis_symbols_unique.txt | C:\DoAnTotNghiep\V-Shield-2.0\analysis_name_declarations.csv | C:\DoAnTotNghiep\V-Shield-2.0\AI_Project\test\app.py | C:\DoAnTotNghiep\V-Shield-2.0\AI_Project\test\app.py | C:\DoAnTotNghiep\V-Shield-2.0\AI_Project\test\app.py"
"_run_detection","4","1","C:\DoAnTotNghiep\V-Shield-2.0\analysis_name_declarations.csv | C:\DoAnTotNghiep\V-Shield-2.0\analysis_symbols_unique.txt | C:\DoAnTotNghiep\V-Shield-2.0\AI_Project\test\app.py | C:\DoAnTotNghiep\V-Shield-2.0\AI_Project\test\app.py"
"_open_capture","4","1","C:\DoAnTotNghiep\V-Shield-2.0\analysis_name_declarations.csv | C:\DoAnTotNghiep\V-Shield-2.0\analysis_symbols_unique.txt | C:\DoAnTotNghiep\V-Shield-2.0\AI_Project\test\app.py | C:\DoAnTotNghiep\V-Shield-2.0\AI_Project\test\app.py"
"_start_save_thread","4","1","C:\DoAnTotNghiep\V-Shield-2.0\analysis_symbols_unique.txt | C:\DoAnTotNghiep\V-Shield-2.0\analysis_name_declarations.csv | C:\DoAnTotNghiep\V-Shield-2.0\AI_Project\test\app.py | C:\DoAnTotNghiep\V-Shield-2.0\AI_Project\test\app.py"
"_stop_save_thread","5","1","C:\DoAnTotNghiep\V-Shield-2.0\analysis_symbols_unique.txt | C:\DoAnTotNghiep\V-Shield-2.0\analysis_name_declarations.csv | C:\DoAnTotNghiep\V-Shield-2.0\AI_Project\test\app.py | C:\DoAnTotNghiep\V-Shield-2.0\AI_Project\test\app.py | C:\DoAnTotNghiep\V-Shield-2.0\AI_Project\test\app.py"
"_enqueue_raw_frame","4","1","C:\DoAnTotNghiep\V-Shield-2.0\analysis_name_declarations.csv | C:\DoAnTotNghiep\V-Shield-2.0\analysis_symbols_unique.txt | C:\DoAnTotNghiep\V-Shield-2.0\AI_Project\test\app.py | C:\DoAnTotNghiep\V-Shield-2.0\AI_Project\test\app.py"
"_save_worker","4","1","C:\DoAnTotNghiep\V-Shield-2.0\analysis_name_declarations.csv | C:\DoAnTotNghiep\V-Shield-2.0\analysis_symbols_unique.txt | C:\DoAnTotNghiep\V-Shield-2.0\AI_Project\test\app.py | C:\DoAnTotNghiep\V-Shield-2.0\AI_Project\test\app.py"
"_notify_ui_error","4","1","C:\DoAnTotNghiep\V-Shield-2.0\analysis_symbols_unique.txt | C:\DoAnTotNghiep\V-Shield-2.0\analysis_name_declarations.csv | C:\DoAnTotNghiep\V-Shield-2.0\AI_Project\test\app.py | C:\DoAnTotNghiep\V-Shield-2.0\AI_Project\test\app.py"
"_reset_controls","5","1","C:\DoAnTotNghiep\V-Shield-2.0\analysis_symbols_unique.txt | C:\DoAnTotNghiep\V-Shield-2.0\analysis_name_declarations.csv | C:\DoAnTotNghiep\V-Shield-2.0\AI_Project\test\app.py | C:\DoAnTotNghiep\V-Shield-2.0\AI_Project\test\app.py | C:\DoAnTotNghiep\V-Shield-2.0\AI_Project\test\app.py"
"_reset","4","1","C:\DoAnTotNghiep\V-Shield-2.0\analysis_symbols_unique.txt | C:\DoAnTotNghiep\V-Shield-2.0\analysis_name_declarations.csv | C:\DoAnTotNghiep\V-Shield-2.0\AI_Project\test\app.py | C:\DoAnTotNghiep\V-Shield-2.0\AI_Project\test\app.py"
"collect_images","6","1","C:\DoAnTotNghiep\V-Shield-2.0\analysis_name_declarations.csv | C:\DoAnTotNghiep\V-Shield-2.0\analysis_linkage_hits.txt | C:\DoAnTotNghiep\V-Shield-2.0\AI_Project\test\prepare_hard_negative.py | C:\DoAnTotNghiep\V-Shield-2.0\AI_Project\test\prepare_hard_negative.py | C:\DoAnTotNghiep\V-Shield-2.0\analysis_symbols_unique.txt"
"ensure_dirs","6","1","C:\DoAnTotNghiep\V-Shield-2.0\analysis_name_declarations.csv | C:\DoAnTotNghiep\V-Shield-2.0\analysis_symbols_unique.txt | C:\DoAnTotNghiep\V-Shield-2.0\analysis_python_hits.txt | C:\DoAnTotNghiep\V-Shield-2.0\analysis_linkage_hits.txt | C:\DoAnTotNghiep\V-Shield-2.0\AI_Project\test\prepare_hard_negative.py"
"split_items","6","1","C:\DoAnTotNghiep\V-Shield-2.0\analysis_name_declarations.csv | C:\DoAnTotNghiep\V-Shield-2.0\analysis_symbols_unique.txt | C:\DoAnTotNghiep\V-Shield-2.0\analysis_python_hits.txt | C:\DoAnTotNghiep\V-Shield-2.0\AI_Project\test\prepare_hard_negative.py | C:\DoAnTotNghiep\V-Shield-2.0\AI_Project\test\prepare_hard_negative.py"
"append_negative_samples","7","1","C:\DoAnTotNghiep\V-Shield-2.0\analysis_linkage_hits.txt | C:\DoAnTotNghiep\V-Shield-2.0\analysis_python_hits.txt | C:\DoAnTotNghiep\V-Shield-2.0\analysis_symbols_unique.txt | C:\DoAnTotNghiep\V-Shield-2.0\analysis_name_declarations.csv | C:\DoAnTotNghiep\V-Shield-2.0\AI_Project\test\prepare_hard_negative.py"
"count_split","7","1","C:\DoAnTotNghiep\V-Shield-2.0\analysis_symbols_unique.txt | C:\DoAnTotNghiep\V-Shield-2.0\analysis_python_hits.txt | C:\DoAnTotNghiep\V-Shield-2.0\analysis_name_declarations.csv | C:\DoAnTotNghiep\V-Shield-2.0\analysis_linkage_hits.txt | C:\DoAnTotNghiep\V-Shield-2.0\AI_Project\test\prepare_hard_negative.py"
"parse_args","8","1","C:\DoAnTotNghiep\V-Shield-2.0\analysis_symbols_unique.txt | C:\DoAnTotNghiep\V-Shield-2.0\analysis_python_hits.txt | C:\DoAnTotNghiep\V-Shield-2.0\analysis_name_declarations.csv | C:\DoAnTotNghiep\V-Shield-2.0\analysis_linkage_hits.txt | C:\DoAnTotNghiep\V-Shield-2.0\AI_Project\test\prepare_hard_negative.py"
"resolve_device","6","1","C:\DoAnTotNghiep\V-Shield-2.0\analysis_python_hits.txt | C:\DoAnTotNghiep\V-Shield-2.0\analysis_linkage_hits.txt | C:\DoAnTotNghiep\V-Shield-2.0\analysis_name_declarations.csv | C:\DoAnTotNghiep\V-Shield-2.0\analysis_symbols_unique.txt | C:\DoAnTotNghiep\V-Shield-2.0\AI_Project\test\train_yolov8s_fire_smoke.py"
"API","2899","1","C:\DoAnTotNghiep\V-Shield-2.0\manage.ps1 | C:\DoAnTotNghiep\V-Shield-2.0\manage.ps1 | C:\DoAnTotNghiep\V-Shield-2.0\manage.ps1 | C:\DoAnTotNghiep\V-Shield-2.0\manage.ps1 | C:\DoAnTotNghiep\V-Shield-2.0\manage.ps1"
"Program","64","1","C:\DoAnTotNghiep\V-Shield-2.0\analysis_csharp_symbols.csv | C:\DoAnTotNghiep\V-Shield-2.0\analysis_csharp_symbols.csv | C:\DoAnTotNghiep\V-Shield-2.0\analysis_csharp_symbols.csv | C:\DoAnTotNghiep\V-Shield-2.0\analysis_csharp_symbols.csv | C:\DoAnTotNghiep\V-Shield-2.0\analysis_csharp_symbols.csv"
"Main","8","1","C:\DoAnTotNghiep\V-Shield-2.0\analysis_symbols_unique.txt | C:\DoAnTotNghiep\V-Shield-2.0\analysis_name_declarations.csv | C:\DoAnTotNghiep\V-Shield-2.0\AI_Project\test\prepare_hard_negative.py | C:\DoAnTotNghiep\V-Shield-2.0\AI_Project\test\prepare_hard_negative.py | C:\DoAnTotNghiep\V-Shield-2.0\View\src\pages\Vehicles.vue"
"EnsureSeedAdmin","5","1","C:\DoAnTotNghiep\V-Shield-2.0\analysis_name_declarations.csv | C:\DoAnTotNghiep\V-Shield-2.0\analysis_symbols_unique.txt | C:\DoAnTotNghiep\V-Shield-2.0\analysis_linkage_hits.txt | C:\DoAnTotNghiep\V-Shield-2.0\API\API\API\Program.cs | C:\DoAnTotNghiep\V-Shield-2.0\API\API\API\Program.cs"
"NormalizeUsername","10","1","C:\DoAnTotNghiep\V-Shield-2.0\analysis_name_declarations.csv | C:\DoAnTotNghiep\V-Shield-2.0\analysis_name_declarations.csv | C:\DoAnTotNghiep\V-Shield-2.0\analysis_name_declarations.csv | C:\DoAnTotNghiep\V-Shield-2.0\analysis_symbols_unique.txt | C:\DoAnTotNghiep\V-Shield-2.0\API\API\API\Controllers\UsersController.cs"
"EnsureGo2RtcRunning","4","1","C:\DoAnTotNghiep\V-Shield-2.0\analysis_symbols_unique.txt | C:\DoAnTotNghiep\V-Shield-2.0\analysis_name_declarations.csv | C:\DoAnTotNghiep\V-Shield-2.0\API\API\API\Program.cs | C:\DoAnTotNghiep\V-Shield-2.0\API\API\API\Program.cs"
"WeatherForecast","13","1","C:\DoAnTotNghiep\V-Shield-2.0\analysis_symbols_unique.txt | C:\DoAnTotNghiep\V-Shield-2.0\analysis_csharp_symbols.csv | C:\DoAnTotNghiep\V-Shield-2.0\analysis_csharp_symbols.csv | C:\DoAnTotNghiep\V-Shield-2.0\analysis_source_files.txt | C:\DoAnTotNghiep\V-Shield-2.0\analysis_name_declarations.csv"
"Date","72","1","C:\DoAnTotNghiep\V-Shield-2.0\analysis_symbols_unique.txt | C:\DoAnTotNghiep\V-Shield-2.0\analysis_name_declarations.csv | C:\DoAnTotNghiep\V-Shield-2.0\manage.ps1 | C:\DoAnTotNghiep\V-Shield-2.0\manage.ps1 | C:\DoAnTotNghiep\V-Shield-2.0\AccessControlDB_HoanChinh.sql"
"TemperatureC","5","1","C:\DoAnTotNghiep\V-Shield-2.0\analysis_symbols_unique.txt | C:\DoAnTotNghiep\V-Shield-2.0\analysis_name_declarations.csv | C:\DoAnTotNghiep\V-Shield-2.0\API\API\API\Controllers\WeatherForecastController.cs | C:\DoAnTotNghiep\V-Shield-2.0\API\API\API\WeatherForecast.cs | C:\DoAnTotNghiep\V-Shield-2.0\API\API\API\WeatherForecast.cs"
"Summary","4","1","C:\DoAnTotNghiep\V-Shield-2.0\analysis_name_declarations.csv | C:\DoAnTotNghiep\V-Shield-2.0\analysis_symbols_unique.txt | C:\DoAnTotNghiep\V-Shield-2.0\API\API\API\Controllers\WeatherForecastController.cs | C:\DoAnTotNghiep\V-Shield-2.0\API\API\API\WeatherForecast.cs"
"API.Controllers","1366","1","C:\DoAnTotNghiep\V-Shield-2.0\analysis_source_files.txt | C:\DoAnTotNghiep\V-Shield-2.0\analysis_source_files.txt | C:\DoAnTotNghiep\V-Shield-2.0\analysis_source_files.txt | C:\DoAnTotNghiep\V-Shield-2.0\analysis_source_files.txt | C:\DoAnTotNghiep\V-Shield-2.0\analysis_source_files.txt"
"AccessLogsController","64","1","C:\DoAnTotNghiep\V-Shield-2.0\analysis_symbols_unique.txt | C:\DoAnTotNghiep\V-Shield-2.0\analysis_source_files.txt | C:\DoAnTotNghiep\V-Shield-2.0\analysis_api_routes.txt | C:\DoAnTotNghiep\V-Shield-2.0\analysis_api_routes.txt | C:\DoAnTotNghiep\V-Shield-2.0\analysis_api_routes.txt"
"GetLogs","3","1","C:\DoAnTotNghiep\V-Shield-2.0\analysis_name_declarations.csv | C:\DoAnTotNghiep\V-Shield-2.0\API\API\API\Controllers\AccessLogsController.cs | C:\DoAnTotNghiep\V-Shield-2.0\analysis_symbols_unique.txt"
"GetSummary","5","1","C:\DoAnTotNghiep\V-Shield-2.0\analysis_symbols_unique.txt | C:\DoAnTotNghiep\V-Shield-2.0\analysis_name_declarations.csv | C:\DoAnTotNghiep\V-Shield-2.0\analysis_name_declarations.csv | C:\DoAnTotNghiep\V-Shield-2.0\API\API\API\Controllers\StatisticsController.cs | C:\DoAnTotNghiep\V-Shield-2.0\API\API\API\Controllers\AccessLogsController.cs"
"GetExceptions","3","1","C:\DoAnTotNghiep\V-Shield-2.0\analysis_symbols_unique.txt | C:\DoAnTotNghiep\V-Shield-2.0\analysis_name_declarations.csv | C:\DoAnTotNghiep\V-Shield-2.0\API\API\API\Controllers\AccessLogsController.cs"
"GetDetail","9","1","C:\DoAnTotNghiep\V-Shield-2.0\analysis_symbols_unique.txt | C:\DoAnTotNghiep\V-Shield-2.0\analysis_csharp_symbols.csv | C:\DoAnTotNghiep\V-Shield-2.0\analysis_name_declarations.csv | C:\DoAnTotNghiep\V-Shield-2.0\analysis_name_declarations.csv | C:\DoAnTotNghiep\V-Shield-2.0\analysis_name_declarations.csv"
"BuildLogProjectionQuery","6","1","C:\DoAnTotNghiep\V-Shield-2.0\analysis_symbols_unique.txt | C:\DoAnTotNghiep\V-Shield-2.0\analysis_name_declarations.csv | C:\DoAnTotNghiep\V-Shield-2.0\API\API\API\Controllers\AccessLogsController.cs | C:\DoAnTotNghiep\V-Shield-2.0\API\API\API\Controllers\AccessLogsController.cs | C:\DoAnTotNghiep\V-Shield-2.0\API\API\API\Controllers\AccessLogsController.cs"
"MapLogItem","6","1","C:\DoAnTotNghiep\V-Shield-2.0\analysis_name_declarations.csv | C:\DoAnTotNghiep\V-Shield-2.0\analysis_symbols_unique.txt | C:\DoAnTotNghiep\V-Shield-2.0\API\API\API\Controllers\AccessLogsController.cs | C:\DoAnTotNghiep\V-Shield-2.0\API\API\API\Controllers\AccessLogsController.cs | C:\DoAnTotNghiep\V-Shield-2.0\API\API\API\Controllers\AccessLogsController.cs"
"IsExceptionLog","5","1","C:\DoAnTotNghiep\V-Shield-2.0\analysis_symbols_unique.txt | C:\DoAnTotNghiep\V-Shield-2.0\analysis_name_declarations.csv | C:\DoAnTotNghiep\V-Shield-2.0\API\API\API\Controllers\AccessLogsController.cs | C:\DoAnTotNghiep\V-Shield-2.0\API\API\API\Controllers\AccessLogsController.cs | C:\DoAnTotNghiep\V-Shield-2.0\API\API\API\Controllers\AccessLogsController.cs"
"GetMethod","4","1","C:\DoAnTotNghiep\V-Shield-2.0\analysis_symbols_unique.txt | C:\DoAnTotNghiep\V-Shield-2.0\analysis_name_declarations.csv | C:\DoAnTotNghiep\V-Shield-2.0\API\API\API\Controllers\AccessLogsController.cs | C:\DoAnTotNghiep\V-Shield-2.0\API\API\API\Controllers\AccessLogsController.cs"
"LogId","32","1","C:\DoAnTotNghiep\V-Shield-2.0\analysis_linkage_hits.txt | C:\DoAnTotNghiep\V-Shield-2.0\analysis_linkage_hits.txt | C:\DoAnTotNghiep\V-Shield-2.0\analysis_symbols_unique.txt | C:\DoAnTotNghiep\V-Shield-2.0\AccessControlDB_HoanChinh.sql | C:\DoAnTotNghiep\V-Shield-2.0\AccessControlDB_HoanChinh.sql"
"Timestamp","48","1","C:\DoAnTotNghiep\V-Shield-2.0\analysis_symbols_unique.txt | C:\DoAnTotNghiep\V-Shield-2.0\AccessControlDB_HoanChinh.sql | C:\DoAnTotNghiep\V-Shield-2.0\analysis_name_declarations.csv | C:\DoAnTotNghiep\V-Shield-2.0\analysis_name_declarations.csv | C:\DoAnTotNghiep\V-Shield-2.0\analysis_name_declarations.csv"
"Direction","36","1","C:\DoAnTotNghiep\V-Shield-2.0\AccessControlDB_HoanChinh.sql | C:\DoAnTotNghiep\V-Shield-2.0\AccessControlDB_HoanChinh.sql | C:\DoAnTotNghiep\V-Shield-2.0\analysis_symbols_unique.txt | C:\DoAnTotNghiep\V-Shield-2.0\analysis_name_declarations.csv | C:\DoAnTotNghiep\V-Shield-2.0\analysis_name_declarations.csv"
"GateId","117","1","C:\DoAnTotNghiep\V-Shield-2.0\AccessControlDB_HoanChinh.sql | C:\DoAnTotNghiep\V-Shield-2.0\AccessControlDB_HoanChinh.sql | C:\DoAnTotNghiep\V-Shield-2.0\AccessControlDB_HoanChinh.sql | C:\DoAnTotNghiep\V-Shield-2.0\analysis_csharp_symbols.csv | C:\DoAnTotNghiep\V-Shield-2.0\analysis_symbols_unique.txt"
"GateName","36","1","C:\DoAnTotNghiep\V-Shield-2.0\analysis_symbols_unique.txt | C:\DoAnTotNghiep\V-Shield-2.0\AccessControlDB_HoanChinh.sql | C:\DoAnTotNghiep\V-Shield-2.0\analysis_name_declarations.csv | C:\DoAnTotNghiep\V-Shield-2.0\analysis_name_declarations.csv | C:\DoAnTotNghiep\V-Shield-2.0\analysis_name_declarations.csv"
"CameraId","80","1","C:\DoAnTotNghiep\V-Shield-2.0\AccessControlDB_HoanChinh.sql | C:\DoAnTotNghiep\V-Shield-2.0\AccessControlDB_HoanChinh.sql | C:\DoAnTotNghiep\V-Shield-2.0\analysis_csharp_symbols.csv | C:\DoAnTotNghiep\V-Shield-2.0\analysis_symbols_unique.txt | C:\DoAnTotNghiep\V-Shield-2.0\analysis_name_declarations.csv"
"CameraName","42","1","C:\DoAnTotNghiep\V-Shield-2.0\AccessControlDB_HoanChinh.sql | C:\DoAnTotNghiep\V-Shield-2.0\analysis_name_declarations.csv | C:\DoAnTotNghiep\V-Shield-2.0\analysis_name_declarations.csv | C:\DoAnTotNghiep\V-Shield-2.0\analysis_name_declarations.csv | C:\DoAnTotNghiep\V-Shield-2.0\analysis_name_declarations.csv"
"EmployeeId","267","1","C:\DoAnTotNghiep\V-Shield-2.0\analysis_symbols_unique.txt | C:\DoAnTotNghiep\V-Shield-2.0\AccessControlDB_HoanChinh.sql | C:\DoAnTotNghiep\V-Shield-2.0\AccessControlDB_HoanChinh.sql | C:\DoAnTotNghiep\V-Shield-2.0\AccessControlDB_HoanChinh.sql | C:\DoAnTotNghiep\V-Shield-2.0\AccessControlDB_HoanChinh.sql"
"RegistrationId","69","1","C:\DoAnTotNghiep\V-Shield-2.0\AccessControlDB_HoanChinh.sql | C:\DoAnTotNghiep\V-Shield-2.0\AccessControlDB_HoanChinh.sql | C:\DoAnTotNghiep\V-Shield-2.0\AccessControlDB_HoanChinh.sql | C:\DoAnTotNghiep\V-Shield-2.0\analysis_symbols_unique.txt | C:\DoAnTotNghiep\V-Shield-2.0\analysis_linkage_hits.txt"
"ActorName","7","1","C:\DoAnTotNghiep\V-Shield-2.0\analysis_symbols_unique.txt | C:\DoAnTotNghiep\V-Shield-2.0\analysis_name_declarations.csv | C:\DoAnTotNghiep\V-Shield-2.0\API\API\API\Controllers\AccessLogsController.cs | C:\DoAnTotNghiep\V-Shield-2.0\API\API\API\Controllers\AccessLogsController.cs | C:\DoAnTotNghiep\V-Shield-2.0\API\API\API\Controllers\AccessLogsController.cs"
"ActorType","5","1","C:\DoAnTotNghiep\V-Shield-2.0\analysis_name_declarations.csv | C:\DoAnTotNghiep\V-Shield-2.0\analysis_symbols_unique.txt | C:\DoAnTotNghiep\V-Shield-2.0\API\API\API\Controllers\AccessLogsController.cs | C:\DoAnTotNghiep\V-Shield-2.0\API\API\API\Controllers\AccessLogsController.cs | C:\DoAnTotNghiep\V-Shield-2.0\API\API\API\Controllers\AccessLogsController.cs"
"CapturedLicensePlate","39","1","C:\DoAnTotNghiep\V-Shield-2.0\analysis_name_declarations.csv | C:\DoAnTotNghiep\V-Shield-2.0\analysis_name_declarations.csv | C:\DoAnTotNghiep\V-Shield-2.0\analysis_name_declarations.csv | C:\DoAnTotNghiep\V-Shield-2.0\analysis_symbols_unique.txt | C:\DoAnTotNghiep\V-Shield-2.0\AccessControlDB_HoanChinh.sql"
"CapturedFaceImageUrl","14","1","C:\DoAnTotNghiep\V-Shield-2.0\analysis_symbols_unique.txt | C:\DoAnTotNghiep\V-Shield-2.0\analysis_name_declarations.csv | C:\DoAnTotNghiep\V-Shield-2.0\analysis_name_declarations.csv | C:\DoAnTotNghiep\V-Shield-2.0\API\API\API\Controllers\DashboardController.cs | C:\DoAnTotNghiep\V-Shield-2.0\API\API\API\Controllers\AccessLogsController.cs"
"ResultStatus","32","1","C:\DoAnTotNghiep\V-Shield-2.0\AccessControlDB_HoanChinh.sql | C:\DoAnTotNghiep\V-Shield-2.0\analysis_name_declarations.csv | C:\DoAnTotNghiep\V-Shield-2.0\analysis_name_declarations.csv | C:\DoAnTotNghiep\V-Shield-2.0\analysis_name_declarations.csv | C:\DoAnTotNghiep\V-Shield-2.0\analysis_linkage_hits.txt"
"IsBypass","31","1","C:\DoAnTotNghiep\V-Shield-2.0\analysis_symbols_unique.txt | C:\DoAnTotNghiep\V-Shield-2.0\analysis_name_declarations.csv | C:\DoAnTotNghiep\V-Shield-2.0\analysis_name_declarations.csv | C:\DoAnTotNghiep\V-Shield-2.0\AccessControlDB_HoanChinh.sql | C:\DoAnTotNghiep\V-Shield-2.0\analysis_linkage_hits.txt"
"ExceptionReasonId","27","1","C:\DoAnTotNghiep\V-Shield-2.0\analysis_symbols_unique.txt | C:\DoAnTotNghiep\V-Shield-2.0\analysis_name_declarations.csv | C:\DoAnTotNghiep\V-Shield-2.0\analysis_name_declarations.csv | C:\DoAnTotNghiep\V-Shield-2.0\AccessControlDB_HoanChinh.sql | C:\DoAnTotNghiep\V-Shield-2.0\analysis_linkage_hits.txt"
"ExceptionReasonCode","7","1","C:\DoAnTotNghiep\V-Shield-2.0\analysis_symbols_unique.txt | C:\DoAnTotNghiep\V-Shield-2.0\analysis_name_declarations.csv | C:\DoAnTotNghiep\V-Shield-2.0\API\API\API\Controllers\AccessLogsController.cs | C:\DoAnTotNghiep\V-Shield-2.0\API\API\API\Controllers\AccessLogsController.cs | C:\DoAnTotNghiep\V-Shield-2.0\API\API\API\Controllers\AccessLogsController.cs"
"ExceptionReasonDescription","7","1","C:\DoAnTotNghiep\V-Shield-2.0\analysis_symbols_unique.txt | C:\DoAnTotNghiep\V-Shield-2.0\analysis_name_declarations.csv | C:\DoAnTotNghiep\V-Shield-2.0\API\API\API\Controllers\AccessLogsController.cs | C:\DoAnTotNghiep\V-Shield-2.0\API\API\API\Controllers\AccessLogsController.cs | C:\DoAnTotNghiep\V-Shield-2.0\API\API\API\Controllers\AccessLogsController.cs"
"Note","37","1","C:\DoAnTotNghiep\V-Shield-2.0\AccessControlDB_HoanChinh.sql | C:\DoAnTotNghiep\V-Shield-2.0\analysis_ai_coupling.txt | C:\DoAnTotNghiep\V-Shield-2.0\analysis_symbols_unique.txt | C:\DoAnTotNghiep\V-Shield-2.0\analysis_linkage_hits.txt | C:\DoAnTotNghiep\V-Shield-2.0\analysis_linkage_hits.txt"
"EntryLogId","20","1","C:\DoAnTotNghiep\V-Shield-2.0\analysis_symbols_unique.txt | C:\DoAnTotNghiep\V-Shield-2.0\AccessControlDB_HoanChinh.sql | C:\DoAnTotNghiep\V-Shield-2.0\AccessControlDB_HoanChinh.sql | C:\DoAnTotNghiep\V-Shield-2.0\analysis_name_declarations.csv | C:\DoAnTotNghiep\V-Shield-2.0\analysis_name_declarations.csv"
"AccessPermissionController","25","1","C:\DoAnTotNghiep\V-Shield-2.0\analysis_api_routes.txt | C:\DoAnTotNghiep\V-Shield-2.0\analysis_api_routes.txt | C:\DoAnTotNghiep\V-Shield-2.0\analysis_symbols_unique.txt | C:\DoAnTotNghiep\V-Shield-2.0\analysis_source_files.txt | C:\DoAnTotNghiep\V-Shield-2.0\analysis_csharp_symbols.csv"
"SetPermission","3","1","C:\DoAnTotNghiep\V-Shield-2.0\analysis_name_declarations.csv | C:\DoAnTotNghiep\V-Shield-2.0\analysis_symbols_unique.txt | C:\DoAnTotNghiep\V-Shield-2.0\API\API\API\Controllers\AccessPermissionController.cs"
"AuthController","30","1","C:\DoAnTotNghiep\V-Shield-2.0\analysis_csharp_symbols.csv | C:\DoAnTotNghiep\V-Shield-2.0\analysis_csharp_symbols.csv | C:\DoAnTotNghiep\V-Shield-2.0\analysis_csharp_symbols.csv | C:\DoAnTotNghiep\V-Shield-2.0\analysis_csharp_symbols.csv | C:\DoAnTotNghiep\V-Shield-2.0\analysis_api_routes.txt"
"Login","122","1","C:\DoAnTotNghiep\V-Shield-2.0\analysis_symbols_unique.txt | C:\DoAnTotNghiep\V-Shield-2.0\analysis_source_files.txt | C:\DoAnTotNghiep\V-Shield-2.0\analysis_frontend_routes_services.txt | C:\DoAnTotNghiep\V-Shield-2.0\analysis_frontend_routes_services.txt | C:\DoAnTotNghiep\V-Shield-2.0\analysis_frontend_routes_services.txt"
"GetMe","3","1","C:\DoAnTotNghiep\V-Shield-2.0\analysis_symbols_unique.txt | C:\DoAnTotNghiep\V-Shield-2.0\analysis_name_declarations.csv | C:\DoAnTotNghiep\V-Shield-2.0\API\API\API\Controllers\AuthController.cs"
"BienSoController","40","1","C:\DoAnTotNghiep\V-Shield-2.0\analysis_api_routes.txt | C:\DoAnTotNghiep\V-Shield-2.0\analysis_api_routes.txt | C:\DoAnTotNghiep\V-Shield-2.0\analysis_api_routes.txt | C:\DoAnTotNghiep\V-Shield-2.0\analysis_api_routes.txt | C:\DoAnTotNghiep\V-Shield-2.0\analysis_api_routes.txt"
"GetCameras","7","1","C:\DoAnTotNghiep\V-Shield-2.0\analysis_csharp_symbols.csv | C:\DoAnTotNghiep\V-Shield-2.0\analysis_name_declarations.csv | C:\DoAnTotNghiep\V-Shield-2.0\analysis_name_declarations.csv | C:\DoAnTotNghiep\V-Shield-2.0\analysis_symbols_unique.txt | C:\DoAnTotNghiep\V-Shield-2.0\API\API\API\Controllers\DeviceManagementController.cs"
"GetPlates","3","1","C:\DoAnTotNghiep\V-Shield-2.0\analysis_name_declarations.csv | C:\DoAnTotNghiep\V-Shield-2.0\analysis_symbols_unique.txt | C:\DoAnTotNghiep\V-Shield-2.0\API\API\API\Controllers\BienSoController.cs"
"GetPlate","3","1","C:\DoAnTotNghiep\V-Shield-2.0\analysis_symbols_unique.txt | C:\DoAnTotNghiep\V-Shield-2.0\analysis_name_declarations.csv | C:\DoAnTotNghiep\V-Shield-2.0\API\API\API\Controllers\BienSoController.cs"
"GetCameraPlates","3","1","C:\DoAnTotNghiep\V-Shield-2.0\analysis_name_declarations.csv | C:\DoAnTotNghiep\V-Shield-2.0\analysis_symbols_unique.txt | C:\DoAnTotNghiep\V-Shield-2.0\API\API\API\Controllers\BienSoController.cs"
"BiometricsController","22","1","C:\DoAnTotNghiep\V-Shield-2.0\analysis_csharp_symbols.csv | C:\DoAnTotNghiep\V-Shield-2.0\analysis_csharp_symbols.csv | C:\DoAnTotNghiep\V-Shield-2.0\analysis_csharp_symbols.csv | C:\DoAnTotNghiep\V-Shield-2.0\analysis_api_routes.txt | C:\DoAnTotNghiep\V-Shield-2.0\analysis_api_routes.txt"
"GetOverview","7","1","C:\DoAnTotNghiep\V-Shield-2.0\analysis_name_declarations.csv | C:\DoAnTotNghiep\V-Shield-2.0\analysis_name_declarations.csv | C:\DoAnTotNghiep\V-Shield-2.0\analysis_name_declarations.csv | C:\DoAnTotNghiep\V-Shield-2.0\analysis_symbols_unique.txt | C:\DoAnTotNghiep\V-Shield-2.0\API\API\API\Controllers\DeviceManagementController.cs"
"DashboardController","24","1","C:\DoAnTotNghiep\V-Shield-2.0\analysis_csharp_symbols.csv | C:\DoAnTotNghiep\V-Shield-2.0\analysis_csharp_symbols.csv | C:\DoAnTotNghiep\V-Shield-2.0\analysis_csharp_symbols.csv | C:\DoAnTotNghiep\V-Shield-2.0\analysis_api_routes.txt | C:\DoAnTotNghiep\V-Shield-2.0\analysis_api_routes.txt"
"StartOfWeek","4","1","C:\DoAnTotNghiep\V-Shield-2.0\analysis_name_declarations.csv | C:\DoAnTotNghiep\V-Shield-2.0\analysis_symbols_unique.txt | C:\DoAnTotNghiep\V-Shield-2.0\API\API\API\Controllers\DashboardController.cs | C:\DoAnTotNghiep\V-Shield-2.0\API\API\API\Controllers\DashboardController.cs"
"GetWeekdayLabel","4","1","C:\DoAnTotNghiep\V-Shield-2.0\analysis_name_declarations.csv | C:\DoAnTotNghiep\V-Shield-2.0\analysis_symbols_unique.txt | C:\DoAnTotNghiep\V-Shield-2.0\API\API\API\Controllers\DashboardController.cs | C:\DoAnTotNghiep\V-Shield-2.0\API\API\API\Controllers\DashboardController.cs"
"DepartmentsController","49","1","C:\DoAnTotNghiep\V-Shield-2.0\analysis_source_files.txt | C:\DoAnTotNghiep\V-Shield-2.0\analysis_csharp_symbols.csv | C:\DoAnTotNghiep\V-Shield-2.0\analysis_csharp_symbols.csv | C:\DoAnTotNghiep\V-Shield-2.0\analysis_csharp_symbols.csv | C:\DoAnTotNghiep\V-Shield-2.0\analysis_csharp_symbols.csv"
"GetAll","23","1","C:\DoAnTotNghiep\V-Shield-2.0\analysis_symbols_unique.txt | C:\DoAnTotNghiep\V-Shield-2.0\analysis_csharp_symbols.csv | C:\DoAnTotNghiep\V-Shield-2.0\analysis_name_declarations.csv | C:\DoAnTotNghiep\V-Shield-2.0\analysis_name_declarations.csv | C:\DoAnTotNghiep\V-Shield-2.0\analysis_name_declarations.csv"
"GetById","23","1","C:\DoAnTotNghiep\V-Shield-2.0\analysis_symbols_unique.txt | C:\DoAnTotNghiep\V-Shield-2.0\analysis_name_declarations.csv | C:\DoAnTotNghiep\V-Shield-2.0\analysis_name_declarations.csv | C:\DoAnTotNghiep\V-Shield-2.0\analysis_name_declarations.csv | C:\DoAnTotNghiep\V-Shield-2.0\analysis_name_declarations.csv"
"Create","38","1","C:\DoAnTotNghiep\V-Shield-2.0\analysis_name_declarations.csv | C:\DoAnTotNghiep\V-Shield-2.0\analysis_name_declarations.csv | C:\DoAnTotNghiep\V-Shield-2.0\analysis_name_declarations.csv | C:\DoAnTotNghiep\V-Shield-2.0\analysis_name_declarations.csv | C:\DoAnTotNghiep\V-Shield-2.0\analysis_name_declarations.csv"
"Update","24","1","C:\DoAnTotNghiep\V-Shield-2.0\analysis_symbols_unique.txt | C:\DoAnTotNghiep\V-Shield-2.0\analysis_name_declarations.csv | C:\DoAnTotNghiep\V-Shield-2.0\analysis_name_declarations.csv | C:\DoAnTotNghiep\V-Shield-2.0\analysis_name_declarations.csv | C:\DoAnTotNghiep\V-Shield-2.0\analysis_name_declarations.csv"
"Delete","33","1","C:\DoAnTotNghiep\V-Shield-2.0\analysis_symbols_unique.txt | C:\DoAnTotNghiep\V-Shield-2.0\analysis_name_declarations.csv | C:\DoAnTotNghiep\V-Shield-2.0\analysis_name_declarations.csv | C:\DoAnTotNghiep\V-Shield-2.0\analysis_name_declarations.csv | C:\DoAnTotNghiep\V-Shield-2.0\analysis_name_declarations.csv"
"DeviceManagementController","136","1","C:\DoAnTotNghiep\V-Shield-2.0\analysis_csharp_symbols.csv | C:\DoAnTotNghiep\V-Shield-2.0\analysis_csharp_symbols.csv | C:\DoAnTotNghiep\V-Shield-2.0\analysis_csharp_symbols.csv | C:\DoAnTotNghiep\V-Shield-2.0\analysis_csharp_symbols.csv | C:\DoAnTotNghiep\V-Shield-2.0\analysis_csharp_symbols.csv"
"CreateCamera","3","1","C:\DoAnTotNghiep\V-Shield-2.0\analysis_symbols_unique.txt | C:\DoAnTotNghiep\V-Shield-2.0\analysis_name_declarations.csv | C:\DoAnTotNghiep\V-Shield-2.0\API\API\API\Controllers\DeviceManagementController.cs"
"UpdateCamera","3","1","C:\DoAnTotNghiep\V-Shield-2.0\analysis_symbols_unique.txt | C:\DoAnTotNghiep\V-Shield-2.0\analysis_name_declarations.csv | C:\DoAnTotNghiep\V-Shield-2.0\API\API\API\Controllers\DeviceManagementController.cs"
"DeleteCamera","3","1","C:\DoAnTotNghiep\V-Shield-2.0\analysis_symbols_unique.txt | C:\DoAnTotNghiep\V-Shield-2.0\analysis_name_declarations.csv | C:\DoAnTotNghiep\V-Shield-2.0\API\API\API\Controllers\DeviceManagementController.cs"
"GetGates","5","1","C:\DoAnTotNghiep\V-Shield-2.0\analysis_name_declarations.csv | C:\DoAnTotNghiep\V-Shield-2.0\analysis_symbols_unique.txt | C:\DoAnTotNghiep\V-Shield-2.0\analysis_csharp_symbols.csv | C:\DoAnTotNghiep\V-Shield-2.0\API\API\API\Controllers\DeviceManagementController.cs | C:\DoAnTotNghiep\V-Shield-2.0\API\API\API\Controllers\DeviceManagementController.cs"
"CreateGate","3","1","C:\DoAnTotNghiep\V-Shield-2.0\analysis_symbols_unique.txt | C:\DoAnTotNghiep\V-Shield-2.0\analysis_name_declarations.csv | C:\DoAnTotNghiep\V-Shield-2.0\API\API\API\Controllers\DeviceManagementController.cs"
"UpdateGate","3","1","C:\DoAnTotNghiep\V-Shield-2.0\analysis_name_declarations.csv | C:\DoAnTotNghiep\V-Shield-2.0\analysis_symbols_unique.txt | C:\DoAnTotNghiep\V-Shield-2.0\API\API\API\Controllers\DeviceManagementController.cs"
"DeleteGate","3","1","C:\DoAnTotNghiep\V-Shield-2.0\analysis_name_declarations.csv | C:\DoAnTotNghiep\V-Shield-2.0\analysis_symbols_unique.txt | C:\DoAnTotNghiep\V-Shield-2.0\API\API\API\Controllers\DeviceManagementController.cs"
"BuildCameraQuery","5","1","C:\DoAnTotNghiep\V-Shield-2.0\analysis_symbols_unique.txt | C:\DoAnTotNghiep\V-Shield-2.0\analysis_name_declarations.csv | C:\DoAnTotNghiep\V-Shield-2.0\API\API\API\Controllers\DeviceManagementController.cs | C:\DoAnTotNghiep\V-Shield-2.0\API\API\API\Controllers\DeviceManagementController.cs | C:\DoAnTotNghiep\V-Shield-2.0\API\API\API\Controllers\DeviceManagementController.cs"
"NormalizeOptional","19","1","C:\DoAnTotNghiep\V-Shield-2.0\analysis_symbols_unique.txt | C:\DoAnTotNghiep\V-Shield-2.0\analysis_name_declarations.csv | C:\DoAnTotNghiep\V-Shield-2.0\analysis_name_declarations.csv | C:\DoAnTotNghiep\V-Shield-2.0\analysis_linkage_hits.txt | C:\DoAnTotNghiep\V-Shield-2.0\analysis_linkage_hits.txt"
"CameraType","29","1","C:\DoAnTotNghiep\V-Shield-2.0\AccessControlDB_HoanChinh.sql | C:\DoAnTotNghiep\V-Shield-2.0\analysis_symbols_unique.txt | C:\DoAnTotNghiep\V-Shield-2.0\analysis_name_declarations.csv | C:\DoAnTotNghiep\V-Shield-2.0\analysis_name_declarations.csv | C:\DoAnTotNghiep\V-Shield-2.0\analysis_name_declarations.csv"
"StreamUrl","66","1","C:\DoAnTotNghiep\V-Shield-2.0\analysis_symbols_unique.txt | C:\DoAnTotNghiep\V-Shield-2.0\analysis_name_declarations.csv | C:\DoAnTotNghiep\V-Shield-2.0\analysis_name_declarations.csv | C:\DoAnTotNghiep\V-Shield-2.0\analysis_name_declarations.csv | C:\DoAnTotNghiep\V-Shield-2.0\analysis_name_declarations.csv"
"Location","27","1","C:\DoAnTotNghiep\V-Shield-2.0\analysis_symbols_unique.txt | C:\DoAnTotNghiep\V-Shield-2.0\manage.ps1 | C:\DoAnTotNghiep\V-Shield-2.0\manage.ps1 | C:\DoAnTotNghiep\V-Shield-2.0\manage.ps1 | C:\DoAnTotNghiep\V-Shield-2.0\manage.ps1"
"UrlView","32","1","C:\DoAnTotNghiep\V-Shield-2.0\analysis_symbols_unique.txt | C:\DoAnTotNghiep\V-Shield-2.0\analysis_name_declarations.csv | C:\DoAnTotNghiep\V-Shield-2.0\analysis_name_declarations.csv | C:\DoAnTotNghiep\V-Shield-2.0\analysis_name_declarations.csv | C:\DoAnTotNghiep\V-Shield-2.0\analysis_linkage_hits.txt"
"GateLocation","4","1","C:\DoAnTotNghiep\V-Shield-2.0\analysis_symbols_unique.txt | C:\DoAnTotNghiep\V-Shield-2.0\analysis_name_declarations.csv | C:\DoAnTotNghiep\V-Shield-2.0\API\API\API\Controllers\DeviceManagementController.cs | C:\DoAnTotNghiep\V-Shield-2.0\API\API\API\Controllers\DeviceManagementController.cs"
"AccessLogCount","4","1","C:\DoAnTotNghiep\V-Shield-2.0\analysis_name_declarations.csv | C:\DoAnTotNghiep\V-Shield-2.0\analysis_symbols_unique.txt | C:\DoAnTotNghiep\V-Shield-2.0\API\API\API\Controllers\DeviceManagementController.cs | C:\DoAnTotNghiep\V-Shield-2.0\API\API\API\Controllers\DeviceManagementController.cs"
"LastAccessAt","4","1","C:\DoAnTotNghiep\V-Shield-2.0\analysis_name_declarations.csv | C:\DoAnTotNghiep\V-Shield-2.0\analysis_symbols_unique.txt | C:\DoAnTotNghiep\V-Shield-2.0\API\API\API\Controllers\DeviceManagementController.cs | C:\DoAnTotNghiep\V-Shield-2.0\API\API\API\Controllers\DeviceManagementController.cs"
"LatestPlate","4","1","C:\DoAnTotNghiep\V-Shield-2.0\analysis_name_declarations.csv | C:\DoAnTotNghiep\V-Shield-2.0\analysis_symbols_unique.txt | C:\DoAnTotNghiep\V-Shield-2.0\API\API\API\Controllers\DeviceManagementController.cs | C:\DoAnTotNghiep\V-Shield-2.0\API\API\API\Controllers\DeviceManagementController.cs"
"LatestPlateAt","4","1","C:\DoAnTotNghiep\V-Shield-2.0\analysis_symbols_unique.txt | C:\DoAnTotNghiep\V-Shield-2.0\analysis_name_declarations.csv | C:\DoAnTotNghiep\V-Shield-2.0\API\API\API\Controllers\DeviceManagementController.cs | C:\DoAnTotNghiep\V-Shield-2.0\API\API\API\Controllers\DeviceManagementController.cs"
"NormalizeCameraUrl","13","1","C:\DoAnTotNghiep\V-Shield-2.0\analysis_name_declarations.csv | C:\DoAnTotNghiep\V-Shield-2.0\analysis_name_declarations.csv | C:\DoAnTotNghiep\V-Shield-2.0\analysis_linkage_hits.txt | C:\DoAnTotNghiep\V-Shield-2.0\analysis_linkage_hits.txt | C:\DoAnTotNghiep\V-Shield-2.0\analysis_linkage_hits.txt"
"IsDirectWebStream","11","1","C:\DoAnTotNghiep\V-Shield-2.0\analysis_symbols_unique.txt | C:\DoAnTotNghiep\V-Shield-2.0\analysis_name_declarations.csv | C:\DoAnTotNghiep\V-Shield-2.0\analysis_name_declarations.csv | C:\DoAnTotNghiep\V-Shield-2.0\analysis_linkage_hits.txt | C:\DoAnTotNghiep\V-Shield-2.0\analysis_linkage_hits.txt"
"ShouldProxyViaGo2Rtc","9","1","C:\DoAnTotNghiep\V-Shield-2.0\analysis_symbols_unique.txt | C:\DoAnTotNghiep\V-Shield-2.0\analysis_name_declarations.csv | C:\DoAnTotNghiep\V-Shield-2.0\analysis_name_declarations.csv | C:\DoAnTotNghiep\V-Shield-2.0\analysis_linkage_hits.txt | C:\DoAnTotNghiep\V-Shield-2.0\analysis_linkage_hits.txt"
"BuildCameraViewUrl","16","1","C:\DoAnTotNghiep\V-Shield-2.0\analysis_symbols_unique.txt | C:\DoAnTotNghiep\V-Shield-2.0\analysis_name_declarations.csv | C:\DoAnTotNghiep\V-Shield-2.0\analysis_name_declarations.csv | C:\DoAnTotNghiep\V-Shield-2.0\analysis_linkage_hits.txt | C:\DoAnTotNghiep\V-Shield-2.0\analysis_linkage_hits.txt"
"ResolveGo2RtcPublicBaseUrl","7","1","C:\DoAnTotNghiep\V-Shield-2.0\analysis_symbols_unique.txt | C:\DoAnTotNghiep\V-Shield-2.0\analysis_name_declarations.csv | C:\DoAnTotNghiep\V-Shield-2.0\analysis_name_declarations.csv | C:\DoAnTotNghiep\V-Shield-2.0\API\API\API\Controllers\DeviceManagementController.cs | C:\DoAnTotNghiep\V-Shield-2.0\API\API\API\Controllers\DeviceManagementController.cs"
"ResolvePublicAppBaseUrl","12","1","C:\DoAnTotNghiep\V-Shield-2.0\analysis_symbols_unique.txt | C:\DoAnTotNghiep\V-Shield-2.0\analysis_name_declarations.csv | C:\DoAnTotNghiep\V-Shield-2.0\analysis_name_declarations.csv | C:\DoAnTotNghiep\V-Shield-2.0\analysis_linkage_hits.txt | C:\DoAnTotNghiep\V-Shield-2.0\analysis_linkage_hits.txt"
"NormalizeBaseUrl","11","1","C:\DoAnTotNghiep\V-Shield-2.0\analysis_name_declarations.csv | C:\DoAnTotNghiep\V-Shield-2.0\analysis_name_declarations.csv | C:\DoAnTotNghiep\V-Shield-2.0\analysis_symbols_unique.txt | C:\DoAnTotNghiep\V-Shield-2.0\API\API\API\Controllers\DeviceManagementController.cs | C:\DoAnTotNghiep\V-Shield-2.0\API\API\API\Controllers\DeviceManagementController.cs"
"TryReloadGo2RtcAsync","6","1","C:\DoAnTotNghiep\V-Shield-2.0\analysis_symbols_unique.txt | C:\DoAnTotNghiep\V-Shield-2.0\analysis_name_declarations.csv | C:\DoAnTotNghiep\V-Shield-2.0\API\API\API\Controllers\DeviceManagementController.cs | C:\DoAnTotNghiep\V-Shield-2.0\API\API\API\Controllers\DeviceManagementController.cs | C:\DoAnTotNghiep\V-Shield-2.0\API\API\API\Controllers\DeviceManagementController.cs"
"EmployeesController","62","1","C:\DoAnTotNghiep\V-Shield-2.0\analysis_api_routes.txt | C:\DoAnTotNghiep\V-Shield-2.0\analysis_api_routes.txt | C:\DoAnTotNghiep\V-Shield-2.0\analysis_api_routes.txt | C:\DoAnTotNghiep\V-Shield-2.0\analysis_api_routes.txt | C:\DoAnTotNghiep\V-Shield-2.0\analysis_api_routes.txt"
"UploadFace","3","1","C:\DoAnTotNghiep\V-Shield-2.0\analysis_name_declarations.csv | C:\DoAnTotNghiep\V-Shield-2.0\analysis_symbols_unique.txt | C:\DoAnTotNghiep\V-Shield-2.0\API\API\API\Controllers\EmployeesController.cs"
"ExceptionReasonsController","44","1","C:\DoAnTotNghiep\V-Shield-2.0\analysis_name_declarations.csv | C:\DoAnTotNghiep\V-Shield-2.0\analysis_name_declarations.csv | C:\DoAnTotNghiep\V-Shield-2.0\analysis_name_declarations.csv | C:\DoAnTotNghiep\V-Shield-2.0\analysis_name_declarations.csv | C:\DoAnTotNghiep\V-Shield-2.0\analysis_name_declarations.csv"
"ReasonCode","27","1","C:\DoAnTotNghiep\V-Shield-2.0\AccessControlDB_HoanChinh.sql | C:\DoAnTotNghiep\V-Shield-2.0\analysis_linkage_hits.txt | C:\DoAnTotNghiep\V-Shield-2.0\analysis_symbols_unique.txt | C:\DoAnTotNghiep\V-Shield-2.0\analysis_name_declarations.csv | C:\DoAnTotNghiep\V-Shield-2.0\analysis_name_declarations.csv"
"Description","50","1","C:\DoAnTotNghiep\V-Shield-2.0\analysis_symbols_unique.txt | C:\DoAnTotNghiep\V-Shield-2.0\AccessControlDB_HoanChinh.sql | C:\DoAnTotNghiep\V-Shield-2.0\AccessControlDB_HoanChinh.sql | C:\DoAnTotNghiep\V-Shield-2.0\analysis_name_declarations.csv | C:\DoAnTotNghiep\V-Shield-2.0\analysis_name_declarations.csv"
"FaceCameraController","56","1","C:\DoAnTotNghiep\V-Shield-2.0\analysis_csharp_symbols.csv | C:\DoAnTotNghiep\V-Shield-2.0\analysis_csharp_symbols.csv | C:\DoAnTotNghiep\V-Shield-2.0\analysis_csharp_symbols.csv | C:\DoAnTotNghiep\V-Shield-2.0\analysis_csharp_symbols.csv | C:\DoAnTotNghiep\V-Shield-2.0\analysis_csharp_symbols.csv"
"TurnOnCamera","5","1","C:\DoAnTotNghiep\V-Shield-2.0\analysis_name_declarations.csv | C:\DoAnTotNghiep\V-Shield-2.0\analysis_name_declarations.csv | C:\DoAnTotNghiep\V-Shield-2.0\analysis_symbols_unique.txt | C:\DoAnTotNghiep\V-Shield-2.0\API\API\API\Controllers\PlateCameraController.cs | C:\DoAnTotNghiep\V-Shield-2.0\API\API\API\Controllers\FaceCameraController.cs"
"TurnOffCamera","5","1","C:\DoAnTotNghiep\V-Shield-2.0\analysis_symbols_unique.txt | C:\DoAnTotNghiep\V-Shield-2.0\analysis_name_declarations.csv | C:\DoAnTotNghiep\V-Shield-2.0\analysis_name_declarations.csv | C:\DoAnTotNghiep\V-Shield-2.0\API\API\API\Controllers\FaceCameraController.cs | C:\DoAnTotNghiep\V-Shield-2.0\API\API\API\Controllers\PlateCameraController.cs"
"ResetCameraState","5","1","C:\DoAnTotNghiep\V-Shield-2.0\analysis_name_declarations.csv | C:\DoAnTotNghiep\V-Shield-2.0\analysis_name_declarations.csv | C:\DoAnTotNghiep\V-Shield-2.0\analysis_symbols_unique.txt | C:\DoAnTotNghiep\V-Shield-2.0\API\API\API\Controllers\FaceCameraController.cs | C:\DoAnTotNghiep\V-Shield-2.0\API\API\API\Controllers\PlateCameraController.cs"
"GetCameraStatus","5","1","C:\DoAnTotNghiep\V-Shield-2.0\analysis_symbols_unique.txt | C:\DoAnTotNghiep\V-Shield-2.0\analysis_name_declarations.csv | C:\DoAnTotNghiep\V-Shield-2.0\analysis_name_declarations.csv | C:\DoAnTotNghiep\V-Shield-2.0\API\API\API\Controllers\PlateCameraController.cs | C:\DoAnTotNghiep\V-Shield-2.0\API\API\API\Controllers\FaceCameraController.cs"
"GetCameraResult","5","1","C:\DoAnTotNghiep\V-Shield-2.0\analysis_name_declarations.csv | C:\DoAnTotNghiep\V-Shield-2.0\analysis_name_declarations.csv | C:\DoAnTotNghiep\V-Shield-2.0\analysis_symbols_unique.txt | C:\DoAnTotNghiep\V-Shield-2.0\API\API\API\Controllers\FaceCameraController.cs | C:\DoAnTotNghiep\V-Shield-2.0\API\API\API\Controllers\PlateCameraController.cs"
"GetLockedImages","5","1","C:\DoAnTotNghiep\V-Shield-2.0\analysis_symbols_unique.txt | C:\DoAnTotNghiep\V-Shield-2.0\analysis_name_declarations.csv | C:\DoAnTotNghiep\V-Shield-2.0\analysis_name_declarations.csv | C:\DoAnTotNghiep\V-Shield-2.0\API\API\API\Controllers\PlateCameraController.cs | C:\DoAnTotNghiep\V-Shield-2.0\API\API\API\Controllers\FaceCameraController.cs"
"ProxyGetAsync","11","1","C:\DoAnTotNghiep\V-Shield-2.0\analysis_name_declarations.csv | C:\DoAnTotNghiep\V-Shield-2.0\analysis_name_declarations.csv | C:\DoAnTotNghiep\V-Shield-2.0\analysis_symbols_unique.txt | C:\DoAnTotNghiep\V-Shield-2.0\API\API\API\Controllers\FaceCameraController.cs | C:\DoAnTotNghiep\V-Shield-2.0\API\API\API\Controllers\FaceCameraController.cs"
"ProxyPostAsync","9","1","C:\DoAnTotNghiep\V-Shield-2.0\analysis_symbols_unique.txt | C:\DoAnTotNghiep\V-Shield-2.0\analysis_name_declarations.csv | C:\DoAnTotNghiep\V-Shield-2.0\analysis_name_declarations.csv | C:\DoAnTotNghiep\V-Shield-2.0\API\API\API\Controllers\PlateCameraController.cs | C:\DoAnTotNghiep\V-Shield-2.0\API\API\API\Controllers\PlateCameraController.cs"
"BuildServiceUrl","11","1","C:\DoAnTotNghiep\V-Shield-2.0\analysis_symbols_unique.txt | C:\DoAnTotNghiep\V-Shield-2.0\analysis_name_declarations.csv | C:\DoAnTotNghiep\V-Shield-2.0\analysis_name_declarations.csv | C:\DoAnTotNghiep\V-Shield-2.0\API\API\API\Controllers\PlateCameraController.cs | C:\DoAnTotNghiep\V-Shield-2.0\API\API\API\Controllers\PlateCameraController.cs"
"ResolveServiceBaseUrl","10","1","C:\DoAnTotNghiep\V-Shield-2.0\analysis_name_declarations.csv | C:\DoAnTotNghiep\V-Shield-2.0\analysis_name_declarations.csv | C:\DoAnTotNghiep\V-Shield-2.0\analysis_name_declarations.csv | C:\DoAnTotNghiep\V-Shield-2.0\analysis_symbols_unique.txt | C:\DoAnTotNghiep\V-Shield-2.0\API\API\API\Controllers\FaceCameraController.cs"
"Ip","5","1","C:\DoAnTotNghiep\V-Shield-2.0\analysis_symbols_unique.txt | C:\DoAnTotNghiep\V-Shield-2.0\analysis_name_declarations.csv | C:\DoAnTotNghiep\V-Shield-2.0\analysis_name_declarations.csv | C:\DoAnTotNghiep\V-Shield-2.0\API\API\API\Controllers\PlateCameraController.cs | C:\DoAnTotNghiep\V-Shield-2.0\API\API\API\Controllers\FaceCameraController.cs"
"FaceIDController","68","1","C:\DoAnTotNghiep\V-Shield-2.0\analysis_api_routes.txt | C:\DoAnTotNghiep\V-Shield-2.0\analysis_api_routes.txt | C:\DoAnTotNghiep\V-Shield-2.0\analysis_api_routes.txt | C:\DoAnTotNghiep\V-Shield-2.0\analysis_api_routes.txt | C:\DoAnTotNghiep\V-Shield-2.0\analysis_api_routes.txt"
"HttpClient","5","1","C:\DoAnTotNghiep\V-Shield-2.0\analysis_symbols_unique.txt | C:\DoAnTotNghiep\V-Shield-2.0\analysis_name_declarations.csv | C:\DoAnTotNghiep\V-Shield-2.0\API\API\API\Services\LanCameraDiscoveryService.cs | C:\DoAnTotNghiep\V-Shield-2.0\API\API\API\Services\LanCameraDiscoveryService.cs | C:\DoAnTotNghiep\V-Shield-2.0\API\API\API\Controllers\FaceIDController.cs"
"StringBuilder","8","1","C:\DoAnTotNghiep\V-Shield-2.0\analysis_symbols_unique.txt | C:\DoAnTotNghiep\V-Shield-2.0\analysis_name_declarations.csv | C:\DoAnTotNghiep\V-Shield-2.0\API\API\API\Controllers\DeviceManagementController.cs | C:\DoAnTotNghiep\V-Shield-2.0\API\API\API\Controllers\FaceIDController.cs | C:\DoAnTotNghiep\V-Shield-2.0\API\API\API\Controllers\QR_DongController.cs"
"ResolvePythonFolder","5","1","C:\DoAnTotNghiep\V-Shield-2.0\analysis_name_declarations.csv | C:\DoAnTotNghiep\V-Shield-2.0\analysis_name_declarations.csv | C:\DoAnTotNghiep\V-Shield-2.0\analysis_symbols_unique.txt | C:\DoAnTotNghiep\V-Shield-2.0\API\API\API\Controllers\FaceIDController.cs | C:\DoAnTotNghiep\V-Shield-2.0\API\API\API\Controllers\FaceIDController.cs"
"IsPythonServiceAvailable","5","1","C:\DoAnTotNghiep\V-Shield-2.0\analysis_symbols_unique.txt | C:\DoAnTotNghiep\V-Shield-2.0\analysis_name_declarations.csv | C:\DoAnTotNghiep\V-Shield-2.0\API\API\API\Controllers\FaceIDController.cs | C:\DoAnTotNghiep\V-Shield-2.0\API\API\API\Controllers\FaceIDController.cs | C:\DoAnTotNghiep\V-Shield-2.0\API\API\API\Controllers\FaceIDController.cs"
"BuildPythonUrl","7","1","C:\DoAnTotNghiep\V-Shield-2.0\analysis_symbols_unique.txt | C:\DoAnTotNghiep\V-Shield-2.0\analysis_name_declarations.csv | C:\DoAnTotNghiep\V-Shield-2.0\API\API\API\Controllers\FaceIDController.cs | C:\DoAnTotNghiep\V-Shield-2.0\API\API\API\Controllers\FaceIDController.cs | C:\DoAnTotNghiep\V-Shield-2.0\API\API\API\Controllers\FaceIDController.cs"
"ResolvePythonExecutable","4","1","C:\DoAnTotNghiep\V-Shield-2.0\analysis_symbols_unique.txt | C:\DoAnTotNghiep\V-Shield-2.0\analysis_name_declarations.csv | C:\DoAnTotNghiep\V-Shield-2.0\API\API\API\Controllers\FaceIDController.cs | C:\DoAnTotNghiep\V-Shield-2.0\API\API\API\Controllers\FaceIDController.cs"
"ResolveUvicornHost","4","1","C:\DoAnTotNghiep\V-Shield-2.0\analysis_name_declarations.csv | C:\DoAnTotNghiep\V-Shield-2.0\analysis_symbols_unique.txt | C:\DoAnTotNghiep\V-Shield-2.0\API\API\API\Controllers\FaceIDController.cs | C:\DoAnTotNghiep\V-Shield-2.0\API\API\API\Controllers\FaceIDController.cs"
"Status","114","1","C:\DoAnTotNghiep\V-Shield-2.0\AccessControlDB_HoanChinh.sql | C:\DoAnTotNghiep\V-Shield-2.0\AccessControlDB_HoanChinh.sql | C:\DoAnTotNghiep\V-Shield-2.0\analysis_ai_coupling.txt | C:\DoAnTotNghiep\V-Shield-2.0\analysis_ai_coupling.txt | C:\DoAnTotNghiep\V-Shield-2.0\analysis_ai_coupling.txt"
"StartCamera","3","1","C:\DoAnTotNghiep\V-Shield-2.0\analysis_name_declarations.csv | C:\DoAnTotNghiep\V-Shield-2.0\analysis_symbols_unique.txt | C:\DoAnTotNghiep\V-Shield-2.0\API\API\API\Controllers\FaceIDController.cs"
"StopCamera","3","1","C:\DoAnTotNghiep\V-Shield-2.0\analysis_symbols_unique.txt | C:\DoAnTotNghiep\V-Shield-2.0\analysis_name_declarations.csv | C:\DoAnTotNghiep\V-Shield-2.0\API\API\API\Controllers\FaceIDController.cs"
"DiscoverIpWebcam","3","1","C:\DoAnTotNghiep\V-Shield-2.0\analysis_name_declarations.csv | C:\DoAnTotNghiep\V-Shield-2.0\analysis_symbols_unique.txt | C:\DoAnTotNghiep\V-Shield-2.0\API\API\API\Controllers\FaceIDController.cs"
"ShutdownPython","3","1","C:\DoAnTotNghiep\V-Shield-2.0\analysis_name_declarations.csv | C:\DoAnTotNghiep\V-Shield-2.0\analysis_symbols_unique.txt | C:\DoAnTotNghiep\V-Shield-2.0\API\API\API\Controllers\FaceIDController.cs"
"GuestProfilesController","53","1","C:\DoAnTotNghiep\V-Shield-2.0\analysis_csharp_symbols.csv | C:\DoAnTotNghiep\V-Shield-2.0\analysis_csharp_symbols.csv | C:\DoAnTotNghiep\V-Shield-2.0\analysis_csharp_symbols.csv | C:\DoAnTotNghiep\V-Shield-2.0\analysis_csharp_symbols.csv | C:\DoAnTotNghiep\V-Shield-2.0\analysis_csharp_symbols.csv"
"FullName","131","1","C:\DoAnTotNghiep\V-Shield-2.0\analysis_symbols_unique.txt | C:\DoAnTotNghiep\V-Shield-2.0\analysis_name_declarations.csv | C:\DoAnTotNghiep\V-Shield-2.0\analysis_name_declarations.csv | C:\DoAnTotNghiep\V-Shield-2.0\analysis_name_declarations.csv | C:\DoAnTotNghiep\V-Shield-2.0\analysis_name_declarations.csv"
"Phone","63","1","C:\DoAnTotNghiep\V-Shield-2.0\analysis_symbols_unique.txt | C:\DoAnTotNghiep\V-Shield-2.0\AccessControlDB_HoanChinh.sql | C:\DoAnTotNghiep\V-Shield-2.0\AccessControlDB_HoanChinh.sql | C:\DoAnTotNghiep\V-Shield-2.0\analysis_linkage_hits.txt | C:\DoAnTotNghiep\V-Shield-2.0\analysis_linkage_hits.txt"
"DefaultLicensePlate","17","1","C:\DoAnTotNghiep\V-Shield-2.0\analysis_name_declarations.csv | C:\DoAnTotNghiep\V-Shield-2.0\analysis_name_declarations.csv | C:\DoAnTotNghiep\V-Shield-2.0\AccessControlDB_HoanChinh.sql | C:\DoAnTotNghiep\V-Shield-2.0\analysis_symbols_unique.txt | C:\DoAnTotNghiep\V-Shield-2.0\analysis_linkage_hits.txt"
"FaceImageUrl","50","1","C:\DoAnTotNghiep\V-Shield-2.0\analysis_symbols_unique.txt | C:\DoAnTotNghiep\V-Shield-2.0\analysis_name_declarations.csv | C:\DoAnTotNghiep\V-Shield-2.0\analysis_name_declarations.csv | C:\DoAnTotNghiep\V-Shield-2.0\analysis_name_declarations.csv | C:\DoAnTotNghiep\V-Shield-2.0\analysis_name_declarations.csv"
"PlateCameraController","56","1","C:\DoAnTotNghiep\V-Shield-2.0\analysis_csharp_symbols.csv | C:\DoAnTotNghiep\V-Shield-2.0\analysis_csharp_symbols.csv | C:\DoAnTotNghiep\V-Shield-2.0\analysis_csharp_symbols.csv | C:\DoAnTotNghiep\V-Shield-2.0\analysis_csharp_symbols.csv | C:\DoAnTotNghiep\V-Shield-2.0\analysis_csharp_symbols.csv"
"PositionsController","49","1","C:\DoAnTotNghiep\V-Shield-2.0\analysis_symbols_unique.txt | C:\DoAnTotNghiep\V-Shield-2.0\analysis_api_routes.txt | C:\DoAnTotNghiep\V-Shield-2.0\analysis_api_routes.txt | C:\DoAnTotNghiep\V-Shield-2.0\analysis_api_routes.txt | C:\DoAnTotNghiep\V-Shield-2.0\analysis_api_routes.txt"
"PreRegistrationController","54","1","C:\DoAnTotNghiep\V-Shield-2.0\analysis_source_files.txt | C:\DoAnTotNghiep\V-Shield-2.0\analysis_name_declarations.csv | C:\DoAnTotNghiep\V-Shield-2.0\analysis_name_declarations.csv | C:\DoAnTotNghiep\V-Shield-2.0\analysis_name_declarations.csv | C:\DoAnTotNghiep\V-Shield-2.0\analysis_name_declarations.csv"
"ValidateToken","3","1","C:\DoAnTotNghiep\V-Shield-2.0\analysis_symbols_unique.txt | C:\DoAnTotNghiep\V-Shield-2.0\analysis_name_declarations.csv | C:\DoAnTotNghiep\V-Shield-2.0\API\API\API\Controllers\PreRegistrationController.cs"
"SubmitRegistration","3","1","C:\DoAnTotNghiep\V-Shield-2.0\analysis_name_declarations.csv | C:\DoAnTotNghiep\V-Shield-2.0\analysis_symbols_unique.txt | C:\DoAnTotNghiep\V-Shield-2.0\API\API\API\Controllers\PreRegistrationController.cs"
"UpdateStatus","3","1","C:\DoAnTotNghiep\V-Shield-2.0\analysis_symbols_unique.txt | C:\DoAnTotNghiep\V-Shield-2.0\analysis_name_declarations.csv | C:\DoAnTotNghiep\V-Shield-2.0\API\API\API\Controllers\PreRegistrationController.cs"
"VerifyVisitorQr","3","1","C:\DoAnTotNghiep\V-Shield-2.0\analysis_symbols_unique.txt | C:\DoAnTotNghiep\V-Shield-2.0\analysis_name_declarations.csv | C:\DoAnTotNghiep\V-Shield-2.0\API\API\API\Controllers\PreRegistrationController.cs"
"QrAccessController","27","1","C:\DoAnTotNghiep\V-Shield-2.0\analysis_source_files.txt | C:\DoAnTotNghiep\V-Shield-2.0\analysis_csharp_symbols.csv | C:\DoAnTotNghiep\V-Shield-2.0\analysis_csharp_symbols.csv | C:\DoAnTotNghiep\V-Shield-2.0\analysis_csharp_symbols.csv | C:\DoAnTotNghiep\V-Shield-2.0\analysis_api_routes.txt"
"ScanAccess","3","1","C:\DoAnTotNghiep\V-Shield-2.0\analysis_symbols_unique.txt | C:\DoAnTotNghiep\V-Shield-2.0\analysis_name_declarations.csv | C:\DoAnTotNghiep\V-Shield-2.0\API\API\API\Controllers\QrAccessController.cs"
"QR_DongController","47","1","C:\DoAnTotNghiep\V-Shield-2.0\analysis_source_files.txt | C:\DoAnTotNghiep\V-Shield-2.0\analysis_name_declarations.csv | C:\DoAnTotNghiep\V-Shield-2.0\analysis_name_declarations.csv | C:\DoAnTotNghiep\V-Shield-2.0\analysis_name_declarations.csv | C:\DoAnTotNghiep\V-Shield-2.0\analysis_name_declarations.csv"
"GenerateDynamicQr","3","1","C:\DoAnTotNghiep\V-Shield-2.0\analysis_name_declarations.csv | C:\DoAnTotNghiep\V-Shield-2.0\analysis_symbols_unique.txt | C:\DoAnTotNghiep\V-Shield-2.0\API\API\API\Controllers\QR_DongController.cs"
"VerifyDynamicQr","3","1","C:\DoAnTotNghiep\V-Shield-2.0\analysis_symbols_unique.txt | C:\DoAnTotNghiep\V-Shield-2.0\analysis_name_declarations.csv | C:\DoAnTotNghiep\V-Shield-2.0\API\API\API\Controllers\QR_DongController.cs"
"SaveScanLog","12","1","C:\DoAnTotNghiep\V-Shield-2.0\analysis_name_declarations.csv | C:\DoAnTotNghiep\V-Shield-2.0\analysis_symbols_unique.txt | C:\DoAnTotNghiep\V-Shield-2.0\API\API\API\Controllers\QR_DongController.cs | C:\DoAnTotNghiep\V-Shield-2.0\API\API\API\Controllers\QR_DongController.cs | C:\DoAnTotNghiep\V-Shield-2.0\API\API\API\Controllers\QR_DongController.cs"
"GetCurrentCounter","5","1","C:\DoAnTotNghiep\V-Shield-2.0\analysis_symbols_unique.txt | C:\DoAnTotNghiep\V-Shield-2.0\analysis_name_declarations.csv | C:\DoAnTotNghiep\V-Shield-2.0\API\API\API\Controllers\QR_DongController.cs | C:\DoAnTotNghiep\V-Shield-2.0\API\API\API\Controllers\QR_DongController.cs | C:\DoAnTotNghiep\V-Shield-2.0\API\API\API\Controllers\QR_DongController.cs"
"GetCounterExpiryUtc","5","1","C:\DoAnTotNghiep\V-Shield-2.0\analysis_name_declarations.csv | C:\DoAnTotNghiep\V-Shield-2.0\analysis_symbols_unique.txt | C:\DoAnTotNghiep\V-Shield-2.0\API\API\API\Controllers\QR_DongController.cs | C:\DoAnTotNghiep\V-Shield-2.0\API\API\API\Controllers\QR_DongController.cs | C:\DoAnTotNghiep\V-Shield-2.0\API\API\API\Controllers\QR_DongController.cs"
"GenerateTotp","5","1","C:\DoAnTotNghiep\V-Shield-2.0\analysis_name_declarations.csv | C:\DoAnTotNghiep\V-Shield-2.0\analysis_symbols_unique.txt | C:\DoAnTotNghiep\V-Shield-2.0\API\API\API\Controllers\QR_DongController.cs | C:\DoAnTotNghiep\V-Shield-2.0\API\API\API\Controllers\QR_DongController.cs | C:\DoAnTotNghiep\V-Shield-2.0\API\API\API\Controllers\QR_DongController.cs"
"GenerateBase32Secret","4","1","C:\DoAnTotNghiep\V-Shield-2.0\analysis_symbols_unique.txt | C:\DoAnTotNghiep\V-Shield-2.0\analysis_name_declarations.csv | C:\DoAnTotNghiep\V-Shield-2.0\API\API\API\Controllers\QR_DongController.cs | C:\DoAnTotNghiep\V-Shield-2.0\API\API\API\Controllers\QR_DongController.cs"
"ParseQrPayload","4","1","C:\DoAnTotNghiep\V-Shield-2.0\analysis_symbols_unique.txt | C:\DoAnTotNghiep\V-Shield-2.0\analysis_name_declarations.csv | C:\DoAnTotNghiep\V-Shield-2.0\API\API\API\Controllers\QR_DongController.cs | C:\DoAnTotNghiep\V-Shield-2.0\API\API\API\Controllers\QR_DongController.cs"
"FixedTimeEquals","8","1","C:\DoAnTotNghiep\V-Shield-2.0\analysis_name_declarations.csv | C:\DoAnTotNghiep\V-Shield-2.0\analysis_name_declarations.csv | C:\DoAnTotNghiep\V-Shield-2.0\analysis_symbols_unique.txt | C:\DoAnTotNghiep\V-Shield-2.0\API\API\API\Controllers\QR_DongController.cs | C:\DoAnTotNghiep\V-Shield-2.0\API\API\API\Controllers\QR_DongController.cs"
"Base32Encode","7","1","C:\DoAnTotNghiep\V-Shield-2.0\analysis_symbols_unique.txt | C:\DoAnTotNghiep\V-Shield-2.0\analysis_name_declarations.csv | C:\DoAnTotNghiep\V-Shield-2.0\analysis_name_declarations.csv | C:\DoAnTotNghiep\V-Shield-2.0\API\API\API\Controllers\QR_DongController.cs | C:\DoAnTotNghiep\V-Shield-2.0\API\API\API\Controllers\QR_DongController.cs"
"Base32Decode","7","1","C:\DoAnTotNghiep\V-Shield-2.0\analysis_name_declarations.csv | C:\DoAnTotNghiep\V-Shield-2.0\analysis_name_declarations.csv | C:\DoAnTotNghiep\V-Shield-2.0\analysis_symbols_unique.txt | C:\DoAnTotNghiep\V-Shield-2.0\API\API\API\Controllers\QR_DongController.cs | C:\DoAnTotNghiep\V-Shield-2.0\API\API\API\Controllers\QR_DongController.cs"
"TryVerifyStaticVisitorQr","5","1","C:\DoAnTotNghiep\V-Shield-2.0\analysis_name_declarations.csv | C:\DoAnTotNghiep\V-Shield-2.0\analysis_symbols_unique.txt | C:\DoAnTotNghiep\V-Shield-2.0\API\API\API\Controllers\QR_DongController.cs | C:\DoAnTotNghiep\V-Shield-2.0\API\API\API\Controllers\QR_DongController.cs | C:\DoAnTotNghiep\V-Shield-2.0\API\API\API\Controllers\QR_DongController.cs"
"RegistrationLinkController","32","1","C:\DoAnTotNghiep\V-Shield-2.0\analysis_symbols_unique.txt | C:\DoAnTotNghiep\V-Shield-2.0\analysis_api_routes.txt | C:\DoAnTotNghiep\V-Shield-2.0\analysis_api_routes.txt | C:\DoAnTotNghiep\V-Shield-2.0\analysis_api_routes.txt | C:\DoAnTotNghiep\V-Shield-2.0\analysis_source_files.txt"
"CreateLink","3","1","C:\DoAnTotNghiep\V-Shield-2.0\analysis_symbols_unique.txt | C:\DoAnTotNghiep\V-Shield-2.0\analysis_name_declarations.csv | C:\DoAnTotNghiep\V-Shield-2.0\API\API\API\Controllers\RegistrationLinkController.cs"
"GetLinks","3","1","C:\DoAnTotNghiep\V-Shield-2.0\analysis_symbols_unique.txt | C:\DoAnTotNghiep\V-Shield-2.0\analysis_name_declarations.csv | C:\DoAnTotNghiep\V-Shield-2.0\API\API\API\Controllers\RegistrationLinkController.cs"
"RuntimeServicesController","41","1","C:\DoAnTotNghiep\V-Shield-2.0\analysis_api_routes.txt | C:\DoAnTotNghiep\V-Shield-2.0\analysis_api_routes.txt | C:\DoAnTotNghiep\V-Shield-2.0\analysis_api_routes.txt | C:\DoAnTotNghiep\V-Shield-2.0\analysis_api_routes.txt | C:\DoAnTotNghiep\V-Shield-2.0\analysis_api_routes.txt"
"UpdateConfig","6","1","C:\DoAnTotNghiep\V-Shield-2.0\analysis_symbols_unique.txt | C:\DoAnTotNghiep\V-Shield-2.0\analysis_name_declarations.csv | C:\DoAnTotNghiep\V-Shield-2.0\analysis_name_declarations.csv | C:\DoAnTotNghiep\V-Shield-2.0\API\API\API\Controllers\RuntimeServicesController.cs | C:\DoAnTotNghiep\V-Shield-2.0\API\API\API\Controllers\RuntimeServicesController.cs"
"StartService","3","1","C:\DoAnTotNghiep\V-Shield-2.0\analysis_symbols_unique.txt | C:\DoAnTotNghiep\V-Shield-2.0\analysis_name_declarations.csv | C:\DoAnTotNghiep\V-Shield-2.0\API\API\API\Controllers\RuntimeServicesController.cs"
"StopService","3","1","C:\DoAnTotNghiep\V-Shield-2.0\analysis_name_declarations.csv | C:\DoAnTotNghiep\V-Shield-2.0\analysis_symbols_unique.txt | C:\DoAnTotNghiep\V-Shield-2.0\API\API\API\Controllers\RuntimeServicesController.cs"
"Enabled","15","1","C:\DoAnTotNghiep\V-Shield-2.0\analysis_symbols_unique.txt | C:\DoAnTotNghiep\V-Shield-2.0\analysis_name_declarations.csv | C:\DoAnTotNghiep\V-Shield-2.0\analysis_name_declarations.csv | C:\DoAnTotNghiep\V-Shield-2.0\analysis_name_declarations.csv | C:\DoAnTotNghiep\V-Shield-2.0\AI_Project\cam\cam_gia_lap\mediamtx_v1.17.1_windows_amd64\mediamtx.yml"
"AutoStart","26","1","C:\DoAnTotNghiep\V-Shield-2.0\analysis_symbols_unique.txt | C:\DoAnTotNghiep\V-Shield-2.0\analysis_name_declarations.csv | C:\DoAnTotNghiep\V-Shield-2.0\analysis_name_declarations.csv | C:\DoAnTotNghiep\V-Shield-2.0\analysis_name_declarations.csv | C:\DoAnTotNghiep\V-Shield-2.0\analysis_linkage_hits.txt"
"SetCamController","163","1","C:\DoAnTotNghiep\V-Shield-2.0\analysis_api_routes.txt | C:\DoAnTotNghiep\V-Shield-2.0\analysis_api_routes.txt | C:\DoAnTotNghiep\V-Shield-2.0\analysis_api_routes.txt | C:\DoAnTotNghiep\V-Shield-2.0\analysis_api_routes.txt | C:\DoAnTotNghiep\V-Shield-2.0\analysis_api_routes.txt"
"ReloadGo2Rtc","3","1","C:\DoAnTotNghiep\V-Shield-2.0\analysis_name_declarations.csv | C:\DoAnTotNghiep\V-Shield-2.0\analysis_symbols_unique.txt | C:\DoAnTotNghiep\V-Shield-2.0\API\API\API\Controllers\SetCamController.cs"
"StopGo2Rtc","3","1","C:\DoAnTotNghiep\V-Shield-2.0\analysis_name_declarations.csv | C:\DoAnTotNghiep\V-Shield-2.0\analysis_symbols_unique.txt | C:\DoAnTotNghiep\V-Shield-2.0\API\API\API\Controllers\SetCamController.cs"
"StartPythonQr","3","1","C:\DoAnTotNghiep\V-Shield-2.0\analysis_name_declarations.csv | C:\DoAnTotNghiep\V-Shield-2.0\analysis_symbols_unique.txt | C:\DoAnTotNghiep\V-Shield-2.0\API\API\API\Controllers\SetCamController.cs"
"StopPythonQr","3","1","C:\DoAnTotNghiep\V-Shield-2.0\analysis_symbols_unique.txt | C:\DoAnTotNghiep\V-Shield-2.0\analysis_name_declarations.csv | C:\DoAnTotNghiep\V-Shield-2.0\API\API\API\Controllers\SetCamController.cs"
"StartPythonPlate","3","1","C:\DoAnTotNghiep\V-Shield-2.0\analysis_symbols_unique.txt | C:\DoAnTotNghiep\V-Shield-2.0\analysis_name_declarations.csv | C:\DoAnTotNghiep\V-Shield-2.0\API\API\API\Controllers\SetCamController.cs"
"StopPythonPlate","3","1","C:\DoAnTotNghiep\V-Shield-2.0\analysis_symbols_unique.txt | C:\DoAnTotNghiep\V-Shield-2.0\analysis_name_declarations.csv | C:\DoAnTotNghiep\V-Shield-2.0\API\API\API\Controllers\SetCamController.cs"
"StartPythonCamGiaLap","3","1","C:\DoAnTotNghiep\V-Shield-2.0\analysis_symbols_unique.txt | C:\DoAnTotNghiep\V-Shield-2.0\analysis_name_declarations.csv | C:\DoAnTotNghiep\V-Shield-2.0\API\API\API\Controllers\SetCamController.cs"
"StopPythonCamGiaLap","6","1","C:\DoAnTotNghiep\V-Shield-2.0\analysis_symbols_unique.txt | C:\DoAnTotNghiep\V-Shield-2.0\analysis_name_declarations.csv | C:\DoAnTotNghiep\V-Shield-2.0\analysis_name_declarations.csv | C:\DoAnTotNghiep\V-Shield-2.0\API\API\API\Controllers\SetCamController.cs | C:\DoAnTotNghiep\V-Shield-2.0\API\API\API\Services\RuntimeOrchestrator.cs"
"StatusPython","3","1","C:\DoAnTotNghiep\V-Shield-2.0\analysis_symbols_unique.txt | C:\DoAnTotNghiep\V-Shield-2.0\analysis_name_declarations.csv | C:\DoAnTotNghiep\V-Shield-2.0\API\API\API\Controllers\SetCamController.cs"
"StartPythonScript","11","1","C:\DoAnTotNghiep\V-Shield-2.0\analysis_name_declarations.csv | C:\DoAnTotNghiep\V-Shield-2.0\analysis_name_declarations.csv | C:\DoAnTotNghiep\V-Shield-2.0\analysis_symbols_unique.txt | C:\DoAnTotNghiep\V-Shield-2.0\API\API\API\Services\RuntimeOrchestrator.cs | C:\DoAnTotNghiep\V-Shield-2.0\API\API\API\Services\RuntimeOrchestrator.cs"
"StopPythonScript","11","1","C:\DoAnTotNghiep\V-Shield-2.0\analysis_name_declarations.csv | C:\DoAnTotNghiep\V-Shield-2.0\analysis_name_declarations.csv | C:\DoAnTotNghiep\V-Shield-2.0\analysis_symbols_unique.txt | C:\DoAnTotNghiep\V-Shield-2.0\API\API\API\Services\RuntimeOrchestrator.cs | C:\DoAnTotNghiep\V-Shield-2.0\API\API\API\Services\RuntimeOrchestrator.cs"
"IsPythonScriptRunning","13","1","C:\DoAnTotNghiep\V-Shield-2.0\analysis_symbols_unique.txt | C:\DoAnTotNghiep\V-Shield-2.0\analysis_name_declarations.csv | C:\DoAnTotNghiep\V-Shield-2.0\analysis_name_declarations.csv | C:\DoAnTotNghiep\V-Shield-2.0\API\API\API\Controllers\SetCamController.cs | C:\DoAnTotNghiep\V-Shield-2.0\API\API\API\Controllers\SetCamController.cs"
"BuildDirectWebStreamUrl","6","1","C:\DoAnTotNghiep\V-Shield-2.0\analysis_symbols_unique.txt | C:\DoAnTotNghiep\V-Shield-2.0\analysis_name_declarations.csv | C:\DoAnTotNghiep\V-Shield-2.0\analysis_linkage_hits.txt | C:\DoAnTotNghiep\V-Shield-2.0\analysis_linkage_hits.txt | C:\DoAnTotNghiep\V-Shield-2.0\API\API\API\Controllers\SetCamController.cs"
"GetLocalIPAddress","3","1","C:\DoAnTotNghiep\V-Shield-2.0\analysis_name_declarations.csv | C:\DoAnTotNghiep\V-Shield-2.0\analysis_symbols_unique.txt | C:\DoAnTotNghiep\V-Shield-2.0\API\API\API\Controllers\SetCamController.cs"
"EnsureCloudflaredConfig","4","1","C:\DoAnTotNghiep\V-Shield-2.0\analysis_symbols_unique.txt | C:\DoAnTotNghiep\V-Shield-2.0\analysis_name_declarations.csv | C:\DoAnTotNghiep\V-Shield-2.0\API\API\API\Controllers\SetCamController.cs | C:\DoAnTotNghiep\V-Shield-2.0\API\API\API\Controllers\SetCamController.cs"
"StartCloudflared","7","1","C:\DoAnTotNghiep\V-Shield-2.0\analysis_name_declarations.csv | C:\DoAnTotNghiep\V-Shield-2.0\analysis_name_declarations.csv | C:\DoAnTotNghiep\V-Shield-2.0\analysis_symbols_unique.txt | C:\DoAnTotNghiep\V-Shield-2.0\API\API\API\Services\RuntimeOrchestrator.cs | C:\DoAnTotNghiep\V-Shield-2.0\API\API\API\Services\RuntimeOrchestrator.cs"
"StatisticsController","31","1","C:\DoAnTotNghiep\V-Shield-2.0\analysis_csharp_symbols.csv | C:\DoAnTotNghiep\V-Shield-2.0\analysis_csharp_symbols.csv | C:\DoAnTotNghiep\V-Shield-2.0\analysis_csharp_symbols.csv | C:\DoAnTotNghiep\V-Shield-2.0\analysis_csharp_symbols.csv | C:\DoAnTotNghiep\V-Shield-2.0\analysis_api_routes.txt"
"StreamEmployeeCount","3","1","C:\DoAnTotNghiep\V-Shield-2.0\analysis_symbols_unique.txt | C:\DoAnTotNghiep\V-Shield-2.0\analysis_name_declarations.csv | C:\DoAnTotNghiep\V-Shield-2.0\API\API\API\Controllers\StatisticsController.cs"
"GateController","5","1","C:\DoAnTotNghiep\V-Shield-2.0\analysis_csharp_symbols.csv | C:\DoAnTotNghiep\V-Shield-2.0\analysis_symbols_unique.txt | C:\DoAnTotNghiep\V-Shield-2.0\analysis_name_declarations.csv | C:\DoAnTotNghiep\V-Shield-2.0\API\API\API\Controllers\ThongHanhController.cs | C:\DoAnTotNghiep\V-Shield-2.0\API\API\API\Controllers\ThongHanhController.cs"
"ScanVehicle","3","1","C:\DoAnTotNghiep\V-Shield-2.0\analysis_name_declarations.csv | C:\DoAnTotNghiep\V-Shield-2.0\analysis_symbols_unique.txt | C:\DoAnTotNghiep\V-Shield-2.0\API\API\API\Controllers\ThongHanhController.cs"
"ScanGuest","3","1","C:\DoAnTotNghiep\V-Shield-2.0\analysis_name_declarations.csv | C:\DoAnTotNghiep\V-Shield-2.0\analysis_symbols_unique.txt | C:\DoAnTotNghiep\V-Shield-2.0\API\API\API\Controllers\ThongHanhController.cs"
"GetVehiclesByEmployee","3","1","C:\DoAnTotNghiep\V-Shield-2.0\analysis_symbols_unique.txt | C:\DoAnTotNghiep\V-Shield-2.0\analysis_name_declarations.csv | C:\DoAnTotNghiep\V-Shield-2.0\API\API\API\Controllers\ThongHanhController.cs"
"GetVehicleByPlate","3","1","C:\DoAnTotNghiep\V-Shield-2.0\analysis_symbols_unique.txt | C:\DoAnTotNghiep\V-Shield-2.0\analysis_name_declarations.csv | C:\DoAnTotNghiep\V-Shield-2.0\API\API\API\Controllers\ThongHanhController.cs"
"GetLogsByPlate","3","1","C:\DoAnTotNghiep\V-Shield-2.0\analysis_name_declarations.csv | C:\DoAnTotNghiep\V-Shield-2.0\analysis_symbols_unique.txt | C:\DoAnTotNghiep\V-Shield-2.0\API\API\API\Controllers\ThongHanhController.cs"
"GetLogsByEmployee","3","1","C:\DoAnTotNghiep\V-Shield-2.0\analysis_symbols_unique.txt | C:\DoAnTotNghiep\V-Shield-2.0\analysis_name_declarations.csv | C:\DoAnTotNghiep\V-Shield-2.0\API\API\API\Controllers\ThongHanhController.cs"
"NormalizeLicensePlate","10","1","C:\DoAnTotNghiep\V-Shield-2.0\analysis_symbols_unique.txt | C:\DoAnTotNghiep\V-Shield-2.0\analysis_name_declarations.csv | C:\DoAnTotNghiep\V-Shield-2.0\API\API\API\Controllers\ThongHanhController.cs | C:\DoAnTotNghiep\V-Shield-2.0\API\API\API\Controllers\ThongHanhController.cs | C:\DoAnTotNghiep\V-Shield-2.0\API\API\API\Controllers\ThongHanhController.cs"
"NormalizeParkingStatus","5","1","C:\DoAnTotNghiep\V-Shield-2.0\analysis_symbols_unique.txt | C:\DoAnTotNghiep\V-Shield-2.0\analysis_name_declarations.csv | C:\DoAnTotNghiep\V-Shield-2.0\API\API\API\Controllers\ThongHanhController.cs | C:\DoAnTotNghiep\V-Shield-2.0\API\API\API\Controllers\ThongHanhController.cs | C:\DoAnTotNghiep\V-Shield-2.0\API\API\API\Controllers\ThongHanhController.cs"
"GateScanRequest","6","1","C:\DoAnTotNghiep\V-Shield-2.0\analysis_symbols_unique.txt | C:\DoAnTotNghiep\V-Shield-2.0\analysis_name_declarations.csv | C:\DoAnTotNghiep\V-Shield-2.0\analysis_csharp_symbols.csv | C:\DoAnTotNghiep\V-Shield-2.0\API\API\API\Controllers\ThongHanhController.cs | C:\DoAnTotNghiep\V-Shield-2.0\API\API\API\Controllers\ThongHanhController.cs"
"LicensePlate","49","1","C:\DoAnTotNghiep\V-Shield-2.0\AccessControlDB_HoanChinh.sql | C:\DoAnTotNghiep\V-Shield-2.0\AccessControlDB_HoanChinh.sql | C:\DoAnTotNghiep\V-Shield-2.0\analysis_symbols_unique.txt | C:\DoAnTotNghiep\V-Shield-2.0\analysis_name_declarations.csv | C:\DoAnTotNghiep\V-Shield-2.0\analysis_name_declarations.csv"
"VehicleTypeId","56","1","C:\DoAnTotNghiep\V-Shield-2.0\AccessControlDB_HoanChinh.sql | C:\DoAnTotNghiep\V-Shield-2.0\AccessControlDB_HoanChinh.sql | C:\DoAnTotNghiep\V-Shield-2.0\analysis_linkage_hits.txt | C:\DoAnTotNghiep\V-Shield-2.0\analysis_linkage_hits.txt | C:\DoAnTotNghiep\V-Shield-2.0\analysis_symbols_unique.txt"
"GuestId","50","1","C:\DoAnTotNghiep\V-Shield-2.0\analysis_name_declarations.csv | C:\DoAnTotNghiep\V-Shield-2.0\analysis_name_declarations.csv | C:\DoAnTotNghiep\V-Shield-2.0\analysis_name_declarations.csv | C:\DoAnTotNghiep\V-Shield-2.0\analysis_name_declarations.csv | C:\DoAnTotNghiep\V-Shield-2.0\analysis_name_declarations.csv"
"VisitorDetailId","79","1","C:\DoAnTotNghiep\V-Shield-2.0\AccessControlDB_HoanChinh.sql | C:\DoAnTotNghiep\V-Shield-2.0\analysis_name_declarations.csv | C:\DoAnTotNghiep\V-Shield-2.0\analysis_name_declarations.csv | C:\DoAnTotNghiep\V-Shield-2.0\analysis_name_declarations.csv | C:\DoAnTotNghiep\V-Shield-2.0\analysis_name_declarations.csv"
"QrPayload","49","1","C:\DoAnTotNghiep\V-Shield-2.0\analysis_symbols_unique.txt | C:\DoAnTotNghiep\V-Shield-2.0\analysis_name_declarations.csv | C:\DoAnTotNghiep\V-Shield-2.0\analysis_name_declarations.csv | C:\DoAnTotNghiep\V-Shield-2.0\analysis_name_declarations.csv | C:\DoAnTotNghiep\V-Shield-2.0\analysis_name_declarations.csv"
"GateApiResponse","44","1","C:\DoAnTotNghiep\V-Shield-2.0\analysis_name_declarations.csv | C:\DoAnTotNghiep\V-Shield-2.0\analysis_csharp_symbols.csv | C:\DoAnTotNghiep\V-Shield-2.0\analysis_symbols_unique.txt | C:\DoAnTotNghiep\V-Shield-2.0\API\API\API\Controllers\AccessPermissionController.cs | C:\DoAnTotNghiep\V-Shield-2.0\API\API\API\Controllers\AccessPermissionController.cs"
"Success","19","1","C:\DoAnTotNghiep\V-Shield-2.0\analysis_name_declarations.csv | C:\DoAnTotNghiep\V-Shield-2.0\analysis_name_declarations.csv | C:\DoAnTotNghiep\V-Shield-2.0\analysis_symbols_unique.txt | C:\DoAnTotNghiep\V-Shield-2.0\API\API\API\Services\RuntimeOrchestrator.cs | C:\DoAnTotNghiep\V-Shield-2.0\API\API\API\Services\RuntimeOrchestrator.cs"
"Message","72","1","C:\DoAnTotNghiep\V-Shield-2.0\analysis_symbols_unique.txt | C:\DoAnTotNghiep\V-Shield-2.0\analysis_name_declarations.csv | C:\DoAnTotNghiep\V-Shield-2.0\analysis_name_declarations.csv | C:\DoAnTotNghiep\V-Shield-2.0\analysis_name_declarations.csv | C:\DoAnTotNghiep\V-Shield-2.0\manage.ps1"
"Data","104","1","C:\DoAnTotNghiep\V-Shield-2.0\analysis_symbols_unique.txt | C:\DoAnTotNghiep\V-Shield-2.0\analysis_symbols_unique.txt | C:\DoAnTotNghiep\V-Shield-2.0\analysis_source_files.txt | C:\DoAnTotNghiep\V-Shield-2.0\analysis_csharp_symbols.csv | C:\DoAnTotNghiep\V-Shield-2.0\analysis_csharp_symbols.csv"
"CreateSuccess","13","1","C:\DoAnTotNghiep\V-Shield-2.0\analysis_symbols_unique.txt | C:\DoAnTotNghiep\V-Shield-2.0\analysis_name_declarations.csv | C:\DoAnTotNghiep\V-Shield-2.0\API\API\API\Controllers\ThongHanhController.cs | C:\DoAnTotNghiep\V-Shield-2.0\API\API\API\Controllers\ThongHanhController.cs | C:\DoAnTotNghiep\V-Shield-2.0\API\API\API\Controllers\ThongHanhController.cs"
"CreateError","29","1","C:\DoAnTotNghiep\V-Shield-2.0\analysis_name_declarations.csv | C:\DoAnTotNghiep\V-Shield-2.0\analysis_symbols_unique.txt | C:\DoAnTotNghiep\V-Shield-2.0\API\API\API\Controllers\AccessPermissionController.cs | C:\DoAnTotNghiep\V-Shield-2.0\API\API\API\Controllers\AccessPermissionController.cs | C:\DoAnTotNghiep\V-Shield-2.0\API\API\API\Controllers\AccessPermissionController.cs"
"UsersController","51","1","C:\DoAnTotNghiep\V-Shield-2.0\analysis_csharp_symbols.csv | C:\DoAnTotNghiep\V-Shield-2.0\analysis_csharp_symbols.csv | C:\DoAnTotNghiep\V-Shield-2.0\analysis_csharp_symbols.csv | C:\DoAnTotNghiep\V-Shield-2.0\analysis_csharp_symbols.csv | C:\DoAnTotNghiep\V-Shield-2.0\analysis_csharp_symbols.csv"
"VehiclesController","64","1","C:\DoAnTotNghiep\V-Shield-2.0\analysis_api_routes.txt | C:\DoAnTotNghiep\V-Shield-2.0\analysis_api_routes.txt | C:\DoAnTotNghiep\V-Shield-2.0\analysis_api_routes.txt | C:\DoAnTotNghiep\V-Shield-2.0\analysis_api_routes.txt | C:\DoAnTotNghiep\V-Shield-2.0\analysis_api_routes.txt"
"GetVehicleTypes","3","1","C:\DoAnTotNghiep\V-Shield-2.0\analysis_name_declarations.csv | C:\DoAnTotNghiep\V-Shield-2.0\analysis_symbols_unique.txt | C:\DoAnTotNghiep\V-Shield-2.0\API\API\API\Controllers\VehiclesController.cs"
"GetByLicensePlate","3","1","C:\DoAnTotNghiep\V-Shield-2.0\analysis_symbols_unique.txt | C:\DoAnTotNghiep\V-Shield-2.0\analysis_name_declarations.csv | C:\DoAnTotNghiep\V-Shield-2.0\API\API\API\Controllers\VehiclesController.cs"
"GetByEmployeeId","3","1","C:\DoAnTotNghiep\V-Shield-2.0\analysis_name_declarations.csv | C:\DoAnTotNghiep\V-Shield-2.0\analysis_symbols_unique.txt | C:\DoAnTotNghiep\V-Shield-2.0\API\API\API\Controllers\VehiclesController.cs"
"VideoController","41","1","C:\DoAnTotNghiep\V-Shield-2.0\analysis_csharp_symbols.csv | C:\DoAnTotNghiep\V-Shield-2.0\analysis_csharp_symbols.csv | C:\DoAnTotNghiep\V-Shield-2.0\analysis_csharp_symbols.csv | C:\DoAnTotNghiep\V-Shield-2.0\analysis_csharp_symbols.csv | C:\DoAnTotNghiep\V-Shield-2.0\analysis_csharp_symbols.csv"
"UploadVideo","3","1","C:\DoAnTotNghiep\V-Shield-2.0\analysis_symbols_unique.txt | C:\DoAnTotNghiep\V-Shield-2.0\analysis_name_declarations.csv | C:\DoAnTotNghiep\V-Shield-2.0\API\API\API\Controllers\VideoController.cs"
"GetVideosByEmployee","3","1","C:\DoAnTotNghiep\V-Shield-2.0\analysis_symbols_unique.txt | C:\DoAnTotNghiep\V-Shield-2.0\analysis_name_declarations.csv | C:\DoAnTotNghiep\V-Shield-2.0\API\API\API\Controllers\VideoController.cs"
"DeleteVideo","3","1","C:\DoAnTotNghiep\V-Shield-2.0\analysis_name_declarations.csv | C:\DoAnTotNghiep\V-Shield-2.0\analysis_symbols_unique.txt | C:\DoAnTotNghiep\V-Shield-2.0\API\API\API\Controllers\VideoController.cs"
"WeatherForecastController","17","1","C:\DoAnTotNghiep\V-Shield-2.0\analysis_name_declarations.csv | C:\DoAnTotNghiep\V-Shield-2.0\analysis_name_declarations.csv | C:\DoAnTotNghiep\V-Shield-2.0\analysis_name_declarations.csv | C:\DoAnTotNghiep\V-Shield-2.0\analysis_name_declarations.csv | C:\DoAnTotNghiep\V-Shield-2.0\analysis_csharp_symbols.csv"
"Get","43","1","C:\DoAnTotNghiep\V-Shield-2.0\analysis_ai_coupling.txt | C:\DoAnTotNghiep\V-Shield-2.0\analysis_ai_coupling.txt | C:\DoAnTotNghiep\V-Shield-2.0\analysis_ai_coupling.txt | C:\DoAnTotNghiep\V-Shield-2.0\analysis_ai_coupling.txt | C:\DoAnTotNghiep\V-Shield-2.0\analysis_ai_coupling.txt"
"API.Data","86","1","C:\DoAnTotNghiep\V-Shield-2.0\analysis_csharp_symbols.csv | C:\DoAnTotNghiep\V-Shield-2.0\analysis_csharp_symbols.csv | C:\DoAnTotNghiep\V-Shield-2.0\analysis_symbols_unique.txt | C:\DoAnTotNghiep\V-Shield-2.0\analysis_source_files.txt | C:\DoAnTotNghiep\V-Shield-2.0\analysis_name_declarations.csv"
"ApplicationDbContext","93","1","C:\DoAnTotNghiep\V-Shield-2.0\analysis_csharp_symbols.csv | C:\DoAnTotNghiep\V-Shield-2.0\analysis_csharp_symbols.csv | C:\DoAnTotNghiep\V-Shield-2.0\analysis_csharp_symbols.csv | C:\DoAnTotNghiep\V-Shield-2.0\analysis_name_declarations.csv | C:\DoAnTotNghiep\V-Shield-2.0\analysis_name_declarations.csv"
"AccessLogs","282","1","C:\DoAnTotNghiep\V-Shield-2.0\analysis_symbols_unique.txt | C:\DoAnTotNghiep\V-Shield-2.0\analysis_source_files.txt | C:\DoAnTotNghiep\V-Shield-2.0\analysis_frontend_routes_services.txt | C:\DoAnTotNghiep\V-Shield-2.0\analysis_name_declarations.csv | C:\DoAnTotNghiep\V-Shield-2.0\analysis_name_declarations.csv"
"Cameras","37","1","C:\DoAnTotNghiep\V-Shield-2.0\analysis_name_declarations.csv | C:\DoAnTotNghiep\V-Shield-2.0\analysis_name_declarations.csv | C:\DoAnTotNghiep\V-Shield-2.0\analysis_frontend_hits.txt | C:\DoAnTotNghiep\V-Shield-2.0\analysis_symbols_unique.txt | C:\DoAnTotNghiep\V-Shield-2.0\analysis_linkage_hits.txt"
"CameraPlates","17","1","C:\DoAnTotNghiep\V-Shield-2.0\analysis_symbols_unique.txt | C:\DoAnTotNghiep\V-Shield-2.0\AccessControlDB_HoanChinh.sql | C:\DoAnTotNghiep\V-Shield-2.0\AccessControlDB_HoanChinh.sql | C:\DoAnTotNghiep\V-Shield-2.0\analysis_name_declarations.csv | C:\DoAnTotNghiep\V-Shield-2.0\analysis_linkage_hits.txt"
"Departments","19","1","C:\DoAnTotNghiep\V-Shield-2.0\analysis_frontend_routes_services.txt | C:\DoAnTotNghiep\V-Shield-2.0\analysis_frontend_hits.txt | C:\DoAnTotNghiep\V-Shield-2.0\analysis_symbols_unique.txt | C:\DoAnTotNghiep\V-Shield-2.0\analysis_name_declarations.csv | C:\DoAnTotNghiep\V-Shield-2.0\View\src\services\lookupApi.js"
"Employees","375","1","C:\DoAnTotNghiep\V-Shield-2.0\analysis_source_files.txt | C:\DoAnTotNghiep\V-Shield-2.0\analysis_symbols_unique.txt | C:\DoAnTotNghiep\V-Shield-2.0\analysis_frontend_routes_services.txt | C:\DoAnTotNghiep\V-Shield-2.0\analysis_frontend_routes_services.txt | C:\DoAnTotNghiep\V-Shield-2.0\analysis_name_declarations.csv"
"ExceptionReasons","10","1","C:\DoAnTotNghiep\V-Shield-2.0\analysis_name_declarations.csv | C:\DoAnTotNghiep\V-Shield-2.0\analysis_symbols_unique.txt | C:\DoAnTotNghiep\V-Shield-2.0\API\API\API\Data\ApplicationDbContext.cs | C:\DoAnTotNghiep\V-Shield-2.0\API\API\API\Controllers\ExceptionReasonsController.cs | C:\DoAnTotNghiep\V-Shield-2.0\API\API\API\Controllers\ExceptionReasonsController.cs"
"Gates","18","1","C:\DoAnTotNghiep\V-Shield-2.0\analysis_name_declarations.csv | C:\DoAnTotNghiep\V-Shield-2.0\analysis_frontend_hits.txt | C:\DoAnTotNghiep\V-Shield-2.0\analysis_symbols_unique.txt | C:\DoAnTotNghiep\V-Shield-2.0\API\API\API\Data\ApplicationDbContext.cs | C:\DoAnTotNghiep\V-Shield-2.0\API\API\API\Controllers\DeviceManagementController.cs"
"GuestProfiles","138","1","C:\DoAnTotNghiep\V-Shield-2.0\analysis_source_files.txt | C:\DoAnTotNghiep\V-Shield-2.0\analysis_symbols_unique.txt | C:\DoAnTotNghiep\V-Shield-2.0\analysis_name_declarations.csv | C:\DoAnTotNghiep\V-Shield-2.0\analysis_name_declarations.csv | C:\DoAnTotNghiep\V-Shield-2.0\analysis_name_declarations.csv"
"Positions","19","1","C:\DoAnTotNghiep\V-Shield-2.0\analysis_name_declarations.csv | C:\DoAnTotNghiep\V-Shield-2.0\analysis_frontend_routes_services.txt | C:\DoAnTotNghiep\V-Shield-2.0\analysis_symbols_unique.txt | C:\DoAnTotNghiep\V-Shield-2.0\analysis_frontend_hits.txt | C:\DoAnTotNghiep\V-Shield-2.0\View\src\services\lookupApi.js"
"PreRegistrations","32","1","C:\DoAnTotNghiep\V-Shield-2.0\analysis_symbols_unique.txt | C:\DoAnTotNghiep\V-Shield-2.0\analysis_name_declarations.csv | C:\DoAnTotNghiep\V-Shield-2.0\analysis_name_declarations.csv | C:\DoAnTotNghiep\V-Shield-2.0\analysis_name_declarations.csv | C:\DoAnTotNghiep\V-Shield-2.0\API\API\API\Data\ApplicationDbContext.cs"
"Vehicles","345","1","C:\DoAnTotNghiep\V-Shield-2.0\analysis_name_declarations.csv | C:\DoAnTotNghiep\V-Shield-2.0\analysis_name_declarations.csv | C:\DoAnTotNghiep\V-Shield-2.0\analysis_name_declarations.csv | C:\DoAnTotNghiep\V-Shield-2.0\analysis_name_declarations.csv | C:\DoAnTotNghiep\V-Shield-2.0\analysis_name_declarations.csv"
"VehicleTypes","8","1","C:\DoAnTotNghiep\V-Shield-2.0\analysis_name_declarations.csv | C:\DoAnTotNghiep\V-Shield-2.0\analysis_symbols_unique.txt | C:\DoAnTotNghiep\V-Shield-2.0\API\API\API\Data\ApplicationDbContext.cs | C:\DoAnTotNghiep\V-Shield-2.0\API\API\API\Services\VehicleService.cs | C:\DoAnTotNghiep\V-Shield-2.0\API\API\API\Services\VehicleService.cs"
"AppUsers","24","1","C:\DoAnTotNghiep\V-Shield-2.0\analysis_symbols_unique.txt | C:\DoAnTotNghiep\V-Shield-2.0\analysis_name_declarations.csv | C:\DoAnTotNghiep\V-Shield-2.0\API\API\API\Services\AuthService.cs | C:\DoAnTotNghiep\V-Shield-2.0\API\API\API\Program.cs | C:\DoAnTotNghiep\V-Shield-2.0\API\API\API\Program.cs"
"RegistrationLinks","157","1","C:\DoAnTotNghiep\V-Shield-2.0\analysis_frontend_routes_services.txt | C:\DoAnTotNghiep\V-Shield-2.0\analysis_symbols_unique.txt | C:\DoAnTotNghiep\V-Shield-2.0\analysis_source_files.txt | C:\DoAnTotNghiep\V-Shield-2.0\analysis_frontend_hits.txt | C:\DoAnTotNghiep\V-Shield-2.0\analysis_frontend_hits.txt"
"VisitorDetails","20","1","C:\DoAnTotNghiep\V-Shield-2.0\analysis_name_declarations.csv | C:\DoAnTotNghiep\V-Shield-2.0\analysis_name_declarations.csv | C:\DoAnTotNghiep\V-Shield-2.0\analysis_symbols_unique.txt | C:\DoAnTotNghiep\V-Shield-2.0\API\API\API\Data\ApplicationDbContext.cs | C:\DoAnTotNghiep\V-Shield-2.0\API\API\API\Data\ApplicationDbContext.cs"
"EmployeeFaceVideos","29","1","C:\DoAnTotNghiep\V-Shield-2.0\AccessControlDB_HoanChinh.sql | C:\DoAnTotNghiep\V-Shield-2.0\AccessControlDB_HoanChinh.sql | C:\DoAnTotNghiep\V-Shield-2.0\AccessControlDB_HoanChinh.sql | C:\DoAnTotNghiep\V-Shield-2.0\AccessControlDB_HoanChinh.sql | C:\DoAnTotNghiep\V-Shield-2.0\analysis_name_declarations.csv"
"EmployeeFaceModels","28","1","C:\DoAnTotNghiep\V-Shield-2.0\AccessControlDB_HoanChinh.sql | C:\DoAnTotNghiep\V-Shield-2.0\AccessControlDB_HoanChinh.sql | C:\DoAnTotNghiep\V-Shield-2.0\AccessControlDB_HoanChinh.sql | C:\DoAnTotNghiep\V-Shield-2.0\AccessControlDB_HoanChinh.sql | C:\DoAnTotNghiep\V-Shield-2.0\analysis_symbols_unique.txt"
"EmployeeDynamicQrs","11","1","C:\DoAnTotNghiep\V-Shield-2.0\analysis_name_declarations.csv | C:\DoAnTotNghiep\V-Shield-2.0\analysis_symbols_unique.txt | C:\DoAnTotNghiep\V-Shield-2.0\API\API\API\Data\ApplicationDbContext.cs | C:\DoAnTotNghiep\V-Shield-2.0\API\API\API\Migrations\ApplicationDbContextModelSnapshot.cs | C:\DoAnTotNghiep\V-Shield-2.0\API\API\API\Migrations\20260522060405_InitialCreate.Designer.cs"
"DynamicQrScanLogs","8","1","C:\DoAnTotNghiep\V-Shield-2.0\analysis_name_declarations.csv | C:\DoAnTotNghiep\V-Shield-2.0\analysis_symbols_unique.txt | C:\DoAnTotNghiep\V-Shield-2.0\API\API\API\Data\ApplicationDbContext.cs | C:\DoAnTotNghiep\V-Shield-2.0\API\API\API\Controllers\QR_DongController.cs | C:\DoAnTotNghiep\V-Shield-2.0\API\API\API\Migrations\ApplicationDbContextModelSnapshot.cs"
"EmployeeAccessPermissions","6","1","C:\DoAnTotNghiep\V-Shield-2.0\analysis_name_declarations.csv | C:\DoAnTotNghiep\V-Shield-2.0\analysis_symbols_unique.txt | C:\DoAnTotNghiep\V-Shield-2.0\API\API\API\Data\ApplicationDbContext.cs | C:\DoAnTotNghiep\V-Shield-2.0\API\API\API\Controllers\QrAccessController.cs | C:\DoAnTotNghiep\V-Shield-2.0\API\API\API\Controllers\AccessPermissionController.cs"
"VisitorAccessPermissions","6","1","C:\DoAnTotNghiep\V-Shield-2.0\analysis_symbols_unique.txt | C:\DoAnTotNghiep\V-Shield-2.0\analysis_name_declarations.csv | C:\DoAnTotNghiep\V-Shield-2.0\API\API\API\Data\ApplicationDbContext.cs | C:\DoAnTotNghiep\V-Shield-2.0\API\API\API\Controllers\QrAccessController.cs | C:\DoAnTotNghiep\V-Shield-2.0\API\API\API\Controllers\AccessPermissionController.cs"
"OnModelCreating","3","1","C:\DoAnTotNghiep\V-Shield-2.0\analysis_name_declarations.csv | C:\DoAnTotNghiep\V-Shield-2.0\analysis_symbols_unique.txt | C:\DoAnTotNghiep\V-Shield-2.0\API\API\API\Data\ApplicationDbContext.cs"
"API.DTOs","374","1","C:\DoAnTotNghiep\V-Shield-2.0\analysis_csharp_symbols.csv | C:\DoAnTotNghiep\V-Shield-2.0\analysis_csharp_symbols.csv | C:\DoAnTotNghiep\V-Shield-2.0\analysis_csharp_symbols.csv | C:\DoAnTotNghiep\V-Shield-2.0\analysis_csharp_symbols.csv | C:\DoAnTotNghiep\V-Shield-2.0\analysis_csharp_symbols.csv"
"SetPermissionRequest","5","1","C:\DoAnTotNghiep\V-Shield-2.0\analysis_csharp_symbols.csv | C:\DoAnTotNghiep\V-Shield-2.0\analysis_symbols_unique.txt | C:\DoAnTotNghiep\V-Shield-2.0\analysis_name_declarations.csv | C:\DoAnTotNghiep\V-Shield-2.0\API\API\API\Controllers\AccessPermissionController.cs | C:\DoAnTotNghiep\V-Shield-2.0\API\API\API\DTOs\AccessControlDtos.cs"
"IsAllowed","20","1","C:\DoAnTotNghiep\V-Shield-2.0\analysis_name_declarations.csv | C:\DoAnTotNghiep\V-Shield-2.0\analysis_name_declarations.csv | C:\DoAnTotNghiep\V-Shield-2.0\analysis_name_declarations.csv | C:\DoAnTotNghiep\V-Shield-2.0\analysis_symbols_unique.txt | C:\DoAnTotNghiep\V-Shield-2.0\View\src\components\AccessPermissionManager.vue"
"QrScanAccessRequest","5","1","C:\DoAnTotNghiep\V-Shield-2.0\analysis_csharp_symbols.csv | C:\DoAnTotNghiep\V-Shield-2.0\analysis_symbols_unique.txt | C:\DoAnTotNghiep\V-Shield-2.0\analysis_name_declarations.csv | C:\DoAnTotNghiep\V-Shield-2.0\API\API\API\Controllers\QrAccessController.cs | C:\DoAnTotNghiep\V-Shield-2.0\API\API\API\DTOs\AccessControlDtos.cs"
"UserPassword","6","1","C:\DoAnTotNghiep\V-Shield-2.0\analysis_symbols_unique.txt | C:\DoAnTotNghiep\V-Shield-2.0\analysis_name_declarations.csv | C:\DoAnTotNghiep\V-Shield-2.0\View\src\components\QrAccessMonitor.vue | C:\DoAnTotNghiep\V-Shield-2.0\API\API\API\DTOs\AccessControlDtos.cs | C:\DoAnTotNghiep\V-Shield-2.0\API\API\API\Controllers\QrAccessController.cs"
"LoggedInUserId","6","1","C:\DoAnTotNghiep\V-Shield-2.0\analysis_symbols_unique.txt | C:\DoAnTotNghiep\V-Shield-2.0\analysis_name_declarations.csv | C:\DoAnTotNghiep\V-Shield-2.0\API\API\API\Controllers\QrAccessController.cs | C:\DoAnTotNghiep\V-Shield-2.0\API\API\API\Controllers\QrAccessController.cs | C:\DoAnTotNghiep\V-Shield-2.0\View\src\components\QrAccessMonitor.vue"
"CameraDTO","18","1","C:\DoAnTotNghiep\V-Shield-2.0\analysis_csharp_symbols.csv | C:\DoAnTotNghiep\V-Shield-2.0\analysis_csharp_symbols.csv | C:\DoAnTotNghiep\V-Shield-2.0\analysis_symbols_unique.txt | C:\DoAnTotNghiep\V-Shield-2.0\analysis_name_declarations.csv | C:\DoAnTotNghiep\V-Shield-2.0\analysis_name_declarations.csv"
"CreateEmployeeRequest","17","1","C:\DoAnTotNghiep\V-Shield-2.0\analysis_csharp_symbols.csv | C:\DoAnTotNghiep\V-Shield-2.0\analysis_csharp_symbols.csv | C:\DoAnTotNghiep\V-Shield-2.0\analysis_source_files.txt | C:\DoAnTotNghiep\V-Shield-2.0\analysis_name_declarations.csv | C:\DoAnTotNghiep\V-Shield-2.0\analysis_name_declarations.csv"
"DepartmentId","93","1","C:\DoAnTotNghiep\V-Shield-2.0\analysis_symbols_unique.txt | C:\DoAnTotNghiep\V-Shield-2.0\AccessControlDB_HoanChinh.sql | C:\DoAnTotNghiep\V-Shield-2.0\AccessControlDB_HoanChinh.sql | C:\DoAnTotNghiep\V-Shield-2.0\analysis_csharp_symbols.csv | C:\DoAnTotNghiep\V-Shield-2.0\analysis_name_declarations.csv"
"PositionId","93","1","C:\DoAnTotNghiep\V-Shield-2.0\analysis_name_declarations.csv | C:\DoAnTotNghiep\V-Shield-2.0\analysis_name_declarations.csv | C:\DoAnTotNghiep\V-Shield-2.0\analysis_name_declarations.csv | C:\DoAnTotNghiep\V-Shield-2.0\analysis_name_declarations.csv | C:\DoAnTotNghiep\V-Shield-2.0\analysis_name_declarations.csv"
"Email","42","1","C:\DoAnTotNghiep\V-Shield-2.0\AccessControlDB_HoanChinh.sql | C:\DoAnTotNghiep\V-Shield-2.0\analysis_name_declarations.csv | C:\DoAnTotNghiep\V-Shield-2.0\analysis_name_declarations.csv | C:\DoAnTotNghiep\V-Shield-2.0\analysis_name_declarations.csv | C:\DoAnTotNghiep\V-Shield-2.0\analysis_name_declarations.csv"
"CreateUserRequest","15","1","C:\DoAnTotNghiep\V-Shield-2.0\analysis_csharp_symbols.csv | C:\DoAnTotNghiep\V-Shield-2.0\analysis_csharp_symbols.csv | C:\DoAnTotNghiep\V-Shield-2.0\analysis_source_files.txt | C:\DoAnTotNghiep\V-Shield-2.0\analysis_linkage_hits.txt | C:\DoAnTotNghiep\V-Shield-2.0\analysis_linkage_hits.txt"
"Username","43","1","C:\DoAnTotNghiep\V-Shield-2.0\analysis_symbols_unique.txt | C:\DoAnTotNghiep\V-Shield-2.0\analysis_name_declarations.csv | C:\DoAnTotNghiep\V-Shield-2.0\analysis_name_declarations.csv | C:\DoAnTotNghiep\V-Shield-2.0\analysis_name_declarations.csv | C:\DoAnTotNghiep\V-Shield-2.0\analysis_name_declarations.csv"
"Password","20","1","C:\DoAnTotNghiep\V-Shield-2.0\analysis_symbols_unique.txt | C:\DoAnTotNghiep\V-Shield-2.0\analysis_name_declarations.csv | C:\DoAnTotNghiep\V-Shield-2.0\analysis_name_declarations.csv | C:\DoAnTotNghiep\V-Shield-2.0\analysis_name_declarations.csv | C:\DoAnTotNghiep\V-Shield-2.0\analysis_name_declarations.csv"
"Role","32","1","C:\DoAnTotNghiep\V-Shield-2.0\analysis_symbols_unique.txt | C:\DoAnTotNghiep\V-Shield-2.0\analysis_name_declarations.csv | C:\DoAnTotNghiep\V-Shield-2.0\analysis_name_declarations.csv | C:\DoAnTotNghiep\V-Shield-2.0\analysis_name_declarations.csv | C:\DoAnTotNghiep\V-Shield-2.0\analysis_name_declarations.csv"
"CreateDepartmentRequest","5","1","C:\DoAnTotNghiep\V-Shield-2.0\analysis_csharp_symbols.csv | C:\DoAnTotNghiep\V-Shield-2.0\analysis_name_declarations.csv | C:\DoAnTotNghiep\V-Shield-2.0\analysis_symbols_unique.txt | C:\DoAnTotNghiep\V-Shield-2.0\API\API\API\Controllers\DepartmentsController.cs | C:\DoAnTotNghiep\V-Shield-2.0\API\API\API\DTOs\DepartmentRequest.cs"
"Name","131","1","C:\DoAnTotNghiep\V-Shield-2.0\AccessControlDB_HoanChinh.sql | C:\DoAnTotNghiep\V-Shield-2.0\AccessControlDB_HoanChinh.sql | C:\DoAnTotNghiep\V-Shield-2.0\start-prod.bat | C:\DoAnTotNghiep\V-Shield-2.0\analysis_name_declarations.csv | C:\DoAnTotNghiep\V-Shield-2.0\analysis_name_declarations.csv"
"UpdateDepartmentRequest","5","1","C:\DoAnTotNghiep\V-Shield-2.0\analysis_csharp_symbols.csv | C:\DoAnTotNghiep\V-Shield-2.0\analysis_name_declarations.csv | C:\DoAnTotNghiep\V-Shield-2.0\analysis_symbols_unique.txt | C:\DoAnTotNghiep\V-Shield-2.0\API\API\API\DTOs\DepartmentRequest.cs | C:\DoAnTotNghiep\V-Shield-2.0\API\API\API\Controllers\DepartmentsController.cs"
"DepartmentResponse","9","1","C:\DoAnTotNghiep\V-Shield-2.0\analysis_symbols_unique.txt | C:\DoAnTotNghiep\V-Shield-2.0\analysis_name_declarations.csv | C:\DoAnTotNghiep\V-Shield-2.0\analysis_csharp_symbols.csv | C:\DoAnTotNghiep\V-Shield-2.0\analysis_csharp_symbols.csv | C:\DoAnTotNghiep\V-Shield-2.0\API\API\API\DTOs\DepartmentRequest.cs"
"EmployeeCount","13","1","C:\DoAnTotNghiep\V-Shield-2.0\analysis_name_declarations.csv | C:\DoAnTotNghiep\V-Shield-2.0\analysis_name_declarations.csv | C:\DoAnTotNghiep\V-Shield-2.0\analysis_symbols_unique.txt | C:\DoAnTotNghiep\V-Shield-2.0\API\API\API\DTOs\PositionRequest.cs | C:\DoAnTotNghiep\V-Shield-2.0\API\API\API\DTOs\DepartmentRequest.cs"
"API.Models.DTOs","7","1","C:\DoAnTotNghiep\V-Shield-2.0\analysis_csharp_symbols.csv | C:\DoAnTotNghiep\V-Shield-2.0\analysis_linkage_hits.txt | C:\DoAnTotNghiep\V-Shield-2.0\analysis_linkage_hits.txt | C:\DoAnTotNghiep\V-Shield-2.0\analysis_name_declarations.csv | C:\DoAnTotNghiep\V-Shield-2.0\analysis_symbols_unique.txt"
"GenerateDynamicQrRequest","5","1","C:\DoAnTotNghiep\V-Shield-2.0\analysis_name_declarations.csv | C:\DoAnTotNghiep\V-Shield-2.0\analysis_symbols_unique.txt | C:\DoAnTotNghiep\V-Shield-2.0\analysis_csharp_symbols.csv | C:\DoAnTotNghiep\V-Shield-2.0\API\API\API\DTOs\DynamicQrDtos.cs | C:\DoAnTotNghiep\V-Shield-2.0\API\API\API\Controllers\QR_DongController.cs"
"VerifyDynamicQrRequest","6","1","C:\DoAnTotNghiep\V-Shield-2.0\analysis_name_declarations.csv | C:\DoAnTotNghiep\V-Shield-2.0\analysis_csharp_symbols.csv | C:\DoAnTotNghiep\V-Shield-2.0\analysis_symbols_unique.txt | C:\DoAnTotNghiep\V-Shield-2.0\API\API\API\Controllers\QR_DongController.cs | C:\DoAnTotNghiep\V-Shield-2.0\API\API\API\Controllers\QR_DongController.cs"
"ScannerDevice","19","1","C:\DoAnTotNghiep\V-Shield-2.0\analysis_symbols_unique.txt | C:\DoAnTotNghiep\V-Shield-2.0\analysis_name_declarations.csv | C:\DoAnTotNghiep\V-Shield-2.0\analysis_name_declarations.csv | C:\DoAnTotNghiep\V-Shield-2.0\API\API\API\Data\ApplicationDbContext.cs | C:\DoAnTotNghiep\V-Shield-2.0\API\API\API\Controllers\QR_DongController.cs"
"EmployeeResponse","23","1","C:\DoAnTotNghiep\V-Shield-2.0\analysis_source_files.txt | C:\DoAnTotNghiep\V-Shield-2.0\analysis_csharp_symbols.csv | C:\DoAnTotNghiep\V-Shield-2.0\analysis_csharp_symbols.csv | C:\DoAnTotNghiep\V-Shield-2.0\analysis_csharp_symbols.csv | C:\DoAnTotNghiep\V-Shield-2.0\analysis_symbols_unique.txt"
"DepartmentName","11","1","C:\DoAnTotNghiep\V-Shield-2.0\analysis_name_declarations.csv | C:\DoAnTotNghiep\V-Shield-2.0\analysis_name_declarations.csv | C:\DoAnTotNghiep\V-Shield-2.0\analysis_symbols_unique.txt | C:\DoAnTotNghiep\V-Shield-2.0\API\API\API\Controllers\BiometricsController.cs | C:\DoAnTotNghiep\V-Shield-2.0\API\API\API\Controllers\EmployeesController.cs"
"PositionName","11","1","C:\DoAnTotNghiep\V-Shield-2.0\analysis_symbols_unique.txt | C:\DoAnTotNghiep\V-Shield-2.0\analysis_name_declarations.csv | C:\DoAnTotNghiep\V-Shield-2.0\analysis_name_declarations.csv | C:\DoAnTotNghiep\V-Shield-2.0\API\API\API\Controllers\EmployeesController.cs | C:\DoAnTotNghiep\V-Shield-2.0\API\API\API\Controllers\EmployeesController.cs"
"EmployeeSummaryResponse","5","1","C:\DoAnTotNghiep\V-Shield-2.0\analysis_name_declarations.csv | C:\DoAnTotNghiep\V-Shield-2.0\analysis_csharp_symbols.csv | C:\DoAnTotNghiep\V-Shield-2.0\analysis_symbols_unique.txt | C:\DoAnTotNghiep\V-Shield-2.0\API\API\API\DTOs\EmployeeStatsResponse.cs | C:\DoAnTotNghiep\V-Shield-2.0\API\API\API\Controllers\StatisticsController.cs"
"TotalEmployees","8","1","C:\DoAnTotNghiep\V-Shield-2.0\analysis_symbols_unique.txt | C:\DoAnTotNghiep\V-Shield-2.0\analysis_name_declarations.csv | C:\DoAnTotNghiep\V-Shield-2.0\analysis_name_declarations.csv | C:\DoAnTotNghiep\V-Shield-2.0\API\API\API\Controllers\EmployeesController.cs | C:\DoAnTotNghiep\V-Shield-2.0\API\API\API\Controllers\EmployeesController.cs"
"ActiveEmployees","8","1","C:\DoAnTotNghiep\V-Shield-2.0\analysis_symbols_unique.txt | C:\DoAnTotNghiep\V-Shield-2.0\analysis_name_declarations.csv | C:\DoAnTotNghiep\V-Shield-2.0\analysis_name_declarations.csv | C:\DoAnTotNghiep\V-Shield-2.0\API\API\API\Controllers\StatisticsController.cs | C:\DoAnTotNghiep\V-Shield-2.0\API\API\API\Controllers\EmployeesController.cs"
"InactiveEmployees","4","1","C:\DoAnTotNghiep\V-Shield-2.0\analysis_name_declarations.csv | C:\DoAnTotNghiep\V-Shield-2.0\analysis_symbols_unique.txt | C:\DoAnTotNghiep\V-Shield-2.0\API\API\API\Controllers\StatisticsController.cs | C:\DoAnTotNghiep\V-Shield-2.0\API\API\API\DTOs\EmployeeStatsResponse.cs"
"new","624","1","C:\DoAnTotNghiep\V-Shield-2.0\analysis_name_declarations.csv | C:\DoAnTotNghiep\V-Shield-2.0\analysis_name_declarations.csv | C:\DoAnTotNghiep\V-Shield-2.0\analysis_name_declarations.csv | C:\DoAnTotNghiep\V-Shield-2.0\analysis_name_declarations.csv | C:\DoAnTotNghiep\V-Shield-2.0\analysis_name_declarations.csv"
"ByDepartment","4","1","C:\DoAnTotNghiep\V-Shield-2.0\analysis_symbols_unique.txt | C:\DoAnTotNghiep\V-Shield-2.0\analysis_name_declarations.csv | C:\DoAnTotNghiep\V-Shield-2.0\API\API\API\DTOs\EmployeeStatsResponse.cs | C:\DoAnTotNghiep\V-Shield-2.0\API\API\API\Controllers\StatisticsController.cs"
"ByPosition","4","1","C:\DoAnTotNghiep\V-Shield-2.0\analysis_name_declarations.csv | C:\DoAnTotNghiep\V-Shield-2.0\analysis_symbols_unique.txt | C:\DoAnTotNghiep\V-Shield-2.0\API\API\API\Controllers\StatisticsController.cs | C:\DoAnTotNghiep\V-Shield-2.0\API\API\API\DTOs\EmployeeStatsResponse.cs"
"CalculatedAt","4","1","C:\DoAnTotNghiep\V-Shield-2.0\analysis_name_declarations.csv | C:\DoAnTotNghiep\V-Shield-2.0\analysis_symbols_unique.txt | C:\DoAnTotNghiep\V-Shield-2.0\API\API\API\Controllers\StatisticsController.cs | C:\DoAnTotNghiep\V-Shield-2.0\API\API\API\DTOs\EmployeeStatsResponse.cs"
"DepartmentStatItem","6","1","C:\DoAnTotNghiep\V-Shield-2.0\analysis_csharp_symbols.csv | C:\DoAnTotNghiep\V-Shield-2.0\analysis_symbols_unique.txt | C:\DoAnTotNghiep\V-Shield-2.0\analysis_name_declarations.csv | C:\DoAnTotNghiep\V-Shield-2.0\API\API\API\Controllers\StatisticsController.cs | C:\DoAnTotNghiep\V-Shield-2.0\API\API\API\DTOs\EmployeeStatsResponse.cs"
"TotalCount","9","1","C:\DoAnTotNghiep\V-Shield-2.0\analysis_name_declarations.csv | C:\DoAnTotNghiep\V-Shield-2.0\analysis_name_declarations.csv | C:\DoAnTotNghiep\V-Shield-2.0\analysis_symbols_unique.txt | C:\DoAnTotNghiep\V-Shield-2.0\API\API\API\Controllers\StatisticsController.cs | C:\DoAnTotNghiep\V-Shield-2.0\API\API\API\Controllers\StatisticsController.cs"
"ActiveCount","7","1","C:\DoAnTotNghiep\V-Shield-2.0\analysis_name_declarations.csv | C:\DoAnTotNghiep\V-Shield-2.0\analysis_name_declarations.csv | C:\DoAnTotNghiep\V-Shield-2.0\analysis_symbols_unique.txt | C:\DoAnTotNghiep\V-Shield-2.0\API\API\API\DTOs\EmployeeStatsResponse.cs | C:\DoAnTotNghiep\V-Shield-2.0\API\API\API\DTOs\EmployeeStatsResponse.cs"
"PositionStatItem","6","1","C:\DoAnTotNghiep\V-Shield-2.0\analysis_name_declarations.csv | C:\DoAnTotNghiep\V-Shield-2.0\analysis_csharp_symbols.csv | C:\DoAnTotNghiep\V-Shield-2.0\analysis_symbols_unique.txt | C:\DoAnTotNghiep\V-Shield-2.0\API\API\API\DTOs\EmployeeStatsResponse.cs | C:\DoAnTotNghiep\V-Shield-2.0\API\API\API\DTOs\EmployeeStatsResponse.cs"
"EmployeeCountChangedEvent","6","1","C:\DoAnTotNghiep\V-Shield-2.0\analysis_name_declarations.csv | C:\DoAnTotNghiep\V-Shield-2.0\analysis_csharp_symbols.csv | C:\DoAnTotNghiep\V-Shield-2.0\analysis_symbols_unique.txt | C:\DoAnTotNghiep\V-Shield-2.0\API\API\API\DTOs\EmployeeStatsResponse.cs | C:\DoAnTotNghiep\V-Shield-2.0\API\API\API\Controllers\EmployeesController.cs"
"ChangeType","5","1","C:\DoAnTotNghiep\V-Shield-2.0\analysis_symbols_unique.txt | C:\DoAnTotNghiep\V-Shield-2.0\analysis_name_declarations.csv | C:\DoAnTotNghiep\V-Shield-2.0\API\API\API\Controllers\EmployeesController.cs | C:\DoAnTotNghiep\V-Shield-2.0\API\API\API\Controllers\EmployeesController.cs | C:\DoAnTotNghiep\V-Shield-2.0\API\API\API\DTOs\EmployeeStatsResponse.cs"
"ChangedAt","5","1","C:\DoAnTotNghiep\V-Shield-2.0\analysis_symbols_unique.txt | C:\DoAnTotNghiep\V-Shield-2.0\analysis_name_declarations.csv | C:\DoAnTotNghiep\V-Shield-2.0\API\API\API\DTOs\EmployeeStatsResponse.cs | C:\DoAnTotNghiep\V-Shield-2.0\API\API\API\Controllers\EmployeesController.cs | C:\DoAnTotNghiep\V-Shield-2.0\API\API\API\Controllers\EmployeesController.cs"
"LoginRequest","14","1","C:\DoAnTotNghiep\V-Shield-2.0\analysis_csharp_symbols.csv | C:\DoAnTotNghiep\V-Shield-2.0\analysis_csharp_symbols.csv | C:\DoAnTotNghiep\V-Shield-2.0\analysis_linkage_hits.txt | C:\DoAnTotNghiep\V-Shield-2.0\analysis_linkage_hits.txt | C:\DoAnTotNghiep\V-Shield-2.0\analysis_source_files.txt"
"LoginResponse","17","1","C:\DoAnTotNghiep\V-Shield-2.0\analysis_source_files.txt | C:\DoAnTotNghiep\V-Shield-2.0\analysis_csharp_symbols.csv | C:\DoAnTotNghiep\V-Shield-2.0\analysis_csharp_symbols.csv | C:\DoAnTotNghiep\V-Shield-2.0\analysis_symbols_unique.txt | C:\DoAnTotNghiep\V-Shield-2.0\analysis_name_declarations.csv"
"Token","29","1","C:\DoAnTotNghiep\V-Shield-2.0\analysis_symbols_unique.txt | C:\DoAnTotNghiep\V-Shield-2.0\analysis_name_declarations.csv | C:\DoAnTotNghiep\V-Shield-2.0\analysis_name_declarations.csv | C:\DoAnTotNghiep\V-Shield-2.0\analysis_name_declarations.csv | C:\DoAnTotNghiep\V-Shield-2.0\AccessControlDB_HoanChinh.sql"
"ExpiresAt","4","1","C:\DoAnTotNghiep\V-Shield-2.0\analysis_symbols_unique.txt | C:\DoAnTotNghiep\V-Shield-2.0\analysis_name_declarations.csv | C:\DoAnTotNghiep\V-Shield-2.0\API\API\API\Services\AuthService.cs | C:\DoAnTotNghiep\V-Shield-2.0\API\API\API\DTOs\LoginResponse.cs"
"CreatePositionRequest","5","1","C:\DoAnTotNghiep\V-Shield-2.0\analysis_symbols_unique.txt | C:\DoAnTotNghiep\V-Shield-2.0\analysis_name_declarations.csv | C:\DoAnTotNghiep\V-Shield-2.0\analysis_csharp_symbols.csv | C:\DoAnTotNghiep\V-Shield-2.0\API\API\API\DTOs\PositionRequest.cs | C:\DoAnTotNghiep\V-Shield-2.0\API\API\API\Controllers\PositionsController.cs"
"UpdatePositionRequest","5","1","C:\DoAnTotNghiep\V-Shield-2.0\analysis_symbols_unique.txt | C:\DoAnTotNghiep\V-Shield-2.0\analysis_name_declarations.csv | C:\DoAnTotNghiep\V-Shield-2.0\analysis_csharp_symbols.csv | C:\DoAnTotNghiep\V-Shield-2.0\API\API\API\Controllers\PositionsController.cs | C:\DoAnTotNghiep\V-Shield-2.0\API\API\API\DTOs\PositionRequest.cs"
"PositionResponse","9","1","C:\DoAnTotNghiep\V-Shield-2.0\analysis_symbols_unique.txt | C:\DoAnTotNghiep\V-Shield-2.0\analysis_name_declarations.csv | C:\DoAnTotNghiep\V-Shield-2.0\analysis_csharp_symbols.csv | C:\DoAnTotNghiep\V-Shield-2.0\analysis_csharp_symbols.csv | C:\DoAnTotNghiep\V-Shield-2.0\API\API\API\Controllers\PositionsController.cs"
"API.DTOs.PreRegistration","9","1","C:\DoAnTotNghiep\V-Shield-2.0\analysis_csharp_symbols.csv | C:\DoAnTotNghiep\V-Shield-2.0\analysis_symbols_unique.txt | C:\DoAnTotNghiep\V-Shield-2.0\analysis_name_declarations.csv | C:\DoAnTotNghiep\V-Shield-2.0\analysis_linkage_hits.txt | C:\DoAnTotNghiep\V-Shield-2.0\analysis_linkage_hits.txt"
"CreateLinkRequestDto","5","1","C:\DoAnTotNghiep\V-Shield-2.0\analysis_symbols_unique.txt | C:\DoAnTotNghiep\V-Shield-2.0\analysis_csharp_symbols.csv | C:\DoAnTotNghiep\V-Shield-2.0\analysis_name_declarations.csv | C:\DoAnTotNghiep\V-Shield-2.0\API\API\API\DTOs\PreRegistrationDtos.cs | C:\DoAnTotNghiep\V-Shield-2.0\API\API\API\Controllers\RegistrationLinkController.cs"
"HostEmployeeId","37","1","C:\DoAnTotNghiep\V-Shield-2.0\AccessControlDB_HoanChinh.sql | C:\DoAnTotNghiep\V-Shield-2.0\AccessControlDB_HoanChinh.sql | C:\DoAnTotNghiep\V-Shield-2.0\analysis_linkage_hits.txt | C:\DoAnTotNghiep\V-Shield-2.0\analysis_linkage_hits.txt | C:\DoAnTotNghiep\V-Shield-2.0\analysis_symbols_unique.txt"
"ExpiryHours","4","1","C:\DoAnTotNghiep\V-Shield-2.0\analysis_name_declarations.csv | C:\DoAnTotNghiep\V-Shield-2.0\analysis_symbols_unique.txt | C:\DoAnTotNghiep\V-Shield-2.0\API\API\API\Controllers\RegistrationLinkController.cs | C:\DoAnTotNghiep\V-Shield-2.0\API\API\API\DTOs\PreRegistrationDtos.cs"
"SubmitRegistrationDto","5","1","C:\DoAnTotNghiep\V-Shield-2.0\analysis_csharp_symbols.csv | C:\DoAnTotNghiep\V-Shield-2.0\analysis_symbols_unique.txt | C:\DoAnTotNghiep\V-Shield-2.0\analysis_name_declarations.csv | C:\DoAnTotNghiep\V-Shield-2.0\API\API\API\DTOs\PreRegistrationDtos.cs | C:\DoAnTotNghiep\V-Shield-2.0\API\API\API\Controllers\PreRegistrationController.cs"
"ExpectedTimeIn","24","1","C:\DoAnTotNghiep\V-Shield-2.0\analysis_symbols_unique.txt | C:\DoAnTotNghiep\V-Shield-2.0\AccessControlDB_HoanChinh.sql | C:\DoAnTotNghiep\V-Shield-2.0\analysis_name_declarations.csv | C:\DoAnTotNghiep\V-Shield-2.0\analysis_name_declarations.csv | C:\DoAnTotNghiep\V-Shield-2.0\analysis_name_declarations.csv"
"ExpectedTimeOut","17","1","C:\DoAnTotNghiep\V-Shield-2.0\AccessControlDB_HoanChinh.sql | C:\DoAnTotNghiep\V-Shield-2.0\analysis_symbols_unique.txt | C:\DoAnTotNghiep\V-Shield-2.0\analysis_name_declarations.csv | C:\DoAnTotNghiep\V-Shield-2.0\analysis_name_declarations.csv | C:\DoAnTotNghiep\V-Shield-2.0\analysis_name_declarations.csv"
"NumberOfVisitors","17","1","C:\DoAnTotNghiep\V-Shield-2.0\analysis_symbols_unique.txt | C:\DoAnTotNghiep\V-Shield-2.0\AccessControlDB_HoanChinh.sql | C:\DoAnTotNghiep\V-Shield-2.0\analysis_name_declarations.csv | C:\DoAnTotNghiep\V-Shield-2.0\analysis_name_declarations.csv | C:\DoAnTotNghiep\V-Shield-2.0\analysis_name_declarations.csv"
"Visitors","11","1","C:\DoAnTotNghiep\V-Shield-2.0\analysis_symbols_unique.txt | C:\DoAnTotNghiep\V-Shield-2.0\analysis_name_declarations.csv | C:\DoAnTotNghiep\V-Shield-2.0\analysis_name_declarations.csv | C:\DoAnTotNghiep\V-Shield-2.0\analysis_frontend_hits.txt | C:\DoAnTotNghiep\V-Shield-2.0\API\API\API\Controllers\PreRegistrationController.cs"
"VisitorInfoDto","7","1","C:\DoAnTotNghiep\V-Shield-2.0\analysis_symbols_unique.txt | C:\DoAnTotNghiep\V-Shield-2.0\analysis_csharp_symbols.csv | C:\DoAnTotNghiep\V-Shield-2.0\analysis_name_declarations.csv | C:\DoAnTotNghiep\V-Shield-2.0\API\API\API\DTOs\PreRegistrationDtos.cs | C:\DoAnTotNghiep\V-Shield-2.0\API\API\API\DTOs\PreRegistrationDtos.cs"
"IdCardNumber","14","1","C:\DoAnTotNghiep\V-Shield-2.0\AccessControlDB_HoanChinh.sql | C:\DoAnTotNghiep\V-Shield-2.0\analysis_name_declarations.csv | C:\DoAnTotNghiep\V-Shield-2.0\analysis_name_declarations.csv | C:\DoAnTotNghiep\V-Shield-2.0\analysis_linkage_hits.txt | C:\DoAnTotNghiep\V-Shield-2.0\analysis_symbols_unique.txt"
"ExpectedFaceImage","13","1","C:\DoAnTotNghiep\V-Shield-2.0\analysis_name_declarations.csv | C:\DoAnTotNghiep\V-Shield-2.0\analysis_name_declarations.csv | C:\DoAnTotNghiep\V-Shield-2.0\AccessControlDB_HoanChinh.sql | C:\DoAnTotNghiep\V-Shield-2.0\analysis_symbols_unique.txt | C:\DoAnTotNghiep\V-Shield-2.0\analysis_linkage_hits.txt"
"QrCodeData","5","1","C:\DoAnTotNghiep\V-Shield-2.0\analysis_name_declarations.csv | C:\DoAnTotNghiep\V-Shield-2.0\analysis_symbols_unique.txt | C:\DoAnTotNghiep\V-Shield-2.0\API\API\API\Controllers\PreRegistrationController.cs | C:\DoAnTotNghiep\V-Shield-2.0\API\API\API\Controllers\PreRegistrationController.cs | C:\DoAnTotNghiep\V-Shield-2.0\API\API\API\DTOs\PreRegistrationDtos.cs"
"QrIssuedAt","12","1","C:\DoAnTotNghiep\V-Shield-2.0\analysis_name_declarations.csv | C:\DoAnTotNghiep\V-Shield-2.0\analysis_name_declarations.csv | C:\DoAnTotNghiep\V-Shield-2.0\analysis_symbols_unique.txt | C:\DoAnTotNghiep\V-Shield-2.0\API\API\API\Controllers\PreRegistrationController.cs | C:\DoAnTotNghiep\V-Shield-2.0\API\API\API\Controllers\PreRegistrationController.cs"
"IsQrActive","17","1","C:\DoAnTotNghiep\V-Shield-2.0\analysis_name_declarations.csv | C:\DoAnTotNghiep\V-Shield-2.0\analysis_name_declarations.csv | C:\DoAnTotNghiep\V-Shield-2.0\analysis_symbols_unique.txt | C:\DoAnTotNghiep\V-Shield-2.0\API\API\API\DTOs\PreRegistrationDtos.cs | C:\DoAnTotNghiep\V-Shield-2.0\API\API\API\Models\VisitorDetail.cs"
"VerifyVisitorQrDto","5","1","C:\DoAnTotNghiep\V-Shield-2.0\analysis_symbols_unique.txt | C:\DoAnTotNghiep\V-Shield-2.0\analysis_name_declarations.csv | C:\DoAnTotNghiep\V-Shield-2.0\analysis_csharp_symbols.csv | C:\DoAnTotNghiep\V-Shield-2.0\API\API\API\DTOs\PreRegistrationDtos.cs | C:\DoAnTotNghiep\V-Shield-2.0\API\API\API\Controllers\PreRegistrationController.cs"
"UpdateStatusDto","5","1","C:\DoAnTotNghiep\V-Shield-2.0\analysis_name_declarations.csv | C:\DoAnTotNghiep\V-Shield-2.0\analysis_symbols_unique.txt | C:\DoAnTotNghiep\V-Shield-2.0\analysis_csharp_symbols.csv | C:\DoAnTotNghiep\V-Shield-2.0\API\API\API\Controllers\PreRegistrationController.cs | C:\DoAnTotNghiep\V-Shield-2.0\API\API\API\DTOs\PreRegistrationDtos.cs"
"CreateLinkResponseDto","5","1","C:\DoAnTotNghiep\V-Shield-2.0\analysis_symbols_unique.txt | C:\DoAnTotNghiep\V-Shield-2.0\analysis_name_declarations.csv | C:\DoAnTotNghiep\V-Shield-2.0\analysis_csharp_symbols.csv | C:\DoAnTotNghiep\V-Shield-2.0\API\API\API\DTOs\PreRegistrationDtos.cs | C:\DoAnTotNghiep\V-Shield-2.0\API\API\API\Controllers\RegistrationLinkController.cs"
"RegistrationUrl","4","1","C:\DoAnTotNghiep\V-Shield-2.0\analysis_name_declarations.csv | C:\DoAnTotNghiep\V-Shield-2.0\analysis_symbols_unique.txt | C:\DoAnTotNghiep\V-Shield-2.0\API\API\API\DTOs\PreRegistrationDtos.cs | C:\DoAnTotNghiep\V-Shield-2.0\API\API\API\Controllers\RegistrationLinkController.cs"
"ExpiredAt","20","1","C:\DoAnTotNghiep\V-Shield-2.0\AccessControlDB_HoanChinh.sql | C:\DoAnTotNghiep\V-Shield-2.0\analysis_symbols_unique.txt | C:\DoAnTotNghiep\V-Shield-2.0\analysis_name_declarations.csv | C:\DoAnTotNghiep\V-Shield-2.0\analysis_name_declarations.csv | C:\DoAnTotNghiep\V-Shield-2.0\analysis_name_declarations.csv"
"ValidateTokenResponseDto","5","1","C:\DoAnTotNghiep\V-Shield-2.0\analysis_name_declarations.csv | C:\DoAnTotNghiep\V-Shield-2.0\analysis_csharp_symbols.csv | C:\DoAnTotNghiep\V-Shield-2.0\analysis_symbols_unique.txt | C:\DoAnTotNghiep\V-Shield-2.0\API\API\API\DTOs\PreRegistrationDtos.cs | C:\DoAnTotNghiep\V-Shield-2.0\API\API\API\Controllers\PreRegistrationController.cs"
"HostEmployeeName","8","1","C:\DoAnTotNghiep\V-Shield-2.0\analysis_symbols_unique.txt | C:\DoAnTotNghiep\V-Shield-2.0\analysis_name_declarations.csv | C:\DoAnTotNghiep\V-Shield-2.0\analysis_name_declarations.csv | C:\DoAnTotNghiep\V-Shield-2.0\API\API\API\Controllers\PreRegistrationController.cs | C:\DoAnTotNghiep\V-Shield-2.0\API\API\API\Controllers\PreRegistrationController.cs"
"HostEmployeePhone","4","1","C:\DoAnTotNghiep\V-Shield-2.0\analysis_name_declarations.csv | C:\DoAnTotNghiep\V-Shield-2.0\analysis_symbols_unique.txt | C:\DoAnTotNghiep\V-Shield-2.0\API\API\API\DTOs\PreRegistrationDtos.cs | C:\DoAnTotNghiep\V-Shield-2.0\API\API\API\Controllers\PreRegistrationController.cs"
"HostEmployeeEmail","4","1","C:\DoAnTotNghiep\V-Shield-2.0\analysis_name_declarations.csv | C:\DoAnTotNghiep\V-Shield-2.0\analysis_symbols_unique.txt | C:\DoAnTotNghiep\V-Shield-2.0\API\API\API\Controllers\PreRegistrationController.cs | C:\DoAnTotNghiep\V-Shield-2.0\API\API\API\DTOs\PreRegistrationDtos.cs"
"HostDepartmentName","4","1","C:\DoAnTotNghiep\V-Shield-2.0\analysis_symbols_unique.txt | C:\DoAnTotNghiep\V-Shield-2.0\analysis_name_declarations.csv | C:\DoAnTotNghiep\V-Shield-2.0\API\API\API\DTOs\PreRegistrationDtos.cs | C:\DoAnTotNghiep\V-Shield-2.0\API\API\API\Controllers\PreRegistrationController.cs"
"HostPositionName","4","1","C:\DoAnTotNghiep\V-Shield-2.0\analysis_name_declarations.csv | C:\DoAnTotNghiep\V-Shield-2.0\analysis_symbols_unique.txt | C:\DoAnTotNghiep\V-Shield-2.0\API\API\API\Controllers\PreRegistrationController.cs | C:\DoAnTotNghiep\V-Shield-2.0\API\API\API\DTOs\PreRegistrationDtos.cs"
"HostFaceImageUrl","4","1","C:\DoAnTotNghiep\V-Shield-2.0\analysis_symbols_unique.txt | C:\DoAnTotNghiep\V-Shield-2.0\analysis_name_declarations.csv | C:\DoAnTotNghiep\V-Shield-2.0\API\API\API\Controllers\PreRegistrationController.cs | C:\DoAnTotNghiep\V-Shield-2.0\API\API\API\DTOs\PreRegistrationDtos.cs"
"HostLicensePlates","4","1","C:\DoAnTotNghiep\V-Shield-2.0\analysis_symbols_unique.txt | C:\DoAnTotNghiep\V-Shield-2.0\analysis_name_declarations.csv | C:\DoAnTotNghiep\V-Shield-2.0\API\API\API\DTOs\PreRegistrationDtos.cs | C:\DoAnTotNghiep\V-Shield-2.0\API\API\API\Controllers\PreRegistrationController.cs"
"RegistrationListItemDto","6","1","C:\DoAnTotNghiep\V-Shield-2.0\analysis_name_declarations.csv | C:\DoAnTotNghiep\V-Shield-2.0\analysis_csharp_symbols.csv | C:\DoAnTotNghiep\V-Shield-2.0\analysis_symbols_unique.txt | C:\DoAnTotNghiep\V-Shield-2.0\API\API\API\DTOs\PreRegistrationDtos.cs | C:\DoAnTotNghiep\V-Shield-2.0\API\API\API\DTOs\PreRegistrationDtos.cs"
"GuestFullName","5","1","C:\DoAnTotNghiep\V-Shield-2.0\analysis_symbols_unique.txt | C:\DoAnTotNghiep\V-Shield-2.0\analysis_name_declarations.csv | C:\DoAnTotNghiep\V-Shield-2.0\API\API\API\DTOs\PreRegistrationDtos.cs | C:\DoAnTotNghiep\V-Shield-2.0\API\API\API\Controllers\PreRegistrationController.cs | C:\DoAnTotNghiep\V-Shield-2.0\API\API\API\Controllers\PreRegistrationController.cs"
"GuestPhone","5","1","C:\DoAnTotNghiep\V-Shield-2.0\analysis_name_declarations.csv | C:\DoAnTotNghiep\V-Shield-2.0\analysis_symbols_unique.txt | C:\DoAnTotNghiep\V-Shield-2.0\API\API\API\Controllers\PreRegistrationController.cs | C:\DoAnTotNghiep\V-Shield-2.0\API\API\API\Controllers\PreRegistrationController.cs | C:\DoAnTotNghiep\V-Shield-2.0\API\API\API\DTOs\PreRegistrationDtos.cs"
"CreatedAt","90","1","C:\DoAnTotNghiep\V-Shield-2.0\AccessControlDB_HoanChinh.sql | C:\DoAnTotNghiep\V-Shield-2.0\AccessControlDB_HoanChinh.sql | C:\DoAnTotNghiep\V-Shield-2.0\AccessControlDB_HoanChinh.sql | C:\DoAnTotNghiep\V-Shield-2.0\AccessControlDB_HoanChinh.sql | C:\DoAnTotNghiep\V-Shield-2.0\analysis_name_declarations.csv"
"RegistrationDetailDto","5","1","C:\DoAnTotNghiep\V-Shield-2.0\analysis_symbols_unique.txt | C:\DoAnTotNghiep\V-Shield-2.0\analysis_csharp_symbols.csv | C:\DoAnTotNghiep\V-Shield-2.0\analysis_name_declarations.csv | C:\DoAnTotNghiep\V-Shield-2.0\API\API\API\DTOs\PreRegistrationDtos.cs | C:\DoAnTotNghiep\V-Shield-2.0\API\API\API\Controllers\PreRegistrationController.cs"
"AccessLogDto","6","1","C:\DoAnTotNghiep\V-Shield-2.0\analysis_csharp_symbols.csv | C:\DoAnTotNghiep\V-Shield-2.0\analysis_name_declarations.csv | C:\DoAnTotNghiep\V-Shield-2.0\analysis_symbols_unique.txt | C:\DoAnTotNghiep\V-Shield-2.0\API\API\API\Controllers\PreRegistrationController.cs | C:\DoAnTotNghiep\V-Shield-2.0\API\API\API\DTOs\PreRegistrationDtos.cs"
"SetCamRequest","15","1","C:\DoAnTotNghiep\V-Shield-2.0\analysis_source_files.txt | C:\DoAnTotNghiep\V-Shield-2.0\analysis_symbols_unique.txt | C:\DoAnTotNghiep\V-Shield-2.0\analysis_linkage_hits.txt | C:\DoAnTotNghiep\V-Shield-2.0\analysis_linkage_hits.txt | C:\DoAnTotNghiep\V-Shield-2.0\analysis_csharp_symbols.csv"
"UpdateEmployeeRequest","17","1","C:\DoAnTotNghiep\V-Shield-2.0\analysis_symbols_unique.txt | C:\DoAnTotNghiep\V-Shield-2.0\analysis_source_files.txt | C:\DoAnTotNghiep\V-Shield-2.0\analysis_name_declarations.csv | C:\DoAnTotNghiep\V-Shield-2.0\analysis_name_declarations.csv | C:\DoAnTotNghiep\V-Shield-2.0\analysis_name_declarations.csv"
"UpdateUserRequest","15","1","C:\DoAnTotNghiep\V-Shield-2.0\analysis_source_files.txt | C:\DoAnTotNghiep\V-Shield-2.0\analysis_csharp_symbols.csv | C:\DoAnTotNghiep\V-Shield-2.0\analysis_csharp_symbols.csv | C:\DoAnTotNghiep\V-Shield-2.0\analysis_name_declarations.csv | C:\DoAnTotNghiep\V-Shield-2.0\analysis_name_declarations.csv"
"IsActive","32","1","C:\DoAnTotNghiep\V-Shield-2.0\analysis_name_declarations.csv | C:\DoAnTotNghiep\V-Shield-2.0\analysis_name_declarations.csv | C:\DoAnTotNghiep\V-Shield-2.0\analysis_name_declarations.csv | C:\DoAnTotNghiep\V-Shield-2.0\analysis_name_declarations.csv | C:\DoAnTotNghiep\V-Shield-2.0\analysis_symbols_unique.txt"
"UserResponse","21","1","C:\DoAnTotNghiep\V-Shield-2.0\analysis_csharp_symbols.csv | C:\DoAnTotNghiep\V-Shield-2.0\analysis_csharp_symbols.csv | C:\DoAnTotNghiep\V-Shield-2.0\analysis_csharp_symbols.csv | C:\DoAnTotNghiep\V-Shield-2.0\analysis_source_files.txt | C:\DoAnTotNghiep\V-Shield-2.0\analysis_name_declarations.csv"
"UserId","25","1","C:\DoAnTotNghiep\V-Shield-2.0\analysis_symbols_unique.txt | C:\DoAnTotNghiep\V-Shield-2.0\analysis_csharp_symbols.csv | C:\DoAnTotNghiep\V-Shield-2.0\analysis_name_declarations.csv | C:\DoAnTotNghiep\V-Shield-2.0\analysis_name_declarations.csv | C:\DoAnTotNghiep\V-Shield-2.0\API\API\API\Services\AuthService.cs"
"VehicleDto","17","1","C:\DoAnTotNghiep\V-Shield-2.0\analysis_csharp_symbols.csv | C:\DoAnTotNghiep\V-Shield-2.0\analysis_name_declarations.csv | C:\DoAnTotNghiep\V-Shield-2.0\analysis_symbols_unique.txt | C:\DoAnTotNghiep\V-Shield-2.0\API\API\API\DTOs\VehicleDtos.cs | C:\DoAnTotNghiep\V-Shield-2.0\API\API\API\Services\VehicleService.cs"
"VehicleId","27","1","C:\DoAnTotNghiep\V-Shield-2.0\analysis_csharp_symbols.csv | C:\DoAnTotNghiep\V-Shield-2.0\analysis_symbols_unique.txt | C:\DoAnTotNghiep\V-Shield-2.0\AccessControlDB_HoanChinh.sql | C:\DoAnTotNghiep\V-Shield-2.0\analysis_name_declarations.csv | C:\DoAnTotNghiep\V-Shield-2.0\analysis_name_declarations.csv"
"VehicleTypeName","4","1","C:\DoAnTotNghiep\V-Shield-2.0\analysis_name_declarations.csv | C:\DoAnTotNghiep\V-Shield-2.0\analysis_symbols_unique.txt | C:\DoAnTotNghiep\V-Shield-2.0\API\API\API\Services\VehicleService.cs | C:\DoAnTotNghiep\V-Shield-2.0\API\API\API\DTOs\VehicleDtos.cs"
"EmployeeFullName","4","1","C:\DoAnTotNghiep\V-Shield-2.0\analysis_symbols_unique.txt | C:\DoAnTotNghiep\V-Shield-2.0\analysis_name_declarations.csv | C:\DoAnTotNghiep\V-Shield-2.0\API\API\API\Services\VehicleService.cs | C:\DoAnTotNghiep\V-Shield-2.0\API\API\API\DTOs\VehicleDtos.cs"
"VehicleTypeDto","7","1","C:\DoAnTotNghiep\V-Shield-2.0\analysis_symbols_unique.txt | C:\DoAnTotNghiep\V-Shield-2.0\analysis_csharp_symbols.csv | C:\DoAnTotNghiep\V-Shield-2.0\analysis_name_declarations.csv | C:\DoAnTotNghiep\V-Shield-2.0\API\API\API\DTOs\VehicleDtos.cs | C:\DoAnTotNghiep\V-Shield-2.0\API\API\API\Services\VehicleService.cs"
"TypeName","21","1","C:\DoAnTotNghiep\V-Shield-2.0\analysis_linkage_hits.txt | C:\DoAnTotNghiep\V-Shield-2.0\AccessControlDB_HoanChinh.sql | C:\DoAnTotNghiep\V-Shield-2.0\analysis_symbols_unique.txt | C:\DoAnTotNghiep\V-Shield-2.0\analysis_name_declarations.csv | C:\DoAnTotNghiep\V-Shield-2.0\analysis_name_declarations.csv"
"CreateVehicleDto","7","1","C:\DoAnTotNghiep\V-Shield-2.0\analysis_csharp_symbols.csv | C:\DoAnTotNghiep\V-Shield-2.0\analysis_name_declarations.csv | C:\DoAnTotNghiep\V-Shield-2.0\analysis_symbols_unique.txt | C:\DoAnTotNghiep\V-Shield-2.0\API\API\API\Services\VehicleService.cs | C:\DoAnTotNghiep\V-Shield-2.0\API\API\API\Services\VehicleService.cs"
"UpdateVehicleDto","7","1","C:\DoAnTotNghiep\V-Shield-2.0\analysis_name_declarations.csv | C:\DoAnTotNghiep\V-Shield-2.0\analysis_csharp_symbols.csv | C:\DoAnTotNghiep\V-Shield-2.0\analysis_symbols_unique.txt | C:\DoAnTotNghiep\V-Shield-2.0\API\API\API\Controllers\VehiclesController.cs | C:\DoAnTotNghiep\V-Shield-2.0\API\API\API\Services\VehicleService.cs"
"API.Hubs","18","1","C:\DoAnTotNghiep\V-Shield-2.0\analysis_linkage_hits.txt | C:\DoAnTotNghiep\V-Shield-2.0\analysis_linkage_hits.txt | C:\DoAnTotNghiep\V-Shield-2.0\analysis_linkage_hits.txt | C:\DoAnTotNghiep\V-Shield-2.0\analysis_linkage_hits.txt | C:\DoAnTotNghiep\V-Shield-2.0\analysis_linkage_hits.txt"
"EmployeeStatsHub","19","1","C:\DoAnTotNghiep\V-Shield-2.0\analysis_source_files.txt | C:\DoAnTotNghiep\V-Shield-2.0\analysis_symbols_unique.txt | C:\DoAnTotNghiep\V-Shield-2.0\analysis_api_routes.txt | C:\DoAnTotNghiep\V-Shield-2.0\analysis_name_declarations.csv | C:\DoAnTotNghiep\V-Shield-2.0\analysis_name_declarations.csv"
"JoinStatsGroup","3","1","C:\DoAnTotNghiep\V-Shield-2.0\analysis_name_declarations.csv | C:\DoAnTotNghiep\V-Shield-2.0\analysis_symbols_unique.txt | C:\DoAnTotNghiep\V-Shield-2.0\API\API\API\Hubs\EmployeeStatsHub.cs"
"LeaveStatsGroup","3","1","C:\DoAnTotNghiep\V-Shield-2.0\analysis_symbols_unique.txt | C:\DoAnTotNghiep\V-Shield-2.0\analysis_name_declarations.csv | C:\DoAnTotNghiep\V-Shield-2.0\API\API\API\Hubs\EmployeeStatsHub.cs"
"API.Migrations","43","1","C:\DoAnTotNghiep\V-Shield-2.0\analysis_source_files.txt | C:\DoAnTotNghiep\V-Shield-2.0\analysis_source_files.txt | C:\DoAnTotNghiep\V-Shield-2.0\analysis_source_files.txt | C:\DoAnTotNghiep\V-Shield-2.0\analysis_name_declarations.csv | C:\DoAnTotNghiep\V-Shield-2.0\analysis_name_declarations.csv"
"InitialCreate","8","1","C:\DoAnTotNghiep\V-Shield-2.0\analysis_name_declarations.csv | C:\DoAnTotNghiep\V-Shield-2.0\analysis_name_declarations.csv | C:\DoAnTotNghiep\V-Shield-2.0\analysis_csharp_symbols.csv | C:\DoAnTotNghiep\V-Shield-2.0\taomoitruong_debug.bat | C:\DoAnTotNghiep\V-Shield-2.0\taomoitruong.bat"
"Up","6","1","C:\DoAnTotNghiep\V-Shield-2.0\analysis_symbols_unique.txt | C:\DoAnTotNghiep\V-Shield-2.0\analysis_name_declarations.csv | C:\DoAnTotNghiep\V-Shield-2.0\analysis_ai_coupling.txt | C:\DoAnTotNghiep\V-Shield-2.0\AI_Project\face_recognition\docker\README.md | C:\DoAnTotNghiep\V-Shield-2.0\API\API\API\Services\LanCameraDiscoveryService.cs"
"Down","3","1","C:\DoAnTotNghiep\V-Shield-2.0\analysis_symbols_unique.txt | C:\DoAnTotNghiep\V-Shield-2.0\analysis_name_declarations.csv | C:\DoAnTotNghiep\V-Shield-2.0\API\API\API\Migrations\20260522060405_InitialCreate.cs"
"BuildTargetModel","3","1","C:\DoAnTotNghiep\V-Shield-2.0\analysis_symbols_unique.txt | C:\DoAnTotNghiep\V-Shield-2.0\analysis_name_declarations.csv | C:\DoAnTotNghiep\V-Shield-2.0\API\API\API\Migrations\20260522060405_InitialCreate.Designer.cs"
"ApplicationDbContextModelSnapshot","17","1","C:\DoAnTotNghiep\V-Shield-2.0\analysis_symbols_unique.txt | C:\DoAnTotNghiep\V-Shield-2.0\analysis_csharp_symbols.csv | C:\DoAnTotNghiep\V-Shield-2.0\analysis_csharp_symbols.csv | C:\DoAnTotNghiep\V-Shield-2.0\analysis_csharp_symbols.csv | C:\DoAnTotNghiep\V-Shield-2.0\analysis_source_files.txt"
"BuildModel","3","1","C:\DoAnTotNghiep\V-Shield-2.0\analysis_symbols_unique.txt | C:\DoAnTotNghiep\V-Shield-2.0\analysis_name_declarations.csv | C:\DoAnTotNghiep\V-Shield-2.0\API\API\API\Migrations\ApplicationDbContextModelSnapshot.cs"
"API.Models","566","1","C:\DoAnTotNghiep\V-Shield-2.0\analysis_csharp_symbols.csv | C:\DoAnTotNghiep\V-Shield-2.0\analysis_csharp_symbols.csv | C:\DoAnTotNghiep\V-Shield-2.0\analysis_csharp_symbols.csv | C:\DoAnTotNghiep\V-Shield-2.0\analysis_csharp_symbols.csv | C:\DoAnTotNghiep\V-Shield-2.0\analysis_csharp_symbols.csv"
"AccessLog","60","1","C:\DoAnTotNghiep\V-Shield-2.0\analysis_symbols_unique.txt | C:\DoAnTotNghiep\V-Shield-2.0\analysis_source_files.txt | C:\DoAnTotNghiep\V-Shield-2.0\analysis_csharp_symbols.csv | C:\DoAnTotNghiep\V-Shield-2.0\analysis_csharp_symbols.csv | C:\DoAnTotNghiep\V-Shield-2.0\analysis_name_declarations.csv"
"Camera","180","1","C:\DoAnTotNghiep\V-Shield-2.0\analysis_sql_objects.txt | C:\DoAnTotNghiep\V-Shield-2.0\analysis_sql_objects.txt | C:\DoAnTotNghiep\V-Shield-2.0\analysis_symbols_unique.txt | C:\DoAnTotNghiep\V-Shield-2.0\analysis_source_files.txt | C:\DoAnTotNghiep\V-Shield-2.0\analysis_name_declarations.csv"
"Employee","172","1","C:\DoAnTotNghiep\V-Shield-2.0\analysis_symbols_unique.txt | C:\DoAnTotNghiep\V-Shield-2.0\analysis_sql_objects.txt | C:\DoAnTotNghiep\V-Shield-2.0\analysis_sql_objects.txt | C:\DoAnTotNghiep\V-Shield-2.0\analysis_csharp_symbols.csv | C:\DoAnTotNghiep\V-Shield-2.0\analysis_csharp_symbols.csv"
"EntryLog","9","1","C:\DoAnTotNghiep\V-Shield-2.0\analysis_name_declarations.csv | C:\DoAnTotNghiep\V-Shield-2.0\analysis_symbols_unique.txt | C:\DoAnTotNghiep\V-Shield-2.0\API\API\API\Models\AccessLog.cs | C:\DoAnTotNghiep\V-Shield-2.0\API\API\API\Models\AccessLog.cs | C:\DoAnTotNghiep\V-Shield-2.0\API\API\API\Migrations\ApplicationDbContextModelSnapshot.cs"
"ExceptionReason","36","1","C:\DoAnTotNghiep\V-Shield-2.0\analysis_source_files.txt | C:\DoAnTotNghiep\V-Shield-2.0\analysis_symbols_unique.txt | C:\DoAnTotNghiep\V-Shield-2.0\analysis_csharp_symbols.csv | C:\DoAnTotNghiep\V-Shield-2.0\analysis_csharp_symbols.csv | C:\DoAnTotNghiep\V-Shield-2.0\analysis_name_declarations.csv"
"Gate","88","1","C:\DoAnTotNghiep\V-Shield-2.0\analysis_sql_objects.txt | C:\DoAnTotNghiep\V-Shield-2.0\analysis_sql_objects.txt | C:\DoAnTotNghiep\V-Shield-2.0\analysis_source_files.txt | C:\DoAnTotNghiep\V-Shield-2.0\AccessControlDB_HoanChinh.sql | C:\DoAnTotNghiep\V-Shield-2.0\AccessControlDB_HoanChinh.sql"
"InverseEntryLog","9","1","C:\DoAnTotNghiep\V-Shield-2.0\analysis_symbols_unique.txt | C:\DoAnTotNghiep\V-Shield-2.0\analysis_name_declarations.csv | C:\DoAnTotNghiep\V-Shield-2.0\API\API\API\Data\ApplicationDbContext.cs | C:\DoAnTotNghiep\V-Shield-2.0\API\API\API\Models\AccessLog.cs | C:\DoAnTotNghiep\V-Shield-2.0\API\API\API\Models\AccessLog.cs"
"Registration","33","1","C:\DoAnTotNghiep\V-Shield-2.0\analysis_symbols_unique.txt | C:\DoAnTotNghiep\V-Shield-2.0\analysis_name_declarations.csv | C:\DoAnTotNghiep\V-Shield-2.0\analysis_name_declarations.csv | C:\DoAnTotNghiep\V-Shield-2.0\analysis_frontend_hits.txt | C:\DoAnTotNghiep\V-Shield-2.0\API\API\API\Data\ApplicationDbContext.cs"
"VisitorDetail","47","1","C:\DoAnTotNghiep\V-Shield-2.0\analysis_source_files.txt | C:\DoAnTotNghiep\V-Shield-2.0\analysis_name_declarations.csv | C:\DoAnTotNghiep\V-Shield-2.0\analysis_name_declarations.csv | C:\DoAnTotNghiep\V-Shield-2.0\analysis_name_declarations.csv | C:\DoAnTotNghiep\V-Shield-2.0\analysis_name_declarations.csv"
"EmployeeAccessPermission","8","1","C:\DoAnTotNghiep\V-Shield-2.0\analysis_symbols_unique.txt | C:\DoAnTotNghiep\V-Shield-2.0\analysis_csharp_symbols.csv | C:\DoAnTotNghiep\V-Shield-2.0\analysis_name_declarations.csv | C:\DoAnTotNghiep\V-Shield-2.0\API\API\API\Data\ApplicationDbContext.cs | C:\DoAnTotNghiep\V-Shield-2.0\API\API\API\Models\AccessPermissions.cs"
"Id","79","1","C:\DoAnTotNghiep\V-Shield-2.0\AccessControlDB_HoanChinh.sql | C:\DoAnTotNghiep\V-Shield-2.0\AccessControlDB_HoanChinh.sql | C:\DoAnTotNghiep\V-Shield-2.0\analysis_name_declarations.csv | C:\DoAnTotNghiep\V-Shield-2.0\analysis_name_declarations.csv | C:\DoAnTotNghiep\V-Shield-2.0\analysis_name_declarations.csv"
"VisitorAccessPermission","8","1","C:\DoAnTotNghiep\V-Shield-2.0\analysis_symbols_unique.txt | C:\DoAnTotNghiep\V-Shield-2.0\analysis_name_declarations.csv | C:\DoAnTotNghiep\V-Shield-2.0\analysis_csharp_symbols.csv | C:\DoAnTotNghiep\V-Shield-2.0\API\API\API\Data\ApplicationDbContext.cs | C:\DoAnTotNghiep\V-Shield-2.0\API\API\API\Controllers\AccessPermissionController.cs"
"AppUser","39","1","C:\DoAnTotNghiep\V-Shield-2.0\analysis_csharp_symbols.csv | C:\DoAnTotNghiep\V-Shield-2.0\analysis_csharp_symbols.csv | C:\DoAnTotNghiep\V-Shield-2.0\analysis_name_declarations.csv | C:\DoAnTotNghiep\V-Shield-2.0\analysis_name_declarations.csv | C:\DoAnTotNghiep\V-Shield-2.0\analysis_name_declarations.csv"
"PasswordHash","13","1","C:\DoAnTotNghiep\V-Shield-2.0\analysis_name_declarations.csv | C:\DoAnTotNghiep\V-Shield-2.0\analysis_symbols_unique.txt | C:\DoAnTotNghiep\V-Shield-2.0\API\API\API\Services\AuthService.cs | C:\DoAnTotNghiep\V-Shield-2.0\API\API\API\Program.cs | C:\DoAnTotNghiep\V-Shield-2.0\API\API\API\Program.cs"
"CameraPlate","20","1","C:\DoAnTotNghiep\V-Shield-2.0\analysis_name_declarations.csv | C:\DoAnTotNghiep\V-Shield-2.0\analysis_name_declarations.csv | C:\DoAnTotNghiep\V-Shield-2.0\analysis_name_declarations.csv | C:\DoAnTotNghiep\V-Shield-2.0\analysis_name_declarations.csv | C:\DoAnTotNghiep\V-Shield-2.0\analysis_name_declarations.csv"
"CameraIP","17","1","C:\DoAnTotNghiep\V-Shield-2.0\analysis_linkage_hits.txt | C:\DoAnTotNghiep\V-Shield-2.0\AccessControlDB_HoanChinh.sql | C:\DoAnTotNghiep\V-Shield-2.0\analysis_symbols_unique.txt | C:\DoAnTotNghiep\V-Shield-2.0\analysis_name_declarations.csv | C:\DoAnTotNghiep\V-Shield-2.0\API\API\API\Controllers\BienSoController.cs"
"PlateNumber","11","1","C:\DoAnTotNghiep\V-Shield-2.0\analysis_symbols_unique.txt | C:\DoAnTotNghiep\V-Shield-2.0\analysis_name_declarations.csv | C:\DoAnTotNghiep\V-Shield-2.0\AccessControlDB_HoanChinh.sql | C:\DoAnTotNghiep\V-Shield-2.0\analysis_linkage_hits.txt | C:\DoAnTotNghiep\V-Shield-2.0\API\API\API\Migrations\20260522060405_InitialCreate.cs"
"X1","10","1","C:\DoAnTotNghiep\V-Shield-2.0\AccessControlDB_HoanChinh.sql | C:\DoAnTotNghiep\V-Shield-2.0\analysis_symbols_unique.txt | C:\DoAnTotNghiep\V-Shield-2.0\analysis_name_declarations.csv | C:\DoAnTotNghiep\V-Shield-2.0\analysis_linkage_hits.txt | C:\DoAnTotNghiep\V-Shield-2.0\API\API\API\Controllers\BienSoController.cs"
"Y1","10","1","C:\DoAnTotNghiep\V-Shield-2.0\AccessControlDB_HoanChinh.sql | C:\DoAnTotNghiep\V-Shield-2.0\analysis_symbols_unique.txt | C:\DoAnTotNghiep\V-Shield-2.0\analysis_name_declarations.csv | C:\DoAnTotNghiep\V-Shield-2.0\analysis_linkage_hits.txt | C:\DoAnTotNghiep\V-Shield-2.0\API\API\API\Migrations\ApplicationDbContextModelSnapshot.cs"
"X2","10","1","C:\DoAnTotNghiep\V-Shield-2.0\AccessControlDB_HoanChinh.sql | C:\DoAnTotNghiep\V-Shield-2.0\analysis_linkage_hits.txt | C:\DoAnTotNghiep\V-Shield-2.0\analysis_name_declarations.csv | C:\DoAnTotNghiep\V-Shield-2.0\analysis_symbols_unique.txt | C:\DoAnTotNghiep\V-Shield-2.0\API\API\API\Models\CameraPlate.cs"
"Y2","10","1","C:\DoAnTotNghiep\V-Shield-2.0\analysis_symbols_unique.txt | C:\DoAnTotNghiep\V-Shield-2.0\analysis_name_declarations.csv | C:\DoAnTotNghiep\V-Shield-2.0\AccessControlDB_HoanChinh.sql | C:\DoAnTotNghiep\V-Shield-2.0\analysis_linkage_hits.txt | C:\DoAnTotNghiep\V-Shield-2.0\API\API\API\Models\CameraPlate.cs"
"LastUpdate","14","1","C:\DoAnTotNghiep\V-Shield-2.0\AccessControlDB_HoanChinh.sql | C:\DoAnTotNghiep\V-Shield-2.0\analysis_symbols_unique.txt | C:\DoAnTotNghiep\V-Shield-2.0\analysis_linkage_hits.txt | C:\DoAnTotNghiep\V-Shield-2.0\analysis_name_declarations.csv | C:\DoAnTotNghiep\V-Shield-2.0\API\API\API\Models\CameraPlate.cs"
"Department","74","1","C:\DoAnTotNghiep\V-Shield-2.0\analysis_csharp_symbols.csv | C:\DoAnTotNghiep\V-Shield-2.0\analysis_csharp_symbols.csv | C:\DoAnTotNghiep\V-Shield-2.0\analysis_sql_objects.txt | C:\DoAnTotNghiep\V-Shield-2.0\analysis_sql_objects.txt | C:\DoAnTotNghiep\V-Shield-2.0\AccessControlDB_HoanChinh.sql"
"DynamicQrScanLog","22","1","C:\DoAnTotNghiep\V-Shield-2.0\analysis_source_files.txt | C:\DoAnTotNghiep\V-Shield-2.0\analysis_name_declarations.csv | C:\DoAnTotNghiep\V-Shield-2.0\analysis_name_declarations.csv | C:\DoAnTotNghiep\V-Shield-2.0\analysis_name_declarations.csv | C:\DoAnTotNghiep\V-Shield-2.0\analysis_name_declarations.csv"
"IsValid","18","1","C:\DoAnTotNghiep\V-Shield-2.0\analysis_name_declarations.csv | C:\DoAnTotNghiep\V-Shield-2.0\analysis_symbols_unique.txt | C:\DoAnTotNghiep\V-Shield-2.0\API\API\API\Models\DynamicQrScanLog.cs | C:\DoAnTotNghiep\V-Shield-2.0\API\API\API\Controllers\AuthController.cs | C:\DoAnTotNghiep\V-Shield-2.0\API\API\API\Controllers\EmployeesController.cs"
"ScannedAt","8","1","C:\DoAnTotNghiep\V-Shield-2.0\analysis_name_declarations.csv | C:\DoAnTotNghiep\V-Shield-2.0\analysis_symbols_unique.txt | C:\DoAnTotNghiep\V-Shield-2.0\API\API\API\Data\ApplicationDbContext.cs | C:\DoAnTotNghiep\V-Shield-2.0\API\API\API\Controllers\QR_DongController.cs | C:\DoAnTotNghiep\V-Shield-2.0\API\API\API\Models\DynamicQrScanLog.cs"
"Position","74","1","C:\DoAnTotNghiep\V-Shield-2.0\AccessControlDB_HoanChinh.sql | C:\DoAnTotNghiep\V-Shield-2.0\AccessControlDB_HoanChinh.sql | C:\DoAnTotNghiep\V-Shield-2.0\AccessControlDB_HoanChinh.sql | C:\DoAnTotNghiep\V-Shield-2.0\AccessControlDB_HoanChinh.sql | C:\DoAnTotNghiep\V-Shield-2.0\AccessControlDB_HoanChinh.sql"
"EmployeeDynamicQr","26","1","C:\DoAnTotNghiep\V-Shield-2.0\analysis_symbols_unique.txt | C:\DoAnTotNghiep\V-Shield-2.0\analysis_csharp_symbols.csv | C:\DoAnTotNghiep\V-Shield-2.0\analysis_csharp_symbols.csv | C:\DoAnTotNghiep\V-Shield-2.0\analysis_source_files.txt | C:\DoAnTotNghiep\V-Shield-2.0\analysis_name_declarations.csv"
"SecretKey","12","1","C:\DoAnTotNghiep\V-Shield-2.0\analysis_symbols_unique.txt | C:\DoAnTotNghiep\V-Shield-2.0\analysis_name_declarations.csv | C:\DoAnTotNghiep\V-Shield-2.0\API\API\API\Services\StaticVisitorQrService.cs | C:\DoAnTotNghiep\V-Shield-2.0\API\API\API\Models\EmployeeDynamicQr.cs | C:\DoAnTotNghiep\V-Shield-2.0\API\API\API\Migrations\ApplicationDbContextModelSnapshot.cs"
"TimeStepSeconds","13","1","C:\DoAnTotNghiep\V-Shield-2.0\analysis_name_declarations.csv | C:\DoAnTotNghiep\V-Shield-2.0\analysis_symbols_unique.txt | C:\DoAnTotNghiep\V-Shield-2.0\API\API\API\Data\ApplicationDbContext.cs | C:\DoAnTotNghiep\V-Shield-2.0\API\API\API\Controllers\QR_DongController.cs | C:\DoAnTotNghiep\V-Shield-2.0\API\API\API\Controllers\QR_DongController.cs"
"Digits","10","1","C:\DoAnTotNghiep\V-Shield-2.0\analysis_symbols_unique.txt | C:\DoAnTotNghiep\V-Shield-2.0\analysis_name_declarations.csv | C:\DoAnTotNghiep\V-Shield-2.0\API\API\API\Data\ApplicationDbContext.cs | C:\DoAnTotNghiep\V-Shield-2.0\API\API\API\Controllers\QR_DongController.cs | C:\DoAnTotNghiep\V-Shield-2.0\API\API\API\Controllers\QR_DongController.cs"
"LastUsedCounter","8","1","C:\DoAnTotNghiep\V-Shield-2.0\analysis_name_declarations.csv | C:\DoAnTotNghiep\V-Shield-2.0\analysis_symbols_unique.txt | C:\DoAnTotNghiep\V-Shield-2.0\API\API\API\Models\EmployeeDynamicQr.cs | C:\DoAnTotNghiep\V-Shield-2.0\API\API\API\Migrations\ApplicationDbContextModelSnapshot.cs | C:\DoAnTotNghiep\V-Shield-2.0\API\API\API\Migrations\20260522060405_InitialCreate.Designer.cs"
"UpdatedAt","14","1","C:\DoAnTotNghiep\V-Shield-2.0\analysis_symbols_unique.txt | C:\DoAnTotNghiep\V-Shield-2.0\analysis_name_declarations.csv | C:\DoAnTotNghiep\V-Shield-2.0\analysis_name_declarations.csv | C:\DoAnTotNghiep\V-Shield-2.0\analysis_name_declarations.csv | C:\DoAnTotNghiep\V-Shield-2.0\API\API\API\Controllers\QR_DongController.cs"
"EmployeeFaceModel","22","1","C:\DoAnTotNghiep\V-Shield-2.0\analysis_symbols_unique.txt | C:\DoAnTotNghiep\V-Shield-2.0\analysis_csharp_symbols.csv | C:\DoAnTotNghiep\V-Shield-2.0\analysis_csharp_symbols.csv | C:\DoAnTotNghiep\V-Shield-2.0\analysis_source_files.txt | C:\DoAnTotNghiep\V-Shield-2.0\analysis_name_declarations.csv"
"ModelFileName","11","1","C:\DoAnTotNghiep\V-Shield-2.0\AccessControlDB_HoanChinh.sql | C:\DoAnTotNghiep\V-Shield-2.0\analysis_linkage_hits.txt | C:\DoAnTotNghiep\V-Shield-2.0\analysis_name_declarations.csv | C:\DoAnTotNghiep\V-Shield-2.0\analysis_symbols_unique.txt | C:\DoAnTotNghiep\V-Shield-2.0\AI_Project\face_recognition\train_face.py"
"ModelPath","12","1","C:\DoAnTotNghiep\V-Shield-2.0\analysis_symbols_unique.txt | C:\DoAnTotNghiep\V-Shield-2.0\analysis_name_declarations.csv | C:\DoAnTotNghiep\V-Shield-2.0\AccessControlDB_HoanChinh.sql | C:\DoAnTotNghiep\V-Shield-2.0\analysis_linkage_hits.txt | C:\DoAnTotNghiep\V-Shield-2.0\API\API\API\Data\ApplicationDbContext.cs"
"EmployeeFaceVideo","24","1","C:\DoAnTotNghiep\V-Shield-2.0\analysis_source_files.txt | C:\DoAnTotNghiep\V-Shield-2.0\analysis_csharp_symbols.csv | C:\DoAnTotNghiep\V-Shield-2.0\analysis_csharp_symbols.csv | C:\DoAnTotNghiep\V-Shield-2.0\analysis_name_declarations.csv | C:\DoAnTotNghiep\V-Shield-2.0\analysis_name_declarations.csv"
"FileName","27","1","C:\DoAnTotNghiep\V-Shield-2.0\AccessControlDB_HoanChinh.sql | C:\DoAnTotNghiep\V-Shield-2.0\analysis_symbols_unique.txt | C:\DoAnTotNghiep\V-Shield-2.0\analysis_name_declarations.csv | C:\DoAnTotNghiep\V-Shield-2.0\analysis_linkage_hits.txt | C:\DoAnTotNghiep\V-Shield-2.0\API\API\API\Data\ApplicationDbContext.cs"
"FilePath","14","1","C:\DoAnTotNghiep\V-Shield-2.0\AccessControlDB_HoanChinh.sql | C:\DoAnTotNghiep\V-Shield-2.0\analysis_symbols_unique.txt | C:\DoAnTotNghiep\V-Shield-2.0\analysis_name_declarations.csv | C:\DoAnTotNghiep\V-Shield-2.0\manage.ps1 | C:\DoAnTotNghiep\V-Shield-2.0\analysis_linkage_hits.txt"
"FileSize","10","1","C:\DoAnTotNghiep\V-Shield-2.0\AccessControlDB_HoanChinh.sql | C:\DoAnTotNghiep\V-Shield-2.0\analysis_name_declarations.csv | C:\DoAnTotNghiep\V-Shield-2.0\analysis_symbols_unique.txt | C:\DoAnTotNghiep\V-Shield-2.0\analysis_linkage_hits.txt | C:\DoAnTotNghiep\V-Shield-2.0\API\API\API\Controllers\VideoController.cs"
"ReasonId","22","1","C:\DoAnTotNghiep\V-Shield-2.0\analysis_name_declarations.csv | C:\DoAnTotNghiep\V-Shield-2.0\analysis_csharp_symbols.csv | C:\DoAnTotNghiep\V-Shield-2.0\analysis_linkage_hits.txt | C:\DoAnTotNghiep\V-Shield-2.0\AccessControlDB_HoanChinh.sql | C:\DoAnTotNghiep\V-Shield-2.0\analysis_symbols_unique.txt"
"GuestProfile","50","1","C:\DoAnTotNghiep\V-Shield-2.0\analysis_source_files.txt | C:\DoAnTotNghiep\V-Shield-2.0\AccessControlDB_HoanChinh.sql | C:\DoAnTotNghiep\V-Shield-2.0\AccessControlDB_HoanChinh.sql | C:\DoAnTotNghiep\V-Shield-2.0\AccessControlDB_HoanChinh.sql | C:\DoAnTotNghiep\V-Shield-2.0\AccessControlDB_HoanChinh.sql"
"PreRegistration","464","1","C:\DoAnTotNghiep\V-Shield-2.0\analysis_csharp_symbols.csv | C:\DoAnTotNghiep\V-Shield-2.0\analysis_csharp_symbols.csv | C:\DoAnTotNghiep\V-Shield-2.0\analysis_csharp_symbols.csv | C:\DoAnTotNghiep\V-Shield-2.0\analysis_source_files.txt | C:\DoAnTotNghiep\V-Shield-2.0\analysis_source_files.txt"
"Guest","28","1","C:\DoAnTotNghiep\V-Shield-2.0\analysis_symbols_unique.txt | C:\DoAnTotNghiep\V-Shield-2.0\analysis_name_declarations.csv | C:\DoAnTotNghiep\V-Shield-2.0\analysis_frontend_hits.txt | C:\DoAnTotNghiep\V-Shield-2.0\API\API\API\Models\PreRegistration.cs | C:\DoAnTotNghiep\V-Shield-2.0\API\API\API\Models\GuestProfile.cs"
"HostEmployee","36","1","C:\DoAnTotNghiep\V-Shield-2.0\analysis_symbols_unique.txt | C:\DoAnTotNghiep\V-Shield-2.0\analysis_name_declarations.csv | C:\DoAnTotNghiep\V-Shield-2.0\analysis_name_declarations.csv | C:\DoAnTotNghiep\V-Shield-2.0\API\API\API\Data\ApplicationDbContext.cs | C:\DoAnTotNghiep\V-Shield-2.0\API\API\API\Data\ApplicationDbContext.cs"
"RegistrationLink","26","1","C:\DoAnTotNghiep\V-Shield-2.0\analysis_csharp_symbols.csv | C:\DoAnTotNghiep\V-Shield-2.0\analysis_csharp_symbols.csv | C:\DoAnTotNghiep\V-Shield-2.0\analysis_symbols_unique.txt | C:\DoAnTotNghiep\V-Shield-2.0\analysis_source_files.txt | C:\DoAnTotNghiep\V-Shield-2.0\analysis_name_declarations.csv"
"LinkId","15","1","C:\DoAnTotNghiep\V-Shield-2.0\AccessControlDB_HoanChinh.sql | C:\DoAnTotNghiep\V-Shield-2.0\analysis_symbols_unique.txt | C:\DoAnTotNghiep\V-Shield-2.0\analysis_linkage_hits.txt | C:\DoAnTotNghiep\V-Shield-2.0\analysis_name_declarations.csv | C:\DoAnTotNghiep\V-Shield-2.0\API\API\API\Models\RegistrationLink.cs"
"IsUsed","14","1","C:\DoAnTotNghiep\V-Shield-2.0\analysis_symbols_unique.txt | C:\DoAnTotNghiep\V-Shield-2.0\analysis_name_declarations.csv | C:\DoAnTotNghiep\V-Shield-2.0\analysis_linkage_hits.txt | C:\DoAnTotNghiep\V-Shield-2.0\AccessControlDB_HoanChinh.sql | C:\DoAnTotNghiep\V-Shield-2.0\API\API\API\Data\ApplicationDbContext.cs"
"UploadVideoRequest","12","1","C:\DoAnTotNghiep\V-Shield-2.0\analysis_name_declarations.csv | C:\DoAnTotNghiep\V-Shield-2.0\analysis_name_declarations.csv | C:\DoAnTotNghiep\V-Shield-2.0\analysis_name_declarations.csv | C:\DoAnTotNghiep\V-Shield-2.0\analysis_name_declarations.csv | C:\DoAnTotNghiep\V-Shield-2.0\analysis_symbols_unique.txt"
"File","56","1","C:\DoAnTotNghiep\V-Shield-2.0\analysis_symbols_unique.txt | C:\DoAnTotNghiep\V-Shield-2.0\install.bat | C:\DoAnTotNghiep\V-Shield-2.0\analysis_csharp_symbols.csv | C:\DoAnTotNghiep\V-Shield-2.0\analysis_name_declarations.csv | C:\DoAnTotNghiep\V-Shield-2.0\analysis_name_declarations.csv"
"Vehicle","62","1","C:\DoAnTotNghiep\V-Shield-2.0\AccessControlDB_HoanChinh.sql | C:\DoAnTotNghiep\V-Shield-2.0\AccessControlDB_HoanChinh.sql | C:\DoAnTotNghiep\V-Shield-2.0\AccessControlDB_HoanChinh.sql | C:\DoAnTotNghiep\V-Shield-2.0\AccessControlDB_HoanChinh.sql | C:\DoAnTotNghiep\V-Shield-2.0\AccessControlDB_HoanChinh.sql"
"ParkingStatus","30","1","C:\DoAnTotNghiep\V-Shield-2.0\analysis_symbols_unique.txt | C:\DoAnTotNghiep\V-Shield-2.0\analysis_sql_objects.txt | C:\DoAnTotNghiep\V-Shield-2.0\AccessControlDB_HoanChinh.sql | C:\DoAnTotNghiep\V-Shield-2.0\AccessControlDB_HoanChinh.sql | C:\DoAnTotNghiep\V-Shield-2.0\AccessControlDB_HoanChinh.sql"
"VehicleType","61","1","C:\DoAnTotNghiep\V-Shield-2.0\analysis_sql_objects.txt | C:\DoAnTotNghiep\V-Shield-2.0\analysis_sql_objects.txt | C:\DoAnTotNghiep\V-Shield-2.0\analysis_source_files.txt | C:\DoAnTotNghiep\V-Shield-2.0\AccessControlDB_HoanChinh.sql | C:\DoAnTotNghiep\V-Shield-2.0\AccessControlDB_HoanChinh.sql"
"QrSecret","10","1","C:\DoAnTotNghiep\V-Shield-2.0\analysis_name_declarations.csv | C:\DoAnTotNghiep\V-Shield-2.0\analysis_symbols_unique.txt | C:\DoAnTotNghiep\V-Shield-2.0\API\API\API\Controllers\QR_DongController.cs | C:\DoAnTotNghiep\V-Shield-2.0\API\API\API\Controllers\PreRegistrationController.cs | C:\DoAnTotNghiep\V-Shield-2.0\API\API\API\Controllers\PreRegistrationController.cs"
"API.Services","203","1","C:\DoAnTotNghiep\V-Shield-2.0\analysis_name_declarations.csv | C:\DoAnTotNghiep\V-Shield-2.0\analysis_name_declarations.csv | C:\DoAnTotNghiep\V-Shield-2.0\analysis_name_declarations.csv | C:\DoAnTotNghiep\V-Shield-2.0\analysis_name_declarations.csv | C:\DoAnTotNghiep\V-Shield-2.0\analysis_name_declarations.csv"
"AuthService","24","1","C:\DoAnTotNghiep\V-Shield-2.0\analysis_symbols_unique.txt | C:\DoAnTotNghiep\V-Shield-2.0\analysis_source_files.txt | C:\DoAnTotNghiep\V-Shield-2.0\analysis_csharp_symbols.csv | C:\DoAnTotNghiep\V-Shield-2.0\analysis_csharp_symbols.csv | C:\DoAnTotNghiep\V-Shield-2.0\analysis_csharp_symbols.csv"
"LoginAsync","5","1","C:\DoAnTotNghiep\V-Shield-2.0\analysis_symbols_unique.txt | C:\DoAnTotNghiep\V-Shield-2.0\analysis_name_declarations.csv | C:\DoAnTotNghiep\V-Shield-2.0\API\API\API\Controllers\AuthController.cs | C:\DoAnTotNghiep\V-Shield-2.0\API\API\API\Services\IAuthService.cs | C:\DoAnTotNghiep\V-Shield-2.0\API\API\API\Services\AuthService.cs"
"IAuthService","16","1","C:\DoAnTotNghiep\V-Shield-2.0\analysis_source_files.txt | C:\DoAnTotNghiep\V-Shield-2.0\analysis_csharp_symbols.csv | C:\DoAnTotNghiep\V-Shield-2.0\analysis_csharp_symbols.csv | C:\DoAnTotNghiep\V-Shield-2.0\analysis_csharp_symbols.csv | C:\DoAnTotNghiep\V-Shield-2.0\analysis_name_declarations.csv"
"ILanCameraDiscoveryService","12","1","C:\DoAnTotNghiep\V-Shield-2.0\analysis_csharp_symbols.csv | C:\DoAnTotNghiep\V-Shield-2.0\analysis_csharp_symbols.csv | C:\DoAnTotNghiep\V-Shield-2.0\analysis_symbols_unique.txt | C:\DoAnTotNghiep\V-Shield-2.0\analysis_name_declarations.csv | C:\DoAnTotNghiep\V-Shield-2.0\analysis_linkage_hits.txt"
"DiscoverIpWebcamsAsync","5","1","C:\DoAnTotNghiep\V-Shield-2.0\analysis_symbols_unique.txt | C:\DoAnTotNghiep\V-Shield-2.0\analysis_name_declarations.csv | C:\DoAnTotNghiep\V-Shield-2.0\API\API\API\Services\LanCameraDiscoveryService.cs | C:\DoAnTotNghiep\V-Shield-2.0\API\API\API\Services\LanCameraDiscoveryService.cs | C:\DoAnTotNghiep\V-Shield-2.0\API\API\API\Controllers\FaceIDController.cs"
"GetPrivateLocalIps","4","1","C:\DoAnTotNghiep\V-Shield-2.0\analysis_name_declarations.csv | C:\DoAnTotNghiep\V-Shield-2.0\analysis_symbols_unique.txt | C:\DoAnTotNghiep\V-Shield-2.0\API\API\API\Services\LanCameraDiscoveryService.cs | C:\DoAnTotNghiep\V-Shield-2.0\API\API\API\Services\LanCameraDiscoveryService.cs"
"LooksLikeHotspotInterface","4","1","C:\DoAnTotNghiep\V-Shield-2.0\analysis_symbols_unique.txt | C:\DoAnTotNghiep\V-Shield-2.0\analysis_name_declarations.csv | C:\DoAnTotNghiep\V-Shield-2.0\API\API\API\Services\LanCameraDiscoveryService.cs | C:\DoAnTotNghiep\V-Shield-2.0\API\API\API\Services\LanCameraDiscoveryService.cs"
"IsPrivateIpv4","4","1","C:\DoAnTotNghiep\V-Shield-2.0\analysis_symbols_unique.txt | C:\DoAnTotNghiep\V-Shield-2.0\analysis_name_declarations.csv | C:\DoAnTotNghiep\V-Shield-2.0\API\API\API\Services\LanCameraDiscoveryService.cs | C:\DoAnTotNghiep\V-Shield-2.0\API\API\API\Services\LanCameraDiscoveryService.cs"
"ToSubnetPrefix","4","1","C:\DoAnTotNghiep\V-Shield-2.0\analysis_symbols_unique.txt | C:\DoAnTotNghiep\V-Shield-2.0\analysis_name_declarations.csv | C:\DoAnTotNghiep\V-Shield-2.0\API\API\API\Services\LanCameraDiscoveryService.cs | C:\DoAnTotNghiep\V-Shield-2.0\API\API\API\Services\LanCameraDiscoveryService.cs"
"LooksLikeIpCameraLite","7","1","C:\DoAnTotNghiep\V-Shield-2.0\analysis_name_declarations.csv | C:\DoAnTotNghiep\V-Shield-2.0\analysis_symbols_unique.txt | C:\DoAnTotNghiep\V-Shield-2.0\API\API\API\Services\LanCameraDiscoveryService.cs | C:\DoAnTotNghiep\V-Shield-2.0\API\API\API\Services\LanCameraDiscoveryService.cs | C:\DoAnTotNghiep\V-Shield-2.0\API\API\API\Services\LanCameraDiscoveryService.cs"
"BuildDisplayName","4","1","C:\DoAnTotNghiep\V-Shield-2.0\analysis_symbols_unique.txt | C:\DoAnTotNghiep\V-Shield-2.0\analysis_name_declarations.csv | C:\DoAnTotNghiep\V-Shield-2.0\API\API\API\Services\LanCameraDiscoveryService.cs | C:\DoAnTotNghiep\V-Shield-2.0\API\API\API\Services\LanCameraDiscoveryService.cs"
"ExtractTitle","4","1","C:\DoAnTotNghiep\V-Shield-2.0\analysis_name_declarations.csv | C:\DoAnTotNghiep\V-Shield-2.0\analysis_symbols_unique.txt | C:\DoAnTotNghiep\V-Shield-2.0\API\API\API\Services\LanCameraDiscoveryService.cs | C:\DoAnTotNghiep\V-Shield-2.0\API\API\API\Services\LanCameraDiscoveryService.cs"
"LooksLikeIpWebcam","5","1","C:\DoAnTotNghiep\V-Shield-2.0\analysis_symbols_unique.txt | C:\DoAnTotNghiep\V-Shield-2.0\analysis_name_declarations.csv | C:\DoAnTotNghiep\V-Shield-2.0\API\API\API\Services\LanCameraDiscoveryService.cs | C:\DoAnTotNghiep\V-Shield-2.0\API\API\API\Services\LanCameraDiscoveryService.cs | C:\DoAnTotNghiep\V-Shield-2.0\API\API\API\Services\LanCameraDiscoveryService.cs"
"LooksLikeSupportedLanCamera","4","1","C:\DoAnTotNghiep\V-Shield-2.0\analysis_symbols_unique.txt | C:\DoAnTotNghiep\V-Shield-2.0\analysis_name_declarations.csv | C:\DoAnTotNghiep\V-Shield-2.0\API\API\API\Services\LanCameraDiscoveryService.cs | C:\DoAnTotNghiep\V-Shield-2.0\API\API\API\Services\LanCameraDiscoveryService.cs"
"LooksLikePreviewContentType","4","1","C:\DoAnTotNghiep\V-Shield-2.0\analysis_name_declarations.csv | C:\DoAnTotNghiep\V-Shield-2.0\analysis_symbols_unique.txt | C:\DoAnTotNghiep\V-Shield-2.0\API\API\API\Services\LanCameraDiscoveryService.cs | C:\DoAnTotNghiep\V-Shield-2.0\API\API\API\Services\LanCameraDiscoveryService.cs"
"BuildRtspUrls","4","1","C:\DoAnTotNghiep\V-Shield-2.0\analysis_symbols_unique.txt | C:\DoAnTotNghiep\V-Shield-2.0\analysis_name_declarations.csv | C:\DoAnTotNghiep\V-Shield-2.0\API\API\API\Services\LanCameraDiscoveryService.cs | C:\DoAnTotNghiep\V-Shield-2.0\API\API\API\Services\LanCameraDiscoveryService.cs"
"BuildCandidate","4","1","C:\DoAnTotNghiep\V-Shield-2.0\analysis_symbols_unique.txt | C:\DoAnTotNghiep\V-Shield-2.0\analysis_name_declarations.csv | C:\DoAnTotNghiep\V-Shield-2.0\API\API\API\Services\LanCameraDiscoveryService.cs | C:\DoAnTotNghiep\V-Shield-2.0\API\API\API\Services\LanCameraDiscoveryService.cs"
"BuildPreviewCandidate","4","1","C:\DoAnTotNghiep\V-Shield-2.0\analysis_symbols_unique.txt | C:\DoAnTotNghiep\V-Shield-2.0\analysis_name_declarations.csv | C:\DoAnTotNghiep\V-Shield-2.0\API\API\API\Services\LanCameraDiscoveryService.cs | C:\DoAnTotNghiep\V-Shield-2.0\API\API\API\Services\LanCameraDiscoveryService.cs"
"CanOpenPortAsync","4","1","C:\DoAnTotNghiep\V-Shield-2.0\analysis_symbols_unique.txt | C:\DoAnTotNghiep\V-Shield-2.0\analysis_name_declarations.csv | C:\DoAnTotNghiep\V-Shield-2.0\API\API\API\Services\LanCameraDiscoveryService.cs | C:\DoAnTotNghiep\V-Shield-2.0\API\API\API\Services\LanCameraDiscoveryService.cs"
"ReadBodySnippetAsync","4","1","C:\DoAnTotNghiep\V-Shield-2.0\analysis_symbols_unique.txt | C:\DoAnTotNghiep\V-Shield-2.0\analysis_name_declarations.csv | C:\DoAnTotNghiep\V-Shield-2.0\API\API\API\Services\LanCameraDiscoveryService.cs | C:\DoAnTotNghiep\V-Shield-2.0\API\API\API\Services\LanCameraDiscoveryService.cs"
"ProbePreviewEndpointAsync","5","1","C:\DoAnTotNghiep\V-Shield-2.0\analysis_name_declarations.csv | C:\DoAnTotNghiep\V-Shield-2.0\analysis_symbols_unique.txt | C:\DoAnTotNghiep\V-Shield-2.0\API\API\API\Services\LanCameraDiscoveryService.cs | C:\DoAnTotNghiep\V-Shield-2.0\API\API\API\Services\LanCameraDiscoveryService.cs | C:\DoAnTotNghiep\V-Shield-2.0\API\API\API\Services\LanCameraDiscoveryService.cs"
"ProbeIpWebcamAsync","4","1","C:\DoAnTotNghiep\V-Shield-2.0\analysis_name_declarations.csv | C:\DoAnTotNghiep\V-Shield-2.0\analysis_symbols_unique.txt | C:\DoAnTotNghiep\V-Shield-2.0\API\API\API\Services\LanCameraDiscoveryService.cs | C:\DoAnTotNghiep\V-Shield-2.0\API\API\API\Services\LanCameraDiscoveryService.cs"
"IpAddress","7","1","C:\DoAnTotNghiep\V-Shield-2.0\analysis_symbols_unique.txt | C:\DoAnTotNghiep\V-Shield-2.0\analysis_name_declarations.csv | C:\DoAnTotNghiep\V-Shield-2.0\API\API\API\Services\LanCameraDiscoveryService.cs | C:\DoAnTotNghiep\V-Shield-2.0\API\API\API\Services\LanCameraDiscoveryService.cs | C:\DoAnTotNghiep\V-Shield-2.0\API\API\API\Services\LanCameraDiscoveryService.cs"
"Port","12","1","C:\DoAnTotNghiep\V-Shield-2.0\analysis_name_declarations.csv | C:\DoAnTotNghiep\V-Shield-2.0\analysis_symbols_unique.txt | C:\DoAnTotNghiep\V-Shield-2.0\AI_Project\cam\cam_gia_lap\mediamtx_v1.17.1_windows_amd64\mediamtx.yml | C:\DoAnTotNghiep\V-Shield-2.0\AI_Project\cam\cam_gia_lap\mediamtx_v1.17.1_windows_amd64\mediamtx.yml | C:\DoAnTotNghiep\V-Shield-2.0\AI_Project\cam\cam_gia_lap\mediamtx_v1.17.1_windows_amd64\mediamtx.yml"
"BaseUrl","5","1","C:\DoAnTotNghiep\V-Shield-2.0\analysis_name_declarations.csv | C:\DoAnTotNghiep\V-Shield-2.0\analysis_symbols_unique.txt | C:\DoAnTotNghiep\V-Shield-2.0\API\API\API\Services\LanCameraDiscoveryService.cs | C:\DoAnTotNghiep\V-Shield-2.0\API\API\API\Services\LanCameraDiscoveryService.cs | C:\DoAnTotNghiep\V-Shield-2.0\API\API\API\Services\LanCameraDiscoveryService.cs"
"PreviewUrl","5","1","C:\DoAnTotNghiep\V-Shield-2.0\analysis_name_declarations.csv | C:\DoAnTotNghiep\V-Shield-2.0\analysis_symbols_unique.txt | C:\DoAnTotNghiep\V-Shield-2.0\API\API\API\Services\LanCameraDiscoveryService.cs | C:\DoAnTotNghiep\V-Shield-2.0\API\API\API\Services\LanCameraDiscoveryService.cs | C:\DoAnTotNghiep\V-Shield-2.0\API\API\API\Services\LanCameraDiscoveryService.cs"
"SnapshotUrl","5","1","C:\DoAnTotNghiep\V-Shield-2.0\analysis_symbols_unique.txt | C:\DoAnTotNghiep\V-Shield-2.0\analysis_name_declarations.csv | C:\DoAnTotNghiep\V-Shield-2.0\API\API\API\Services\LanCameraDiscoveryService.cs | C:\DoAnTotNghiep\V-Shield-2.0\API\API\API\Services\LanCameraDiscoveryService.cs | C:\DoAnTotNghiep\V-Shield-2.0\API\API\API\Services\LanCameraDiscoveryService.cs"
"RtspUrls","5","1","C:\DoAnTotNghiep\V-Shield-2.0\analysis_symbols_unique.txt | C:\DoAnTotNghiep\V-Shield-2.0\analysis_name_declarations.csv | C:\DoAnTotNghiep\V-Shield-2.0\API\API\API\Services\LanCameraDiscoveryService.cs | C:\DoAnTotNghiep\V-Shield-2.0\API\API\API\Services\LanCameraDiscoveryService.cs | C:\DoAnTotNghiep\V-Shield-2.0\API\API\API\Services\LanCameraDiscoveryService.cs"
"StartAsync","7","1","C:\DoAnTotNghiep\V-Shield-2.0\analysis_name_declarations.csv | C:\DoAnTotNghiep\V-Shield-2.0\analysis_name_declarations.csv | C:\DoAnTotNghiep\V-Shield-2.0\analysis_symbols_unique.txt | C:\DoAnTotNghiep\V-Shield-2.0\API\API\API\Services\RuntimeOrchestrator.cs | C:\DoAnTotNghiep\V-Shield-2.0\API\API\API\Services\RuntimeOrchestrator.cs"
"StopAsync","6","1","C:\DoAnTotNghiep\V-Shield-2.0\analysis_name_declarations.csv | C:\DoAnTotNghiep\V-Shield-2.0\analysis_name_declarations.csv | C:\DoAnTotNghiep\V-Shield-2.0\analysis_symbols_unique.txt | C:\DoAnTotNghiep\V-Shield-2.0\API\API\API\Controllers\RuntimeServicesController.cs | C:\DoAnTotNghiep\V-Shield-2.0\API\API\API\Services\RuntimeOrchestrator.cs"
"GetServices","4","1","C:\DoAnTotNghiep\V-Shield-2.0\analysis_name_declarations.csv | C:\DoAnTotNghiep\V-Shield-2.0\analysis_symbols_unique.txt | C:\DoAnTotNghiep\V-Shield-2.0\API\API\API\Services\RuntimeOrchestrator.cs | C:\DoAnTotNghiep\V-Shield-2.0\API\API\API\Controllers\RuntimeServicesController.cs"
"GetService","3","1","C:\DoAnTotNghiep\V-Shield-2.0\analysis_symbols_unique.txt | C:\DoAnTotNghiep\V-Shield-2.0\analysis_name_declarations.csv | C:\DoAnTotNghiep\V-Shield-2.0\API\API\API\Services\RuntimeOrchestrator.cs"
"EnsureAutoStartAsync","4","1","C:\DoAnTotNghiep\V-Shield-2.0\analysis_name_declarations.csv | C:\DoAnTotNghiep\V-Shield-2.0\analysis_symbols_unique.txt | C:\DoAnTotNghiep\V-Shield-2.0\API\API\API\Services\RuntimeOrchestrator.cs | C:\DoAnTotNghiep\V-Shield-2.0\API\API\API\Services\RuntimeAutoStartHostedService.cs"
"ToState","6","1","C:\DoAnTotNghiep\V-Shield-2.0\analysis_symbols_unique.txt | C:\DoAnTotNghiep\V-Shield-2.0\analysis_name_declarations.csv | C:\DoAnTotNghiep\V-Shield-2.0\API\API\API\Services\RuntimeOrchestrator.cs | C:\DoAnTotNghiep\V-Shield-2.0\API\API\API\Services\RuntimeOrchestrator.cs | C:\DoAnTotNghiep\V-Shield-2.0\API\API\API\Services\RuntimeOrchestrator.cs"
"LoadConfigs","8","1","C:\DoAnTotNghiep\V-Shield-2.0\analysis_name_declarations.csv | C:\DoAnTotNghiep\V-Shield-2.0\analysis_symbols_unique.txt | C:\DoAnTotNghiep\V-Shield-2.0\API\API\API\Services\RuntimeOrchestrator.cs | C:\DoAnTotNghiep\V-Shield-2.0\API\API\API\Services\RuntimeOrchestrator.cs | C:\DoAnTotNghiep\V-Shield-2.0\API\API\API\Services\RuntimeOrchestrator.cs"
"SaveConfigs","7","1","C:\DoAnTotNghiep\V-Shield-2.0\analysis_symbols_unique.txt | C:\DoAnTotNghiep\V-Shield-2.0\analysis_name_declarations.csv | C:\DoAnTotNghiep\V-Shield-2.0\API\API\API\Services\RuntimeOrchestrator.cs | C:\DoAnTotNghiep\V-Shield-2.0\API\API\API\Services\RuntimeOrchestrator.cs | C:\DoAnTotNghiep\V-Shield-2.0\API\API\API\Services\RuntimeOrchestrator.cs"
"GetConfigFilePath","5","1","C:\DoAnTotNghiep\V-Shield-2.0\analysis_symbols_unique.txt | C:\DoAnTotNghiep\V-Shield-2.0\analysis_name_declarations.csv | C:\DoAnTotNghiep\V-Shield-2.0\API\API\API\Services\RuntimeOrchestrator.cs | C:\DoAnTotNghiep\V-Shield-2.0\API\API\API\Services\RuntimeOrchestrator.cs | C:\DoAnTotNghiep\V-Shield-2.0\API\API\API\Services\RuntimeOrchestrator.cs"
"GetDefaultConfigs","4","1","C:\DoAnTotNghiep\V-Shield-2.0\analysis_symbols_unique.txt | C:\DoAnTotNghiep\V-Shield-2.0\analysis_name_declarations.csv | C:\DoAnTotNghiep\V-Shield-2.0\API\API\API\Services\RuntimeOrchestrator.cs | C:\DoAnTotNghiep\V-Shield-2.0\API\API\API\Services\RuntimeOrchestrator.cs"
"StartGo2Rtc","5","1","C:\DoAnTotNghiep\V-Shield-2.0\analysis_symbols_unique.txt | C:\DoAnTotNghiep\V-Shield-2.0\analysis_name_declarations.csv | C:\DoAnTotNghiep\V-Shield-2.0\analysis_linkage_hits.txt | C:\DoAnTotNghiep\V-Shield-2.0\API\API\API\Services\RuntimeOrchestrator.cs | C:\DoAnTotNghiep\V-Shield-2.0\API\API\API\Services\RuntimeOrchestrator.cs"
"KillProcesses","6","1","C:\DoAnTotNghiep\V-Shield-2.0\analysis_name_declarations.csv | C:\DoAnTotNghiep\V-Shield-2.0\analysis_symbols_unique.txt | C:\DoAnTotNghiep\V-Shield-2.0\analysis_linkage_hits.txt | C:\DoAnTotNghiep\V-Shield-2.0\API\API\API\Services\RuntimeOrchestrator.cs | C:\DoAnTotNghiep\V-Shield-2.0\API\API\API\Services\RuntimeOrchestrator.cs"
"IsProcessRunning","9","1","C:\DoAnTotNghiep\V-Shield-2.0\analysis_name_declarations.csv | C:\DoAnTotNghiep\V-Shield-2.0\analysis_linkage_hits.txt | C:\DoAnTotNghiep\V-Shield-2.0\analysis_linkage_hits.txt | C:\DoAnTotNghiep\V-Shield-2.0\analysis_symbols_unique.txt | C:\DoAnTotNghiep\V-Shield-2.0\API\API\API\Services\RuntimeOrchestrator.cs"
"DisplayName","7","1","C:\DoAnTotNghiep\V-Shield-2.0\analysis_symbols_unique.txt | C:\DoAnTotNghiep\V-Shield-2.0\analysis_name_declarations.csv | C:\DoAnTotNghiep\V-Shield-2.0\analysis_name_declarations.csv | C:\DoAnTotNghiep\V-Shield-2.0\API\API\API\Services\RuntimeOrchestrator.cs | C:\DoAnTotNghiep\V-Shield-2.0\API\API\API\Services\RuntimeOrchestrator.cs"
"ManagedMode","7","1","C:\DoAnTotNghiep\V-Shield-2.0\analysis_symbols_unique.txt | C:\DoAnTotNghiep\V-Shield-2.0\analysis_name_declarations.csv | C:\DoAnTotNghiep\V-Shield-2.0\analysis_name_declarations.csv | C:\DoAnTotNghiep\V-Shield-2.0\API\API\API\Services\RuntimeOrchestrator.cs | C:\DoAnTotNghiep\V-Shield-2.0\API\API\API\Services\RuntimeOrchestrator.cs"
"Running","7","1","C:\DoAnTotNghiep\V-Shield-2.0\analysis_name_declarations.csv | C:\DoAnTotNghiep\V-Shield-2.0\analysis_symbols_unique.txt | C:\DoAnTotNghiep\V-Shield-2.0\AI_Project\face_recognition\docs\Makefile | C:\DoAnTotNghiep\V-Shield-2.0\AI_Project\face_recognition\docs\Makefile | C:\DoAnTotNghiep\V-Shield-2.0\AI_Project\face_recognition\docs\Makefile"
"GenerateSecret","4","1","C:\DoAnTotNghiep\V-Shield-2.0\analysis_name_declarations.csv | C:\DoAnTotNghiep\V-Shield-2.0\analysis_symbols_unique.txt | C:\DoAnTotNghiep\V-Shield-2.0\API\API\API\Services\StaticVisitorQrService.cs | C:\DoAnTotNghiep\V-Shield-2.0\API\API\API\Controllers\PreRegistrationController.cs"
"GenerateOtp","6","1","C:\DoAnTotNghiep\V-Shield-2.0\analysis_name_declarations.csv | C:\DoAnTotNghiep\V-Shield-2.0\analysis_symbols_unique.txt | C:\DoAnTotNghiep\V-Shield-2.0\API\API\API\Services\StaticVisitorQrService.cs | C:\DoAnTotNghiep\V-Shield-2.0\API\API\API\Controllers\QR_DongController.cs | C:\DoAnTotNghiep\V-Shield-2.0\API\API\API\Controllers\PreRegistrationController.cs"
"BuildPayload","4","1","C:\DoAnTotNghiep\V-Shield-2.0\analysis_symbols_unique.txt | C:\DoAnTotNghiep\V-Shield-2.0\analysis_name_declarations.csv | C:\DoAnTotNghiep\V-Shield-2.0\API\API\API\Services\StaticVisitorQrService.cs | C:\DoAnTotNghiep\V-Shield-2.0\API\API\API\Controllers\PreRegistrationController.cs"
"TryParsePayload","5","1","C:\DoAnTotNghiep\V-Shield-2.0\analysis_name_declarations.csv | C:\DoAnTotNghiep\V-Shield-2.0\analysis_symbols_unique.txt | C:\DoAnTotNghiep\V-Shield-2.0\API\API\API\Services\StaticVisitorQrService.cs | C:\DoAnTotNghiep\V-Shield-2.0\API\API\API\Controllers\QR_DongController.cs | C:\DoAnTotNghiep\V-Shield-2.0\API\API\API\Controllers\PreRegistrationController.cs"
"VisitorQrParsedPayload","5","1","C:\DoAnTotNghiep\V-Shield-2.0\analysis_symbols_unique.txt | C:\DoAnTotNghiep\V-Shield-2.0\analysis_name_declarations.csv | C:\DoAnTotNghiep\V-Shield-2.0\API\API\API\Services\StaticVisitorQrService.cs | C:\DoAnTotNghiep\V-Shield-2.0\API\API\API\Services\StaticVisitorQrService.cs | C:\DoAnTotNghiep\V-Shield-2.0\API\API\API\Services\StaticVisitorQrService.cs"
"IVehicleService","11","1","C:\DoAnTotNghiep\V-Shield-2.0\analysis_name_declarations.csv | C:\DoAnTotNghiep\V-Shield-2.0\analysis_symbols_unique.txt | C:\DoAnTotNghiep\V-Shield-2.0\analysis_csharp_symbols.csv | C:\DoAnTotNghiep\V-Shield-2.0\analysis_csharp_symbols.csv | C:\DoAnTotNghiep\V-Shield-2.0\analysis_linkage_hits.txt"
"VehicleService","29","1","C:\DoAnTotNghiep\V-Shield-2.0\analysis_source_files.txt | C:\DoAnTotNghiep\V-Shield-2.0\analysis_csharp_symbols.csv | C:\DoAnTotNghiep\V-Shield-2.0\analysis_csharp_symbols.csv | C:\DoAnTotNghiep\V-Shield-2.0\analysis_csharp_symbols.csv | C:\DoAnTotNghiep\V-Shield-2.0\analysis_csharp_symbols.csv"
"GetVehicleTypesAsync","5","1","C:\DoAnTotNghiep\V-Shield-2.0\analysis_symbols_unique.txt | C:\DoAnTotNghiep\V-Shield-2.0\analysis_name_declarations.csv | C:\DoAnTotNghiep\V-Shield-2.0\API\API\API\Controllers\VehiclesController.cs | C:\DoAnTotNghiep\V-Shield-2.0\API\API\API\Services\VehicleService.cs | C:\DoAnTotNghiep\V-Shield-2.0\API\API\API\Services\VehicleService.cs"
"GetAllAsync","5","1","C:\DoAnTotNghiep\V-Shield-2.0\analysis_symbols_unique.txt | C:\DoAnTotNghiep\V-Shield-2.0\analysis_name_declarations.csv | C:\DoAnTotNghiep\V-Shield-2.0\API\API\API\Controllers\VehiclesController.cs | C:\DoAnTotNghiep\V-Shield-2.0\API\API\API\Services\VehicleService.cs | C:\DoAnTotNghiep\V-Shield-2.0\API\API\API\Services\VehicleService.cs"
"GetByIdAsync","5","1","C:\DoAnTotNghiep\V-Shield-2.0\analysis_symbols_unique.txt | C:\DoAnTotNghiep\V-Shield-2.0\analysis_name_declarations.csv | C:\DoAnTotNghiep\V-Shield-2.0\API\API\API\Services\VehicleService.cs | C:\DoAnTotNghiep\V-Shield-2.0\API\API\API\Services\VehicleService.cs | C:\DoAnTotNghiep\V-Shield-2.0\API\API\API\Controllers\VehiclesController.cs"
"GetByEmployeeIdAsync","5","1","C:\DoAnTotNghiep\V-Shield-2.0\analysis_name_declarations.csv | C:\DoAnTotNghiep\V-Shield-2.0\analysis_symbols_unique.txt | C:\DoAnTotNghiep\V-Shield-2.0\API\API\API\Controllers\VehiclesController.cs | C:\DoAnTotNghiep\V-Shield-2.0\API\API\API\Services\VehicleService.cs | C:\DoAnTotNghiep\V-Shield-2.0\API\API\API\Services\VehicleService.cs"
"GetByLicensePlateAsync","5","1","C:\DoAnTotNghiep\V-Shield-2.0\analysis_name_declarations.csv | C:\DoAnTotNghiep\V-Shield-2.0\analysis_symbols_unique.txt | C:\DoAnTotNghiep\V-Shield-2.0\API\API\API\Controllers\VehiclesController.cs | C:\DoAnTotNghiep\V-Shield-2.0\API\API\API\Services\VehicleService.cs | C:\DoAnTotNghiep\V-Shield-2.0\API\API\API\Services\VehicleService.cs"
"CreateAsync","5","1","C:\DoAnTotNghiep\V-Shield-2.0\analysis_name_declarations.csv | C:\DoAnTotNghiep\V-Shield-2.0\analysis_symbols_unique.txt | C:\DoAnTotNghiep\V-Shield-2.0\API\API\API\Controllers\VehiclesController.cs | C:\DoAnTotNghiep\V-Shield-2.0\API\API\API\Services\VehicleService.cs | C:\DoAnTotNghiep\V-Shield-2.0\API\API\API\Services\VehicleService.cs"
"UpdateAsync","5","1","C:\DoAnTotNghiep\V-Shield-2.0\analysis_name_declarations.csv | C:\DoAnTotNghiep\V-Shield-2.0\analysis_symbols_unique.txt | C:\DoAnTotNghiep\V-Shield-2.0\API\API\API\Controllers\VehiclesController.cs | C:\DoAnTotNghiep\V-Shield-2.0\API\API\API\Services\VehicleService.cs | C:\DoAnTotNghiep\V-Shield-2.0\API\API\API\Services\VehicleService.cs"
"DeleteAsync","5","1","C:\DoAnTotNghiep\V-Shield-2.0\analysis_name_declarations.csv | C:\DoAnTotNghiep\V-Shield-2.0\analysis_symbols_unique.txt | C:\DoAnTotNghiep\V-Shield-2.0\API\API\API\Controllers\VehiclesController.cs | C:\DoAnTotNghiep\V-Shield-2.0\API\API\API\Services\VehicleService.cs | C:\DoAnTotNghiep\V-Shield-2.0\API\API\API\Services\VehicleService.cs"
"EnsureDefaultVehicleTypesAsync","6","1","C:\DoAnTotNghiep\V-Shield-2.0\analysis_name_declarations.csv | C:\DoAnTotNghiep\V-Shield-2.0\analysis_symbols_unique.txt | C:\DoAnTotNghiep\V-Shield-2.0\API\API\API\Services\VehicleService.cs | C:\DoAnTotNghiep\V-Shield-2.0\API\API\API\Services\VehicleService.cs | C:\DoAnTotNghiep\V-Shield-2.0\API\API\API\Services\VehicleService.cs"
"MapToDto","9","1","C:\DoAnTotNghiep\V-Shield-2.0\analysis_symbols_unique.txt | C:\DoAnTotNghiep\V-Shield-2.0\analysis_name_declarations.csv | C:\DoAnTotNghiep\V-Shield-2.0\API\API\API\Services\VehicleService.cs | C:\DoAnTotNghiep\V-Shield-2.0\API\API\API\Services\VehicleService.cs | C:\DoAnTotNghiep\V-Shield-2.0\API\API\API\Services\VehicleService.cs"
"walk","13","1","C:\DoAnTotNghiep\V-Shield-2.0\analysis_symbols_unique.txt | C:\DoAnTotNghiep\V-Shield-2.0\analysis_name_declarations.csv | C:\DoAnTotNghiep\V-Shield-2.0\analysis_frontend_hits.txt | C:\DoAnTotNghiep\V-Shield-2.0\analysis_frontend_hits.txt | C:\DoAnTotNghiep\V-Shield-2.0\View\package-lock.json"
"AccessPermissionManager","47","1","C:\DoAnTotNghiep\V-Shield-2.0\analysis_linkage_hits.txt | C:\DoAnTotNghiep\V-Shield-2.0\analysis_linkage_hits.txt | C:\DoAnTotNghiep\V-Shield-2.0\analysis_linkage_hits.txt | C:\DoAnTotNghiep\V-Shield-2.0\analysis_linkage_hits.txt | C:\DoAnTotNghiep\V-Shield-2.0\analysis_linkage_hits.txt"
"BienSoSecurity","126","1","C:\DoAnTotNghiep\V-Shield-2.0\analysis_frontend_routes_services.txt | C:\DoAnTotNghiep\V-Shield-2.0\analysis_name_declarations.csv | C:\DoAnTotNghiep\V-Shield-2.0\analysis_name_declarations.csv | C:\DoAnTotNghiep\V-Shield-2.0\analysis_name_declarations.csv | C:\DoAnTotNghiep\V-Shield-2.0\analysis_name_declarations.csv"
"FaceIdSecurity","5","1","C:\DoAnTotNghiep\V-Shield-2.0\analysis_name_declarations.csv | C:\DoAnTotNghiep\V-Shield-2.0\analysis_frontend_routes_services.txt | C:\DoAnTotNghiep\V-Shield-2.0\analysis_frontend_hits.txt | C:\DoAnTotNghiep\V-Shield-2.0\analysis_symbols_unique.txt | C:\DoAnTotNghiep\V-Shield-2.0\View\src\components\FaceCamera.vue"
"QrAccessMonitor","90","1","C:\DoAnTotNghiep\V-Shield-2.0\analysis_symbols_unique.txt | C:\DoAnTotNghiep\V-Shield-2.0\analysis_source_files.txt | C:\DoAnTotNghiep\V-Shield-2.0\analysis_frontend_routes_services.txt | C:\DoAnTotNghiep\V-Shield-2.0\analysis_frontend_routes_services.txt | C:\DoAnTotNghiep\V-Shield-2.0\analysis_frontend_routes_services.txt"
"DynamicQrIpScanner","5","1","C:\DoAnTotNghiep\V-Shield-2.0\analysis_symbols_unique.txt | C:\DoAnTotNghiep\V-Shield-2.0\analysis_name_declarations.csv | C:\DoAnTotNghiep\V-Shield-2.0\analysis_frontend_routes_services.txt | C:\DoAnTotNghiep\V-Shield-2.0\analysis_frontend_hits.txt | C:\DoAnTotNghiep\V-Shield-2.0\View\src\components\Scan_QR_D.vue"
"VShieldGateMinimal","5","1","C:\DoAnTotNghiep\V-Shield-2.0\analysis_symbols_unique.txt | C:\DoAnTotNghiep\V-Shield-2.0\analysis_frontend_routes_services.txt | C:\DoAnTotNghiep\V-Shield-2.0\analysis_name_declarations.csv | C:\DoAnTotNghiep\V-Shield-2.0\analysis_frontend_hits.txt | C:\DoAnTotNghiep\V-Shield-2.0\View\src\components\ThongHanh.vue"
"VShieldGateMinimalQr","8","1","C:\DoAnTotNghiep\V-Shield-2.0\analysis_symbols_unique.txt | C:\DoAnTotNghiep\V-Shield-2.0\analysis_frontend_routes_services.txt | C:\DoAnTotNghiep\V-Shield-2.0\analysis_frontend_routes_services.txt | C:\DoAnTotNghiep\V-Shield-2.0\analysis_frontend_hits.txt | C:\DoAnTotNghiep\V-Shield-2.0\analysis_frontend_hits.txt"
"getResolvedPlateApiBaseUrl","9","1","C:\DoAnTotNghiep\V-Shield-2.0\analysis_name_declarations.csv | C:\DoAnTotNghiep\V-Shield-2.0\analysis_symbols_unique.txt | C:\DoAnTotNghiep\V-Shield-2.0\analysis_frontend_hits.txt | C:\DoAnTotNghiep\V-Shield-2.0\analysis_frontend_hits.txt | C:\DoAnTotNghiep\V-Shield-2.0\View\src\components\ThongHanhQR.vue.bak_mojibake"
"scanGate","13","1","C:\DoAnTotNghiep\V-Shield-2.0\analysis_name_declarations.csv | C:\DoAnTotNghiep\V-Shield-2.0\analysis_symbols_unique.txt | C:\DoAnTotNghiep\V-Shield-2.0\analysis_linkage_hits.txt | C:\DoAnTotNghiep\V-Shield-2.0\analysis_linkage_hits.txt | C:\DoAnTotNghiep\V-Shield-2.0\analysis_linkage_hits.txt"
"scanGuest","9","1","C:\DoAnTotNghiep\V-Shield-2.0\analysis_symbols_unique.txt | C:\DoAnTotNghiep\V-Shield-2.0\analysis_name_declarations.csv | C:\DoAnTotNghiep\V-Shield-2.0\analysis_linkage_hits.txt | C:\DoAnTotNghiep\V-Shield-2.0\analysis_linkage_hits.txt | C:\DoAnTotNghiep\V-Shield-2.0\View\src\services\thonghanhAPI.js"
"logout","7","1","C:\DoAnTotNghiep\V-Shield-2.0\analysis_name_declarations.csv | C:\DoAnTotNghiep\V-Shield-2.0\analysis_symbols_unique.txt | C:\DoAnTotNghiep\V-Shield-2.0\analysis_linkage_hits.txt | C:\DoAnTotNghiep\V-Shield-2.0\View\src\stores\auth.js | C:\DoAnTotNghiep\V-Shield-2.0\View\src\stores\auth.js"
"isLoggedIn","7","1","C:\DoAnTotNghiep\V-Shield-2.0\analysis_symbols_unique.txt | C:\DoAnTotNghiep\V-Shield-2.0\analysis_name_declarations.csv | C:\DoAnTotNghiep\V-Shield-2.0\analysis_linkage_hits.txt | C:\DoAnTotNghiep\V-Shield-2.0\View\src\stores\auth.js | C:\DoAnTotNghiep\V-Shield-2.0\View\src\router\index.js"
"hasRole","6","1","C:\DoAnTotNghiep\V-Shield-2.0\analysis_symbols_unique.txt | C:\DoAnTotNghiep\V-Shield-2.0\analysis_name_declarations.csv | C:\DoAnTotNghiep\V-Shield-2.0\analysis_linkage_hits.txt | C:\DoAnTotNghiep\V-Shield-2.0\View\src\stores\auth.js | C:\DoAnTotNghiep\V-Shield-2.0\View\src\router\index.js"
"optimizeAndValidatePlate","11","1","C:\DoAnTotNghiep\V-Shield-2.0\analysis_symbols_unique.txt | C:\DoAnTotNghiep\V-Shield-2.0\analysis_name_declarations.csv | C:\DoAnTotNghiep\V-Shield-2.0\analysis_linkage_hits.txt | C:\DoAnTotNghiep\V-Shield-2.0\analysis_frontend_hits.txt | C:\DoAnTotNghiep\V-Shield-2.0\analysis_frontend_hits.txt"
"validatePlateFormat","3","1","C:\DoAnTotNghiep\V-Shield-2.0\analysis_symbols_unique.txt | C:\DoAnTotNghiep\V-Shield-2.0\analysis_name_declarations.csv | C:\DoAnTotNghiep\V-Shield-2.0\View\src\utils\licensePlateValidator.js"
"getVehicleTypeLabel","8","1","C:\DoAnTotNghiep\V-Shield-2.0\analysis_name_declarations.csv | C:\DoAnTotNghiep\V-Shield-2.0\analysis_linkage_hits.txt | C:\DoAnTotNghiep\V-Shield-2.0\analysis_symbols_unique.txt | C:\DoAnTotNghiep\V-Shield-2.0\View\src\utils\licensePlateValidator.js | C:\DoAnTotNghiep\V-Shield-2.0\View\src\pages\Vehicles.vue"
"normalizeVietnameseName","11","1","C:\DoAnTotNghiep\V-Shield-2.0\analysis_name_declarations.csv | C:\DoAnTotNghiep\V-Shield-2.0\analysis_symbols_unique.txt | C:\DoAnTotNghiep\V-Shield-2.0\analysis_linkage_hits.txt | C:\DoAnTotNghiep\V-Shield-2.0\analysis_linkage_hits.txt | C:\DoAnTotNghiep\V-Shield-2.0\analysis_frontend_hits.txt"
"validateVietnameseName","15","1","C:\DoAnTotNghiep\V-Shield-2.0\analysis_frontend_hits.txt | C:\DoAnTotNghiep\V-Shield-2.0\analysis_frontend_hits.txt | C:\DoAnTotNghiep\V-Shield-2.0\analysis_frontend_hits.txt | C:\DoAnTotNghiep\V-Shield-2.0\analysis_frontend_hits.txt | C:\DoAnTotNghiep\V-Shield-2.0\analysis_symbols_unique.txt"
