"Name","Kind","File","Line","RefCount","Risk"
"get_font","py-func","C:\DoAnTotNghiep\V-Shield-2.0\AI_Project\AI_An_Ninh\app.py","462","2","Medium Risk"
"normalize_ui_text","py-func","C:\DoAnTotNghiep\V-Shield-2.0\AI_Project\AI_An_Ninh\app.py","473","14","Medium Risk"
"bgr_to_rgb","py-func","C:\DoAnTotNghiep\V-Shield-2.0\AI_Project\AI_An_Ninh\app.py","499","2","Medium Risk"
"action_key","py-func","C:\DoAnTotNghiep\V-Shield-2.0\AI_Project\AI_An_Ninh\app.py","505","8","Medium Risk"
"adjust_action_score","py-func","C:\DoAnTotNghiep\V-Shield-2.0\AI_Project\AI_An_Ninh\app.py","513","10","Medium Risk"
"pick_first_existing","py-func","C:\DoAnTotNghiep\V-Shield-2.0\AI_Project\AI_An_Ninh\app.py","529","2","Medium Risk"
"adaptive_infer_size","py-func","C:\DoAnTotNghiep\V-Shield-2.0\AI_Project\AI_An_Ninh\app.py","536","3","Medium Risk"
"gamma_lut","py-func","C:\DoAnTotNghiep\V-Shield-2.0\AI_Project\AI_An_Ninh\app.py","549","2","Medium Risk"
"clahe_filter","py-func","C:\DoAnTotNghiep\V-Shield-2.0\AI_Project\AI_An_Ninh\app.py","556","2","Medium Risk"
"person_pose_profile","py-func","C:\DoAnTotNghiep\V-Shield-2.0\AI_Project\AI_An_Ninh\app.py","563","2","Medium Risk"
"kp_min_conf","json-key","C:\DoAnTotNghiep\V-Shield-2.0\AI_Project\AI_An_Ninh\app.py","567","0","Critical"
"min_valid_all","json-key","C:\DoAnTotNghiep\V-Shield-2.0\AI_Project\AI_An_Ninh\app.py","568","0","Critical"
"min_valid_upper","json-key","C:\DoAnTotNghiep\V-Shield-2.0\AI_Project\AI_An_Ninh\app.py","569","0","Critical"
"fallback_box_conf","json-key","C:\DoAnTotNghiep\V-Shield-2.0\AI_Project\AI_An_Ninh\app.py","570","0","Critical"
"kp_min_conf","json-key","C:\DoAnTotNghiep\V-Shield-2.0\AI_Project\AI_An_Ninh\app.py","574","0","Critical"
"min_valid_all","json-key","C:\DoAnTotNghiep\V-Shield-2.0\AI_Project\AI_An_Ninh\app.py","575","0","Critical"
"min_valid_upper","json-key","C:\DoAnTotNghiep\V-Shield-2.0\AI_Project\AI_An_Ninh\app.py","576","0","Critical"
"fallback_box_conf","json-key","C:\DoAnTotNghiep\V-Shield-2.0\AI_Project\AI_An_Ninh\app.py","577","0","Critical"
"kp_min_conf","json-key","C:\DoAnTotNghiep\V-Shield-2.0\AI_Project\AI_An_Ninh\app.py","580","0","Critical"
"min_valid_all","json-key","C:\DoAnTotNghiep\V-Shield-2.0\AI_Project\AI_An_Ninh\app.py","581","0","Critical"
"min_valid_upper","json-key","C:\DoAnTotNghiep\V-Shield-2.0\AI_Project\AI_An_Ninh\app.py","582","0","Critical"
"fallback_box_conf","json-key","C:\DoAnTotNghiep\V-Shield-2.0\AI_Project\AI_An_Ninh\app.py","583","0","Critical"
"PersonState","py-class","C:\DoAnTotNghiep\V-Shield-2.0\AI_Project\AI_An_Ninh\app.py","591","6","Safe"
"draw_unicode_texts","py-func","C:\DoAnTotNghiep\V-Shield-2.0\AI_Project\AI_An_Ninh\app.py","680","2","Medium Risk"
"text","json-key","C:\DoAnTotNghiep\V-Shield-2.0\AI_Project\AI_An_Ninh\app.py","683","0","Critical"
"right","json-key","C:\DoAnTotNghiep\V-Shield-2.0\AI_Project\AI_An_Ninh\app.py","711","0","Critical"
"draw_box","py-func","C:\DoAnTotNghiep\V-Shield-2.0\AI_Project\AI_An_Ninh\app.py","731","4","Medium Risk"
"preprocess_low_light","py-func","C:\DoAnTotNghiep\V-Shield-2.0\AI_Project\AI_An_Ninh\app.py","735","2","Medium Risk"
"save_snapshot","py-func","C:\DoAnTotNghiep\V-Shield-2.0\AI_Project\AI_An_Ninh\app.py","788","3","Medium Risk"
"save_debug_alert_snapshot","py-func","C:\DoAnTotNghiep\V-Shield-2.0\AI_Project\AI_An_Ninh\app.py","799","2","Medium Risk"
"_build_fire_smoke_engine_class","py-func","C:\DoAnTotNghiep\V-Shield-2.0\AI_Project\AI_An_Ninh\app.py","818","2","Medium Risk"
"roi_flicker_score","py-func","C:\DoAnTotNghiep\V-Shield-2.0\AI_Project\AI_An_Ninh\app.py","895","3","Medium Risk"
"clamp","py-func","C:\DoAnTotNghiep\V-Shield-2.0\AI_Project\AI_An_Ninh\app.py","916","23","Medium Risk"
"box_iou","py-func","C:\DoAnTotNghiep\V-Shield-2.0\AI_Project\AI_An_Ninh\app.py","919","5","Medium Risk"
"box_centroid","py-func","C:\DoAnTotNghiep\V-Shield-2.0\AI_Project\AI_An_Ninh\app.py","934","9","Medium Risk"
"roi_motion","py-func","C:\DoAnTotNghiep\V-Shield-2.0\AI_Project\AI_An_Ninh\app.py","937","2","Medium Risk"
"roi_texture_score","py-func","C:\DoAnTotNghiep\V-Shield-2.0\AI_Project\AI_An_Ninh\app.py","963","2","Medium Risk"
"roi_blur_score","py-func","C:\DoAnTotNghiep\V-Shield-2.0\AI_Project\AI_An_Ninh\app.py","973","2","Medium Risk"
"extract_edge_features","py-func","C:\DoAnTotNghiep\V-Shield-2.0\AI_Project\AI_An_Ninh\app.py","983","2","Medium Risk"
"fire_color_score","py-func","C:\DoAnTotNghiep\V-Shield-2.0\AI_Project\AI_An_Ninh\app.py","1027","2","Medium Risk"
"smoke_color_score","py-func","C:\DoAnTotNghiep\V-Shield-2.0\AI_Project\AI_An_Ninh\app.py","1043","2","Medium Risk"
"get_class_name","py-func","C:\DoAnTotNghiep\V-Shield-2.0\AI_Project\AI_An_Ninh\app.py","1059","2","Medium Risk"
"fit_image_letterbox","py-func","C:\DoAnTotNghiep\V-Shield-2.0\AI_Project\AI_An_Ninh\app.py","1068","1","Medium Risk"
"Track","py-class","C:\DoAnTotNghiep\V-Shield-2.0\AI_Project\AI_An_Ninh\app.py","1089","6","Safe"
"area_var","py-func","C:\DoAnTotNghiep\V-Shield-2.0\AI_Project\AI_An_Ninh\app.py","1090","7","Medium Risk"
"__init__","py-func","C:\DoAnTotNghiep\V-Shield-2.0\AI_Project\AI_An_Ninh\app.py","1096","17","Medium Risk"
"_frame_score","py-func","C:\DoAnTotNghiep\V-Shield-2.0\AI_Project\AI_An_Ninh\app.py","1128","3","Medium Risk"
"fire","json-key","C:\DoAnTotNghiep\V-Shield-2.0\AI_Project\AI_An_Ninh\app.py","1129","0","Critical"
"smoke","json-key","C:\DoAnTotNghiep\V-Shield-2.0\AI_Project\AI_An_Ninh\app.py","1137","0","Critical"
"should_instant_confirm","py-func","C:\DoAnTotNghiep\V-Shield-2.0\AI_Project\AI_An_Ninh\app.py","1147","3","Medium Risk"
"fire","json-key","C:\DoAnTotNghiep\V-Shield-2.0\AI_Project\AI_An_Ninh\app.py","1152","0","Critical"
"smoke","json-key","C:\DoAnTotNghiep\V-Shield-2.0\AI_Project\AI_An_Ninh\app.py","1216","0","Critical"
"update","py-func","C:\DoAnTotNghiep\V-Shield-2.0\AI_Project\AI_An_Ninh\app.py","1272","46","Medium Risk"
"miss","py-func","C:\DoAnTotNghiep\V-Shield-2.0\AI_Project\AI_An_Ninh\app.py","1306","3","Medium Risk"
"motion_avg","py-func","C:\DoAnTotNghiep\V-Shield-2.0\AI_Project\AI_An_Ninh\app.py","1311","5","Medium Risk"
"motion_var","py-func","C:\DoAnTotNghiep\V-Shield-2.0\AI_Project\AI_An_Ninh\app.py","1314","2","Medium Risk"
"motion_trend","py-func","C:\DoAnTotNghiep\V-Shield-2.0\AI_Project\AI_An_Ninh\app.py","1317","2","Medium Risk"
"motion_consistency","py-func","C:\DoAnTotNghiep\V-Shield-2.0\AI_Project\AI_An_Ninh\app.py","1330","4","Medium Risk"
"motion_linearity","py-func","C:\DoAnTotNghiep\V-Shield-2.0\AI_Project\AI_An_Ninh\app.py","1347","4","Medium Risk"
"color_avg","py-func","C:\DoAnTotNghiep\V-Shield-2.0\AI_Project\AI_An_Ninh\app.py","1381","6","Medium Risk"
"texture_avg","py-func","C:\DoAnTotNghiep\V-Shield-2.0\AI_Project\AI_An_Ninh\app.py","1384","8","Medium Risk"
"blur_avg","py-func","C:\DoAnTotNghiep\V-Shield-2.0\AI_Project\AI_An_Ninh\app.py","1387","7","Medium Risk"
"centroid_disp","py-func","C:\DoAnTotNghiep\V-Shield-2.0\AI_Project\AI_An_Ninh\app.py","1390","2","Medium Risk"
"aspect_ratio_var","py-func","C:\DoAnTotNghiep\V-Shield-2.0\AI_Project\AI_An_Ninh\app.py","1398","3","Medium Risk"
"shape_stability_score","py-func","C:\DoAnTotNghiep\V-Shield-2.0\AI_Project\AI_An_Ninh\app.py","1404","4","Medium Risk"
"boundary_consistency_score","py-func","C:\DoAnTotNghiep\V-Shield-2.0\AI_Project\AI_An_Ninh\app.py","1429","7","Medium Risk"
"color_variance","py-func","C:\DoAnTotNghiep\V-Shield-2.0\AI_Project\AI_An_Ninh\app.py","1439","3","Medium Risk"
"should_confirm","py-func","C:\DoAnTotNghiep\V-Shield-2.0\AI_Project\AI_An_Ninh\app.py","1445","2","Medium Risk"
"fire","json-key","C:\DoAnTotNghiep\V-Shield-2.0\AI_Project\AI_An_Ninh\app.py","1453","0","Critical"
"smoke","json-key","C:\DoAnTotNghiep\V-Shield-2.0\AI_Project\AI_An_Ninh\app.py","1564","0","Critical"
"should_release","py-func","C:\DoAnTotNghiep\V-Shield-2.0\AI_Project\AI_An_Ninh\app.py","1639","2","Medium Risk"
"fire","json-key","C:\DoAnTotNghiep\V-Shield-2.0\AI_Project\AI_An_Ninh\app.py","1640","0","Critical"
"smoke","json-key","C:\DoAnTotNghiep\V-Shield-2.0\AI_Project\AI_An_Ninh\app.py","1642","0","Critical"
"TrackManager","py-class","C:\DoAnTotNghiep\V-Shield-2.0\AI_Project\AI_An_Ninh\app.py","1646","4","Safe"
"__init__","py-func","C:\DoAnTotNghiep\V-Shield-2.0\AI_Project\AI_An_Ninh\app.py","1647","17","Medium Risk"
"_decay_recent_fire_regions","py-func","C:\DoAnTotNghiep\V-Shield-2.0\AI_Project\AI_An_Ninh\app.py","1653","2","Medium Risk"
"_remember_fire_region","py-func","C:\DoAnTotNghiep\V-Shield-2.0\AI_Project\AI_An_Ninh\app.py","1663","2","Medium Risk"
"box","json-key","C:\DoAnTotNghiep\V-Shield-2.0\AI_Project\AI_An_Ninh\app.py","1670","0","Critical"
"_near_recent_fire","py-func","C:\DoAnTotNghiep\V-Shield-2.0\AI_Project\AI_An_Ninh\app.py","1672","2","Medium Risk"
"update","py-func","C:\DoAnTotNghiep\V-Shield-2.0\AI_Project\AI_An_Ninh\app.py","1691","46","Medium Risk"
"confirmed","json-key","C:\DoAnTotNghiep\V-Shield-2.0\AI_Project\AI_An_Ninh\app.py","1813","0","Critical"
"fire","json-key","C:\DoAnTotNghiep\V-Shield-2.0\AI_Project\AI_An_Ninh\app.py","1834","0","Critical"
"smoke","json-key","C:\DoAnTotNghiep\V-Shield-2.0\AI_Project\AI_An_Ninh\app.py","1855","0","Critical"
"confirmed","json-key","C:\DoAnTotNghiep\V-Shield-2.0\AI_Project\AI_An_Ninh\app.py","1902","0","Critical"
"FireSmokeEngine","py-class","C:\DoAnTotNghiep\V-Shield-2.0\AI_Project\AI_An_Ninh\app.py","1932","4","Medium Risk"
"__init__","py-func","C:\DoAnTotNghiep\V-Shield-2.0\AI_Project\AI_An_Ninh\app.py","1933","17","Medium Risk"
"reset","py-func","C:\DoAnTotNghiep\V-Shield-2.0\AI_Project\AI_An_Ninh\app.py","1961","63","Medium Risk"
"process","py-func","C:\DoAnTotNghiep\V-Shield-2.0\AI_Project\AI_An_Ninh\app.py","1967","44","Medium Risk"
"confirmed","json-key","C:\DoAnTotNghiep\V-Shield-2.0\AI_Project\AI_An_Ninh\app.py","1972","0","Critical"
"confirmed","json-key","C:\DoAnTotNghiep\V-Shield-2.0\AI_Project\AI_An_Ninh\app.py","1987","0","Critical"
"conf","json-key","C:\DoAnTotNghiep\V-Shield-2.0\AI_Project\AI_An_Ninh\app.py","1990","0","Critical"
"imgsz","json-key","C:\DoAnTotNghiep\V-Shield-2.0\AI_Project\AI_An_Ninh\app.py","1991","0","Critical"
"verbose","json-key","C:\DoAnTotNghiep\V-Shield-2.0\AI_Project\AI_An_Ninh\app.py","1992","0","Critical"
"device","json-key","C:\DoAnTotNghiep\V-Shield-2.0\AI_Project\AI_An_Ninh\app.py","1993","0","Critical"
"max_det","json-key","C:\DoAnTotNghiep\V-Shield-2.0\AI_Project\AI_An_Ninh\app.py","1994","0","Critical"
"cls_name","json-key","C:\DoAnTotNghiep\V-Shield-2.0\AI_Project\AI_An_Ninh\app.py","2207","0","Critical"
"conf","json-key","C:\DoAnTotNghiep\V-Shield-2.0\AI_Project\AI_An_Ninh\app.py","2208","0","Critical"
"box","json-key","C:\DoAnTotNghiep\V-Shield-2.0\AI_Project\AI_An_Ninh\app.py","2209","0","Critical"
"motion","json-key","C:\DoAnTotNghiep\V-Shield-2.0\AI_Project\AI_An_Ninh\app.py","2210","0","Critical"
"color_score","json-key","C:\DoAnTotNghiep\V-Shield-2.0\AI_Project\AI_An_Ninh\app.py","2211","0","Critical"
"texture_score","json-key","C:\DoAnTotNghiep\V-Shield-2.0\AI_Project\AI_An_Ninh\app.py","2212","0","Critical"
"blur_score","json-key","C:\DoAnTotNghiep\V-Shield-2.0\AI_Project\AI_An_Ninh\app.py","2213","0","Critical"
"area_ratio","json-key","C:\DoAnTotNghiep\V-Shield-2.0\AI_Project\AI_An_Ninh\app.py","2214","0","Critical"
"intensity","json-key","C:\DoAnTotNghiep\V-Shield-2.0\AI_Project\AI_An_Ninh\app.py","2215","0","Critical"
"edge_sharpness","json-key","C:\DoAnTotNghiep\V-Shield-2.0\AI_Project\AI_An_Ninh\app.py","2216","0","Critical"
"confirmed","json-key","C:\DoAnTotNghiep\V-Shield-2.0\AI_Project\AI_An_Ninh\app.py","2239","0","Critical"
"point_from_kp","py-func","C:\DoAnTotNghiep\V-Shield-2.0\AI_Project\AI_An_Ninh\app.py","2249","25","Medium Risk"
"count_valid_points","py-func","C:\DoAnTotNghiep\V-Shield-2.0\AI_Project\AI_An_Ninh\app.py","2265","9","Medium Risk"
"angle_3pts","py-func","C:\DoAnTotNghiep\V-Shield-2.0\AI_Project\AI_An_Ninh\app.py","2275","5","Medium Risk"
"torso_angle_and_center","py-func","C:\DoAnTotNghiep\V-Shield-2.0\AI_Project\AI_An_Ninh\app.py","2290","2","Medium Risk"
"posture_from_features","py-func","C:\DoAnTotNghiep\V-Shield-2.0\AI_Project\AI_An_Ninh\app.py","2316","2","Medium Risk"
"signed_alternation_ratio","py-func","C:\DoAnTotNghiep\V-Shield-2.0\AI_Project\AI_An_Ninh\app.py","2324","2","Medium Risk"
"robust_slope","py-func","C:\DoAnTotNghiep\V-Shield-2.0\AI_Project\AI_An_Ninh\app.py","2347","4","Medium Risk"
"oscillation_strength","py-func","C:\DoAnTotNghiep\V-Shield-2.0\AI_Project\AI_An_Ninh\app.py","2361","2","Medium Risk"
"ratio_true","py-func","C:\DoAnTotNghiep\V-Shield-2.0\AI_Project\AI_An_Ninh\app.py","2371","9","Medium Risk"
"recent_mean","py-func","C:\DoAnTotNghiep\V-Shield-2.0\AI_Project\AI_An_Ninh\app.py","2378","4","Medium Risk"
"recent_peak","py-func","C:\DoAnTotNghiep\V-Shield-2.0\AI_Project\AI_An_Ninh\app.py","2387","4","Medium Risk"
"estimate_camera_motion_rel","py-func","C:\DoAnTotNghiep\V-Shield-2.0\AI_Project\AI_An_Ninh\app.py","2396","2","Medium Risk"
"overlap_ratio_1d","py-func","C:\DoAnTotNghiep\V-Shield-2.0\AI_Project\AI_An_Ninh\app.py","2418","6","Medium Risk"
"point_in_expanded_box","py-func","C:\DoAnTotNghiep\V-Shield-2.0\AI_Project\AI_An_Ninh\app.py","2428","2","Medium Risk"
"point_in_norm_zones","py-func","C:\DoAnTotNghiep\V-Shield-2.0\AI_Project\AI_An_Ninh\app.py","2436","2","Medium Risk"
"recent_vector","py-func","C:\DoAnTotNghiep\V-Shield-2.0\AI_Project\AI_An_Ninh\app.py","2451","3","Medium Risk"
"unit_vector","py-func","C:\DoAnTotNghiep\V-Shield-2.0\AI_Project\AI_An_Ninh\app.py","2459","3","Medium Risk"
"projected_speed","py-func","C:\DoAnTotNghiep\V-Shield-2.0\AI_Project\AI_An_Ninh\app.py","2467","3","Medium Risk"
"local_crowd_count","py-func","C:\DoAnTotNghiep\V-Shield-2.0\AI_Project\AI_An_Ninh\app.py","2474","1","Medium Risk"
"bbox_edge_flags","py-func","C:\DoAnTotNghiep\V-Shield-2.0\AI_Project\AI_An_Ninh\app.py","2491","3","Medium Risk"
"touch_left","json-key","C:\DoAnTotNghiep\V-Shield-2.0\AI_Project\AI_An_Ninh\app.py","2494","0","Critical"
"touch_right","json-key","C:\DoAnTotNghiep\V-Shield-2.0\AI_Project\AI_An_Ninh\app.py","2495","0","Critical"
"touch_top","json-key","C:\DoAnTotNghiep\V-Shield-2.0\AI_Project\AI_An_Ninh\app.py","2496","0","Critical"
"touch_bottom","json-key","C:\DoAnTotNghiep\V-Shield-2.0\AI_Project\AI_An_Ninh\app.py","2497","0","Critical"
"touch_lr","json-key","C:\DoAnTotNghiep\V-Shield-2.0\AI_Project\AI_An_Ninh\app.py","2498","0","Critical"
"touch_any","json-key","C:\DoAnTotNghiep\V-Shield-2.0\AI_Project\AI_An_Ninh\app.py","2499","0","Critical"
"touch_left","json-key","C:\DoAnTotNghiep\V-Shield-2.0\AI_Project\AI_An_Ninh\app.py","2510","0","Critical"
"touch_right","json-key","C:\DoAnTotNghiep\V-Shield-2.0\AI_Project\AI_An_Ninh\app.py","2511","0","Critical"
"touch_top","json-key","C:\DoAnTotNghiep\V-Shield-2.0\AI_Project\AI_An_Ninh\app.py","2512","0","Critical"
"touch_bottom","json-key","C:\DoAnTotNghiep\V-Shield-2.0\AI_Project\AI_An_Ninh\app.py","2513","0","Critical"
"touch_lr","json-key","C:\DoAnTotNghiep\V-Shield-2.0\AI_Project\AI_An_Ninh\app.py","2514","0","Critical"
"touch_any","json-key","C:\DoAnTotNghiep\V-Shield-2.0\AI_Project\AI_An_Ninh\app.py","2515","0","Critical"
"fall_ground_signature","py-func","C:\DoAnTotNghiep\V-Shield-2.0\AI_Project\AI_An_Ninh\app.py","2519","3","Medium Risk"
"point_count","json-key","C:\DoAnTotNghiep\V-Shield-2.0\AI_Project\AI_An_Ninh\app.py","2532","0","Critical"
"x_span_rel","json-key","C:\DoAnTotNghiep\V-Shield-2.0\AI_Project\AI_An_Ninh\app.py","2533","0","Critical"
"y_span_rel","json-key","C:\DoAnTotNghiep\V-Shield-2.0\AI_Project\AI_An_Ninh\app.py","2534","0","Critical"
"lowest_rel","json-key","C:\DoAnTotNghiep\V-Shield-2.0\AI_Project\AI_An_Ninh\app.py","2535","0","Critical"
"grounded","json-key","C:\DoAnTotNghiep\V-Shield-2.0\AI_Project\AI_An_Ninh\app.py","2536","0","Critical"
"point_count","json-key","C:\DoAnTotNghiep\V-Shield-2.0\AI_Project\AI_An_Ninh\app.py","2554","0","Critical"
"x_span_rel","json-key","C:\DoAnTotNghiep\V-Shield-2.0\AI_Project\AI_An_Ninh\app.py","2555","0","Critical"
"y_span_rel","json-key","C:\DoAnTotNghiep\V-Shield-2.0\AI_Project\AI_An_Ninh\app.py","2556","0","Critical"
"lowest_rel","json-key","C:\DoAnTotNghiep\V-Shield-2.0\AI_Project\AI_An_Ninh\app.py","2557","0","Critical"
"grounded","json-key","C:\DoAnTotNghiep\V-Shield-2.0\AI_Project\AI_An_Ninh\app.py","2558","0","Critical"
"bbox_motion_signature","py-func","C:\DoAnTotNghiep\V-Shield-2.0\AI_Project\AI_An_Ninh\app.py","2562","2","Medium Risk"
"aspect_trend","json-key","C:\DoAnTotNghiep\V-Shield-2.0\AI_Project\AI_An_Ninh\app.py","2566","0","Critical"
"area_growth","json-key","C:\DoAnTotNghiep\V-Shield-2.0\AI_Project\AI_An_Ninh\app.py","2567","0","Critical"
"area_var","json-key","C:\DoAnTotNghiep\V-Shield-2.0\AI_Project\AI_An_Ninh\app.py","2568","7","Critical"
"aspect_trend","json-key","C:\DoAnTotNghiep\V-Shield-2.0\AI_Project\AI_An_Ninh\app.py","2582","0","Critical"
"area_growth","json-key","C:\DoAnTotNghiep\V-Shield-2.0\AI_Project\AI_An_Ninh\app.py","2583","0","Critical"
"area_var","json-key","C:\DoAnTotNghiep\V-Shield-2.0\AI_Project\AI_An_Ninh\app.py","2584","7","Critical"
"trajectory_motion_signature","py-func","C:\DoAnTotNghiep\V-Shield-2.0\AI_Project\AI_An_Ninh\app.py","2588","2","Medium Risk"
"disp_rel","json-key","C:\DoAnTotNghiep\V-Shield-2.0\AI_Project\AI_An_Ninh\app.py","2592","0","Critical"
"path_rel","json-key","C:\DoAnTotNghiep\V-Shield-2.0\AI_Project\AI_An_Ninh\app.py","2593","0","Critical"
"linearity","json-key","C:\DoAnTotNghiep\V-Shield-2.0\AI_Project\AI_An_Ninh\app.py","2594","0","Critical"
"disp_rel","json-key","C:\DoAnTotNghiep\V-Shield-2.0\AI_Project\AI_An_Ninh\app.py","2601","0","Critical"
"path_rel","json-key","C:\DoAnTotNghiep\V-Shield-2.0\AI_Project\AI_An_Ninh\app.py","2602","0","Critical"
"linearity","json-key","C:\DoAnTotNghiep\V-Shield-2.0\AI_Project\AI_An_Ninh\app.py","2603","0","Critical"
"disp_rel","json-key","C:\DoAnTotNghiep\V-Shield-2.0\AI_Project\AI_An_Ninh\app.py","2612","0","Critical"
"path_rel","json-key","C:\DoAnTotNghiep\V-Shield-2.0\AI_Project\AI_An_Ninh\app.py","2613","0","Critical"
"linearity","json-key","C:\DoAnTotNghiep\V-Shield-2.0\AI_Project\AI_An_Ninh\app.py","2614","0","Critical"
"bbox_iou","py-func","C:\DoAnTotNghiep\V-Shield-2.0\AI_Project\AI_An_Ninh\app.py","2618","3","Medium Risk"
"dominant_id_ratio","py-func","C:\DoAnTotNghiep\V-Shield-2.0\AI_Project\AI_An_Ninh\app.py","2638","3","Medium Risk"
"analyze_joint_geometry","py-func","C:\DoAnTotNghiep\V-Shield-2.0\AI_Project\AI_An_Ninh\app.py","2659","2","Medium Risk"
"detect_holding_pose","py-func","C:\DoAnTotNghiep\V-Shield-2.0\AI_Project\AI_An_Ninh\app.py","2730","1","Medium Risk"
"punch_kick_thresholds","py-func","C:\DoAnTotNghiep\V-Shield-2.0\AI_Project\AI_An_Ninh\app.py","2771","3","Medium Risk"
"punch_wrist","json-key","C:\DoAnTotNghiep\V-Shield-2.0\AI_Project\AI_An_Ninh\app.py","2776","0","Critical"
"punch_accel","json-key","C:\DoAnTotNghiep\V-Shield-2.0\AI_Project\AI_An_Ninh\app.py","2777","0","Critical"
"kick_ankle","json-key","C:\DoAnTotNghiep\V-Shield-2.0\AI_Project\AI_An_Ninh\app.py","2778","0","Critical"
"kick_accel","json-key","C:\DoAnTotNghiep\V-Shield-2.0\AI_Project\AI_An_Ninh\app.py","2779","0","Critical"
"punch_wrist","json-key","C:\DoAnTotNghiep\V-Shield-2.0\AI_Project\AI_An_Ninh\app.py","2784","0","Critical"
"punch_accel","json-key","C:\DoAnTotNghiep\V-Shield-2.0\AI_Project\AI_An_Ninh\app.py","2785","0","Critical"
"kick_ankle","json-key","C:\DoAnTotNghiep\V-Shield-2.0\AI_Project\AI_An_Ninh\app.py","2786","0","Critical"
"kick_accel","json-key","C:\DoAnTotNghiep\V-Shield-2.0\AI_Project\AI_An_Ninh\app.py","2787","0","Critical"
"punch_wrist","json-key","C:\DoAnTotNghiep\V-Shield-2.0\AI_Project\AI_An_Ninh\app.py","2792","0","Critical"
"punch_accel","json-key","C:\DoAnTotNghiep\V-Shield-2.0\AI_Project\AI_An_Ninh\app.py","2793","0","Critical"
"kick_ankle","json-key","C:\DoAnTotNghiep\V-Shield-2.0\AI_Project\AI_An_Ninh\app.py","2794","0","Critical"
"kick_accel","json-key","C:\DoAnTotNghiep\V-Shield-2.0\AI_Project\AI_An_Ninh\app.py","2795","0","Critical"
"softmax_scores","py-func","C:\DoAnTotNghiep\V-Shield-2.0\AI_Project\AI_An_Ninh\app.py","2799","2","Medium Risk"
"MMActionBehaviorEngine","py-class","C:\DoAnTotNghiep\V-Shield-2.0\AI_Project\AI_An_Ninh\app.py","2814","2","Medium Risk"
"__init__","py-func","C:\DoAnTotNghiep\V-Shield-2.0\AI_Project\AI_An_Ninh\app.py","2815","17","Medium Risk"
"_patch_missing_localizer","py-func","C:\DoAnTotNghiep\V-Shield-2.0\AI_Project\AI_An_Ninh\app.py","2833","2","Medium Risk"
"DRN","py-class","C:\DoAnTotNghiep\V-Shield-2.0\AI_Project\AI_An_Ninh\app.py","2858","4","Safe"
"_crop_person","py-func","C:\DoAnTotNghiep\V-Shield-2.0\AI_Project\AI_An_Ninh\app.py","2863","2","Medium Risk"
"_extract_label_scores","py-func","C:\DoAnTotNghiep\V-Shield-2.0\AI_Project\AI_An_Ninh\app.py","2883","2","Medium Risk"
"_to_behavior_hint","py-func","C:\DoAnTotNghiep\V-Shield-2.0\AI_Project\AI_An_Ninh\app.py","2900","2","Medium Risk"
"kind","json-key","C:\DoAnTotNghiep\V-Shield-2.0\AI_Project\AI_An_Ninh\app.py","2909","0","Critical"
"kind","json-key","C:\DoAnTotNghiep\V-Shield-2.0\AI_Project\AI_An_Ninh\app.py","2911","0","Critical"
"update_and_predict","py-func","C:\DoAnTotNghiep\V-Shield-2.0\AI_Project\AI_An_Ninh\app.py","2914","2","Medium Risk"
"recent_hint","py-func","C:\DoAnTotNghiep\V-Shield-2.0\AI_Project\AI_An_Ninh\app.py","2917","7","Medium Risk"
"reset","py-func","C:\DoAnTotNghiep\V-Shield-2.0\AI_Project\AI_An_Ninh\app.py","2970","63","Medium Risk"
"open_capture","py-func","C:\DoAnTotNghiep\V-Shield-2.0\AI_Project\AI_An_Ninh\app.py","2980","3","Medium Risk"
"webcam","json-key","C:\DoAnTotNghiep\V-Shield-2.0\AI_Project\AI_An_Ninh\app.py","2981","0","Critical"
"rtsp","json-key","C:\DoAnTotNghiep\V-Shield-2.0\AI_Project\AI_An_Ninh\app.py","2989","0","Critical"
"FallAlarmApp","py-class","C:\DoAnTotNghiep\V-Shield-2.0\AI_Project\AI_An_Ninh\app.py","3002","2","Safe"
"__init__","py-func","C:\DoAnTotNghiep\V-Shield-2.0\AI_Project\AI_An_Ninh\app.py","3003","17","Medium Risk"
"_maybe_autostart_on_launch","py-func","C:\DoAnTotNghiep\V-Shield-2.0\AI_Project\AI_An_Ninh\app.py","3070","2","Medium Risk"
"_set_status","py-func","C:\DoAnTotNghiep\V-Shield-2.0\AI_Project\AI_An_Ninh\app.py","3116","5","Medium Risk"
"apply_status","py-func","C:\DoAnTotNghiep\V-Shield-2.0\AI_Project\AI_An_Ninh\app.py","3119","3","Medium Risk"
"_timeline_now","py-func","C:\DoAnTotNghiep\V-Shield-2.0\AI_Project\AI_An_Ninh\app.py","3138","2","Medium Risk"
"_reset_detection_state","py-func","C:\DoAnTotNghiep\V-Shield-2.0\AI_Project\AI_An_Ninh\app.py","3143","5","Medium Risk"
"_prune_recent_fall_events","py-func","C:\DoAnTotNghiep\V-Shield-2.0\AI_Project\AI_An_Ninh\app.py","3168","3","Medium Risk"
"_remember_recent_fall_event","py-func","C:\DoAnTotNghiep\V-Shield-2.0\AI_Project\AI_An_Ninh\app.py","3175","3","Medium Risk"
"time","json-key","C:\DoAnTotNghiep\V-Shield-2.0\AI_Project\AI_An_Ninh\app.py","3190","0","Critical"
"track_id","json-key","C:\DoAnTotNghiep\V-Shield-2.0\AI_Project\AI_An_Ninh\app.py","3191","0","Critical"
"box","json-key","C:\DoAnTotNghiep\V-Shield-2.0\AI_Project\AI_An_Ninh\app.py","3192","0","Critical"
"center","json-key","C:\DoAnTotNghiep\V-Shield-2.0\AI_Project\AI_An_Ninh\app.py","3193","0","Critical"
"height","json-key","C:\DoAnTotNghiep\V-Shield-2.0\AI_Project\AI_An_Ninh\app.py","3194","0","Critical"
"aspect","json-key","C:\DoAnTotNghiep\V-Shield-2.0\AI_Project\AI_An_Ninh\app.py","3195","0","Critical"
"confidence","json-key","C:\DoAnTotNghiep\V-Shield-2.0\AI_Project\AI_An_Ninh\app.py","3196","0","Critical"
"grounded","json-key","C:\DoAnTotNghiep\V-Shield-2.0\AI_Project\AI_An_Ninh\app.py","3197","0","Critical"
"_match_recent_fall_event","py-func","C:\DoAnTotNghiep\V-Shield-2.0\AI_Project\AI_An_Ninh\app.py","3213","3","Medium Risk"
"track_id","json-key","C:\DoAnTotNghiep\V-Shield-2.0\AI_Project\AI_An_Ninh\app.py","3248","0","Critical"
"time","json-key","C:\DoAnTotNghiep\V-Shield-2.0\AI_Project\AI_An_Ninh\app.py","3249","0","Critical"
"score","json-key","C:\DoAnTotNghiep\V-Shield-2.0\AI_Project\AI_An_Ninh\app.py","3250","0","Critical"
"grounded","json-key","C:\DoAnTotNghiep\V-Shield-2.0\AI_Project\AI_An_Ninh\app.py","3251","0","Critical"
"confidence","json-key","C:\DoAnTotNghiep\V-Shield-2.0\AI_Project\AI_An_Ninh\app.py","3252","0","Critical"
"_build_ui","py-func","C:\DoAnTotNghiep\V-Shield-2.0\AI_Project\AI_An_Ninh\app.py","3257","4","Medium Risk"
"choose_video","py-func","C:\DoAnTotNghiep\V-Shield-2.0\AI_Project\AI_An_Ninh\app.py","3332","3","Medium Risk"
"_on_seek_press","py-func","C:\DoAnTotNghiep\V-Shield-2.0\AI_Project\AI_An_Ninh\app.py","3344","2","Medium Risk"
"_on_seek_move","py-func","C:\DoAnTotNghiep\V-Shield-2.0\AI_Project\AI_An_Ninh\app.py","3349","2","Medium Risk"
"_on_seek_release","py-func","C:\DoAnTotNghiep\V-Shield-2.0\AI_Project\AI_An_Ninh\app.py","3357","2","Medium Risk"
"_update_seek_label","py-func","C:\DoAnTotNghiep\V-Shield-2.0\AI_Project\AI_An_Ninh\app.py","3368","5","Medium Risk"
"_format_timecode","py-func","C:\DoAnTotNghiep\V-Shield-2.0\AI_Project\AI_An_Ninh\app.py","3386","2","Medium Risk"
"_resolve_source","py-func","C:\DoAnTotNghiep\V-Shield-2.0\AI_Project\AI_An_Ninh\app.py","3394","4","Medium Risk"
"video","json-key","C:\DoAnTotNghiep\V-Shield-2.0\AI_Project\AI_An_Ninh\app.py","3396","0","Critical"
"_play_alarm_once","py-func","C:\DoAnTotNghiep\V-Shield-2.0\AI_Project\AI_An_Ninh\app.py","3419","2","Medium Risk"
"_required_stable_frames","py-func","C:\DoAnTotNghiep\V-Shield-2.0\AI_Project\AI_An_Ninh\app.py","3432","2","Medium Risk"
"_stabilize_action","py-func","C:\DoAnTotNghiep\V-Shield-2.0\AI_Project\AI_An_Ninh\app.py","3473","3","Medium Risk"
"start","py-func","C:\DoAnTotNghiep\V-Shield-2.0\AI_Project\AI_An_Ninh\app.py","3577","137","Medium Risk"
"file","json-key","C:\DoAnTotNghiep\V-Shield-2.0\AI_Project\AI_An_Ninh\app.py","3606","30","Critical"
"stop","py-func","C:\DoAnTotNghiep\V-Shield-2.0\AI_Project\AI_An_Ninh\app.py","3645","49","Medium Risk"
"on_close","py-func","C:\DoAnTotNghiep\V-Shield-2.0\AI_Project\AI_An_Ninh\app.py","3661","2","Medium Risk"
"_reconnect_capture","py-func","C:\DoAnTotNghiep\V-Shield-2.0\AI_Project\AI_An_Ninh\app.py","3665","4","Medium Risk"
"_worker_loop","py-func","C:\DoAnTotNghiep\V-Shield-2.0\AI_Project\AI_An_Ninh\app.py","3677","2","Medium Risk"
"file","json-key","C:\DoAnTotNghiep\V-Shield-2.0\AI_Project\AI_An_Ninh\app.py","3691","30","Critical"
"file","json-key","C:\DoAnTotNghiep\V-Shield-2.0\AI_Project\AI_An_Ninh\app.py","3724","30","Critical"
"_classify_person_fallback","py-func","C:\DoAnTotNghiep\V-Shield-2.0\AI_Project\AI_An_Ninh\app.py","3739","2","Medium Risk"
"LYING","json-key","C:\DoAnTotNghiep\V-Shield-2.0\AI_Project\AI_An_Ninh\app.py","3804","0","Critical"
"UNKNOWN","json-key","C:\DoAnTotNghiep\V-Shield-2.0\AI_Project\AI_An_Ninh\app.py","3978","0","Critical"
"action","json-key","C:\DoAnTotNghiep\V-Shield-2.0\AI_Project\AI_An_Ninh\app.py","3983","0","Critical"
"color","json-key","C:\DoAnTotNghiep\V-Shield-2.0\AI_Project\AI_An_Ninh\app.py","3984","0","Critical"
"danger","json-key","C:\DoAnTotNghiep\V-Shield-2.0\AI_Project\AI_An_Ninh\app.py","3985","0","Critical"
"save_frame","json-key","C:\DoAnTotNghiep\V-Shield-2.0\AI_Project\AI_An_Ninh\app.py","3986","0","Critical"
"interaction","json-key","C:\DoAnTotNghiep\V-Shield-2.0\AI_Project\AI_An_Ninh\app.py","3987","0","Critical"
"head","json-key","C:\DoAnTotNghiep\V-Shield-2.0\AI_Project\AI_An_Ninh\app.py","3988","0","Critical"
"torso_mid","json-key","C:\DoAnTotNghiep\V-Shield-2.0\AI_Project\AI_An_Ninh\app.py","3989","0","Critical"
"shoulder_mid","json-key","C:\DoAnTotNghiep\V-Shield-2.0\AI_Project\AI_An_Ninh\app.py","3990","0","Critical"
"left_wrist","json-key","C:\DoAnTotNghiep\V-Shield-2.0\AI_Project\AI_An_Ninh\app.py","3991","0","Critical"
"right_wrist","json-key","C:\DoAnTotNghiep\V-Shield-2.0\AI_Project\AI_An_Ninh\app.py","3992","0","Critical"
"left_ankle","json-key","C:\DoAnTotNghiep\V-Shield-2.0\AI_Project\AI_An_Ninh\app.py","3993","0","Critical"
"right_ankle","json-key","C:\DoAnTotNghiep\V-Shield-2.0\AI_Project\AI_An_Ninh\app.py","3994","0","Critical"
"left_elbow","json-key","C:\DoAnTotNghiep\V-Shield-2.0\AI_Project\AI_An_Ninh\app.py","3995","0","Critical"
"right_elbow","json-key","C:\DoAnTotNghiep\V-Shield-2.0\AI_Project\AI_An_Ninh\app.py","3996","0","Critical"
"left_shoulder","json-key","C:\DoAnTotNghiep\V-Shield-2.0\AI_Project\AI_An_Ninh\app.py","3997","0","Critical"
"right_shoulder","json-key","C:\DoAnTotNghiep\V-Shield-2.0\AI_Project\AI_An_Ninh\app.py","3998","0","Critical"
"hip_mid","json-key","C:\DoAnTotNghiep\V-Shield-2.0\AI_Project\AI_An_Ninh\app.py","3999","0","Critical"
"left_elbow_angle","json-key","C:\DoAnTotNghiep\V-Shield-2.0\AI_Project\AI_An_Ninh\app.py","4000","0","Critical"
"right_elbow_angle","json-key","C:\DoAnTotNghiep\V-Shield-2.0\AI_Project\AI_An_Ninh\app.py","4001","0","Critical"
"left_wrist_speed","json-key","C:\DoAnTotNghiep\V-Shield-2.0\AI_Project\AI_An_Ninh\app.py","4002","0","Critical"
"right_wrist_speed","json-key","C:\DoAnTotNghiep\V-Shield-2.0\AI_Project\AI_An_Ninh\app.py","4003","0","Critical"
"motion_score","json-key","C:\DoAnTotNghiep\V-Shield-2.0\AI_Project\AI_An_Ninh\app.py","4004","0","Critical"
"punch_detected","json-key","C:\DoAnTotNghiep\V-Shield-2.0\AI_Project\AI_An_Ninh\app.py","4005","0","Critical"
"kick_detected","json-key","C:\DoAnTotNghiep\V-Shield-2.0\AI_Project\AI_An_Ninh\app.py","4006","0","Critical"
"guard_ratio","json-key","C:\DoAnTotNghiep\V-Shield-2.0\AI_Project\AI_An_Ninh\app.py","4007","0","Critical"
"combat_energy","json-key","C:\DoAnTotNghiep\V-Shield-2.0\AI_Project\AI_An_Ninh\app.py","4008","0","Critical"
"combat_move","json-key","C:\DoAnTotNghiep\V-Shield-2.0\AI_Project\AI_An_Ninh\app.py","4009","0","Critical"
"center","json-key","C:\DoAnTotNghiep\V-Shield-2.0\AI_Project\AI_An_Ninh\app.py","4010","0","Critical"
"center_velocity","json-key","C:\DoAnTotNghiep\V-Shield-2.0\AI_Project\AI_An_Ninh\app.py","4011","0","Critical"
"height","json-key","C:\DoAnTotNghiep\V-Shield-2.0\AI_Project\AI_An_Ninh\app.py","4015","0","Critical"
"posture","json-key","C:\DoAnTotNghiep\V-Shield-2.0\AI_Project\AI_An_Ninh\app.py","4016","0","Critical"
"is_sitting","json-key","C:\DoAnTotNghiep\V-Shield-2.0\AI_Project\AI_An_Ninh\app.py","4017","0","Critical"
"lower_valid","json-key","C:\DoAnTotNghiep\V-Shield-2.0\AI_Project\AI_An_Ninh\app.py","4018","0","Critical"
"upper_valid","json-key","C:\DoAnTotNghiep\V-Shield-2.0\AI_Project\AI_An_Ninh\app.py","4019","0","Critical"
"head_valid","json-key","C:\DoAnTotNghiep\V-Shield-2.0\AI_Project\AI_An_Ninh\app.py","4020","0","Critical"
"full_body_visible","json-key","C:\DoAnTotNghiep\V-Shield-2.0\AI_Project\AI_An_Ninh\app.py","4021","0","Critical"
"edge_guard","json-key","C:\DoAnTotNghiep\V-Shield-2.0\AI_Project\AI_An_Ninh\app.py","4022","0","Critical"
"bbox","json-key","C:\DoAnTotNghiep\V-Shield-2.0\AI_Project\AI_An_Ninh\app.py","4023","0","Critical"
"keypoints_dict","json-key","C:\DoAnTotNghiep\V-Shield-2.0\AI_Project\AI_An_Ninh\app.py","4024","0","Critical"
"head","json-key","C:\DoAnTotNghiep\V-Shield-2.0\AI_Project\AI_An_Ninh\app.py","4025","0","Critical"
"neck","json-key","C:\DoAnTotNghiep\V-Shield-2.0\AI_Project\AI_An_Ninh\app.py","4026","0","Critical"
"left_shoulder","json-key","C:\DoAnTotNghiep\V-Shield-2.0\AI_Project\AI_An_Ninh\app.py","4027","0","Critical"
"right_shoulder","json-key","C:\DoAnTotNghiep\V-Shield-2.0\AI_Project\AI_An_Ninh\app.py","4028","0","Critical"
"left_elbow","json-key","C:\DoAnTotNghiep\V-Shield-2.0\AI_Project\AI_An_Ninh\app.py","4029","0","Critical"
"right_elbow","json-key","C:\DoAnTotNghiep\V-Shield-2.0\AI_Project\AI_An_Ninh\app.py","4030","0","Critical"
"left_wrist","json-key","C:\DoAnTotNghiep\V-Shield-2.0\AI_Project\AI_An_Ninh\app.py","4031","0","Critical"
"right_wrist","json-key","C:\DoAnTotNghiep\V-Shield-2.0\AI_Project\AI_An_Ninh\app.py","4032","0","Critical"
"left_hip","json-key","C:\DoAnTotNghiep\V-Shield-2.0\AI_Project\AI_An_Ninh\app.py","4033","0","Critical"
"right_hip","json-key","C:\DoAnTotNghiep\V-Shield-2.0\AI_Project\AI_An_Ninh\app.py","4034","0","Critical"
"left_knee","json-key","C:\DoAnTotNghiep\V-Shield-2.0\AI_Project\AI_An_Ninh\app.py","4035","0","Critical"
"right_knee","json-key","C:\DoAnTotNghiep\V-Shield-2.0\AI_Project\AI_An_Ninh\app.py","4036","0","Critical"
"left_ankle","json-key","C:\DoAnTotNghiep\V-Shield-2.0\AI_Project\AI_An_Ninh\app.py","4037","0","Critical"
"right_ankle","json-key","C:\DoAnTotNghiep\V-Shield-2.0\AI_Project\AI_An_Ninh\app.py","4038","0","Critical"
"guard_pose","json-key","C:\DoAnTotNghiep\V-Shield-2.0\AI_Project\AI_An_Ninh\app.py","4040","0","Critical"
"hold_pose","json-key","C:\DoAnTotNghiep\V-Shield-2.0\AI_Project\AI_An_Ninh\app.py","4041","0","Critical"
"mmaction_kind","json-key","C:\DoAnTotNghiep\V-Shield-2.0\AI_Project\AI_An_Ninh\app.py","4042","0","Critical"
"mmaction_score","json-key","C:\DoAnTotNghiep\V-Shield-2.0\AI_Project\AI_An_Ninh\app.py","4043","0","Critical"
"mmaction_fight_ratio","json-key","C:\DoAnTotNghiep\V-Shield-2.0\AI_Project\AI_An_Ninh\app.py","4044","0","Critical"
"camera_motion_rel","json-key","C:\DoAnTotNghiep\V-Shield-2.0\AI_Project\AI_An_Ninh\app.py","4045","0","Critical"
"fall_motion_event","json-key","C:\DoAnTotNghiep\V-Shield-2.0\AI_Project\AI_An_Ninh\app.py","4046","0","Critical"
"fall_evidence_ratio","json-key","C:\DoAnTotNghiep\V-Shield-2.0\AI_Project\AI_An_Ninh\app.py","4047","0","Critical"
"metrics","json-key","C:\DoAnTotNghiep\V-Shield-2.0\AI_Project\AI_An_Ninh\app.py","4049","0","Critical"
"angle","json-key","C:\DoAnTotNghiep\V-Shield-2.0\AI_Project\AI_An_Ninh\app.py","4050","0","Critical"
"speed","json-key","C:\DoAnTotNghiep\V-Shield-2.0\AI_Project\AI_An_Ninh\app.py","4051","0","Critical"
"ankle_motion","json-key","C:\DoAnTotNghiep\V-Shield-2.0\AI_Project\AI_An_Ninh\app.py","4052","0","Critical"
"motion_score","json-key","C:\DoAnTotNghiep\V-Shield-2.0\AI_Project\AI_An_Ninh\app.py","4053","0","Critical"
"knee","json-key","C:\DoAnTotNghiep\V-Shield-2.0\AI_Project\AI_An_Ninh\app.py","4054","0","Critical"
"leg_ext","json-key","C:\DoAnTotNghiep\V-Shield-2.0\AI_Project\AI_An_Ninh\app.py","4055","0","Critical"
"posture","json-key","C:\DoAnTotNghiep\V-Shield-2.0\AI_Project\AI_An_Ninh\app.py","4056","0","Critical"
"sitting_score","json-key","C:\DoAnTotNghiep\V-Shield-2.0\AI_Project\AI_An_Ninh\app.py","4057","0","Critical"
"height","json-key","C:\DoAnTotNghiep\V-Shield-2.0\AI_Project\AI_An_Ninh\app.py","4058","0","Critical"
"bbox_aspect","json-key","C:\DoAnTotNghiep\V-Shield-2.0\AI_Project\AI_An_Ninh\app.py","4059","0","Critical"
"hip_knee_rel","json-key","C:\DoAnTotNghiep\V-Shield-2.0\AI_Project\AI_An_Ninh\app.py","4060","0","Critical"
"hip_vspeed","json-key","C:\DoAnTotNghiep\V-Shield-2.0\AI_Project\AI_An_Ninh\app.py","4061","0","Critical"
"ankle_span","json-key","C:\DoAnTotNghiep\V-Shield-2.0\AI_Project\AI_An_Ninh\app.py","4062","0","Critical"
"gait_alt_ratio","json-key","C:\DoAnTotNghiep\V-Shield-2.0\AI_Project\AI_An_Ninh\app.py","4063","0","Critical"
"gait_cadence_walk","json-key","C:\DoAnTotNghiep\V-Shield-2.0\AI_Project\AI_An_Ninh\app.py","4064","0","Critical"
"gait_cadence_run","json-key","C:\DoAnTotNghiep\V-Shield-2.0\AI_Project\AI_An_Ninh\app.py","4065","0","Critical"
"avg_knee_flex","json-key","C:\DoAnTotNghiep\V-Shield-2.0\AI_Project\AI_An_Ninh\app.py","4066","0","Critical"
"knee_flex_trend","json-key","C:\DoAnTotNghiep\V-Shield-2.0\AI_Project\AI_An_Ninh\app.py","4067","0","Critical"
"hip_knee_rel_trend","json-key","C:\DoAnTotNghiep\V-Shield-2.0\AI_Project\AI_An_Ninh\app.py","4068","0","Critical"
"knee_diff_osc","json-key","C:\DoAnTotNghiep\V-Shield-2.0\AI_Project\AI_An_Ninh\app.py","4069","0","Critical"
"wrist_speed","json-key","C:\DoAnTotNghiep\V-Shield-2.0\AI_Project\AI_An_Ninh\app.py","4070","0","Critical"
"wrist_accel","json-key","C:\DoAnTotNghiep\V-Shield-2.0\AI_Project\AI_An_Ninh\app.py","4071","0","Critical"
"ankle_speed","json-key","C:\DoAnTotNghiep\V-Shield-2.0\AI_Project\AI_An_Ninh\app.py","4072","0","Critical"
"ankle_accel","json-key","C:\DoAnTotNghiep\V-Shield-2.0\AI_Project\AI_An_Ninh\app.py","4073","0","Critical"
"elbow_ext","json-key","C:\DoAnTotNghiep\V-Shield-2.0\AI_Project\AI_An_Ninh\app.py","4074","0","Critical"
"knee_ext","json-key","C:\DoAnTotNghiep\V-Shield-2.0\AI_Project\AI_An_Ninh\app.py","4075","0","Critical"
"guard_score","json-key","C:\DoAnTotNghiep\V-Shield-2.0\AI_Project\AI_An_Ninh\app.py","4076","0","Critical"
"guard_ratio","json-key","C:\DoAnTotNghiep\V-Shield-2.0\AI_Project\AI_An_Ninh\app.py","4077","0","Critical"
"combat_energy","json-key","C:\DoAnTotNghiep\V-Shield-2.0\AI_Project\AI_An_Ninh\app.py","4078","0","Critical"
"combat_move","json-key","C:\DoAnTotNghiep\V-Shield-2.0\AI_Project\AI_An_Ninh\app.py","4079","0","Critical"
"hold_ratio","json-key","C:\DoAnTotNghiep\V-Shield-2.0\AI_Project\AI_An_Ninh\app.py","4080","0","Critical"
"hold_persist","json-key","C:\DoAnTotNghiep\V-Shield-2.0\AI_Project\AI_An_Ninh\app.py","4081","0","Critical"
"punch_detected","json-key","C:\DoAnTotNghiep\V-Shield-2.0\AI_Project\AI_An_Ninh\app.py","4082","0","Critical"
"kick_detected","json-key","C:\DoAnTotNghiep\V-Shield-2.0\AI_Project\AI_An_Ninh\app.py","4083","0","Critical"
"seated_shape_hint","json-key","C:\DoAnTotNghiep\V-Shield-2.0\AI_Project\AI_An_Ninh\app.py","4084","0","Critical"
"sit_down_intent","json-key","C:\DoAnTotNghiep\V-Shield-2.0\AI_Project\AI_An_Ninh\app.py","4085","0","Critical"
"stand_up_intent","json-key","C:\DoAnTotNghiep\V-Shield-2.0\AI_Project\AI_An_Ninh\app.py","4086","0","Critical"
"transition_phase","json-key","C:\DoAnTotNghiep\V-Shield-2.0\AI_Project\AI_An_Ninh\app.py","4087","0","Critical"
"decision_confidence","json-key","C:\DoAnTotNghiep\V-Shield-2.0\AI_Project\AI_An_Ninh\app.py","4088","0","Critical"
"raw_action","json-key","C:\DoAnTotNghiep\V-Shield-2.0\AI_Project\AI_An_Ninh\app.py","4089","0","Critical"
"mmaction_fight_ratio","json-key","C:\DoAnTotNghiep\V-Shield-2.0\AI_Project\AI_An_Ninh\app.py","4090","0","Critical"
"camera_motion_rel","json-key","C:\DoAnTotNghiep\V-Shield-2.0\AI_Project\AI_An_Ninh\app.py","4091","0","Critical"
"fall_motion_event","json-key","C:\DoAnTotNghiep\V-Shield-2.0\AI_Project\AI_An_Ninh\app.py","4092","0","Critical"
"fall_evidence_ratio","json-key","C:\DoAnTotNghiep\V-Shield-2.0\AI_Project\AI_An_Ninh\app.py","4093","0","Critical"
"edge_guard","json-key","C:\DoAnTotNghiep\V-Shield-2.0\AI_Project\AI_An_Ninh\app.py","4094","0","Critical"
"full_body_visible","json-key","C:\DoAnTotNghiep\V-Shield-2.0\AI_Project\AI_An_Ninh\app.py","4095","0","Critical"
"recent_fall_match","json-key","C:\DoAnTotNghiep\V-Shield-2.0\AI_Project\AI_An_Ninh\app.py","4096","0","Critical"
"grounded_fall","json-key","C:\DoAnTotNghiep\V-Shield-2.0\AI_Project\AI_An_Ninh\app.py","4097","0","Critical"
"_classify_person","py-func","C:\DoAnTotNghiep\V-Shield-2.0\AI_Project\AI_An_Ninh\app.py","4101","2","Medium Risk"
"LYING","json-key","C:\DoAnTotNghiep\V-Shield-2.0\AI_Project\AI_An_Ninh\app.py","4397","0","Critical"
"LYING","json-key","C:\DoAnTotNghiep\V-Shield-2.0\AI_Project\AI_An_Ninh\app.py","4485","0","Critical"
"TO_SIT","json-key","C:\DoAnTotNghiep\V-Shield-2.0\AI_Project\AI_An_Ninh\app.py","4486","0","Critical"
"LYING","json-key","C:\DoAnTotNghiep\V-Shield-2.0\AI_Project\AI_An_Ninh\app.py","4489","0","Critical"
"TO_STAND","json-key","C:\DoAnTotNghiep\V-Shield-2.0\AI_Project\AI_An_Ninh\app.py","4490","0","Critical"
"NONE","json-key","C:\DoAnTotNghiep\V-Shield-2.0\AI_Project\AI_An_Ninh\app.py","4493","0","Critical"
"LYING","json-key","C:\DoAnTotNghiep\V-Shield-2.0\AI_Project\AI_An_Ninh\app.py","4552","0","Critical"
"LYING","json-key","C:\DoAnTotNghiep\V-Shield-2.0\AI_Project\AI_An_Ninh\app.py","4707","0","Critical"
"LYING","json-key","C:\DoAnTotNghiep\V-Shield-2.0\AI_Project\AI_An_Ninh\app.py","4819","0","Critical"
"LYING","json-key","C:\DoAnTotNghiep\V-Shield-2.0\AI_Project\AI_An_Ninh\app.py","4834","0","Critical"
"LYING","json-key","C:\DoAnTotNghiep\V-Shield-2.0\AI_Project\AI_An_Ninh\app.py","4846","0","Critical"
"NORMAL","json-key","C:\DoAnTotNghiep\V-Shield-2.0\AI_Project\AI_An_Ninh\app.py","4856","0","Critical"
"TO_STAND","json-key","C:\DoAnTotNghiep\V-Shield-2.0\AI_Project\AI_An_Ninh\app.py","4878","0","Critical"
"TO_SIT","json-key","C:\DoAnTotNghiep\V-Shield-2.0\AI_Project\AI_An_Ninh\app.py","4939","0","Critical"
"LYING","json-key","C:\DoAnTotNghiep\V-Shield-2.0\AI_Project\AI_An_Ninh\app.py","4954","0","Critical"
"LYING","json-key","C:\DoAnTotNghiep\V-Shield-2.0\AI_Project\AI_An_Ninh\app.py","5074","0","Critical"
"TO_SIT","json-key","C:\DoAnTotNghiep\V-Shield-2.0\AI_Project\AI_An_Ninh\app.py","5107","0","Critical"
"TO_STAND","json-key","C:\DoAnTotNghiep\V-Shield-2.0\AI_Project\AI_An_Ninh\app.py","5110","0","Critical"
"TO_SIT","json-key","C:\DoAnTotNghiep\V-Shield-2.0\AI_Project\AI_An_Ninh\app.py","5272","0","Critical"
"TO_STAND","json-key","C:\DoAnTotNghiep\V-Shield-2.0\AI_Project\AI_An_Ninh\app.py","5275","0","Critical"
"UNKNOWN","json-key","C:\DoAnTotNghiep\V-Shield-2.0\AI_Project\AI_An_Ninh\app.py","5293","0","Critical"
"action","json-key","C:\DoAnTotNghiep\V-Shield-2.0\AI_Project\AI_An_Ninh\app.py","5307","0","Critical"
"color","json-key","C:\DoAnTotNghiep\V-Shield-2.0\AI_Project\AI_An_Ninh\app.py","5308","0","Critical"
"danger","json-key","C:\DoAnTotNghiep\V-Shield-2.0\AI_Project\AI_An_Ninh\app.py","5309","0","Critical"
"save_frame","json-key","C:\DoAnTotNghiep\V-Shield-2.0\AI_Project\AI_An_Ninh\app.py","5310","0","Critical"
"interaction","json-key","C:\DoAnTotNghiep\V-Shield-2.0\AI_Project\AI_An_Ninh\app.py","5311","0","Critical"
"head","json-key","C:\DoAnTotNghiep\V-Shield-2.0\AI_Project\AI_An_Ninh\app.py","5312","0","Critical"
"torso_mid","json-key","C:\DoAnTotNghiep\V-Shield-2.0\AI_Project\AI_An_Ninh\app.py","5313","0","Critical"
"shoulder_mid","json-key","C:\DoAnTotNghiep\V-Shield-2.0\AI_Project\AI_An_Ninh\app.py","5314","0","Critical"
"left_wrist","json-key","C:\DoAnTotNghiep\V-Shield-2.0\AI_Project\AI_An_Ninh\app.py","5315","0","Critical"
"right_wrist","json-key","C:\DoAnTotNghiep\V-Shield-2.0\AI_Project\AI_An_Ninh\app.py","5316","0","Critical"
"left_ankle","json-key","C:\DoAnTotNghiep\V-Shield-2.0\AI_Project\AI_An_Ninh\app.py","5317","0","Critical"
"right_ankle","json-key","C:\DoAnTotNghiep\V-Shield-2.0\AI_Project\AI_An_Ninh\app.py","5318","0","Critical"
"left_elbow","json-key","C:\DoAnTotNghiep\V-Shield-2.0\AI_Project\AI_An_Ninh\app.py","5319","0","Critical"
"right_elbow","json-key","C:\DoAnTotNghiep\V-Shield-2.0\AI_Project\AI_An_Ninh\app.py","5320","0","Critical"
"left_shoulder","json-key","C:\DoAnTotNghiep\V-Shield-2.0\AI_Project\AI_An_Ninh\app.py","5321","0","Critical"
"right_shoulder","json-key","C:\DoAnTotNghiep\V-Shield-2.0\AI_Project\AI_An_Ninh\app.py","5322","0","Critical"
"hip_mid","json-key","C:\DoAnTotNghiep\V-Shield-2.0\AI_Project\AI_An_Ninh\app.py","5323","0","Critical"
"left_elbow_angle","json-key","C:\DoAnTotNghiep\V-Shield-2.0\AI_Project\AI_An_Ninh\app.py","5324","0","Critical"
"right_elbow_angle","json-key","C:\DoAnTotNghiep\V-Shield-2.0\AI_Project\AI_An_Ninh\app.py","5325","0","Critical"
"left_wrist_speed","json-key","C:\DoAnTotNghiep\V-Shield-2.0\AI_Project\AI_An_Ninh\app.py","5326","0","Critical"
"right_wrist_speed","json-key","C:\DoAnTotNghiep\V-Shield-2.0\AI_Project\AI_An_Ninh\app.py","5327","0","Critical"
"motion_score","json-key","C:\DoAnTotNghiep\V-Shield-2.0\AI_Project\AI_An_Ninh\app.py","5328","0","Critical"
"punch_detected","json-key","C:\DoAnTotNghiep\V-Shield-2.0\AI_Project\AI_An_Ninh\app.py","5329","0","Critical"
"kick_detected","json-key","C:\DoAnTotNghiep\V-Shield-2.0\AI_Project\AI_An_Ninh\app.py","5330","0","Critical"
"guard_ratio","json-key","C:\DoAnTotNghiep\V-Shield-2.0\AI_Project\AI_An_Ninh\app.py","5331","0","Critical"
"combat_energy","json-key","C:\DoAnTotNghiep\V-Shield-2.0\AI_Project\AI_An_Ninh\app.py","5332","0","Critical"
"combat_move","json-key","C:\DoAnTotNghiep\V-Shield-2.0\AI_Project\AI_An_Ninh\app.py","5333","0","Critical"
"center","json-key","C:\DoAnTotNghiep\V-Shield-2.0\AI_Project\AI_An_Ninh\app.py","5334","0","Critical"
"center_velocity","json-key","C:\DoAnTotNghiep\V-Shield-2.0\AI_Project\AI_An_Ninh\app.py","5335","0","Critical"
"height","json-key","C:\DoAnTotNghiep\V-Shield-2.0\AI_Project\AI_An_Ninh\app.py","5336","0","Critical"
"posture","json-key","C:\DoAnTotNghiep\V-Shield-2.0\AI_Project\AI_An_Ninh\app.py","5337","0","Critical"
"is_sitting","json-key","C:\DoAnTotNghiep\V-Shield-2.0\AI_Project\AI_An_Ninh\app.py","5338","0","Critical"
"lower_valid","json-key","C:\DoAnTotNghiep\V-Shield-2.0\AI_Project\AI_An_Ninh\app.py","5339","0","Critical"
"upper_valid","json-key","C:\DoAnTotNghiep\V-Shield-2.0\AI_Project\AI_An_Ninh\app.py","5340","0","Critical"
"head_valid","json-key","C:\DoAnTotNghiep\V-Shield-2.0\AI_Project\AI_An_Ninh\app.py","5341","0","Critical"
"full_body_visible","json-key","C:\DoAnTotNghiep\V-Shield-2.0\AI_Project\AI_An_Ninh\app.py","5342","0","Critical"
"edge_guard","json-key","C:\DoAnTotNghiep\V-Shield-2.0\AI_Project\AI_An_Ninh\app.py","5343","0","Critical"
"bbox","json-key","C:\DoAnTotNghiep\V-Shield-2.0\AI_Project\AI_An_Ninh\app.py","5344","0","Critical"
"keypoints_dict","json-key","C:\DoAnTotNghiep\V-Shield-2.0\AI_Project\AI_An_Ninh\app.py","5345","0","Critical"
"head","json-key","C:\DoAnTotNghiep\V-Shield-2.0\AI_Project\AI_An_Ninh\app.py","5346","0","Critical"
"neck","json-key","C:\DoAnTotNghiep\V-Shield-2.0\AI_Project\AI_An_Ninh\app.py","5347","0","Critical"
"left_shoulder","json-key","C:\DoAnTotNghiep\V-Shield-2.0\AI_Project\AI_An_Ninh\app.py","5348","0","Critical"
"right_shoulder","json-key","C:\DoAnTotNghiep\V-Shield-2.0\AI_Project\AI_An_Ninh\app.py","5349","0","Critical"
"left_elbow","json-key","C:\DoAnTotNghiep\V-Shield-2.0\AI_Project\AI_An_Ninh\app.py","5350","0","Critical"
"right_elbow","json-key","C:\DoAnTotNghiep\V-Shield-2.0\AI_Project\AI_An_Ninh\app.py","5351","0","Critical"
"left_wrist","json-key","C:\DoAnTotNghiep\V-Shield-2.0\AI_Project\AI_An_Ninh\app.py","5352","0","Critical"
"right_wrist","json-key","C:\DoAnTotNghiep\V-Shield-2.0\AI_Project\AI_An_Ninh\app.py","5353","0","Critical"
"left_hip","json-key","C:\DoAnTotNghiep\V-Shield-2.0\AI_Project\AI_An_Ninh\app.py","5354","0","Critical"
"right_hip","json-key","C:\DoAnTotNghiep\V-Shield-2.0\AI_Project\AI_An_Ninh\app.py","5355","0","Critical"
"left_knee","json-key","C:\DoAnTotNghiep\V-Shield-2.0\AI_Project\AI_An_Ninh\app.py","5356","0","Critical"
"right_knee","json-key","C:\DoAnTotNghiep\V-Shield-2.0\AI_Project\AI_An_Ninh\app.py","5357","0","Critical"
"left_ankle","json-key","C:\DoAnTotNghiep\V-Shield-2.0\AI_Project\AI_An_Ninh\app.py","5358","0","Critical"
"right_ankle","json-key","C:\DoAnTotNghiep\V-Shield-2.0\AI_Project\AI_An_Ninh\app.py","5359","0","Critical"
"guard_pose","json-key","C:\DoAnTotNghiep\V-Shield-2.0\AI_Project\AI_An_Ninh\app.py","5361","0","Critical"
"hold_pose","json-key","C:\DoAnTotNghiep\V-Shield-2.0\AI_Project\AI_An_Ninh\app.py","5362","0","Critical"
"mmaction_kind","json-key","C:\DoAnTotNghiep\V-Shield-2.0\AI_Project\AI_An_Ninh\app.py","5363","0","Critical"
"mmaction_score","json-key","C:\DoAnTotNghiep\V-Shield-2.0\AI_Project\AI_An_Ninh\app.py","5364","0","Critical"
"metrics","json-key","C:\DoAnTotNghiep\V-Shield-2.0\AI_Project\AI_An_Ninh\app.py","5366","0","Critical"
"angle","json-key","C:\DoAnTotNghiep\V-Shield-2.0\AI_Project\AI_An_Ninh\app.py","5367","0","Critical"
"speed","json-key","C:\DoAnTotNghiep\V-Shield-2.0\AI_Project\AI_An_Ninh\app.py","5368","0","Critical"
"ankle_motion","json-key","C:\DoAnTotNghiep\V-Shield-2.0\AI_Project\AI_An_Ninh\app.py","5369","0","Critical"
"motion_score","json-key","C:\DoAnTotNghiep\V-Shield-2.0\AI_Project\AI_An_Ninh\app.py","5370","0","Critical"
"knee","json-key","C:\DoAnTotNghiep\V-Shield-2.0\AI_Project\AI_An_Ninh\app.py","5371","0","Critical"
"leg_ext","json-key","C:\DoAnTotNghiep\V-Shield-2.0\AI_Project\AI_An_Ninh\app.py","5372","0","Critical"
"posture","json-key","C:\DoAnTotNghiep\V-Shield-2.0\AI_Project\AI_An_Ninh\app.py","5373","0","Critical"
"sitting_score","json-key","C:\DoAnTotNghiep\V-Shield-2.0\AI_Project\AI_An_Ninh\app.py","5374","0","Critical"
"height","json-key","C:\DoAnTotNghiep\V-Shield-2.0\AI_Project\AI_An_Ninh\app.py","5375","0","Critical"
"bbox_aspect","json-key","C:\DoAnTotNghiep\V-Shield-2.0\AI_Project\AI_An_Ninh\app.py","5376","0","Critical"
"hip_knee_rel","json-key","C:\DoAnTotNghiep\V-Shield-2.0\AI_Project\AI_An_Ninh\app.py","5377","0","Critical"
"hip_vspeed","json-key","C:\DoAnTotNghiep\V-Shield-2.0\AI_Project\AI_An_Ninh\app.py","5378","0","Critical"
"ankle_span","json-key","C:\DoAnTotNghiep\V-Shield-2.0\AI_Project\AI_An_Ninh\app.py","5379","0","Critical"
"gait_alt_ratio","json-key","C:\DoAnTotNghiep\V-Shield-2.0\AI_Project\AI_An_Ninh\app.py","5380","0","Critical"
"gait_cadence_walk","json-key","C:\DoAnTotNghiep\V-Shield-2.0\AI_Project\AI_An_Ninh\app.py","5381","0","Critical"
"gait_cadence_run","json-key","C:\DoAnTotNghiep\V-Shield-2.0\AI_Project\AI_An_Ninh\app.py","5382","0","Critical"
"travel_disp_rel","json-key","C:\DoAnTotNghiep\V-Shield-2.0\AI_Project\AI_An_Ninh\app.py","5383","0","Critical"
"travel_path_rel","json-key","C:\DoAnTotNghiep\V-Shield-2.0\AI_Project\AI_An_Ninh\app.py","5384","0","Critical"
"travel_linearity","json-key","C:\DoAnTotNghiep\V-Shield-2.0\AI_Project\AI_An_Ninh\app.py","5385","0","Critical"
"avg_knee_flex","json-key","C:\DoAnTotNghiep\V-Shield-2.0\AI_Project\AI_An_Ninh\app.py","5386","0","Critical"
"knee_flex_trend","json-key","C:\DoAnTotNghiep\V-Shield-2.0\AI_Project\AI_An_Ninh\app.py","5387","0","Critical"
"hip_knee_rel_trend","json-key","C:\DoAnTotNghiep\V-Shield-2.0\AI_Project\AI_An_Ninh\app.py","5388","0","Critical"
"knee_diff_osc","json-key","C:\DoAnTotNghiep\V-Shield-2.0\AI_Project\AI_An_Ninh\app.py","5389","0","Critical"
"wrist_speed","json-key","C:\DoAnTotNghiep\V-Shield-2.0\AI_Project\AI_An_Ninh\app.py","5390","0","Critical"
"wrist_accel","json-key","C:\DoAnTotNghiep\V-Shield-2.0\AI_Project\AI_An_Ninh\app.py","5391","0","Critical"
"ankle_speed","json-key","C:\DoAnTotNghiep\V-Shield-2.0\AI_Project\AI_An_Ninh\app.py","5392","0","Critical"
"ankle_accel","json-key","C:\DoAnTotNghiep\V-Shield-2.0\AI_Project\AI_An_Ninh\app.py","5393","0","Critical"
"elbow_ext","json-key","C:\DoAnTotNghiep\V-Shield-2.0\AI_Project\AI_An_Ninh\app.py","5394","0","Critical"
"knee_ext","json-key","C:\DoAnTotNghiep\V-Shield-2.0\AI_Project\AI_An_Ninh\app.py","5395","0","Critical"
"guard_score","json-key","C:\DoAnTotNghiep\V-Shield-2.0\AI_Project\AI_An_Ninh\app.py","5396","0","Critical"
"guard_ratio","json-key","C:\DoAnTotNghiep\V-Shield-2.0\AI_Project\AI_An_Ninh\app.py","5397","0","Critical"
"combat_energy","json-key","C:\DoAnTotNghiep\V-Shield-2.0\AI_Project\AI_An_Ninh\app.py","5398","0","Critical"
"combat_move","json-key","C:\DoAnTotNghiep\V-Shield-2.0\AI_Project\AI_An_Ninh\app.py","5399","0","Critical"
"hold_ratio","json-key","C:\DoAnTotNghiep\V-Shield-2.0\AI_Project\AI_An_Ninh\app.py","5400","0","Critical"
"hold_persist","json-key","C:\DoAnTotNghiep\V-Shield-2.0\AI_Project\AI_An_Ninh\app.py","5401","0","Critical"
"punch_detected","json-key","C:\DoAnTotNghiep\V-Shield-2.0\AI_Project\AI_An_Ninh\app.py","5402","0","Critical"
"kick_detected","json-key","C:\DoAnTotNghiep\V-Shield-2.0\AI_Project\AI_An_Ninh\app.py","5403","0","Critical"
"seated_shape_hint","json-key","C:\DoAnTotNghiep\V-Shield-2.0\AI_Project\AI_An_Ninh\app.py","5404","0","Critical"
"sit_down_intent","json-key","C:\DoAnTotNghiep\V-Shield-2.0\AI_Project\AI_An_Ninh\app.py","5405","0","Critical"
"stand_up_intent","json-key","C:\DoAnTotNghiep\V-Shield-2.0\AI_Project\AI_An_Ninh\app.py","5406","0","Critical"
"transition_phase","json-key","C:\DoAnTotNghiep\V-Shield-2.0\AI_Project\AI_An_Ninh\app.py","5407","0","Critical"
"decision_confidence","json-key","C:\DoAnTotNghiep\V-Shield-2.0\AI_Project\AI_An_Ninh\app.py","5408","0","Critical"
"raw_action","json-key","C:\DoAnTotNghiep\V-Shield-2.0\AI_Project\AI_An_Ninh\app.py","5409","0","Critical"
"mmaction_fight_ratio","json-key","C:\DoAnTotNghiep\V-Shield-2.0\AI_Project\AI_An_Ninh\app.py","5410","0","Critical"
"camera_motion_rel","json-key","C:\DoAnTotNghiep\V-Shield-2.0\AI_Project\AI_An_Ninh\app.py","5411","0","Critical"
"edge_guard","json-key","C:\DoAnTotNghiep\V-Shield-2.0\AI_Project\AI_An_Ninh\app.py","5412","0","Critical"
"full_body_visible","json-key","C:\DoAnTotNghiep\V-Shield-2.0\AI_Project\AI_An_Ninh\app.py","5413","0","Critical"
"clear_fall_evidence","json-key","C:\DoAnTotNghiep\V-Shield-2.0\AI_Project\AI_An_Ninh\app.py","5414","0","Critical"
"grounded_fall","json-key","C:\DoAnTotNghiep\V-Shield-2.0\AI_Project\AI_An_Ninh\app.py","5415","0","Critical"
"recent_fall_match","json-key","C:\DoAnTotNghiep\V-Shield-2.0\AI_Project\AI_An_Ninh\app.py","5416","0","Critical"
"lower_valid","json-key","C:\DoAnTotNghiep\V-Shield-2.0\AI_Project\AI_An_Ninh\app.py","5417","0","Critical"
"upper_valid","json-key","C:\DoAnTotNghiep\V-Shield-2.0\AI_Project\AI_An_Ninh\app.py","5418","0","Critical"
"head_valid","json-key","C:\DoAnTotNghiep\V-Shield-2.0\AI_Project\AI_An_Ninh\app.py","5419","0","Critical"
"body_stack_rel","json-key","C:\DoAnTotNghiep\V-Shield-2.0\AI_Project\AI_An_Ninh\app.py","5420","0","Critical"
"_detect_bullying_interactions","py-func","C:\DoAnTotNghiep\V-Shield-2.0\AI_Project\AI_An_Ninh\app.py","5424","2","Medium Risk"
"LYING","json-key","C:\DoAnTotNghiep\V-Shield-2.0\AI_Project\AI_An_Ninh\app.py","5549","0","Critical"
"score","json-key","C:\DoAnTotNghiep\V-Shield-2.0\AI_Project\AI_An_Ninh\app.py","5848","0","Critical"
"target_id","json-key","C:\DoAnTotNghiep\V-Shield-2.0\AI_Project\AI_An_Ninh\app.py","5849","0","Critical"
"label","json-key","C:\DoAnTotNghiep\V-Shield-2.0\AI_Project\AI_An_Ninh\app.py","5850","0","Critical"
"score","json-key","C:\DoAnTotNghiep\V-Shield-2.0\AI_Project\AI_An_Ninh\app.py","5863","0","Critical"
"target_id","json-key","C:\DoAnTotNghiep\V-Shield-2.0\AI_Project\AI_An_Ninh\app.py","5864","0","Critical"
"label","json-key","C:\DoAnTotNghiep\V-Shield-2.0\AI_Project\AI_An_Ninh\app.py","5865","0","Critical"
"score","json-key","C:\DoAnTotNghiep\V-Shield-2.0\AI_Project\AI_An_Ninh\app.py","5875","0","Critical"
"target_id","json-key","C:\DoAnTotNghiep\V-Shield-2.0\AI_Project\AI_An_Ninh\app.py","5876","0","Critical"
"label","json-key","C:\DoAnTotNghiep\V-Shield-2.0\AI_Project\AI_An_Ninh\app.py","5877","0","Critical"
"score","json-key","C:\DoAnTotNghiep\V-Shield-2.0\AI_Project\AI_An_Ninh\app.py","5890","0","Critical"
"target_id","json-key","C:\DoAnTotNghiep\V-Shield-2.0\AI_Project\AI_An_Ninh\app.py","5891","0","Critical"
"label","json-key","C:\DoAnTotNghiep\V-Shield-2.0\AI_Project\AI_An_Ninh\app.py","5892","0","Critical"
"label","json-key","C:\DoAnTotNghiep\V-Shield-2.0\AI_Project\AI_An_Ninh\app.py","5932","0","Critical"
"target_id","json-key","C:\DoAnTotNghiep\V-Shield-2.0\AI_Project\AI_An_Ninh\app.py","5933","0","Critical"
"score","json-key","C:\DoAnTotNghiep\V-Shield-2.0\AI_Project\AI_An_Ninh\app.py","5934","0","Critical"
"aggressor_id","json-key","C:\DoAnTotNghiep\V-Shield-2.0\AI_Project\AI_An_Ninh\app.py","5936","0","Critical"
"_detect_combat_interactions","py-func","C:\DoAnTotNghiep\V-Shield-2.0\AI_Project\AI_An_Ninh\app.py","5940","2","Medium Risk"
"score","json-key","C:\DoAnTotNghiep\V-Shield-2.0\AI_Project\AI_An_Ninh\app.py","6203","0","Critical"
"target_id","json-key","C:\DoAnTotNghiep\V-Shield-2.0\AI_Project\AI_An_Ninh\app.py","6204","0","Critical"
"label","json-key","C:\DoAnTotNghiep\V-Shield-2.0\AI_Project\AI_An_Ninh\app.py","6205","0","Critical"
"score","json-key","C:\DoAnTotNghiep\V-Shield-2.0\AI_Project\AI_An_Ninh\app.py","6218","0","Critical"
"target_id","json-key","C:\DoAnTotNghiep\V-Shield-2.0\AI_Project\AI_An_Ninh\app.py","6219","0","Critical"
"label","json-key","C:\DoAnTotNghiep\V-Shield-2.0\AI_Project\AI_An_Ninh\app.py","6220","0","Critical"
"label","json-key","C:\DoAnTotNghiep\V-Shield-2.0\AI_Project\AI_An_Ninh\app.py","6236","0","Critical"
"target_id","json-key","C:\DoAnTotNghiep\V-Shield-2.0\AI_Project\AI_An_Ninh\app.py","6237","0","Critical"
"score","json-key","C:\DoAnTotNghiep\V-Shield-2.0\AI_Project\AI_An_Ninh\app.py","6238","0","Critical"
"aggressor_id","json-key","C:\DoAnTotNghiep\V-Shield-2.0\AI_Project\AI_An_Ninh\app.py","6240","0","Critical"
"_is_hazard_track_plausible","py-func","C:\DoAnTotNghiep\V-Shield-2.0\AI_Project\AI_An_Ninh\app.py","6244","2","Medium Risk"
"_filter_hazard_tracks","py-func","C:\DoAnTotNghiep\V-Shield-2.0\AI_Project\AI_An_Ninh\app.py","6287","3","Medium Risk"
"_process_frame","py-func","C:\DoAnTotNghiep\V-Shield-2.0\AI_Project\AI_An_Ninh\app.py","6315","2","Medium Risk"
"persist","json-key","C:\DoAnTotNghiep\V-Shield-2.0\AI_Project\AI_An_Ninh\app.py","6379","0","Critical"
"conf","json-key","C:\DoAnTotNghiep\V-Shield-2.0\AI_Project\AI_An_Ninh\app.py","6380","0","Critical"
"iou","json-key","C:\DoAnTotNghiep\V-Shield-2.0\AI_Project\AI_An_Ninh\app.py","6381","0","Critical"
"imgsz","json-key","C:\DoAnTotNghiep\V-Shield-2.0\AI_Project\AI_An_Ninh\app.py","6382","0","Critical"
"verbose","json-key","C:\DoAnTotNghiep\V-Shield-2.0\AI_Project\AI_An_Ninh\app.py","6383","0","Critical"
"tracker","json-key","C:\DoAnTotNghiep\V-Shield-2.0\AI_Project\AI_An_Ninh\app.py","6384","0","Critical"
"max_det","json-key","C:\DoAnTotNghiep\V-Shield-2.0\AI_Project\AI_An_Ninh\app.py","6385","0","Critical"
"classes","json-key","C:\DoAnTotNghiep\V-Shield-2.0\AI_Project\AI_An_Ninh\app.py","6386","0","Critical"
"device","json-key","C:\DoAnTotNghiep\V-Shield-2.0\AI_Project\AI_An_Ninh\app.py","6387","0","Critical"
"track_id","json-key","C:\DoAnTotNghiep\V-Shield-2.0\AI_Project\AI_An_Ninh\app.py","6535","0","Critical"
"x1","json-key","C:\DoAnTotNghiep\V-Shield-2.0\AI_Project\AI_An_Ninh\app.py","6536","7","Critical"
"y1","json-key","C:\DoAnTotNghiep\V-Shield-2.0\AI_Project\AI_An_Ninh\app.py","6537","7","Critical"
"x2","json-key","C:\DoAnTotNghiep\V-Shield-2.0\AI_Project\AI_An_Ninh\app.py","6538","7","Critical"
"y2","json-key","C:\DoAnTotNghiep\V-Shield-2.0\AI_Project\AI_An_Ninh\app.py","6539","7","Critical"
"action","json-key","C:\DoAnTotNghiep\V-Shield-2.0\AI_Project\AI_An_Ninh\app.py","6540","0","Critical"
"color","json-key","C:\DoAnTotNghiep\V-Shield-2.0\AI_Project\AI_An_Ninh\app.py","6541","0","Critical"
"state","json-key","C:\DoAnTotNghiep\V-Shield-2.0\AI_Project\AI_An_Ninh\app.py","6542","0","Critical"
"interaction","json-key","C:\DoAnTotNghiep\V-Shield-2.0\AI_Project\AI_An_Ninh\app.py","6543","0","Critical"
"metrics","json-key","C:\DoAnTotNghiep\V-Shield-2.0\AI_Project\AI_An_Ninh\app.py","6544","0","Critical"
"preferred_interaction","py-func","C:\DoAnTotNghiep\V-Shield-2.0\AI_Project\AI_An_Ninh\app.py","6558","3","Medium Risk"
"label","json-key","C:\DoAnTotNghiep\V-Shield-2.0\AI_Project\AI_An_Ninh\app.py","6612","0","Critical"
"target_id","json-key","C:\DoAnTotNghiep\V-Shield-2.0\AI_Project\AI_An_Ninh\app.py","6613","0","Critical"
"kind","json-key","C:\DoAnTotNghiep\V-Shield-2.0\AI_Project\AI_An_Ninh\app.py","6614","0","Critical"
"label","json-key","C:\DoAnTotNghiep\V-Shield-2.0\AI_Project\AI_An_Ninh\app.py","6621","0","Critical"
"target_id","json-key","C:\DoAnTotNghiep\V-Shield-2.0\AI_Project\AI_An_Ninh\app.py","6622","0","Critical"
"kind","json-key","C:\DoAnTotNghiep\V-Shield-2.0\AI_Project\AI_An_Ninh\app.py","6623","0","Critical"
"text","json-key","C:\DoAnTotNghiep\V-Shield-2.0\AI_Project\AI_An_Ninh\app.py","6635","0","Critical"
"color","json-key","C:\DoAnTotNghiep\V-Shield-2.0\AI_Project\AI_An_Ninh\app.py","6638","0","Critical"
"size","json-key","C:\DoAnTotNghiep\V-Shield-2.0\AI_Project\AI_An_Ninh\app.py","6639","0","Critical"
"bg","json-key","C:\DoAnTotNghiep\V-Shield-2.0\AI_Project\AI_An_Ninh\app.py","6640","0","Critical"
"track_id","json-key","C:\DoAnTotNghiep\V-Shield-2.0\AI_Project\AI_An_Ninh\app.py","6783","0","Critical"
"track_id","json-key","C:\DoAnTotNghiep\V-Shield-2.0\AI_Project\AI_An_Ninh\app.py","6786","0","Critical"
"track_id","json-key","C:\DoAnTotNghiep\V-Shield-2.0\AI_Project\AI_An_Ninh\app.py","6793","0","Critical"
"text","json-key","C:\DoAnTotNghiep\V-Shield-2.0\AI_Project\AI_An_Ninh\app.py","6801","0","Critical"
"color","json-key","C:\DoAnTotNghiep\V-Shield-2.0\AI_Project\AI_An_Ninh\app.py","6804","0","Critical"
"size","json-key","C:\DoAnTotNghiep\V-Shield-2.0\AI_Project\AI_An_Ninh\app.py","6805","0","Critical"
"bg","json-key","C:\DoAnTotNghiep\V-Shield-2.0\AI_Project\AI_An_Ninh\app.py","6806","0","Critical"
"text","json-key","C:\DoAnTotNghiep\V-Shield-2.0\AI_Project\AI_An_Ninh\app.py","6833","0","Critical"
"color","json-key","C:\DoAnTotNghiep\V-Shield-2.0\AI_Project\AI_An_Ninh\app.py","6836","0","Critical"
"size","json-key","C:\DoAnTotNghiep\V-Shield-2.0\AI_Project\AI_An_Ninh\app.py","6837","0","Critical"
"bg","json-key","C:\DoAnTotNghiep\V-Shield-2.0\AI_Project\AI_An_Ninh\app.py","6838","0","Critical"
"text","json-key","C:\DoAnTotNghiep\V-Shield-2.0\AI_Project\AI_An_Ninh\app.py","6853","0","Critical"
"color","json-key","C:\DoAnTotNghiep\V-Shield-2.0\AI_Project\AI_An_Ninh\app.py","6856","0","Critical"
"size","json-key","C:\DoAnTotNghiep\V-Shield-2.0\AI_Project\AI_An_Ninh\app.py","6857","0","Critical"
"bg","json-key","C:\DoAnTotNghiep\V-Shield-2.0\AI_Project\AI_An_Ninh\app.py","6858","0","Critical"
"track_id","json-key","C:\DoAnTotNghiep\V-Shield-2.0\AI_Project\AI_An_Ninh\app.py","6873","0","Critical"
"text","json-key","C:\DoAnTotNghiep\V-Shield-2.0\AI_Project\AI_An_Ninh\app.py","6878","0","Critical"
"color","json-key","C:\DoAnTotNghiep\V-Shield-2.0\AI_Project\AI_An_Ninh\app.py","6881","0","Critical"
"size","json-key","C:\DoAnTotNghiep\V-Shield-2.0\AI_Project\AI_An_Ninh\app.py","6882","0","Critical"
"bg","json-key","C:\DoAnTotNghiep\V-Shield-2.0\AI_Project\AI_An_Ninh\app.py","6883","0","Critical"
"_refresh_preview","py-func","C:\DoAnTotNghiep\V-Shield-2.0\AI_Project\AI_An_Ninh\app.py","6904","3","Medium Risk"
"__main__","json-key","C:\DoAnTotNghiep\V-Shield-2.0\AI_Project\AI_An_Ninh\app.py","6941","0","Critical"
"extract_feature","py-func","C:\DoAnTotNghiep\V-Shield-2.0\AI_Project\AI_An_Ninh\build_dataset.py","13","2","Medium Risk"
"process_video","py-func","C:\DoAnTotNghiep\V-Shield-2.0\AI_Project\AI_An_Ninh\build_dataset.py","31","3","Medium Risk"
"Model","py-class","C:\DoAnTotNghiep\V-Shield-2.0\AI_Project\AI_An_Ninh\train_lstm.py","15","12","Safe"
"__init__","py-func","C:\DoAnTotNghiep\V-Shield-2.0\AI_Project\AI_An_Ninh\train_lstm.py","16","17","Medium Risk"
"forward","py-func","C:\DoAnTotNghiep\V-Shield-2.0\AI_Project\AI_An_Ninh\train_lstm.py","21","1","Medium Risk"
"model_state","json-key","C:\DoAnTotNghiep\V-Shield-2.0\AI_Project\AI_An_Ninh\train_lstm.py","49","0","Critical"
"check_port","py-func","C:\DoAnTotNghiep\V-Shield-2.0\AI_Project\cam\cam_gia_lap\cam_gia_lap.py","14","3","Medium Risk"
"MediaMTX","py-class","C:\DoAnTotNghiep\V-Shield-2.0\AI_Project\cam\cam_gia_lap\cam_gia_lap.py","25","7","Medium Risk"
"__init__","py-func","C:\DoAnTotNghiep\V-Shield-2.0\AI_Project\cam\cam_gia_lap\cam_gia_lap.py","26","17","Medium Risk"
"start","py-func","C:\DoAnTotNghiep\V-Shield-2.0\AI_Project\cam\cam_gia_lap\cam_gia_lap.py","29","137","Medium Risk"
"StreamManager","py-class","C:\DoAnTotNghiep\V-Shield-2.0\AI_Project\cam\cam_gia_lap\cam_gia_lap.py","54","2","Safe"
"__init__","py-func","C:\DoAnTotNghiep\V-Shield-2.0\AI_Project\cam\cam_gia_lap\cam_gia_lap.py","55","17","Medium Risk"
"start","py-func","C:\DoAnTotNghiep\V-Shield-2.0\AI_Project\cam\cam_gia_lap\cam_gia_lap.py","58","137","Medium Risk"
"read_log","py-func","C:\DoAnTotNghiep\V-Shield-2.0\AI_Project\cam\cam_gia_lap\cam_gia_lap.py","102","2","Medium Risk"
"stop","py-func","C:\DoAnTotNghiep\V-Shield-2.0\AI_Project\cam\cam_gia_lap\cam_gia_lap.py","106","49","Medium Risk"
"stop_all","py-func","C:\DoAnTotNghiep\V-Shield-2.0\AI_Project\cam\cam_gia_lap\cam_gia_lap.py","111","4","Medium Risk"
"App","py-class","C:\DoAnTotNghiep\V-Shield-2.0\AI_Project\cam\cam_gia_lap\cam_gia_lap.py","117","5","Safe"
"__init__","py-func","C:\DoAnTotNghiep\V-Shield-2.0\AI_Project\cam\cam_gia_lap\cam_gia_lap.py","118","17","Medium Risk"
"load_videos","py-func","C:\DoAnTotNghiep\V-Shield-2.0\AI_Project\cam\cam_gia_lap\cam_gia_lap.py","146","2","Medium Risk"
"name","json-key","C:\DoAnTotNghiep\V-Shield-2.0\AI_Project\cam\cam_gia_lap\cam_gia_lap.py","153","113","Critical"
"video","json-key","C:\DoAnTotNghiep\V-Shield-2.0\AI_Project\cam\cam_gia_lap\cam_gia_lap.py","154","0","Critical"
"start_server","py-func","C:\DoAnTotNghiep\V-Shield-2.0\AI_Project\cam\cam_gia_lap\cam_gia_lap.py","158","2","Medium Risk"
"start_all","py-func","C:\DoAnTotNghiep\V-Shield-2.0\AI_Project\cam\cam_gia_lap\cam_gia_lap.py","161","3","Medium Risk"
"stop_all","py-func","C:\DoAnTotNghiep\V-Shield-2.0\AI_Project\cam\cam_gia_lap\cam_gia_lap.py","172","4","Medium Risk"
"refresh","py-func","C:\DoAnTotNghiep\V-Shield-2.0\AI_Project\cam\cam_gia_lap\cam_gia_lap.py","177","31","Medium Risk"
"loop","py-func","C:\DoAnTotNghiep\V-Shield-2.0\AI_Project\cam\cam_gia_lap\cam_gia_lap.py","188","5","Medium Risk"
"__main__","json-key","C:\DoAnTotNghiep\V-Shield-2.0\AI_Project\cam\cam_gia_lap\cam_gia_lap.py","193","0","Critical"
"user","json-key","C:\DoAnTotNghiep\V-Shield-2.0\AI_Project\cam\cam_gia_lap\mediamtx_v1.17.1_windows_amd64\mediamtx.yml","99","0","Critical"
"password","json-key","C:\DoAnTotNghiep\V-Shield-2.0\AI_Project\cam\cam_gia_lap\mediamtx_v1.17.1_windows_amd64\mediamtx.yml","100","13","Critical"
"token","json-key","C:\DoAnTotNghiep\V-Shield-2.0\AI_Project\cam\cam_gia_lap\mediamtx_v1.17.1_windows_amd64\mediamtx.yml","101","24","Critical"
"ip","json-key","C:\DoAnTotNghiep\V-Shield-2.0\AI_Project\cam\cam_gia_lap\mediamtx_v1.17.1_windows_amd64\mediamtx.yml","102","2","Critical"
"action","json-key","C:\DoAnTotNghiep\V-Shield-2.0\AI_Project\cam\cam_gia_lap\mediamtx_v1.17.1_windows_amd64\mediamtx.yml","103","0","Critical"
"path","json-key","C:\DoAnTotNghiep\V-Shield-2.0\AI_Project\cam\cam_gia_lap\mediamtx_v1.17.1_windows_amd64\mediamtx.yml","104","0","Critical"
"protocol","json-key","C:\DoAnTotNghiep\V-Shield-2.0\AI_Project\cam\cam_gia_lap\mediamtx_v1.17.1_windows_amd64\mediamtx.yml","105","0","Critical"
"id","json-key","C:\DoAnTotNghiep\V-Shield-2.0\AI_Project\cam\cam_gia_lap\mediamtx_v1.17.1_windows_amd64\mediamtx.yml","106","70","Critical"
"query","json-key","C:\DoAnTotNghiep\V-Shield-2.0\AI_Project\cam\cam_gia_lap\mediamtx_v1.17.1_windows_amd64\mediamtx.yml","107","0","Critical"
"mediamtx_permissions","json-key","C:\DoAnTotNghiep\V-Shield-2.0\AI_Project\cam\cam_gia_lap\mediamtx_v1.17.1_windows_amd64\mediamtx.yml","130","0","Critical"
"action","json-key","C:\DoAnTotNghiep\V-Shield-2.0\AI_Project\cam\cam_gia_lap\mediamtx_v1.17.1_windows_amd64\mediamtx.yml","132","0","Critical"
"path","json-key","C:\DoAnTotNghiep\V-Shield-2.0\AI_Project\cam\cam_gia_lap\mediamtx_v1.17.1_windows_amd64\mediamtx.yml","133","0","Critical"
"title","json-key","C:\DoAnTotNghiep\V-Shield-2.0\AI_Project\doc_bien_gpu\docbien.py","102","0","Critical"
"uiversion","json-key","C:\DoAnTotNghiep\V-Shield-2.0\AI_Project\doc_bien_gpu\docbien.py","103","0","Critical"
"openapi","json-key","C:\DoAnTotNghiep\V-Shield-2.0\AI_Project\doc_bien_gpu\docbien.py","104","0","Critical"
"specs_route","json-key","C:\DoAnTotNghiep\V-Shield-2.0\AI_Project\doc_bien_gpu\docbien.py","105","0","Critical"
"openapi","json-key","C:\DoAnTotNghiep\V-Shield-2.0\AI_Project\doc_bien_gpu\docbien.py","109","0","Critical"
"info","json-key","C:\DoAnTotNghiep\V-Shield-2.0\AI_Project\doc_bien_gpu\docbien.py","110","0","Critical"
"title","json-key","C:\DoAnTotNghiep\V-Shield-2.0\AI_Project\doc_bien_gpu\docbien.py","111","0","Critical"
"description","json-key","C:\DoAnTotNghiep\V-Shield-2.0\AI_Project\doc_bien_gpu\docbien.py","112","40","Critical"
"version","json-key","C:\DoAnTotNghiep\V-Shield-2.0\AI_Project\doc_bien_gpu\docbien.py","113","0","Critical"
"servers","json-key","C:\DoAnTotNghiep\V-Shield-2.0\AI_Project\doc_bien_gpu\docbien.py","115","0","Critical"
"url","json-key","C:\DoAnTotNghiep\V-Shield-2.0\AI_Project\doc_bien_gpu\docbien.py","117","0","Critical"
"origins","json-key","C:\DoAnTotNghiep\V-Shield-2.0\AI_Project\doc_bien_gpu\docbien.py","129","0","Critical"
"cuda","json-key","C:\DoAnTotNghiep\V-Shield-2.0\AI_Project\doc_bien_gpu\docbien.py","146","0","Critical"
"success","json-key","C:\DoAnTotNghiep\V-Shield-2.0\AI_Project\doc_bien_gpu\docbien.py","204","16","Critical"
"session_id","json-key","C:\DoAnTotNghiep\V-Shield-2.0\AI_Project\doc_bien_gpu\docbien.py","205","0","Critical"
"camera_enabled","json-key","C:\DoAnTotNghiep\V-Shield-2.0\AI_Project\doc_bien_gpu\docbien.py","206","0","Critical"
"camera_connected","json-key","C:\DoAnTotNghiep\V-Shield-2.0\AI_Project\doc_bien_gpu\docbien.py","207","0","Critical"
"ip","json-key","C:\DoAnTotNghiep\V-Shield-2.0\AI_Project\doc_bien_gpu\docbien.py","208","2","Critical"
"device","json-key","C:\DoAnTotNghiep\V-Shield-2.0\AI_Project\doc_bien_gpu\docbien.py","209","0","Critical"
"model_path","json-key","C:\DoAnTotNghiep\V-Shield-2.0\AI_Project\doc_bien_gpu\docbien.py","210","0","Critical"
"bbox","json-key","C:\DoAnTotNghiep\V-Shield-2.0\AI_Project\doc_bien_gpu\docbien.py","211","0","Critical"
"stable_count","json-key","C:\DoAnTotNghiep\V-Shield-2.0\AI_Project\doc_bien_gpu\docbien.py","212","0","Critical"
"confirmed_plate","json-key","C:\DoAnTotNghiep\V-Shield-2.0\AI_Project\doc_bien_gpu\docbien.py","213","0","Critical"
"last_raw_plate","json-key","C:\DoAnTotNghiep\V-Shield-2.0\AI_Project\doc_bien_gpu\docbien.py","214","0","Critical"
"plate_votes","json-key","C:\DoAnTotNghiep\V-Shield-2.0\AI_Project\doc_bien_gpu\docbien.py","215","0","Critical"
"live_candidates","json-key","C:\DoAnTotNghiep\V-Shield-2.0\AI_Project\doc_bien_gpu\docbien.py","216","0","Critical"
"ocr_running","json-key","C:\DoAnTotNghiep\V-Shield-2.0\AI_Project\doc_bien_gpu\docbien.py","217","0","Critical"
"moving_fast","json-key","C:\DoAnTotNghiep\V-Shield-2.0\AI_Project\doc_bien_gpu\docbien.py","218","0","Critical"
"fps","json-key","C:\DoAnTotNghiep\V-Shield-2.0\AI_Project\doc_bien_gpu\docbien.py","219","0","Critical"
"scan_locked","json-key","C:\DoAnTotNghiep\V-Shield-2.0\AI_Project\doc_bien_gpu\docbien.py","220","0","Critical"
"scan_active","json-key","C:\DoAnTotNghiep\V-Shield-2.0\AI_Project\doc_bien_gpu\docbien.py","221","0","Critical"
"locked_snapshot","json-key","C:\DoAnTotNghiep\V-Shield-2.0\AI_Project\doc_bien_gpu\docbien.py","222","0","Critical"
"locked_plate_crop","json-key","C:\DoAnTotNghiep\V-Shield-2.0\AI_Project\doc_bien_gpu\docbien.py","223","0","Critical"
"last_update","json-key","C:\DoAnTotNghiep\V-Shield-2.0\AI_Project\doc_bien_gpu\docbien.py","224","0","Critical"
"message","json-key","C:\DoAnTotNghiep\V-Shield-2.0\AI_Project\doc_bien_gpu\docbien.py","225","68","Critical"
"make_json_safe","py-func","C:\DoAnTotNghiep\V-Shield-2.0\AI_Project\doc_bien_gpu\docbien.py","231","14","Medium Risk"
"now_ts","py-func","C:\DoAnTotNghiep\V-Shield-2.0\AI_Project\doc_bien_gpu\docbien.py","254","10","Medium Risk"
"safe_counter_to_dict","py-func","C:\DoAnTotNghiep\V-Shield-2.0\AI_Project\doc_bien_gpu\docbien.py","257","8","Medium Risk"
"next_session_id","py-func","C:\DoAnTotNghiep\V-Shield-2.0\AI_Project\doc_bien_gpu\docbien.py","260","2","Medium Risk"
"get_session_id","py-func","C:\DoAnTotNghiep\V-Shield-2.0\AI_Project\doc_bien_gpu\docbien.py","266","24","Medium Risk"
"update_recognition_state","py-func","C:\DoAnTotNghiep\V-Shield-2.0\AI_Project\doc_bien_gpu\docbien.py","270","40","Medium Risk"
"get_recognition_snapshot","py-func","C:\DoAnTotNghiep\V-Shield-2.0\AI_Project\doc_bien_gpu\docbien.py","276","10","Medium Risk"
"success","json-key","C:\DoAnTotNghiep\V-Shield-2.0\AI_Project\doc_bien_gpu\docbien.py","279","16","Critical"
"session_id","json-key","C:\DoAnTotNghiep\V-Shield-2.0\AI_Project\doc_bien_gpu\docbien.py","280","0","Critical"
"camera_enabled","json-key","C:\DoAnTotNghiep\V-Shield-2.0\AI_Project\doc_bien_gpu\docbien.py","281","0","Critical"
"camera_connected","json-key","C:\DoAnTotNghiep\V-Shield-2.0\AI_Project\doc_bien_gpu\docbien.py","282","0","Critical"
"ip","json-key","C:\DoAnTotNghiep\V-Shield-2.0\AI_Project\doc_bien_gpu\docbien.py","283","2","Critical"
"device","json-key","C:\DoAnTotNghiep\V-Shield-2.0\AI_Project\doc_bien_gpu\docbien.py","284","0","Critical"
"model_path","json-key","C:\DoAnTotNghiep\V-Shield-2.0\AI_Project\doc_bien_gpu\docbien.py","285","0","Critical"
"bbox","json-key","C:\DoAnTotNghiep\V-Shield-2.0\AI_Project\doc_bien_gpu\docbien.py","286","0","Critical"
"stable_count","json-key","C:\DoAnTotNghiep\V-Shield-2.0\AI_Project\doc_bien_gpu\docbien.py","287","0","Critical"
"confirmed_plate","json-key","C:\DoAnTotNghiep\V-Shield-2.0\AI_Project\doc_bien_gpu\docbien.py","288","0","Critical"
"last_raw_plate","json-key","C:\DoAnTotNghiep\V-Shield-2.0\AI_Project\doc_bien_gpu\docbien.py","289","0","Critical"
"plate_votes","json-key","C:\DoAnTotNghiep\V-Shield-2.0\AI_Project\doc_bien_gpu\docbien.py","290","0","Critical"
"live_candidates","json-key","C:\DoAnTotNghiep\V-Shield-2.0\AI_Project\doc_bien_gpu\docbien.py","291","0","Critical"
"ocr_running","json-key","C:\DoAnTotNghiep\V-Shield-2.0\AI_Project\doc_bien_gpu\docbien.py","292","0","Critical"
"moving_fast","json-key","C:\DoAnTotNghiep\V-Shield-2.0\AI_Project\doc_bien_gpu\docbien.py","293","0","Critical"
"fps","json-key","C:\DoAnTotNghiep\V-Shield-2.0\AI_Project\doc_bien_gpu\docbien.py","294","0","Critical"
"scan_locked","json-key","C:\DoAnTotNghiep\V-Shield-2.0\AI_Project\doc_bien_gpu\docbien.py","295","0","Critical"
"scan_active","json-key","C:\DoAnTotNghiep\V-Shield-2.0\AI_Project\doc_bien_gpu\docbien.py","296","0","Critical"
"locked_snapshot","json-key","C:\DoAnTotNghiep\V-Shield-2.0\AI_Project\doc_bien_gpu\docbien.py","297","0","Critical"
"locked_plate_crop","json-key","C:\DoAnTotNghiep\V-Shield-2.0\AI_Project\doc_bien_gpu\docbien.py","298","0","Critical"
"last_update","json-key","C:\DoAnTotNghiep\V-Shield-2.0\AI_Project\doc_bien_gpu\docbien.py","299","0","Critical"
"message","json-key","C:\DoAnTotNghiep\V-Shield-2.0\AI_Project\doc_bien_gpu\docbien.py","300","68","Critical"
"set_camera_flags","py-func","C:\DoAnTotNghiep\V-Shield-2.0\AI_Project\doc_bien_gpu\docbien.py","307","20","Medium Risk"
"get_camera_flags","py-func","C:\DoAnTotNghiep\V-Shield-2.0\AI_Project\doc_bien_gpu\docbien.py","317","20","Medium Risk"
"get_latest_frame_copy","py-func","C:\DoAnTotNghiep\V-Shield-2.0\AI_Project\doc_bien_gpu\docbien.py","321","4","Medium Risk"
"is_box_moving_fast","py-func","C:\DoAnTotNghiep\V-Shield-2.0\AI_Project\doc_bien_gpu\docbien.py","331","2","Medium Risk"
"is_similar_box","py-func","C:\DoAnTotNghiep\V-Shield-2.0\AI_Project\doc_bien_gpu\docbien.py","341","2","Medium Risk"
"normalize_plate_text","py-func","C:\DoAnTotNghiep\V-Shield-2.0\AI_Project\doc_bien_gpu\docbien.py","346","3","Medium Risk"
"validate_plate","py-func","C:\DoAnTotNghiep\V-Shield-2.0\AI_Project\doc_bien_gpu\docbien.py","349","2","Medium Risk"
"clear_ocr_queue","py-func","C:\DoAnTotNghiep\V-Shield-2.0\AI_Project\doc_bien_gpu\docbien.py","359","2","Medium Risk"
"encode_frame_to_jpeg","py-func","C:\DoAnTotNghiep\V-Shield-2.0\AI_Project\doc_bien_gpu\docbien.py","370","14","Medium Risk"
"image_to_base64","py-func","C:\DoAnTotNghiep\V-Shield-2.0\AI_Project\doc_bien_gpu\docbien.py","380","8","Medium Risk"
"reset_recognition_state","py-func","C:\DoAnTotNghiep\V-Shield-2.0\AI_Project\doc_bien_gpu\docbien.py","388","11","Medium Risk"
"auto_brightness_contrast","py-func","C:\DoAnTotNghiep\V-Shield-2.0\AI_Project\doc_bien_gpu\docbien.py","453","2","Medium Risk"
"sharpen_image","py-func","C:\DoAnTotNghiep\V-Shield-2.0\AI_Project\doc_bien_gpu\docbien.py","461","2","Medium Risk"
"deskew_plate","py-func","C:\DoAnTotNghiep\V-Shield-2.0\AI_Project\doc_bien_gpu\docbien.py","465","2","Medium Risk"
"normalize_plate_size","py-func","C:\DoAnTotNghiep\V-Shield-2.0\AI_Project\doc_bien_gpu\docbien.py","499","2","Medium Risk"
"is_bad_lighting","py-func","C:\DoAnTotNghiep\V-Shield-2.0\AI_Project\doc_bien_gpu\docbien.py","505","2","Medium Risk"
"enhance_plate","py-func","C:\DoAnTotNghiep\V-Shield-2.0\AI_Project\doc_bien_gpu\docbien.py","509","2","Medium Risk"
"extract_text_from_ocr","py-func","C:\DoAnTotNghiep\V-Shield-2.0\AI_Project\doc_bien_gpu\docbien.py","525","2","Medium Risk"
"smart_rotate_ocr_candidates","py-func","C:\DoAnTotNghiep\V-Shield-2.0\AI_Project\doc_bien_gpu\docbien.py","549","2","Medium Risk"
"text","json-key","C:\DoAnTotNghiep\V-Shield-2.0\AI_Project\doc_bien_gpu\docbien.py","573","0","Critical"
"conf","json-key","C:\DoAnTotNghiep\V-Shield-2.0\AI_Project\doc_bien_gpu\docbien.py","574","0","Critical"
"valid","json-key","C:\DoAnTotNghiep\V-Shield-2.0\AI_Project\doc_bien_gpu\docbien.py","575","0","Critical"
"score","json-key","C:\DoAnTotNghiep\V-Shield-2.0\AI_Project\doc_bien_gpu\docbien.py","576","0","Critical"
"lock_scan_result","py-func","C:\DoAnTotNghiep\V-Shield-2.0\AI_Project\doc_bien_gpu\docbien.py","591","6","Medium Risk"
"ocr_worker","py-func","C:\DoAnTotNghiep\V-Shield-2.0\AI_Project\doc_bien_gpu\docbien.py","610","2","Medium Risk"
"camera_reader_worker","py-func","C:\DoAnTotNghiep\V-Shield-2.0\AI_Project\doc_bien_gpu\docbien.py","742","4","Medium Risk"
"get_display_text","py-func","C:\DoAnTotNghiep\V-Shield-2.0\AI_Project\doc_bien_gpu\docbien.py","874","4","Medium Risk"
"draw_overlay","py-func","C:\DoAnTotNghiep\V-Shield-2.0\AI_Project\doc_bien_gpu\docbien.py","883","6","Medium Risk"
"offline_frame","py-func","C:\DoAnTotNghiep\V-Shield-2.0\AI_Project\doc_bien_gpu\docbien.py","950","6","Medium Risk"
"mjpeg_generator","py-func","C:\DoAnTotNghiep\V-Shield-2.0\AI_Project\doc_bien_gpu\docbien.py","963","4","Medium Risk"
"open_camera","py-func","C:\DoAnTotNghiep\V-Shield-2.0\AI_Project\doc_bien_gpu\docbien.py","1015","6","Medium Risk"
"close_camera","py-func","C:\DoAnTotNghiep\V-Shield-2.0\AI_Project\doc_bien_gpu\docbien.py","1041","12","Medium Risk"
"api_camera_on","py-func","C:\DoAnTotNghiep\V-Shield-2.0\AI_Project\doc_bien_gpu\docbien.py","1066","2","Medium Risk"
"success","json-key","C:\DoAnTotNghiep\V-Shield-2.0\AI_Project\doc_bien_gpu\docbien.py","1087","16","Critical"
"message","json-key","C:\DoAnTotNghiep\V-Shield-2.0\AI_Project\doc_bien_gpu\docbien.py","1088","68","Critical"
"success","json-key","C:\DoAnTotNghiep\V-Shield-2.0\AI_Project\doc_bien_gpu\docbien.py","1096","16","Critical"
"session_id","json-key","C:\DoAnTotNghiep\V-Shield-2.0\AI_Project\doc_bien_gpu\docbien.py","1097","0","Critical"
"message","json-key","C:\DoAnTotNghiep\V-Shield-2.0\AI_Project\doc_bien_gpu\docbien.py","1098","68","Critical"
"ip","json-key","C:\DoAnTotNghiep\V-Shield-2.0\AI_Project\doc_bien_gpu\docbien.py","1099","2","Critical"
"stream_url","json-key","C:\DoAnTotNghiep\V-Shield-2.0\AI_Project\doc_bien_gpu\docbien.py","1100","0","Critical"
"success","json-key","C:\DoAnTotNghiep\V-Shield-2.0\AI_Project\doc_bien_gpu\docbien.py","1104","16","Critical"
"message","json-key","C:\DoAnTotNghiep\V-Shield-2.0\AI_Project\doc_bien_gpu\docbien.py","1105","68","Critical"
"ip","json-key","C:\DoAnTotNghiep\V-Shield-2.0\AI_Project\doc_bien_gpu\docbien.py","1106","2","Critical"
"success","json-key","C:\DoAnTotNghiep\V-Shield-2.0\AI_Project\doc_bien_gpu\docbien.py","1111","16","Critical"
"message","json-key","C:\DoAnTotNghiep\V-Shield-2.0\AI_Project\doc_bien_gpu\docbien.py","1112","68","Critical"
"api_camera_off","py-func","C:\DoAnTotNghiep\V-Shield-2.0\AI_Project\doc_bien_gpu\docbien.py","1116","2","Medium Risk"
"success","json-key","C:\DoAnTotNghiep\V-Shield-2.0\AI_Project\doc_bien_gpu\docbien.py","1136","16","Critical"
"session_id","json-key","C:\DoAnTotNghiep\V-Shield-2.0\AI_Project\doc_bien_gpu\docbien.py","1137","0","Critical"
"message","json-key","C:\DoAnTotNghiep\V-Shield-2.0\AI_Project\doc_bien_gpu\docbien.py","1138","68","Critical"
"success","json-key","C:\DoAnTotNghiep\V-Shield-2.0\AI_Project\doc_bien_gpu\docbien.py","1143","16","Critical"
"message","json-key","C:\DoAnTotNghiep\V-Shield-2.0\AI_Project\doc_bien_gpu\docbien.py","1144","68","Critical"
"api_camera_reset","py-func","C:\DoAnTotNghiep\V-Shield-2.0\AI_Project\doc_bien_gpu\docbien.py","1148","2","Medium Risk"
"success","json-key","C:\DoAnTotNghiep\V-Shield-2.0\AI_Project\doc_bien_gpu\docbien.py","1183","16","Critical"
"session_id","json-key","C:\DoAnTotNghiep\V-Shield-2.0\AI_Project\doc_bien_gpu\docbien.py","1184","0","Critical"
"message","json-key","C:\DoAnTotNghiep\V-Shield-2.0\AI_Project\doc_bien_gpu\docbien.py","1185","68","Critical"
"success","json-key","C:\DoAnTotNghiep\V-Shield-2.0\AI_Project\doc_bien_gpu\docbien.py","1190","16","Critical"
"message","json-key","C:\DoAnTotNghiep\V-Shield-2.0\AI_Project\doc_bien_gpu\docbien.py","1191","68","Critical"
"api_camera_status","py-func","C:\DoAnTotNghiep\V-Shield-2.0\AI_Project\doc_bien_gpu\docbien.py","1195","2","Medium Risk"
"success","json-key","C:\DoAnTotNghiep\V-Shield-2.0\AI_Project\doc_bien_gpu\docbien.py","1213","16","Critical"
"session_id","json-key","C:\DoAnTotNghiep\V-Shield-2.0\AI_Project\doc_bien_gpu\docbien.py","1214","0","Critical"
"camera_enabled","json-key","C:\DoAnTotNghiep\V-Shield-2.0\AI_Project\doc_bien_gpu\docbien.py","1215","0","Critical"
"camera_connected","json-key","C:\DoAnTotNghiep\V-Shield-2.0\AI_Project\doc_bien_gpu\docbien.py","1216","0","Critical"
"ip","json-key","C:\DoAnTotNghiep\V-Shield-2.0\AI_Project\doc_bien_gpu\docbien.py","1217","2","Critical"
"confirmed_plate","json-key","C:\DoAnTotNghiep\V-Shield-2.0\AI_Project\doc_bien_gpu\docbien.py","1218","0","Critical"
"last_raw_plate","json-key","C:\DoAnTotNghiep\V-Shield-2.0\AI_Project\doc_bien_gpu\docbien.py","1219","0","Critical"
"ocr_running","json-key","C:\DoAnTotNghiep\V-Shield-2.0\AI_Project\doc_bien_gpu\docbien.py","1220","0","Critical"
"fps","json-key","C:\DoAnTotNghiep\V-Shield-2.0\AI_Project\doc_bien_gpu\docbien.py","1221","0","Critical"
"stable_count","json-key","C:\DoAnTotNghiep\V-Shield-2.0\AI_Project\doc_bien_gpu\docbien.py","1222","0","Critical"
"moving_fast","json-key","C:\DoAnTotNghiep\V-Shield-2.0\AI_Project\doc_bien_gpu\docbien.py","1223","0","Critical"
"bbox","json-key","C:\DoAnTotNghiep\V-Shield-2.0\AI_Project\doc_bien_gpu\docbien.py","1224","0","Critical"
"plate_votes","json-key","C:\DoAnTotNghiep\V-Shield-2.0\AI_Project\doc_bien_gpu\docbien.py","1225","0","Critical"
"live_candidates","json-key","C:\DoAnTotNghiep\V-Shield-2.0\AI_Project\doc_bien_gpu\docbien.py","1226","0","Critical"
"scan_locked","json-key","C:\DoAnTotNghiep\V-Shield-2.0\AI_Project\doc_bien_gpu\docbien.py","1227","0","Critical"
"scan_active","json-key","C:\DoAnTotNghiep\V-Shield-2.0\AI_Project\doc_bien_gpu\docbien.py","1228","0","Critical"
"message","json-key","C:\DoAnTotNghiep\V-Shield-2.0\AI_Project\doc_bien_gpu\docbien.py","1229","68","Critical"
"last_update","json-key","C:\DoAnTotNghiep\V-Shield-2.0\AI_Project\doc_bien_gpu\docbien.py","1230","0","Critical"
"stream_url","json-key","C:\DoAnTotNghiep\V-Shield-2.0\AI_Project\doc_bien_gpu\docbien.py","1231","0","Critical"
"success","json-key","C:\DoAnTotNghiep\V-Shield-2.0\AI_Project\doc_bien_gpu\docbien.py","1235","16","Critical"
"message","json-key","C:\DoAnTotNghiep\V-Shield-2.0\AI_Project\doc_bien_gpu\docbien.py","1236","68","Critical"
"api_camera_result","py-func","C:\DoAnTotNghiep\V-Shield-2.0\AI_Project\doc_bien_gpu\docbien.py","1240","2","Medium Risk"
"success","json-key","C:\DoAnTotNghiep\V-Shield-2.0\AI_Project\doc_bien_gpu\docbien.py","1259","16","Critical"
"message","json-key","C:\DoAnTotNghiep\V-Shield-2.0\AI_Project\doc_bien_gpu\docbien.py","1260","68","Critical"
"api_camera_locked_images","py-func","C:\DoAnTotNghiep\V-Shield-2.0\AI_Project\doc_bien_gpu\docbien.py","1264","2","Medium Risk"
"success","json-key","C:\DoAnTotNghiep\V-Shield-2.0\AI_Project\doc_bien_gpu\docbien.py","1282","16","Critical"
"session_id","json-key","C:\DoAnTotNghiep\V-Shield-2.0\AI_Project\doc_bien_gpu\docbien.py","1283","0","Critical"
"scan_locked","json-key","C:\DoAnTotNghiep\V-Shield-2.0\AI_Project\doc_bien_gpu\docbien.py","1284","0","Critical"
"locked_snapshot","json-key","C:\DoAnTotNghiep\V-Shield-2.0\AI_Project\doc_bien_gpu\docbien.py","1285","0","Critical"
"locked_plate_crop","json-key","C:\DoAnTotNghiep\V-Shield-2.0\AI_Project\doc_bien_gpu\docbien.py","1286","0","Critical"
"success","json-key","C:\DoAnTotNghiep\V-Shield-2.0\AI_Project\doc_bien_gpu\docbien.py","1290","16","Critical"
"message","json-key","C:\DoAnTotNghiep\V-Shield-2.0\AI_Project\doc_bien_gpu\docbien.py","1291","68","Critical"
"api_camera_stream","py-func","C:\DoAnTotNghiep\V-Shield-2.0\AI_Project\doc_bien_gpu\docbien.py","1295","2","Medium Risk"
"api_camera_events","py-func","C:\DoAnTotNghiep\V-Shield-2.0\AI_Project\doc_bien_gpu\docbien.py","1321","2","Medium Risk"
"event_stream","py-func","C:\DoAnTotNghiep\V-Shield-2.0\AI_Project\doc_bien_gpu\docbien.py","1336","4","Medium Risk"
"success","json-key","C:\DoAnTotNghiep\V-Shield-2.0\AI_Project\doc_bien_gpu\docbien.py","1344","16","Critical"
"session_id","json-key","C:\DoAnTotNghiep\V-Shield-2.0\AI_Project\doc_bien_gpu\docbien.py","1345","0","Critical"
"camera_enabled","json-key","C:\DoAnTotNghiep\V-Shield-2.0\AI_Project\doc_bien_gpu\docbien.py","1346","0","Critical"
"camera_connected","json-key","C:\DoAnTotNghiep\V-Shield-2.0\AI_Project\doc_bien_gpu\docbien.py","1347","0","Critical"
"ip","json-key","C:\DoAnTotNghiep\V-Shield-2.0\AI_Project\doc_bien_gpu\docbien.py","1348","2","Critical"
"bbox","json-key","C:\DoAnTotNghiep\V-Shield-2.0\AI_Project\doc_bien_gpu\docbien.py","1349","0","Critical"
"stable_count","json-key","C:\DoAnTotNghiep\V-Shield-2.0\AI_Project\doc_bien_gpu\docbien.py","1350","0","Critical"
"confirmed_plate","json-key","C:\DoAnTotNghiep\V-Shield-2.0\AI_Project\doc_bien_gpu\docbien.py","1351","0","Critical"
"last_raw_plate","json-key","C:\DoAnTotNghiep\V-Shield-2.0\AI_Project\doc_bien_gpu\docbien.py","1352","0","Critical"
"plate_votes","json-key","C:\DoAnTotNghiep\V-Shield-2.0\AI_Project\doc_bien_gpu\docbien.py","1353","0","Critical"
"live_candidates","json-key","C:\DoAnTotNghiep\V-Shield-2.0\AI_Project\doc_bien_gpu\docbien.py","1354","0","Critical"
"ocr_running","json-key","C:\DoAnTotNghiep\V-Shield-2.0\AI_Project\doc_bien_gpu\docbien.py","1355","0","Critical"
"moving_fast","json-key","C:\DoAnTotNghiep\V-Shield-2.0\AI_Project\doc_bien_gpu\docbien.py","1356","0","Critical"
"fps","json-key","C:\DoAnTotNghiep\V-Shield-2.0\AI_Project\doc_bien_gpu\docbien.py","1357","0","Critical"
"scan_locked","json-key","C:\DoAnTotNghiep\V-Shield-2.0\AI_Project\doc_bien_gpu\docbien.py","1358","0","Critical"
"last_update","json-key","C:\DoAnTotNghiep\V-Shield-2.0\AI_Project\doc_bien_gpu\docbien.py","1359","0","Critical"
"message","json-key","C:\DoAnTotNghiep\V-Shield-2.0\AI_Project\doc_bien_gpu\docbien.py","1360","68","Critical"
"api_health","py-func","C:\DoAnTotNghiep\V-Shield-2.0\AI_Project\doc_bien_gpu\docbien.py","1391","2","Medium Risk"
"success","json-key","C:\DoAnTotNghiep\V-Shield-2.0\AI_Project\doc_bien_gpu\docbien.py","1408","16","Critical"
"message","json-key","C:\DoAnTotNghiep\V-Shield-2.0\AI_Project\doc_bien_gpu\docbien.py","1409","68","Critical"
"device","json-key","C:\DoAnTotNghiep\V-Shield-2.0\AI_Project\doc_bien_gpu\docbien.py","1410","0","Critical"
"session_id","json-key","C:\DoAnTotNghiep\V-Shield-2.0\AI_Project\doc_bien_gpu\docbien.py","1411","0","Critical"
"camera_enabled","json-key","C:\DoAnTotNghiep\V-Shield-2.0\AI_Project\doc_bien_gpu\docbien.py","1412","0","Critical"
"camera_connected","json-key","C:\DoAnTotNghiep\V-Shield-2.0\AI_Project\doc_bien_gpu\docbien.py","1413","0","Critical"
"ip","json-key","C:\DoAnTotNghiep\V-Shield-2.0\AI_Project\doc_bien_gpu\docbien.py","1414","2","Critical"
"last_update","json-key","C:\DoAnTotNghiep\V-Shield-2.0\AI_Project\doc_bien_gpu\docbien.py","1415","0","Critical"
"run_api_server","py-func","C:\DoAnTotNghiep\V-Shield-2.0\AI_Project\doc_bien_gpu\docbien.py","1418","4","Medium Risk"
"main","py-func","C:\DoAnTotNghiep\V-Shield-2.0\AI_Project\doc_bien_gpu\docbien.py","1425","80","Medium Risk"
"session_id","json-key","C:\DoAnTotNghiep\V-Shield-2.0\AI_Project\doc_bien_gpu\docbien.py","1569","0","Critical"
"crop","json-key","C:\DoAnTotNghiep\V-Shield-2.0\AI_Project\doc_bien_gpu\docbien.py","1570","0","Critical"
"frame","json-key","C:\DoAnTotNghiep\V-Shield-2.0\AI_Project\doc_bien_gpu\docbien.py","1571","0","Critical"
"x1","json-key","C:\DoAnTotNghiep\V-Shield-2.0\AI_Project\doc_bien_gpu\docbien.py","1587","7","Critical"
"y1","json-key","C:\DoAnTotNghiep\V-Shield-2.0\AI_Project\doc_bien_gpu\docbien.py","1588","7","Critical"
"x2","json-key","C:\DoAnTotNghiep\V-Shield-2.0\AI_Project\doc_bien_gpu\docbien.py","1589","7","Critical"
"y2","json-key","C:\DoAnTotNghiep\V-Shield-2.0\AI_Project\doc_bien_gpu\docbien.py","1590","7","Critical"
"__main__","json-key","C:\DoAnTotNghiep\V-Shield-2.0\AI_Project\doc_bien_gpu\docbien.py","1823","0","Critical"
"camera_running","json-key","C:\DoAnTotNghiep\V-Shield-2.0\AI_Project\face_recognition\FaceID.py","42","0","Critical"
"session_active","json-key","C:\DoAnTotNghiep\V-Shield-2.0\AI_Project\face_recognition\FaceID.py","43","0","Critical"
"session_confirmed","json-key","C:\DoAnTotNghiep\V-Shield-2.0\AI_Project\face_recognition\FaceID.py","44","0","Critical"
"face_match","json-key","C:\DoAnTotNghiep\V-Shield-2.0\AI_Project\face_recognition\FaceID.py","45","0","Critical"
"employee_id","json-key","C:\DoAnTotNghiep\V-Shield-2.0\AI_Project\face_recognition\FaceID.py","46","0","Critical"
"confirm_count","json-key","C:\DoAnTotNghiep\V-Shield-2.0\AI_Project\face_recognition\FaceID.py","47","0","Critical"
"distance","json-key","C:\DoAnTotNghiep\V-Shield-2.0\AI_Project\face_recognition\FaceID.py","48","0","Critical"
"last_seen","json-key","C:\DoAnTotNghiep\V-Shield-2.0\AI_Project\face_recognition\FaceID.py","49","0","Critical"
"face_box","json-key","C:\DoAnTotNghiep\V-Shield-2.0\AI_Project\face_recognition\FaceID.py","50","0","Critical"
"timeout","json-key","C:\DoAnTotNghiep\V-Shield-2.0\AI_Project\face_recognition\FaceID.py","51","0","Critical"
"alert","json-key","C:\DoAnTotNghiep\V-Shield-2.0\AI_Project\face_recognition\FaceID.py","52","0","Critical"
"reset_state","py-func","C:\DoAnTotNghiep\V-Shield-2.0\AI_Project\face_recognition\FaceID.py","99","4","Medium Risk"
"session_active","json-key","C:\DoAnTotNghiep\V-Shield-2.0\AI_Project\face_recognition\FaceID.py","120","0","Critical"
"session_confirmed","json-key","C:\DoAnTotNghiep\V-Shield-2.0\AI_Project\face_recognition\FaceID.py","121","0","Critical"
"employee_id","json-key","C:\DoAnTotNghiep\V-Shield-2.0\AI_Project\face_recognition\FaceID.py","122","0","Critical"
"confirm_count","json-key","C:\DoAnTotNghiep\V-Shield-2.0\AI_Project\face_recognition\FaceID.py","123","0","Critical"
"distance","json-key","C:\DoAnTotNghiep\V-Shield-2.0\AI_Project\face_recognition\FaceID.py","124","0","Critical"
"last_seen","json-key","C:\DoAnTotNghiep\V-Shield-2.0\AI_Project\face_recognition\FaceID.py","125","0","Critical"
"face_box","json-key","C:\DoAnTotNghiep\V-Shield-2.0\AI_Project\face_recognition\FaceID.py","126","0","Critical"
"timeout","json-key","C:\DoAnTotNghiep\V-Shield-2.0\AI_Project\face_recognition\FaceID.py","127","0","Critical"
"alert","json-key","C:\DoAnTotNghiep\V-Shield-2.0\AI_Project\face_recognition\FaceID.py","128","0","Critical"
"camera_thread","py-func","C:\DoAnTotNghiep\V-Shield-2.0\AI_Project\face_recognition\FaceID.py","133","12","Medium Risk"
"face_processing","py-func","C:\DoAnTotNghiep\V-Shield-2.0\AI_Project\face_recognition\FaceID.py","164","4","Medium Risk"
"top","json-key","C:\DoAnTotNghiep\V-Shield-2.0\AI_Project\face_recognition\FaceID.py","216","0","Critical"
"right","json-key","C:\DoAnTotNghiep\V-Shield-2.0\AI_Project\face_recognition\FaceID.py","217","0","Critical"
"bottom","json-key","C:\DoAnTotNghiep\V-Shield-2.0\AI_Project\face_recognition\FaceID.py","218","0","Critical"
"left","json-key","C:\DoAnTotNghiep\V-Shield-2.0\AI_Project\face_recognition\FaceID.py","219","0","Critical"
"width","json-key","C:\DoAnTotNghiep\V-Shield-2.0\AI_Project\face_recognition\FaceID.py","220","0","Critical"
"height","json-key","C:\DoAnTotNghiep\V-Shield-2.0\AI_Project\face_recognition\FaceID.py","221","0","Critical"
"camera_running","json-key","C:\DoAnTotNghiep\V-Shield-2.0\AI_Project\face_recognition\FaceID.py","282","0","Critical"
"session_active","json-key","C:\DoAnTotNghiep\V-Shield-2.0\AI_Project\face_recognition\FaceID.py","283","0","Critical"
"session_confirmed","json-key","C:\DoAnTotNghiep\V-Shield-2.0\AI_Project\face_recognition\FaceID.py","284","0","Critical"
"face_match","json-key","C:\DoAnTotNghiep\V-Shield-2.0\AI_Project\face_recognition\FaceID.py","285","0","Critical"
"employee_id","json-key","C:\DoAnTotNghiep\V-Shield-2.0\AI_Project\face_recognition\FaceID.py","286","0","Critical"
"confirm_count","json-key","C:\DoAnTotNghiep\V-Shield-2.0\AI_Project\face_recognition\FaceID.py","287","0","Critical"
"distance","json-key","C:\DoAnTotNghiep\V-Shield-2.0\AI_Project\face_recognition\FaceID.py","288","0","Critical"
"last_seen","json-key","C:\DoAnTotNghiep\V-Shield-2.0\AI_Project\face_recognition\FaceID.py","290","0","Critical"
"face_box","json-key","C:\DoAnTotNghiep\V-Shield-2.0\AI_Project\face_recognition\FaceID.py","291","0","Critical"
"timeout","json-key","C:\DoAnTotNghiep\V-Shield-2.0\AI_Project\face_recognition\FaceID.py","292","0","Critical"
"alert","json-key","C:\DoAnTotNghiep\V-Shield-2.0\AI_Project\face_recognition\FaceID.py","293","0","Critical"
"face_match","json-key","C:\DoAnTotNghiep\V-Shield-2.0\AI_Project\face_recognition\FaceID.py","309","0","Critical"
"employee_id","json-key","C:\DoAnTotNghiep\V-Shield-2.0\AI_Project\face_recognition\FaceID.py","310","0","Critical"
"timeout","json-key","C:\DoAnTotNghiep\V-Shield-2.0\AI_Project\face_recognition\FaceID.py","311","0","Critical"
"root","py-func","C:\DoAnTotNghiep\V-Shield-2.0\AI_Project\face_recognition\FaceID.py","336","63","Medium Risk"
"service","json-key","C:\DoAnTotNghiep\V-Shield-2.0\AI_Project\face_recognition\FaceID.py","337","0","Critical"
"start_camera","py-func","C:\DoAnTotNghiep\V-Shield-2.0\AI_Project\face_recognition\FaceID.py","341","1","Medium Risk"
"status","json-key","C:\DoAnTotNghiep\V-Shield-2.0\AI_Project\face_recognition\FaceID.py","347","85","Critical"
"status","json-key","C:\DoAnTotNghiep\V-Shield-2.0\AI_Project\face_recognition\FaceID.py","352","85","Critical"
"status","json-key","C:\DoAnTotNghiep\V-Shield-2.0\AI_Project\face_recognition\FaceID.py","374","85","Critical"
"stop_camera","py-func","C:\DoAnTotNghiep\V-Shield-2.0\AI_Project\face_recognition\FaceID.py","378","1","Medium Risk"
"status","json-key","C:\DoAnTotNghiep\V-Shield-2.0\AI_Project\face_recognition\FaceID.py","385","85","Critical"
"status","json-key","C:\DoAnTotNghiep\V-Shield-2.0\AI_Project\face_recognition\FaceID.py","401","85","Critical"
"camera_status","py-func","C:\DoAnTotNghiep\V-Shield-2.0\AI_Project\face_recognition\FaceID.py","405","1","Medium Risk"
"signal_handler","py-func","C:\DoAnTotNghiep\V-Shield-2.0\AI_Project\face_recognition\ip_face_recognition_safe.py","19","2","Medium Risk"
"camera_thread","py-func","C:\DoAnTotNghiep\V-Shield-2.0\AI_Project\face_recognition\ip_face_recognition_safe.py","51","12","Medium Risk"
"face_processing","py-func","C:\DoAnTotNghiep\V-Shield-2.0\AI_Project\face_recognition\ip_face_recognition_safe.py","71","4","Medium Risk"
"origins","json-key","C:\DoAnTotNghiep\V-Shield-2.0\AI_Project\face_recognition\nhandienface.py","82","0","Critical"
"success","json-key","C:\DoAnTotNghiep\V-Shield-2.0\AI_Project\face_recognition\nhandienface.py","140","16","Critical"
"camera_enabled","json-key","C:\DoAnTotNghiep\V-Shield-2.0\AI_Project\face_recognition\nhandienface.py","141","0","Critical"
"camera_connected","json-key","C:\DoAnTotNghiep\V-Shield-2.0\AI_Project\face_recognition\nhandienface.py","142","0","Critical"
"ip","json-key","C:\DoAnTotNghiep\V-Shield-2.0\AI_Project\face_recognition\nhandienface.py","143","2","Critical"
"face_model_dir","json-key","C:\DoAnTotNghiep\V-Shield-2.0\AI_Project\face_recognition\nhandienface.py","144","0","Critical"
"models_loaded","json-key","C:\DoAnTotNghiep\V-Shield-2.0\AI_Project\face_recognition\nhandienface.py","145","0","Critical"
"total_encodings","json-key","C:\DoAnTotNghiep\V-Shield-2.0\AI_Project\face_recognition\nhandienface.py","146","0","Critical"
"tracking_active","json-key","C:\DoAnTotNghiep\V-Shield-2.0\AI_Project\face_recognition\nhandienface.py","148","0","Critical"
"identity_confirmed","json-key","C:\DoAnTotNghiep\V-Shield-2.0\AI_Project\face_recognition\nhandienface.py","149","0","Critical"
"face_match","json-key","C:\DoAnTotNghiep\V-Shield-2.0\AI_Project\face_recognition\nhandienface.py","150","0","Critical"
"employee_id","json-key","C:\DoAnTotNghiep\V-Shield-2.0\AI_Project\face_recognition\nhandienface.py","151","0","Critical"
"confirm_count","json-key","C:\DoAnTotNghiep\V-Shield-2.0\AI_Project\face_recognition\nhandienface.py","152","0","Critical"
"distance","json-key","C:\DoAnTotNghiep\V-Shield-2.0\AI_Project\face_recognition\nhandienface.py","153","0","Critical"
"last_seen","json-key","C:\DoAnTotNghiep\V-Shield-2.0\AI_Project\face_recognition\nhandienface.py","154","0","Critical"
"bbox","json-key","C:\DoAnTotNghiep\V-Shield-2.0\AI_Project\face_recognition\nhandienface.py","155","0","Critical"
"timeout","json-key","C:\DoAnTotNghiep\V-Shield-2.0\AI_Project\face_recognition\nhandienface.py","156","0","Critical"
"alert","json-key","C:\DoAnTotNghiep\V-Shield-2.0\AI_Project\face_recognition\nhandienface.py","157","0","Critical"
"scan_locked","json-key","C:\DoAnTotNghiep\V-Shield-2.0\AI_Project\face_recognition\nhandienface.py","159","0","Critical"
"lock_reason","json-key","C:\DoAnTotNghiep\V-Shield-2.0\AI_Project\face_recognition\nhandienface.py","160","0","Critical"
"fps","json-key","C:\DoAnTotNghiep\V-Shield-2.0\AI_Project\face_recognition\nhandienface.py","162","0","Critical"
"last_snapshot","json-key","C:\DoAnTotNghiep\V-Shield-2.0\AI_Project\face_recognition\nhandienface.py","163","0","Critical"
"last_face_crop","json-key","C:\DoAnTotNghiep\V-Shield-2.0\AI_Project\face_recognition\nhandienface.py","164","0","Critical"
"locked_snapshot","json-key","C:\DoAnTotNghiep\V-Shield-2.0\AI_Project\face_recognition\nhandienface.py","165","0","Critical"
"locked_face_crop","json-key","C:\DoAnTotNghiep\V-Shield-2.0\AI_Project\face_recognition\nhandienface.py","166","0","Critical"
"last_update","json-key","C:\DoAnTotNghiep\V-Shield-2.0\AI_Project\face_recognition\nhandienface.py","167","0","Critical"
"message","json-key","C:\DoAnTotNghiep\V-Shield-2.0\AI_Project\face_recognition\nhandienface.py","168","68","Critical"
"make_json_safe","py-func","C:\DoAnTotNghiep\V-Shield-2.0\AI_Project\face_recognition\nhandienface.py","214","14","Medium Risk"
"now_ts","py-func","C:\DoAnTotNghiep\V-Shield-2.0\AI_Project\face_recognition\nhandienface.py","237","10","Medium Risk"
"update_recognition_state","py-func","C:\DoAnTotNghiep\V-Shield-2.0\AI_Project\face_recognition\nhandienface.py","240","40","Medium Risk"
"get_recognition_snapshot","py-func","C:\DoAnTotNghiep\V-Shield-2.0\AI_Project\face_recognition\nhandienface.py","246","10","Medium Risk"
"success","json-key","C:\DoAnTotNghiep\V-Shield-2.0\AI_Project\face_recognition\nhandienface.py","249","16","Critical"
"camera_enabled","json-key","C:\DoAnTotNghiep\V-Shield-2.0\AI_Project\face_recognition\nhandienface.py","250","0","Critical"
"camera_connected","json-key","C:\DoAnTotNghiep\V-Shield-2.0\AI_Project\face_recognition\nhandienface.py","251","0","Critical"
"ip","json-key","C:\DoAnTotNghiep\V-Shield-2.0\AI_Project\face_recognition\nhandienface.py","252","2","Critical"
"face_model_dir","json-key","C:\DoAnTotNghiep\V-Shield-2.0\AI_Project\face_recognition\nhandienface.py","253","0","Critical"
"models_loaded","json-key","C:\DoAnTotNghiep\V-Shield-2.0\AI_Project\face_recognition\nhandienface.py","254","0","Critical"
"total_encodings","json-key","C:\DoAnTotNghiep\V-Shield-2.0\AI_Project\face_recognition\nhandienface.py","255","0","Critical"
"tracking_active","json-key","C:\DoAnTotNghiep\V-Shield-2.0\AI_Project\face_recognition\nhandienface.py","257","0","Critical"
"identity_confirmed","json-key","C:\DoAnTotNghiep\V-Shield-2.0\AI_Project\face_recognition\nhandienface.py","258","0","Critical"
"face_match","json-key","C:\DoAnTotNghiep\V-Shield-2.0\AI_Project\face_recognition\nhandienface.py","259","0","Critical"
"employee_id","json-key","C:\DoAnTotNghiep\V-Shield-2.0\AI_Project\face_recognition\nhandienface.py","260","0","Critical"
"confirm_count","json-key","C:\DoAnTotNghiep\V-Shield-2.0\AI_Project\face_recognition\nhandienface.py","261","0","Critical"
"distance","json-key","C:\DoAnTotNghiep\V-Shield-2.0\AI_Project\face_recognition\nhandienface.py","262","0","Critical"
"last_seen","json-key","C:\DoAnTotNghiep\V-Shield-2.0\AI_Project\face_recognition\nhandienface.py","263","0","Critical"
"bbox","json-key","C:\DoAnTotNghiep\V-Shield-2.0\AI_Project\face_recognition\nhandienface.py","264","0","Critical"
"timeout","json-key","C:\DoAnTotNghiep\V-Shield-2.0\AI_Project\face_recognition\nhandienface.py","265","0","Critical"
"alert","json-key","C:\DoAnTotNghiep\V-Shield-2.0\AI_Project\face_recognition\nhandienface.py","266","0","Critical"
"scan_locked","json-key","C:\DoAnTotNghiep\V-Shield-2.0\AI_Project\face_recognition\nhandienface.py","268","0","Critical"
"lock_reason","json-key","C:\DoAnTotNghiep\V-Shield-2.0\AI_Project\face_recognition\nhandienface.py","269","0","Critical"
"fps","json-key","C:\DoAnTotNghiep\V-Shield-2.0\AI_Project\face_recognition\nhandienface.py","271","0","Critical"
"last_snapshot","json-key","C:\DoAnTotNghiep\V-Shield-2.0\AI_Project\face_recognition\nhandienface.py","272","0","Critical"
"last_face_crop","json-key","C:\DoAnTotNghiep\V-Shield-2.0\AI_Project\face_recognition\nhandienface.py","273","0","Critical"
"locked_snapshot","json-key","C:\DoAnTotNghiep\V-Shield-2.0\AI_Project\face_recognition\nhandienface.py","274","0","Critical"
"locked_face_crop","json-key","C:\DoAnTotNghiep\V-Shield-2.0\AI_Project\face_recognition\nhandienface.py","275","0","Critical"
"last_update","json-key","C:\DoAnTotNghiep\V-Shield-2.0\AI_Project\face_recognition\nhandienface.py","276","0","Critical"
"message","json-key","C:\DoAnTotNghiep\V-Shield-2.0\AI_Project\face_recognition\nhandienface.py","277","68","Critical"
"set_camera_flags","py-func","C:\DoAnTotNghiep\V-Shield-2.0\AI_Project\face_recognition\nhandienface.py","284","20","Medium Risk"
"get_camera_flags","py-func","C:\DoAnTotNghiep\V-Shield-2.0\AI_Project\face_recognition\nhandienface.py","294","20","Medium Risk"
"get_latest_frame_copy","py-func","C:\DoAnTotNghiep\V-Shield-2.0\AI_Project\face_recognition\nhandienface.py","298","4","Medium Risk"
"encode_frame_to_jpeg","py-func","C:\DoAnTotNghiep\V-Shield-2.0\AI_Project\face_recognition\nhandienface.py","308","14","Medium Risk"
"image_to_base64","py-func","C:\DoAnTotNghiep\V-Shield-2.0\AI_Project\face_recognition\nhandienface.py","318","8","Medium Risk"
"offline_frame","py-func","C:\DoAnTotNghiep\V-Shield-2.0\AI_Project\face_recognition\nhandienface.py","326","6","Medium Risk"
"reset_recognition_state","py-func","C:\DoAnTotNghiep\V-Shield-2.0\AI_Project\face_recognition\nhandienface.py","342","11","Medium Risk"
"lock_scan_result","py-func","C:\DoAnTotNghiep\V-Shield-2.0\AI_Project\face_recognition\nhandienface.py","409","6","Medium Risk"
"get_display_text","py-func","C:\DoAnTotNghiep\V-Shield-2.0\AI_Project\face_recognition\nhandienface.py","437","4","Medium Risk"
"timeout","json-key","C:\DoAnTotNghiep\V-Shield-2.0\AI_Project\face_recognition\nhandienface.py","441","0","Critical"
"alert","json-key","C:\DoAnTotNghiep\V-Shield-2.0\AI_Project\face_recognition\nhandienface.py","443","0","Critical"
"draw_overlay","py-func","C:\DoAnTotNghiep\V-Shield-2.0\AI_Project\face_recognition\nhandienface.py","455","6","Medium Risk"
"camera_reader_worker","py-func","C:\DoAnTotNghiep\V-Shield-2.0\AI_Project\face_recognition\nhandienface.py","572","4","Medium Risk"
"preprocess_frame","py-func","C:\DoAnTotNghiep\V-Shield-2.0\AI_Project\face_recognition\nhandienface.py","694","2","Medium Risk"
"crop_face_safe","py-func","C:\DoAnTotNghiep\V-Shield-2.0\AI_Project\face_recognition\nhandienface.py","711","2","Medium Risk"
"update_face_state_no_face","py-func","C:\DoAnTotNghiep\V-Shield-2.0\AI_Project\face_recognition\nhandienface.py","728","2","Medium Risk"
"face_processing_worker","py-func","C:\DoAnTotNghiep\V-Shield-2.0\AI_Project\face_recognition\nhandienface.py","760","2","Medium Risk"
"top","json-key","C:\DoAnTotNghiep\V-Shield-2.0\AI_Project\face_recognition\nhandienface.py","908","0","Critical"
"right","json-key","C:\DoAnTotNghiep\V-Shield-2.0\AI_Project\face_recognition\nhandienface.py","909","0","Critical"
"bottom","json-key","C:\DoAnTotNghiep\V-Shield-2.0\AI_Project\face_recognition\nhandienface.py","910","0","Critical"
"left","json-key","C:\DoAnTotNghiep\V-Shield-2.0\AI_Project\face_recognition\nhandienface.py","911","0","Critical"
"width","json-key","C:\DoAnTotNghiep\V-Shield-2.0\AI_Project\face_recognition\nhandienface.py","912","0","Critical"
"height","json-key","C:\DoAnTotNghiep\V-Shield-2.0\AI_Project\face_recognition\nhandienface.py","913","0","Critical"
"mjpeg_generator","py-func","C:\DoAnTotNghiep\V-Shield-2.0\AI_Project\face_recognition\nhandienface.py","1067","4","Medium Risk"
"open_camera","py-func","C:\DoAnTotNghiep\V-Shield-2.0\AI_Project\face_recognition\nhandienface.py","1119","6","Medium Risk"
"close_camera","py-func","C:\DoAnTotNghiep\V-Shield-2.0\AI_Project\face_recognition\nhandienface.py","1141","12","Medium Risk"
"api_camera_on","py-func","C:\DoAnTotNghiep\V-Shield-2.0\AI_Project\face_recognition\nhandienface.py","1170","2","Medium Risk"
"success","json-key","C:\DoAnTotNghiep\V-Shield-2.0\AI_Project\face_recognition\nhandienface.py","1177","16","Critical"
"message","json-key","C:\DoAnTotNghiep\V-Shield-2.0\AI_Project\face_recognition\nhandienface.py","1178","68","Critical"
"success","json-key","C:\DoAnTotNghiep\V-Shield-2.0\AI_Project\face_recognition\nhandienface.py","1186","16","Critical"
"message","json-key","C:\DoAnTotNghiep\V-Shield-2.0\AI_Project\face_recognition\nhandienface.py","1187","68","Critical"
"ip","json-key","C:\DoAnTotNghiep\V-Shield-2.0\AI_Project\face_recognition\nhandienface.py","1188","2","Critical"
"stream_url","json-key","C:\DoAnTotNghiep\V-Shield-2.0\AI_Project\face_recognition\nhandienface.py","1189","0","Critical"
"success","json-key","C:\DoAnTotNghiep\V-Shield-2.0\AI_Project\face_recognition\nhandienface.py","1193","16","Critical"
"message","json-key","C:\DoAnTotNghiep\V-Shield-2.0\AI_Project\face_recognition\nhandienface.py","1194","68","Critical"
"ip","json-key","C:\DoAnTotNghiep\V-Shield-2.0\AI_Project\face_recognition\nhandienface.py","1195","2","Critical"
"success","json-key","C:\DoAnTotNghiep\V-Shield-2.0\AI_Project\face_recognition\nhandienface.py","1200","16","Critical"
"message","json-key","C:\DoAnTotNghiep\V-Shield-2.0\AI_Project\face_recognition\nhandienface.py","1201","68","Critical"
"api_camera_off","py-func","C:\DoAnTotNghiep\V-Shield-2.0\AI_Project\face_recognition\nhandienface.py","1205","2","Medium Risk"
"success","json-key","C:\DoAnTotNghiep\V-Shield-2.0\AI_Project\face_recognition\nhandienface.py","1211","16","Critical"
"message","json-key","C:\DoAnTotNghiep\V-Shield-2.0\AI_Project\face_recognition\nhandienface.py","1212","68","Critical"
"success","json-key","C:\DoAnTotNghiep\V-Shield-2.0\AI_Project\face_recognition\nhandienface.py","1217","16","Critical"
"message","json-key","C:\DoAnTotNghiep\V-Shield-2.0\AI_Project\face_recognition\nhandienface.py","1218","68","Critical"
"api_camera_reset","py-func","C:\DoAnTotNghiep\V-Shield-2.0\AI_Project\face_recognition\nhandienface.py","1222","2","Medium Risk"
"success","json-key","C:\DoAnTotNghiep\V-Shield-2.0\AI_Project\face_recognition\nhandienface.py","1236","16","Critical"
"message","json-key","C:\DoAnTotNghiep\V-Shield-2.0\AI_Project\face_recognition\nhandienface.py","1237","68","Critical"
"success","json-key","C:\DoAnTotNghiep\V-Shield-2.0\AI_Project\face_recognition\nhandienface.py","1242","16","Critical"
"message","json-key","C:\DoAnTotNghiep\V-Shield-2.0\AI_Project\face_recognition\nhandienface.py","1243","68","Critical"
"api_camera_status","py-func","C:\DoAnTotNghiep\V-Shield-2.0\AI_Project\face_recognition\nhandienface.py","1247","2","Medium Risk"
"success","json-key","C:\DoAnTotNghiep\V-Shield-2.0\AI_Project\face_recognition\nhandienface.py","1251","16","Critical"
"camera_enabled","json-key","C:\DoAnTotNghiep\V-Shield-2.0\AI_Project\face_recognition\nhandienface.py","1252","0","Critical"
"camera_connected","json-key","C:\DoAnTotNghiep\V-Shield-2.0\AI_Project\face_recognition\nhandienface.py","1253","0","Critical"
"ip","json-key","C:\DoAnTotNghiep\V-Shield-2.0\AI_Project\face_recognition\nhandienface.py","1254","2","Critical"
"tracking_active","json-key","C:\DoAnTotNghiep\V-Shield-2.0\AI_Project\face_recognition\nhandienface.py","1255","0","Critical"
"identity_confirmed","json-key","C:\DoAnTotNghiep\V-Shield-2.0\AI_Project\face_recognition\nhandienface.py","1256","0","Critical"
"face_match","json-key","C:\DoAnTotNghiep\V-Shield-2.0\AI_Project\face_recognition\nhandienface.py","1257","0","Critical"
"employee_id","json-key","C:\DoAnTotNghiep\V-Shield-2.0\AI_Project\face_recognition\nhandienface.py","1258","0","Critical"
"confirm_count","json-key","C:\DoAnTotNghiep\V-Shield-2.0\AI_Project\face_recognition\nhandienface.py","1259","0","Critical"
"distance","json-key","C:\DoAnTotNghiep\V-Shield-2.0\AI_Project\face_recognition\nhandienface.py","1260","0","Critical"
"last_seen","json-key","C:\DoAnTotNghiep\V-Shield-2.0\AI_Project\face_recognition\nhandienface.py","1261","0","Critical"
"bbox","json-key","C:\DoAnTotNghiep\V-Shield-2.0\AI_Project\face_recognition\nhandienface.py","1262","0","Critical"
"timeout","json-key","C:\DoAnTotNghiep\V-Shield-2.0\AI_Project\face_recognition\nhandienface.py","1263","0","Critical"
"alert","json-key","C:\DoAnTotNghiep\V-Shield-2.0\AI_Project\face_recognition\nhandienface.py","1264","0","Critical"
"scan_locked","json-key","C:\DoAnTotNghiep\V-Shield-2.0\AI_Project\face_recognition\nhandienface.py","1265","0","Critical"
"lock_reason","json-key","C:\DoAnTotNghiep\V-Shield-2.0\AI_Project\face_recognition\nhandienface.py","1266","0","Critical"
"fps","json-key","C:\DoAnTotNghiep\V-Shield-2.0\AI_Project\face_recognition\nhandienface.py","1267","0","Critical"
"models_loaded","json-key","C:\DoAnTotNghiep\V-Shield-2.0\AI_Project\face_recognition\nhandienface.py","1268","0","Critical"
"total_encodings","json-key","C:\DoAnTotNghiep\V-Shield-2.0\AI_Project\face_recognition\nhandienface.py","1269","0","Critical"
"message","json-key","C:\DoAnTotNghiep\V-Shield-2.0\AI_Project\face_recognition\nhandienface.py","1270","68","Critical"
"last_update","json-key","C:\DoAnTotNghiep\V-Shield-2.0\AI_Project\face_recognition\nhandienface.py","1271","0","Critical"
"stream_url","json-key","C:\DoAnTotNghiep\V-Shield-2.0\AI_Project\face_recognition\nhandienface.py","1272","0","Critical"
"success","json-key","C:\DoAnTotNghiep\V-Shield-2.0\AI_Project\face_recognition\nhandienface.py","1276","16","Critical"
"message","json-key","C:\DoAnTotNghiep\V-Shield-2.0\AI_Project\face_recognition\nhandienface.py","1277","68","Critical"
"api_camera_result","py-func","C:\DoAnTotNghiep\V-Shield-2.0\AI_Project\face_recognition\nhandienface.py","1281","2","Medium Risk"
"success","json-key","C:\DoAnTotNghiep\V-Shield-2.0\AI_Project\face_recognition\nhandienface.py","1286","16","Critical"
"message","json-key","C:\DoAnTotNghiep\V-Shield-2.0\AI_Project\face_recognition\nhandienface.py","1287","68","Critical"
"api_camera_locked_images","py-func","C:\DoAnTotNghiep\V-Shield-2.0\AI_Project\face_recognition\nhandienface.py","1291","2","Medium Risk"
"success","json-key","C:\DoAnTotNghiep\V-Shield-2.0\AI_Project\face_recognition\nhandienface.py","1295","16","Critical"
"identity_confirmed","json-key","C:\DoAnTotNghiep\V-Shield-2.0\AI_Project\face_recognition\nhandienface.py","1296","0","Critical"
"employee_id","json-key","C:\DoAnTotNghiep\V-Shield-2.0\AI_Project\face_recognition\nhandienface.py","1297","0","Critical"
"scan_locked","json-key","C:\DoAnTotNghiep\V-Shield-2.0\AI_Project\face_recognition\nhandienface.py","1298","0","Critical"
"lock_reason","json-key","C:\DoAnTotNghiep\V-Shield-2.0\AI_Project\face_recognition\nhandienface.py","1299","0","Critical"
"locked_snapshot","json-key","C:\DoAnTotNghiep\V-Shield-2.0\AI_Project\face_recognition\nhandienface.py","1300","0","Critical"
"locked_face_crop","json-key","C:\DoAnTotNghiep\V-Shield-2.0\AI_Project\face_recognition\nhandienface.py","1301","0","Critical"
"success","json-key","C:\DoAnTotNghiep\V-Shield-2.0\AI_Project\face_recognition\nhandienface.py","1305","16","Critical"
"message","json-key","C:\DoAnTotNghiep\V-Shield-2.0\AI_Project\face_recognition\nhandienface.py","1306","68","Critical"
"api_camera_stream","py-func","C:\DoAnTotNghiep\V-Shield-2.0\AI_Project\face_recognition\nhandienface.py","1310","2","Medium Risk"
"api_camera_events","py-func","C:\DoAnTotNghiep\V-Shield-2.0\AI_Project\face_recognition\nhandienface.py","1322","2","Medium Risk"
"event_stream","py-func","C:\DoAnTotNghiep\V-Shield-2.0\AI_Project\face_recognition\nhandienface.py","1323","4","Medium Risk"
"success","json-key","C:\DoAnTotNghiep\V-Shield-2.0\AI_Project\face_recognition\nhandienface.py","1331","16","Critical"
"camera_enabled","json-key","C:\DoAnTotNghiep\V-Shield-2.0\AI_Project\face_recognition\nhandienface.py","1332","0","Critical"
"camera_connected","json-key","C:\DoAnTotNghiep\V-Shield-2.0\AI_Project\face_recognition\nhandienface.py","1333","0","Critical"
"ip","json-key","C:\DoAnTotNghiep\V-Shield-2.0\AI_Project\face_recognition\nhandienface.py","1334","2","Critical"
"tracking_active","json-key","C:\DoAnTotNghiep\V-Shield-2.0\AI_Project\face_recognition\nhandienface.py","1335","0","Critical"
"identity_confirmed","json-key","C:\DoAnTotNghiep\V-Shield-2.0\AI_Project\face_recognition\nhandienface.py","1336","0","Critical"
"face_match","json-key","C:\DoAnTotNghiep\V-Shield-2.0\AI_Project\face_recognition\nhandienface.py","1337","0","Critical"
"employee_id","json-key","C:\DoAnTotNghiep\V-Shield-2.0\AI_Project\face_recognition\nhandienface.py","1338","0","Critical"
"confirm_count","json-key","C:\DoAnTotNghiep\V-Shield-2.0\AI_Project\face_recognition\nhandienface.py","1339","0","Critical"
"distance","json-key","C:\DoAnTotNghiep\V-Shield-2.0\AI_Project\face_recognition\nhandienface.py","1340","0","Critical"
"last_seen","json-key","C:\DoAnTotNghiep\V-Shield-2.0\AI_Project\face_recognition\nhandienface.py","1341","0","Critical"
"bbox","json-key","C:\DoAnTotNghiep\V-Shield-2.0\AI_Project\face_recognition\nhandienface.py","1342","0","Critical"
"timeout","json-key","C:\DoAnTotNghiep\V-Shield-2.0\AI_Project\face_recognition\nhandienface.py","1343","0","Critical"
"alert","json-key","C:\DoAnTotNghiep\V-Shield-2.0\AI_Project\face_recognition\nhandienface.py","1344","0","Critical"
"scan_locked","json-key","C:\DoAnTotNghiep\V-Shield-2.0\AI_Project\face_recognition\nhandienface.py","1345","0","Critical"
"lock_reason","json-key","C:\DoAnTotNghiep\V-Shield-2.0\AI_Project\face_recognition\nhandienface.py","1346","0","Critical"
"fps","json-key","C:\DoAnTotNghiep\V-Shield-2.0\AI_Project\face_recognition\nhandienface.py","1347","0","Critical"
"message","json-key","C:\DoAnTotNghiep\V-Shield-2.0\AI_Project\face_recognition\nhandienface.py","1348","68","Critical"
"last_update","json-key","C:\DoAnTotNghiep\V-Shield-2.0\AI_Project\face_recognition\nhandienface.py","1349","0","Critical"
"api_health","py-func","C:\DoAnTotNghiep\V-Shield-2.0\AI_Project\face_recognition\nhandienface.py","1380","2","Medium Risk"
"success","json-key","C:\DoAnTotNghiep\V-Shield-2.0\AI_Project\face_recognition\nhandienface.py","1383","16","Critical"
"message","json-key","C:\DoAnTotNghiep\V-Shield-2.0\AI_Project\face_recognition\nhandienface.py","1384","68","Critical"
"camera_enabled","json-key","C:\DoAnTotNghiep\V-Shield-2.0\AI_Project\face_recognition\nhandienface.py","1385","0","Critical"
"camera_connected","json-key","C:\DoAnTotNghiep\V-Shield-2.0\AI_Project\face_recognition\nhandienface.py","1386","0","Critical"
"ip","json-key","C:\DoAnTotNghiep\V-Shield-2.0\AI_Project\face_recognition\nhandienface.py","1387","2","Critical"
"models_loaded","json-key","C:\DoAnTotNghiep\V-Shield-2.0\AI_Project\face_recognition\nhandienface.py","1388","0","Critical"
"total_encodings","json-key","C:\DoAnTotNghiep\V-Shield-2.0\AI_Project\face_recognition\nhandienface.py","1389","0","Critical"
"last_update","json-key","C:\DoAnTotNghiep\V-Shield-2.0\AI_Project\face_recognition\nhandienface.py","1390","0","Critical"
"run_api_server","py-func","C:\DoAnTotNghiep\V-Shield-2.0\AI_Project\face_recognition\nhandienface.py","1396","4","Medium Risk"
"debug_view_loop","py-func","C:\DoAnTotNghiep\V-Shield-2.0\AI_Project\face_recognition\nhandienface.py","1403","2","Medium Risk"
"main","py-func","C:\DoAnTotNghiep\V-Shield-2.0\AI_Project\face_recognition\nhandienface.py","1482","80","Medium Risk"
"__main__","json-key","C:\DoAnTotNghiep\V-Shield-2.0\AI_Project\face_recognition\nhandienface.py","1517","0","Critical"
"Mock","py-class","C:\DoAnTotNghiep\V-Shield-2.0\AI_Project\face_recognition\docs\conf.py","20","2","Safe"
"__getattr__","py-func","C:\DoAnTotNghiep\V-Shield-2.0\AI_Project\face_recognition\docs\conf.py","22","1","Medium Risk"
"run_test","py-func","C:\DoAnTotNghiep\V-Shield-2.0\AI_Project\face_recognition\examples\benchmark.py","17","5","Medium Risk"
"main","py-func","C:\DoAnTotNghiep\V-Shield-2.0\AI_Project\face_recognition\examples\blink_detection.py","21","80","Medium Risk"
"get_ear","py-func","C:\DoAnTotNghiep\V-Shield-2.0\AI_Project\face_recognition\examples\blink_detection.py","86","3","Medium Risk"
"__main__","json-key","C:\DoAnTotNghiep\V-Shield-2.0\AI_Project\face_recognition\examples\blink_detection.py","103","0","Critical"
"next_id","py-func","C:\DoAnTotNghiep\V-Shield-2.0\AI_Project\face_recognition\examples\facerec_from_webcam_multiprocessing.py","19","13","Medium Risk"
"prev_id","py-func","C:\DoAnTotNghiep\V-Shield-2.0\AI_Project\face_recognition\examples\facerec_from_webcam_multiprocessing.py","27","3","Medium Risk"
"capture","py-func","C:\DoAnTotNghiep\V-Shield-2.0\AI_Project\face_recognition\examples\facerec_from_webcam_multiprocessing.py","35","12","Medium Risk"
"process","py-func","C:\DoAnTotNghiep\V-Shield-2.0\AI_Project\face_recognition\examples\facerec_from_webcam_multiprocessing.py","58","44","Medium Risk"
"train","py-func","C:\DoAnTotNghiep\V-Shield-2.0\AI_Project\face_recognition\examples\facerec_ipcamera_knn.py","51","19","Medium Risk"
"predict","py-func","C:\DoAnTotNghiep\V-Shield-2.0\AI_Project\face_recognition\examples\facerec_ipcamera_knn.py","116","15","Medium Risk"
"show_prediction_labels_on_image","py-func","C:\DoAnTotNghiep\V-Shield-2.0\AI_Project\face_recognition\examples\facerec_ipcamera_knn.py","153","4","Medium Risk"
"__main__","json-key","C:\DoAnTotNghiep\V-Shield-2.0\AI_Project\face_recognition\examples\facerec_ipcamera_knn.py","190","0","Critical"
"train","py-func","C:\DoAnTotNghiep\V-Shield-2.0\AI_Project\face_recognition\examples\face_recognition_knn.py","46","19","Medium Risk"
"predict","py-func","C:\DoAnTotNghiep\V-Shield-2.0\AI_Project\face_recognition\examples\face_recognition_knn.py","111","15","Medium Risk"
"show_prediction_labels_on_image","py-func","C:\DoAnTotNghiep\V-Shield-2.0\AI_Project\face_recognition\examples\face_recognition_knn.py","153","4","Medium Risk"
"__main__","json-key","C:\DoAnTotNghiep\V-Shield-2.0\AI_Project\face_recognition\examples\face_recognition_knn.py","184","0","Critical"
"face_found_in_image","json-key","C:\DoAnTotNghiep\V-Shield-2.0\AI_Project\face_recognition\examples\web_service_example.py","10","0","Critical"
"is_picture_of_obama","json-key","C:\DoAnTotNghiep\V-Shield-2.0\AI_Project\face_recognition\examples\web_service_example.py","11","0","Critical"
"allowed_file","py-func","C:\DoAnTotNghiep\V-Shield-2.0\AI_Project\face_recognition\examples\web_service_example.py","28","4","Medium Risk"
"upload_image","py-func","C:\DoAnTotNghiep\V-Shield-2.0\AI_Project\face_recognition\examples\web_service_example.py","34","2","Medium Risk"
"detect_faces_in_image","py-func","C:\DoAnTotNghiep\V-Shield-2.0\AI_Project\face_recognition\examples\web_service_example.py","61","4","Medium Risk"
"face_found_in_image","json-key","C:\DoAnTotNghiep\V-Shield-2.0\AI_Project\face_recognition\examples\web_service_example.py","107","0","Critical"
"is_picture_of_obama","json-key","C:\DoAnTotNghiep\V-Shield-2.0\AI_Project\face_recognition\examples\web_service_example.py","108","0","Critical"
"__main__","json-key","C:\DoAnTotNghiep\V-Shield-2.0\AI_Project\face_recognition\examples\web_service_example.py","112","0","Critical"
"face_found_in_image","json-key","C:\DoAnTotNghiep\V-Shield-2.0\AI_Project\face_recognition\examples\web_service_example_Simplified_Chinese.py","6","0","Critical"
"is_picture_of_obama","json-key","C:\DoAnTotNghiep\V-Shield-2.0\AI_Project\face_recognition\examples\web_service_example_Simplified_Chinese.py","7","0","Critical"
"allowed_file","py-func","C:\DoAnTotNghiep\V-Shield-2.0\AI_Project\face_recognition\examples\web_service_example_Simplified_Chinese.py","24","4","Medium Risk"
"upload_image","py-func","C:\DoAnTotNghiep\V-Shield-2.0\AI_Project\face_recognition\examples\web_service_example_Simplified_Chinese.py","30","2","Medium Risk"
"detect_faces_in_image","py-func","C:\DoAnTotNghiep\V-Shield-2.0\AI_Project\face_recognition\examples\web_service_example_Simplified_Chinese.py","57","4","Medium Risk"
"face_found_in_image","json-key","C:\DoAnTotNghiep\V-Shield-2.0\AI_Project\face_recognition\examples\web_service_example_Simplified_Chinese.py","103","0","Critical"
"is_picture_of_obama","json-key","C:\DoAnTotNghiep\V-Shield-2.0\AI_Project\face_recognition\examples\web_service_example_Simplified_Chinese.py","104","0","Critical"
"__main__","json-key","C:\DoAnTotNghiep\V-Shield-2.0\AI_Project\face_recognition\examples\web_service_example_Simplified_Chinese.py","109","0","Critical"
"_rect_to_css","py-func","C:\DoAnTotNghiep\V-Shield-2.0\AI_Project\face_recognition\face_recognition\api.py","32","4","Medium Risk"
"_css_to_rect","py-func","C:\DoAnTotNghiep\V-Shield-2.0\AI_Project\face_recognition\face_recognition\api.py","42","2","Medium Risk"
"_trim_css_to_bounds","py-func","C:\DoAnTotNghiep\V-Shield-2.0\AI_Project\face_recognition\face_recognition\api.py","52","4","Medium Risk"
"face_distance","py-func","C:\DoAnTotNghiep\V-Shield-2.0\AI_Project\face_recognition\face_recognition\api.py","63","25","Medium Risk"
"load_image_file","py-func","C:\DoAnTotNghiep\V-Shield-2.0\AI_Project\face_recognition\face_recognition\api.py","78","113","Medium Risk"
"_raw_face_locations","py-func","C:\DoAnTotNghiep\V-Shield-2.0\AI_Project\face_recognition\face_recognition\api.py","92","8","Medium Risk"
"cnn","json-key","C:\DoAnTotNghiep\V-Shield-2.0\AI_Project\face_recognition\face_recognition\api.py","102","0","Critical"
"face_locations","py-func","C:\DoAnTotNghiep\V-Shield-2.0\AI_Project\face_recognition\face_recognition\api.py","108","107","Medium Risk"
"cnn","json-key","C:\DoAnTotNghiep\V-Shield-2.0\AI_Project\face_recognition\face_recognition\api.py","118","0","Critical"
"_raw_face_locations_batched","py-func","C:\DoAnTotNghiep\V-Shield-2.0\AI_Project\face_recognition\face_recognition\api.py","124","3","Medium Risk"
"batch_face_locations","py-func","C:\DoAnTotNghiep\V-Shield-2.0\AI_Project\face_recognition\face_recognition\api.py","135","4","Medium Risk"
"convert_cnn_detections_to_css","py-func","C:\DoAnTotNghiep\V-Shield-2.0\AI_Project\face_recognition\face_recognition\api.py","146","2","Medium Risk"
"_raw_face_landmarks","py-func","C:\DoAnTotNghiep\V-Shield-2.0\AI_Project\face_recognition\face_recognition\api.py","154","4","Medium Risk"
"small","json-key","C:\DoAnTotNghiep\V-Shield-2.0\AI_Project\face_recognition\face_recognition\api.py","162","0","Critical"
"face_landmarks","py-func","C:\DoAnTotNghiep\V-Shield-2.0\AI_Project\face_recognition\face_recognition\api.py","168","47","Medium Risk"
"chin","json-key","C:\DoAnTotNghiep\V-Shield-2.0\AI_Project\face_recognition\face_recognition\api.py","183","0","Critical"
"left_eyebrow","json-key","C:\DoAnTotNghiep\V-Shield-2.0\AI_Project\face_recognition\face_recognition\api.py","184","0","Critical"
"right_eyebrow","json-key","C:\DoAnTotNghiep\V-Shield-2.0\AI_Project\face_recognition\face_recognition\api.py","185","0","Critical"
"nose_bridge","json-key","C:\DoAnTotNghiep\V-Shield-2.0\AI_Project\face_recognition\face_recognition\api.py","186","0","Critical"
"nose_tip","json-key","C:\DoAnTotNghiep\V-Shield-2.0\AI_Project\face_recognition\face_recognition\api.py","187","0","Critical"
"left_eye","json-key","C:\DoAnTotNghiep\V-Shield-2.0\AI_Project\face_recognition\face_recognition\api.py","188","0","Critical"
"right_eye","json-key","C:\DoAnTotNghiep\V-Shield-2.0\AI_Project\face_recognition\face_recognition\api.py","189","0","Critical"
"top_lip","json-key","C:\DoAnTotNghiep\V-Shield-2.0\AI_Project\face_recognition\face_recognition\api.py","190","0","Critical"
"bottom_lip","json-key","C:\DoAnTotNghiep\V-Shield-2.0\AI_Project\face_recognition\face_recognition\api.py","191","0","Critical"
"nose_tip","json-key","C:\DoAnTotNghiep\V-Shield-2.0\AI_Project\face_recognition\face_recognition\api.py","195","0","Critical"
"left_eye","json-key","C:\DoAnTotNghiep\V-Shield-2.0\AI_Project\face_recognition\face_recognition\api.py","196","0","Critical"
"right_eye","json-key","C:\DoAnTotNghiep\V-Shield-2.0\AI_Project\face_recognition\face_recognition\api.py","197","0","Critical"
"face_encodings","py-func","C:\DoAnTotNghiep\V-Shield-2.0\AI_Project\face_recognition\face_recognition\api.py","203","94","Medium Risk"
"compare_faces","py-func","C:\DoAnTotNghiep\V-Shield-2.0\AI_Project\face_recognition\face_recognition\api.py","217","31","Medium Risk"
"print_result","py-func","C:\DoAnTotNghiep\V-Shield-2.0\AI_Project\face_recognition\face_recognition\face_detection_cli.py","12","6","Medium Risk"
"test_image","py-func","C:\DoAnTotNghiep\V-Shield-2.0\AI_Project\face_recognition\face_recognition\face_detection_cli.py","17","12","Medium Risk"
"image_files_in_folder","py-func","C:\DoAnTotNghiep\V-Shield-2.0\AI_Project\face_recognition\face_recognition\face_detection_cli.py","25","11","Medium Risk"
"process_images_in_process_pool","py-func","C:\DoAnTotNghiep\V-Shield-2.0\AI_Project\face_recognition\face_recognition\face_detection_cli.py","29","4","Medium Risk"
"main","py-func","C:\DoAnTotNghiep\V-Shield-2.0\AI_Project\face_recognition\face_recognition\face_detection_cli.py","56","80","Medium Risk"
"__main__","json-key","C:\DoAnTotNghiep\V-Shield-2.0\AI_Project\face_recognition\face_recognition\face_detection_cli.py","71","0","Critical"
"scan_known_people","py-func","C:\DoAnTotNghiep\V-Shield-2.0\AI_Project\face_recognition\face_recognition\face_recognition_cli.py","14","2","Medium Risk"
"print_result","py-func","C:\DoAnTotNghiep\V-Shield-2.0\AI_Project\face_recognition\face_recognition\face_recognition_cli.py","35","6","Medium Risk"
"test_image","py-func","C:\DoAnTotNghiep\V-Shield-2.0\AI_Project\face_recognition\face_recognition\face_recognition_cli.py","42","12","Medium Risk"
"image_files_in_folder","py-func","C:\DoAnTotNghiep\V-Shield-2.0\AI_Project\face_recognition\face_recognition\face_recognition_cli.py","67","11","Medium Risk"
"process_images_in_process_pool","py-func","C:\DoAnTotNghiep\V-Shield-2.0\AI_Project\face_recognition\face_recognition\face_recognition_cli.py","71","4","Medium Risk"
"main","py-func","C:\DoAnTotNghiep\V-Shield-2.0\AI_Project\face_recognition\face_recognition\face_recognition_cli.py","101","80","Medium Risk"
"__main__","json-key","C:\DoAnTotNghiep\V-Shield-2.0\AI_Project\face_recognition\face_recognition\face_recognition_cli.py","118","0","Critical"
"Test_face_recognition","py-class","C:\DoAnTotNghiep\V-Shield-2.0\AI_Project\face_recognition\tests\test_face_recognition.py","22","1","Medium Risk"
"test_load_image_file","py-func","C:\DoAnTotNghiep\V-Shield-2.0\AI_Project\face_recognition\tests\test_face_recognition.py","24","1","Medium Risk"
"test_load_image_file_32bit","py-func","C:\DoAnTotNghiep\V-Shield-2.0\AI_Project\face_recognition\tests\test_face_recognition.py","28","1","Medium Risk"
"test_raw_face_locations","py-func","C:\DoAnTotNghiep\V-Shield-2.0\AI_Project\face_recognition\tests\test_face_recognition.py","32","1","Medium Risk"
"test_cnn_raw_face_locations","py-func","C:\DoAnTotNghiep\V-Shield-2.0\AI_Project\face_recognition\tests\test_face_recognition.py","40","1","Medium Risk"
"test_raw_face_locations_32bit_image","py-func","C:\DoAnTotNghiep\V-Shield-2.0\AI_Project\face_recognition\tests\test_face_recognition.py","48","1","Medium Risk"
"test_cnn_raw_face_locations_32bit_image","py-func","C:\DoAnTotNghiep\V-Shield-2.0\AI_Project\face_recognition\tests\test_face_recognition.py","56","1","Medium Risk"
"test_face_locations","py-func","C:\DoAnTotNghiep\V-Shield-2.0\AI_Project\face_recognition\tests\test_face_recognition.py","64","1","Medium Risk"
"test_cnn_face_locations","py-func","C:\DoAnTotNghiep\V-Shield-2.0\AI_Project\face_recognition\tests\test_face_recognition.py","71","1","Medium Risk"
"test_partial_face_locations","py-func","C:\DoAnTotNghiep\V-Shield-2.0\AI_Project\face_recognition\tests\test_face_recognition.py","81","1","Medium Risk"
"test_raw_face_locations_batched","py-func","C:\DoAnTotNghiep\V-Shield-2.0\AI_Project\face_recognition\tests\test_face_recognition.py","94","1","Medium Risk"
"test_batched_face_locations","py-func","C:\DoAnTotNghiep\V-Shield-2.0\AI_Project\face_recognition\tests\test_face_recognition.py","104","1","Medium Risk"
"test_raw_face_landmarks","py-func","C:\DoAnTotNghiep\V-Shield-2.0\AI_Project\face_recognition\tests\test_face_recognition.py","114","1","Medium Risk"
"test_face_landmarks","py-func","C:\DoAnTotNghiep\V-Shield-2.0\AI_Project\face_recognition\tests\test_face_recognition.py","123","3","Medium Risk"
"test_face_landmarks_small_model","py-func","C:\DoAnTotNghiep\V-Shield-2.0\AI_Project\face_recognition\tests\test_face_recognition.py","139","1","Medium Risk"
"test_face_encodings","py-func","C:\DoAnTotNghiep\V-Shield-2.0\AI_Project\face_recognition\tests\test_face_recognition.py","148","1","Medium Risk"
"test_face_encodings_large_model","py-func","C:\DoAnTotNghiep\V-Shield-2.0\AI_Project\face_recognition\tests\test_face_recognition.py","155","1","Medium Risk"
"test_face_distance","py-func","C:\DoAnTotNghiep\V-Shield-2.0\AI_Project\face_recognition\tests\test_face_recognition.py","162","1","Medium Risk"
"test_face_distance_empty_lists","py-func","C:\DoAnTotNghiep\V-Shield-2.0\AI_Project\face_recognition\tests\test_face_recognition.py","188","1","Medium Risk"
"test_compare_faces","py-func","C:\DoAnTotNghiep\V-Shield-2.0\AI_Project\face_recognition\tests\test_face_recognition.py","206","1","Medium Risk"
"test_compare_faces_empty_lists","py-func","C:\DoAnTotNghiep\V-Shield-2.0\AI_Project\face_recognition\tests\test_face_recognition.py","230","1","Medium Risk"
"test_command_line_interface_options","py-func","C:\DoAnTotNghiep\V-Shield-2.0\AI_Project\face_recognition\tests\test_face_recognition.py","248","1","Medium Risk"
"test_command_line_interface","py-func","C:\DoAnTotNghiep\V-Shield-2.0\AI_Project\face_recognition\tests\test_face_recognition.py","255","1","Medium Risk"
"test_command_line_interface_big_image","py-func","C:\DoAnTotNghiep\V-Shield-2.0\AI_Project\face_recognition\tests\test_face_recognition.py","266","1","Medium Risk"
"test_command_line_interface_tolerance","py-func","C:\DoAnTotNghiep\V-Shield-2.0\AI_Project\face_recognition\tests\test_face_recognition.py","277","1","Medium Risk"
"test_command_line_interface_show_distance","py-func","C:\DoAnTotNghiep\V-Shield-2.0\AI_Project\face_recognition\tests\test_face_recognition.py","288","1","Medium Risk"
"test_fd_command_line_interface_options","py-func","C:\DoAnTotNghiep\V-Shield-2.0\AI_Project\face_recognition\tests\test_face_recognition.py","299","1","Medium Risk"
"test_fd_command_line_interface","py-func","C:\DoAnTotNghiep\V-Shield-2.0\AI_Project\face_recognition\tests\test_face_recognition.py","306","1","Medium Risk"
"test_fd_command_line_interface_folder","py-func","C:\DoAnTotNghiep\V-Shield-2.0\AI_Project\face_recognition\tests\test_face_recognition.py","316","1","Medium Risk"
"test_fd_command_line_interface_hog_model","py-func","C:\DoAnTotNghiep\V-Shield-2.0\AI_Project\face_recognition\tests\test_face_recognition.py","328","1","Medium Risk"
"test_fd_command_line_interface_cnn_model","py-func","C:\DoAnTotNghiep\V-Shield-2.0\AI_Project\face_recognition\tests\test_face_recognition.py","337","1","Medium Risk"
"running","json-key","C:\DoAnTotNghiep\V-Shield-2.0\AI_Project\QR_Dong\QR_Dong.py","12","5","Critical"
"scan_enabled","json-key","C:\DoAnTotNghiep\V-Shield-2.0\AI_Project\QR_Dong\QR_Dong.py","13","0","Critical"
"locked","json-key","C:\DoAnTotNghiep\V-Shield-2.0\AI_Project\QR_Dong\QR_Dong.py","14","0","Critical"
"qr","json-key","C:\DoAnTotNghiep\V-Shield-2.0\AI_Project\QR_Dong\QR_Dong.py","15","0","Critical"
"rtsp","json-key","C:\DoAnTotNghiep\V-Shield-2.0\AI_Project\QR_Dong\QR_Dong.py","16","0","Critical"
"connected","json-key","C:\DoAnTotNghiep\V-Shield-2.0\AI_Project\QR_Dong\QR_Dong.py","17","0","Critical"
"enhance","py-func","C:\DoAnTotNghiep\V-Shield-2.0\AI_Project\QR_Dong\QR_Dong.py","38","2","Medium Risk"
"camera_worker","py-func","C:\DoAnTotNghiep\V-Shield-2.0\AI_Project\QR_Dong\QR_Dong.py","44","2","Medium Risk"
"decode_qr","py-func","C:\DoAnTotNghiep\V-Shield-2.0\AI_Project\QR_Dong\QR_Dong.py","92","2","Medium Risk"
"scan_worker","py-func","C:\DoAnTotNghiep\V-Shield-2.0\AI_Project\QR_Dong\QR_Dong.py","118","2","Medium Risk"
"api_start","py-func","C:\DoAnTotNghiep\V-Shield-2.0\AI_Project\QR_Dong\QR_Dong.py","152","1","Medium Risk"
"success","json-key","C:\DoAnTotNghiep\V-Shield-2.0\AI_Project\QR_Dong\QR_Dong.py","162","16","Critical"
"api_scan","py-func","C:\DoAnTotNghiep\V-Shield-2.0\AI_Project\QR_Dong\QR_Dong.py","166","1","Medium Risk"
"success","json-key","C:\DoAnTotNghiep\V-Shield-2.0\AI_Project\QR_Dong\QR_Dong.py","172","16","Critical"
"api_reset","py-func","C:\DoAnTotNghiep\V-Shield-2.0\AI_Project\QR_Dong\QR_Dong.py","176","1","Medium Risk"
"success","json-key","C:\DoAnTotNghiep\V-Shield-2.0\AI_Project\QR_Dong\QR_Dong.py","183","16","Critical"
"api_stop","py-func","C:\DoAnTotNghiep\V-Shield-2.0\AI_Project\QR_Dong\QR_Dong.py","187","1","Medium Risk"
"success","json-key","C:\DoAnTotNghiep\V-Shield-2.0\AI_Project\QR_Dong\QR_Dong.py","193","16","Critical"
"api_result","py-func","C:\DoAnTotNghiep\V-Shield-2.0\AI_Project\QR_Dong\QR_Dong.py","197","1","Medium Risk"
"main","py-func","C:\DoAnTotNghiep\V-Shield-2.0\AI_Project\QR_Dong\QR_Dong.py","201","80","Medium Risk"
"__main__","json-key","C:\DoAnTotNghiep\V-Shield-2.0\AI_Project\QR_Dong\QR_Dong.py","269","0","Critical"
"Track","py-class","C:\DoAnTotNghiep\V-Shield-2.0\AI_Project\test\app.py","22","6","Safe"
"SimpleTracker","py-class","C:\DoAnTotNghiep\V-Shield-2.0\AI_Project\test\app.py","35","2","Medium Risk"
"__init__","py-func","C:\DoAnTotNghiep\V-Shield-2.0\AI_Project\test\app.py","36","17","Medium Risk"
"_center","py-func","C:\DoAnTotNghiep\V-Shield-2.0\AI_Project\test\app.py","43","3","Medium Risk"
"update","py-func","C:\DoAnTotNghiep\V-Shield-2.0\AI_Project\test\app.py","47","46","Medium Risk"
"stable_tracks","py-func","C:\DoAnTotNghiep\V-Shield-2.0\AI_Project\test\app.py","102","2","Medium Risk"
"FrameGrabber","py-class","C:\DoAnTotNghiep\V-Shield-2.0\AI_Project\test\app.py","111","2","Safe"
"__init__","py-func","C:\DoAnTotNghiep\V-Shield-2.0\AI_Project\test\app.py","112","17","Medium Risk"
"start","py-func","C:\DoAnTotNghiep\V-Shield-2.0\AI_Project\test\app.py","126","137","Medium Risk"
"stop","py-func","C:\DoAnTotNghiep\V-Shield-2.0\AI_Project\test\app.py","131","49","Medium Risk"
"read_latest","py-func","C:\DoAnTotNghiep\V-Shield-2.0\AI_Project\test\app.py","140","3","Medium Risk"
"_loop","py-func","C:\DoAnTotNghiep\V-Shield-2.0\AI_Project\test\app.py","146","2","Medium Risk"
"FireSmokeApp","py-class","C:\DoAnTotNghiep\V-Shield-2.0\AI_Project\test\app.py","172","2","Medium Risk"
"__init__","py-func","C:\DoAnTotNghiep\V-Shield-2.0\AI_Project\test\app.py","173","17","Medium Risk"
"_build_ui","py-func","C:\DoAnTotNghiep\V-Shield-2.0\AI_Project\test\app.py","209","4","Medium Risk"
"_toggle_source","py-func","C:\DoAnTotNghiep\V-Shield-2.0\AI_Project\test\app.py","273","4","Medium Risk"
"_pick_video","py-func","C:\DoAnTotNghiep\V-Shield-2.0\AI_Project\test\app.py","279","2","Medium Risk"
"download_model","py-func","C:\DoAnTotNghiep\V-Shield-2.0\AI_Project\test\app.py","284","3","Medium Risk"
"_parse_rois","py-func","C:\DoAnTotNghiep\V-Shield-2.0\AI_Project\test\app.py","294","3","Medium Risk"
"_inside_any_roi","py-func","C:\DoAnTotNghiep\V-Shield-2.0\AI_Project\test\app.py","308","3","Medium Risk"
"start","py-func","C:\DoAnTotNghiep\V-Shield-2.0\AI_Project\test\app.py","319","137","Medium Risk"
"stop","py-func","C:\DoAnTotNghiep\V-Shield-2.0\AI_Project\test\app.py","355","49","Medium Risk"
"_resolve_source","py-func","C:\DoAnTotNghiep\V-Shield-2.0\AI_Project\test\app.py","359","4","Medium Risk"
"video","json-key","C:\DoAnTotNghiep\V-Shield-2.0\AI_Project\test\app.py","360","0","Critical"
"_run_detection","py-func","C:\DoAnTotNghiep\V-Shield-2.0\AI_Project\test\app.py","375","2","Medium Risk"
"_open_capture","py-func","C:\DoAnTotNghiep\V-Shield-2.0\AI_Project\test\app.py","535","2","Medium Risk"
"udp","json-key","C:\DoAnTotNghiep\V-Shield-2.0\AI_Project\test\app.py","538","0","Critical"
"_start_save_thread","py-func","C:\DoAnTotNghiep\V-Shield-2.0\AI_Project\test\app.py","550","2","Medium Risk"
"_stop_save_thread","py-func","C:\DoAnTotNghiep\V-Shield-2.0\AI_Project\test\app.py","556","3","Medium Risk"
"_enqueue_raw_frame","py-func","C:\DoAnTotNghiep\V-Shield-2.0\AI_Project\test\app.py","562","2","Medium Risk"
"_save_worker","py-func","C:\DoAnTotNghiep\V-Shield-2.0\AI_Project\test\app.py","572","2","Medium Risk"
"_notify_ui_error","py-func","C:\DoAnTotNghiep\V-Shield-2.0\AI_Project\test\app.py","585","2","Medium Risk"
"_reset_controls","py-func","C:\DoAnTotNghiep\V-Shield-2.0\AI_Project\test\app.py","588","3","Medium Risk"
"_reset","py-func","C:\DoAnTotNghiep\V-Shield-2.0\AI_Project\test\app.py","591","2","Medium Risk"
"main","py-func","C:\DoAnTotNghiep\V-Shield-2.0\AI_Project\test\app.py","598","80","Medium Risk"
"__main__","json-key","C:\DoAnTotNghiep\V-Shield-2.0\AI_Project\test\app.py","609","0","Critical"
"collect_images","py-func","C:\DoAnTotNghiep\V-Shield-2.0\AI_Project\test\prepare_hard_negative.py","9","2","Medium Risk"
"ensure_dirs","py-func","C:\DoAnTotNghiep\V-Shield-2.0\AI_Project\test\prepare_hard_negative.py","13","2","Medium Risk"
"split_items","py-func","C:\DoAnTotNghiep\V-Shield-2.0\AI_Project\test\prepare_hard_negative.py","19","2","Medium Risk"
"train","json-key","C:\DoAnTotNghiep\V-Shield-2.0\AI_Project\test\prepare_hard_negative.py","24","19","Critical"
"valid","json-key","C:\DoAnTotNghiep\V-Shield-2.0\AI_Project\test\prepare_hard_negative.py","25","0","Critical"
"test","json-key","C:\DoAnTotNghiep\V-Shield-2.0\AI_Project\test\prepare_hard_negative.py","26","0","Critical"
"append_negative_samples","py-func","C:\DoAnTotNghiep\V-Shield-2.0\AI_Project\test\prepare_hard_negative.py","30","3","Medium Risk"
"count_split","py-func","C:\DoAnTotNghiep\V-Shield-2.0\AI_Project\test\prepare_hard_negative.py","49","3","Medium Risk"
"main","py-func","C:\DoAnTotNghiep\V-Shield-2.0\AI_Project\test\prepare_hard_negative.py","55","80","Medium Risk"
"__main__","json-key","C:\DoAnTotNghiep\V-Shield-2.0\AI_Project\test\prepare_hard_negative.py","84","0","Critical"
"parse_args","py-func","C:\DoAnTotNghiep\V-Shield-2.0\AI_Project\test\train_yolov8s_fire_smoke.py","8","4","Medium Risk"
"resolve_device","py-func","C:\DoAnTotNghiep\V-Shield-2.0\AI_Project\test\train_yolov8s_fire_smoke.py","24","2","Medium Risk"
"auto","json-key","C:\DoAnTotNghiep\V-Shield-2.0\AI_Project\test\train_yolov8s_fire_smoke.py","25","0","Critical"
"main","py-func","C:\DoAnTotNghiep\V-Shield-2.0\AI_Project\test\train_yolov8s_fire_smoke.py","30","80","Medium Risk"
"__main__","json-key","C:\DoAnTotNghiep\V-Shield-2.0\AI_Project\test\train_yolov8s_fire_smoke.py","71","0","Critical"
"Logging","json-key","C:\DoAnTotNghiep\V-Shield-2.0\API\API\API\appsettings.Development.json","2","0","Critical"
"LogLevel","json-key","C:\DoAnTotNghiep\V-Shield-2.0\API\API\API\appsettings.Development.json","3","0","Critical"
"Default","json-key","C:\DoAnTotNghiep\V-Shield-2.0\API\API\API\appsettings.Development.json","4","0","Critical"
"ConnectionStrings","json-key","C:\DoAnTotNghiep\V-Shield-2.0\API\API\API\appsettings.Development.json","8","0","Critical"
"DefaultConnection","json-key","C:\DoAnTotNghiep\V-Shield-2.0\API\API\API\appsettings.Development.json","9","0","Critical"
"SeedAdmin","json-key","C:\DoAnTotNghiep\V-Shield-2.0\API\API\API\appsettings.Development.json","11","0","Critical"
"Username","json-key","C:\DoAnTotNghiep\V-Shield-2.0\API\API\API\appsettings.Development.json","12","34","Critical"
"Password","json-key","C:\DoAnTotNghiep\V-Shield-2.0\API\API\API\appsettings.Development.json","13","13","Critical"
"FullName","json-key","C:\DoAnTotNghiep\V-Shield-2.0\API\API\API\appsettings.Development.json","14","110","Critical"
"ResetPasswordOnStartup","json-key","C:\DoAnTotNghiep\V-Shield-2.0\API\API\API\appsettings.Development.json","15","0","Critical"
"AiServices","json-key","C:\DoAnTotNghiep\V-Shield-2.0\API\API\API\appsettings.Development.json","17","0","Critical"
"FaceCameraBaseUrl","json-key","C:\DoAnTotNghiep\V-Shield-2.0\API\API\API\appsettings.Development.json","18","0","Critical"
"PlateBaseUrl","json-key","C:\DoAnTotNghiep\V-Shield-2.0\API\API\API\appsettings.Development.json","19","0","Critical"
"FaceIdBaseUrl","json-key","C:\DoAnTotNghiep\V-Shield-2.0\API\API\API\appsettings.Development.json","20","0","Critical"
"AutoStartFaceId","json-key","C:\DoAnTotNghiep\V-Shield-2.0\API\API\API\appsettings.Development.json","21","0","Critical"
"AppSettings","json-key","C:\DoAnTotNghiep\V-Shield-2.0\API\API\API\appsettings.Development.json","23","0","Critical"
"FrontendUrl","json-key","C:\DoAnTotNghiep\V-Shield-2.0\API\API\API\appsettings.Development.json","24","0","Critical"
"AllowedOrigins","json-key","C:\DoAnTotNghiep\V-Shield-2.0\API\API\API\appsettings.Development.json","25","0","Critical"
"Cloudflared","json-key","C:\DoAnTotNghiep\V-Shield-2.0\API\API\API\appsettings.Development.json","31","0","Critical"
"TunnelName","json-key","C:\DoAnTotNghiep\V-Shield-2.0\API\API\API\appsettings.Development.json","32","0","Critical"
"PublicHostname","json-key","C:\DoAnTotNghiep\V-Shield-2.0\API\API\API\appsettings.Development.json","33","0","Critical"
"TargetService","json-key","C:\DoAnTotNghiep\V-Shield-2.0\API\API\API\appsettings.Development.json","34","0","Critical"
"Logging","json-key","C:\DoAnTotNghiep\V-Shield-2.0\API\API\API\appsettings.json","2","0","Critical"
"LogLevel","json-key","C:\DoAnTotNghiep\V-Shield-2.0\API\API\API\appsettings.json","3","0","Critical"
"Default","json-key","C:\DoAnTotNghiep\V-Shield-2.0\API\API\API\appsettings.json","4","0","Critical"
"AllowedHosts","json-key","C:\DoAnTotNghiep\V-Shield-2.0\API\API\API\appsettings.json","8","0","Critical"
"ConnectionStrings","json-key","C:\DoAnTotNghiep\V-Shield-2.0\API\API\API\appsettings.json","9","0","Critical"
"DefaultConnection","json-key","C:\DoAnTotNghiep\V-Shield-2.0\API\API\API\appsettings.json","10","0","Critical"
"JwtSettings","json-key","C:\DoAnTotNghiep\V-Shield-2.0\API\API\API\appsettings.json","12","0","Critical"
"Secret","json-key","C:\DoAnTotNghiep\V-Shield-2.0\API\API\API\appsettings.json","13","0","Critical"
"Issuer","json-key","C:\DoAnTotNghiep\V-Shield-2.0\API\API\API\appsettings.json","14","0","Critical"
"Audience","json-key","C:\DoAnTotNghiep\V-Shield-2.0\API\API\API\appsettings.json","15","0","Critical"
"ExpiresInMinutes","json-key","C:\DoAnTotNghiep\V-Shield-2.0\API\API\API\appsettings.json","16","0","Critical"
"SeedAdmin","json-key","C:\DoAnTotNghiep\V-Shield-2.0\API\API\API\appsettings.json","18","0","Critical"
"Username","json-key","C:\DoAnTotNghiep\V-Shield-2.0\API\API\API\appsettings.json","19","34","Critical"
"Password","json-key","C:\DoAnTotNghiep\V-Shield-2.0\API\API\API\appsettings.json","20","13","Critical"
"FullName","json-key","C:\DoAnTotNghiep\V-Shield-2.0\API\API\API\appsettings.json","21","110","Critical"
"ResetPasswordOnStartup","json-key","C:\DoAnTotNghiep\V-Shield-2.0\API\API\API\appsettings.json","22","0","Critical"
"AiServices","json-key","C:\DoAnTotNghiep\V-Shield-2.0\API\API\API\appsettings.json","24","0","Critical"
"FaceCameraBaseUrl","json-key","C:\DoAnTotNghiep\V-Shield-2.0\API\API\API\appsettings.json","25","0","Critical"
"PlateBaseUrl","json-key","C:\DoAnTotNghiep\V-Shield-2.0\API\API\API\appsettings.json","26","0","Critical"
"FaceIdBaseUrl","json-key","C:\DoAnTotNghiep\V-Shield-2.0\API\API\API\appsettings.json","27","0","Critical"
"AutoStartFaceId","json-key","C:\DoAnTotNghiep\V-Shield-2.0\API\API\API\appsettings.json","28","0","Critical"
"AppSettings","json-key","C:\DoAnTotNghiep\V-Shield-2.0\API\API\API\appsettings.json","30","0","Critical"
"FrontendUrl","json-key","C:\DoAnTotNghiep\V-Shield-2.0\API\API\API\appsettings.json","31","0","Critical"
"Go2RtcPublicBaseUrl","json-key","C:\DoAnTotNghiep\V-Shield-2.0\API\API\API\appsettings.json","32","0","Critical"
"AllowedOrigins","json-key","C:\DoAnTotNghiep\V-Shield-2.0\API\API\API\appsettings.json","33","0","Critical"
"Cloudflared","json-key","C:\DoAnTotNghiep\V-Shield-2.0\API\API\API\appsettings.json","39","0","Critical"
"TunnelName","json-key","C:\DoAnTotNghiep\V-Shield-2.0\API\API\API\appsettings.json","40","0","Critical"
"PublicHostname","json-key","C:\DoAnTotNghiep\V-Shield-2.0\API\API\API\appsettings.json","41","0","Critical"
"TargetService","json-key","C:\DoAnTotNghiep\V-Shield-2.0\API\API\API\appsettings.json","42","0","Critical"
"Logging","json-key","C:\DoAnTotNghiep\V-Shield-2.0\API\API\API\appsettings.Production.example.json","2","0","Critical"
"LogLevel","json-key","C:\DoAnTotNghiep\V-Shield-2.0\API\API\API\appsettings.Production.example.json","3","0","Critical"
"Default","json-key","C:\DoAnTotNghiep\V-Shield-2.0\API\API\API\appsettings.Production.example.json","4","0","Critical"
"ConnectionStrings","json-key","C:\DoAnTotNghiep\V-Shield-2.0\API\API\API\appsettings.Production.example.json","8","0","Critical"
"DefaultConnection","json-key","C:\DoAnTotNghiep\V-Shield-2.0\API\API\API\appsettings.Production.example.json","9","0","Critical"
"SeedAdmin","json-key","C:\DoAnTotNghiep\V-Shield-2.0\API\API\API\appsettings.Production.example.json","11","0","Critical"
"Username","json-key","C:\DoAnTotNghiep\V-Shield-2.0\API\API\API\appsettings.Production.example.json","12","34","Critical"
"Password","json-key","C:\DoAnTotNghiep\V-Shield-2.0\API\API\API\appsettings.Production.example.json","13","13","Critical"
"FullName","json-key","C:\DoAnTotNghiep\V-Shield-2.0\API\API\API\appsettings.Production.example.json","14","110","Critical"
"ResetPasswordOnStartup","json-key","C:\DoAnTotNghiep\V-Shield-2.0\API\API\API\appsettings.Production.example.json","15","0","Critical"
"AiServices","json-key","C:\DoAnTotNghiep\V-Shield-2.0\API\API\API\appsettings.Production.example.json","17","0","Critical"
"FaceCameraBaseUrl","json-key","C:\DoAnTotNghiep\V-Shield-2.0\API\API\API\appsettings.Production.example.json","18","0","Critical"
"PlateBaseUrl","json-key","C:\DoAnTotNghiep\V-Shield-2.0\API\API\API\appsettings.Production.example.json","19","0","Critical"
"FaceIdBaseUrl","json-key","C:\DoAnTotNghiep\V-Shield-2.0\API\API\API\appsettings.Production.example.json","20","0","Critical"
"AutoStartFaceId","json-key","C:\DoAnTotNghiep\V-Shield-2.0\API\API\API\appsettings.Production.example.json","21","0","Critical"
"AppSettings","json-key","C:\DoAnTotNghiep\V-Shield-2.0\API\API\API\appsettings.Production.example.json","23","0","Critical"
"FrontendUrl","json-key","C:\DoAnTotNghiep\V-Shield-2.0\API\API\API\appsettings.Production.example.json","24","0","Critical"
"Go2RtcPublicBaseUrl","json-key","C:\DoAnTotNghiep\V-Shield-2.0\API\API\API\appsettings.Production.example.json","25","0","Critical"
"AllowedOrigins","json-key","C:\DoAnTotNghiep\V-Shield-2.0\API\API\API\appsettings.Production.example.json","26","0","Critical"
"Cloudflared","json-key","C:\DoAnTotNghiep\V-Shield-2.0\API\API\API\appsettings.Production.example.json","31","0","Critical"
"TunnelName","json-key","C:\DoAnTotNghiep\V-Shield-2.0\API\API\API\appsettings.Production.example.json","32","0","Critical"
"PublicHostname","json-key","C:\DoAnTotNghiep\V-Shield-2.0\API\API\API\appsettings.Production.example.json","33","0","Critical"
"TargetService","json-key","C:\DoAnTotNghiep\V-Shield-2.0\API\API\API\appsettings.Production.example.json","34","0","Critical"
"watch","json-key","C:\DoAnTotNghiep\V-Shield-2.0\API\API\API\dotnet-watch.json","2","0","Critical"
"exclude","json-key","C:\DoAnTotNghiep\V-Shield-2.0\API\API\API\dotnet-watch.json","3","0","Critical"
"API","namespace","C:\DoAnTotNghiep\V-Shield-2.0\API\API\API\Program.cs","14","370","High Risk"
"Program","class","C:\DoAnTotNghiep\V-Shield-2.0\API\API\API\Program.cs","16","1","Safe"
"Main","method","C:\DoAnTotNghiep\V-Shield-2.0\API\API\API\Program.cs","18","80","Medium Risk"
"Bearer","html-id","C:\DoAnTotNghiep\V-Shield-2.0\API\API\API\Program.cs","90","0","Safe"
"EnsureSeedAdmin","method","C:\DoAnTotNghiep\V-Shield-2.0\API\API\API\Program.cs","160","2","Medium Risk"
"NormalizeUsername","method","C:\DoAnTotNghiep\V-Shield-2.0\API\API\API\Program.cs","240","6","Medium Risk"
"EnsureGo2RtcRunning","method","C:\DoAnTotNghiep\V-Shield-2.0\API\API\API\Program.cs","243","2","Medium Risk"
"API","namespace","C:\DoAnTotNghiep\V-Shield-2.0\API\API\API\WeatherForecast.cs","1","370","High Risk"
"WeatherForecast","class","C:\DoAnTotNghiep\V-Shield-2.0\API\API\API\WeatherForecast.cs","3","3","Safe"
"Date","property","C:\DoAnTotNghiep\V-Shield-2.0\API\API\API\WeatherForecast.cs","5","55","Medium Risk"
"TemperatureC","property","C:\DoAnTotNghiep\V-Shield-2.0\API\API\API\WeatherForecast.cs","7","3","Safe"
"Summary","property","C:\DoAnTotNghiep\V-Shield-2.0\API\API\API\WeatherForecast.cs","11","2","Safe"
"API.Controllers","namespace","C:\DoAnTotNghiep\V-Shield-2.0\API\API\API\Controllers\AccessLogsController.cs","6","27","High Risk"
"api/access-logs","route","C:\DoAnTotNghiep\V-Shield-2.0\API\API\API\Controllers\AccessLogsController.cs","9","0","Critical"
"AccessLogsController","class","C:\DoAnTotNghiep\V-Shield-2.0\API\API\API\Controllers\AccessLogsController.cs","11","2","Safe"
"[HttpGet]","http-attr","C:\DoAnTotNghiep\V-Shield-2.0\API\API\API\Controllers\AccessLogsController.cs","21","0","Critical"
"GetLogs","method","C:\DoAnTotNghiep\V-Shield-2.0\API\API\API\Controllers\AccessLogsController.cs","22","1","Safe"
"[HttpGet(""summary"")]","http-attr","C:\DoAnTotNghiep\V-Shield-2.0\API\API\API\Controllers\AccessLogsController.cs","97","0","Critical"
"GetSummary","method","C:\DoAnTotNghiep\V-Shield-2.0\API\API\API\Controllers\AccessLogsController.cs","98","2","Safe"
"[HttpGet(""exceptions"")]","http-attr","C:\DoAnTotNghiep\V-Shield-2.0\API\API\API\Controllers\AccessLogsController.cs","140","0","Critical"
"GetExceptions","method","C:\DoAnTotNghiep\V-Shield-2.0\API\API\API\Controllers\AccessLogsController.cs","141","1","Medium Risk"
"[HttpGet(""{id:int}"")]","http-attr","C:\DoAnTotNghiep\V-Shield-2.0\API\API\API\Controllers\AccessLogsController.cs","212","0","Critical"
"GetDetail","method","C:\DoAnTotNghiep\V-Shield-2.0\API\API\API\Controllers\AccessLogsController.cs","213","4","Medium Risk"
"BuildLogProjectionQuery","method","C:\DoAnTotNghiep\V-Shield-2.0\API\API\API\Controllers\AccessLogsController.cs","226","4","Medium Risk"
"MapLogItem","method","C:\DoAnTotNghiep\V-Shield-2.0\API\API\API\Controllers\AccessLogsController.cs","267","4","Medium Risk"
"IsExceptionLog","method","C:\DoAnTotNghiep\V-Shield-2.0\API\API\API\Controllers\AccessLogsController.cs","296","3","Medium Risk"
"GetMethod","method","C:\DoAnTotNghiep\V-Shield-2.0\API\API\API\Controllers\AccessLogsController.cs","304","2","Safe"
"LogId","property","C:\DoAnTotNghiep\V-Shield-2.0\API\API\API\Controllers\AccessLogsController.cs","331","26","Medium Risk"
"Timestamp","property","C:\DoAnTotNghiep\V-Shield-2.0\API\API\API\Controllers\AccessLogsController.cs","332","43","Medium Risk"
"Direction","property","C:\DoAnTotNghiep\V-Shield-2.0\API\API\API\Controllers\AccessLogsController.cs","333","31","Medium Risk"
"GateId","property","C:\DoAnTotNghiep\V-Shield-2.0\API\API\API\Controllers\AccessLogsController.cs","334","100","Medium Risk"
"GateName","property","C:\DoAnTotNghiep\V-Shield-2.0\API\API\API\Controllers\AccessLogsController.cs","335","29","Medium Risk"
"CameraId","property","C:\DoAnTotNghiep\V-Shield-2.0\API\API\API\Controllers\AccessLogsController.cs","336","64","Medium Risk"
"CameraName","property","C:\DoAnTotNghiep\V-Shield-2.0\API\API\API\Controllers\AccessLogsController.cs","337","34","Medium Risk"
"EmployeeId","property","C:\DoAnTotNghiep\V-Shield-2.0\API\API\API\Controllers\AccessLogsController.cs","338","237","Medium Risk"
"RegistrationId","property","C:\DoAnTotNghiep\V-Shield-2.0\API\API\API\Controllers\AccessLogsController.cs","339","60","Medium Risk"
"ActorName","property","C:\DoAnTotNghiep\V-Shield-2.0\API\API\API\Controllers\AccessLogsController.cs","340","5","Safe"
"ActorType","property","C:\DoAnTotNghiep\V-Shield-2.0\API\API\API\Controllers\AccessLogsController.cs","341","3","Safe"
"CapturedLicensePlate","property","C:\DoAnTotNghiep\V-Shield-2.0\API\API\API\Controllers\AccessLogsController.cs","342","33","Medium Risk"
"CapturedFaceImageUrl","property","C:\DoAnTotNghiep\V-Shield-2.0\API\API\API\Controllers\AccessLogsController.cs","343","11","Medium Risk"
"ResultStatus","property","C:\DoAnTotNghiep\V-Shield-2.0\API\API\API\Controllers\AccessLogsController.cs","344","27","Medium Risk"
"IsBypass","property","C:\DoAnTotNghiep\V-Shield-2.0\API\API\API\Controllers\AccessLogsController.cs","345","27","Medium Risk"
"ExceptionReasonId","property","C:\DoAnTotNghiep\V-Shield-2.0\API\API\API\Controllers\AccessLogsController.cs","346","23","Medium Risk"
"ExceptionReasonCode","property","C:\DoAnTotNghiep\V-Shield-2.0\API\API\API\Controllers\AccessLogsController.cs","347","5","Medium Risk"
"ExceptionReasonDescription","property","C:\DoAnTotNghiep\V-Shield-2.0\API\API\API\Controllers\AccessLogsController.cs","348","5","Medium Risk"
"Note","property","C:\DoAnTotNghiep\V-Shield-2.0\API\API\API\Controllers\AccessLogsController.cs","349","30","Medium Risk"
"EntryLogId","property","C:\DoAnTotNghiep\V-Shield-2.0\API\API\API\Controllers\AccessLogsController.cs","350","16","Medium Risk"
"API.Controllers","namespace","C:\DoAnTotNghiep\V-Shield-2.0\API\API\API\Controllers\AccessPermissionController.cs","9","27","High Risk"
"api/[controller]","route","C:\DoAnTotNghiep\V-Shield-2.0\API\API\API\Controllers\AccessPermissionController.cs","11","0","Critical"
"AccessPermissionController","class","C:\DoAnTotNghiep\V-Shield-2.0\API\API\API\Controllers\AccessPermissionController.cs","13","2","Medium Risk"
"[HttpPost(""set-permission"")]","http-attr","C:\DoAnTotNghiep\V-Shield-2.0\API\API\API\Controllers\AccessPermissionController.cs","22","0","Critical"
"SetPermission","method","C:\DoAnTotNghiep\V-Shield-2.0\API\API\API\Controllers\AccessPermissionController.cs","23","1","Medium Risk"
"API.Controllers","namespace","C:\DoAnTotNghiep\V-Shield-2.0\API\API\API\Controllers\AuthController.cs","8","27","High Risk"
"api/[controller]","route","C:\DoAnTotNghiep\V-Shield-2.0\API\API\API\Controllers\AuthController.cs","11","0","Critical"
"AuthController","class","C:\DoAnTotNghiep\V-Shield-2.0\API\API\API\Controllers\AuthController.cs","12","2","Safe"
"[HttpPost(""login"")]","http-attr","C:\DoAnTotNghiep\V-Shield-2.0\API\API\API\Controllers\AuthController.cs","24","0","Critical"
"Login","method","C:\DoAnTotNghiep\V-Shield-2.0\API\API\API\Controllers\AuthController.cs","26","6","Medium Risk"
"[HttpGet(""me"")]","http-attr","C:\DoAnTotNghiep\V-Shield-2.0\API\API\API\Controllers\AuthController.cs","40","0","Critical"
"GetMe","method","C:\DoAnTotNghiep\V-Shield-2.0\API\API\API\Controllers\AuthController.cs","42","1","Safe"
"API.Controllers","namespace","C:\DoAnTotNghiep\V-Shield-2.0\API\API\API\Controllers\BienSoController.cs","6","27","High Risk"
"api/[controller]","route","C:\DoAnTotNghiep\V-Shield-2.0\API\API\API\Controllers\BienSoController.cs","8","0","Critical"
"BienSoController","class","C:\DoAnTotNghiep\V-Shield-2.0\API\API\API\Controllers\BienSoController.cs","10","2","Medium Risk"
"[HttpGet(""cameras"")]","http-attr","C:\DoAnTotNghiep\V-Shield-2.0\API\API\API\Controllers\BienSoController.cs","23","0","Critical"
"GetCameras","method","C:\DoAnTotNghiep\V-Shield-2.0\API\API\API\Controllers\BienSoController.cs","24","3","Safe"
"[HttpGet(""plates"")]","http-attr","C:\DoAnTotNghiep\V-Shield-2.0\API\API\API\Controllers\BienSoController.cs","40","0","Critical"
"GetPlates","method","C:\DoAnTotNghiep\V-Shield-2.0\API\API\API\Controllers\BienSoController.cs","41","1","Safe"
"[HttpGet(""plate"")]","http-attr","C:\DoAnTotNghiep\V-Shield-2.0\API\API\API\Controllers\BienSoController.cs","64","0","Critical"
"GetPlate","method","C:\DoAnTotNghiep\V-Shield-2.0\API\API\API\Controllers\BienSoController.cs","65","1","Safe"
"[HttpGet(""camera-plates"")]","http-attr","C:\DoAnTotNghiep\V-Shield-2.0\API\API\API\Controllers\BienSoController.cs","80","0","Critical"
"GetCameraPlates","method","C:\DoAnTotNghiep\V-Shield-2.0\API\API\API\Controllers\BienSoController.cs","81","1","Safe"
"API.Controllers","namespace","C:\DoAnTotNghiep\V-Shield-2.0\API\API\API\Controllers\BiometricsController.cs","6","27","High Risk"
"api/biometrics","route","C:\DoAnTotNghiep\V-Shield-2.0\API\API\API\Controllers\BiometricsController.cs","9","0","Critical"
"BiometricsController","class","C:\DoAnTotNghiep\V-Shield-2.0\API\API\API\Controllers\BiometricsController.cs","11","2","Medium Risk"
"[HttpGet(""overview"")]","http-attr","C:\DoAnTotNghiep\V-Shield-2.0\API\API\API\Controllers\BiometricsController.cs","20","0","Critical"
"GetOverview","method","C:\DoAnTotNghiep\V-Shield-2.0\API\API\API\Controllers\BiometricsController.cs","21","3","Medium Risk"
"API.Controllers","namespace","C:\DoAnTotNghiep\V-Shield-2.0\API\API\API\Controllers\DashboardController.cs","6","27","High Risk"
"api/dashboard","route","C:\DoAnTotNghiep\V-Shield-2.0\API\API\API\Controllers\DashboardController.cs","9","0","Critical"
"DashboardController","class","C:\DoAnTotNghiep\V-Shield-2.0\API\API\API\Controllers\DashboardController.cs","11","2","Safe"
"[HttpGet(""overview"")]","http-attr","C:\DoAnTotNghiep\V-Shield-2.0\API\API\API\Controllers\DashboardController.cs","20","0","Critical"
"GetOverview","method","C:\DoAnTotNghiep\V-Shield-2.0\API\API\API\Controllers\DashboardController.cs","21","3","Medium Risk"
"StartOfWeek","method","C:\DoAnTotNghiep\V-Shield-2.0\API\API\API\Controllers\DashboardController.cs","168","2","Safe"
"GetWeekdayLabel","method","C:\DoAnTotNghiep\V-Shield-2.0\API\API\API\Controllers\DashboardController.cs","174","2","Safe"
"API.Controllers","namespace","C:\DoAnTotNghiep\V-Shield-2.0\API\API\API\Controllers\DepartmentsController.cs","8","27","High Risk"
"api/[controller]","route","C:\DoAnTotNghiep\V-Shield-2.0\API\API\API\Controllers\DepartmentsController.cs","11","0","Critical"
"DepartmentsController","class","C:\DoAnTotNghiep\V-Shield-2.0\API\API\API\Controllers\DepartmentsController.cs","13","2","Safe"
"[HttpGet]","http-attr","C:\DoAnTotNghiep\V-Shield-2.0\API\API\API\Controllers\DepartmentsController.cs","23","0","Critical"
"GetAll","method","C:\DoAnTotNghiep\V-Shield-2.0\API\API\API\Controllers\DepartmentsController.cs","24","11","Safe"
"[HttpGet(""{id}"")]","http-attr","C:\DoAnTotNghiep\V-Shield-2.0\API\API\API\Controllers\DepartmentsController.cs","40","0","Critical"
"GetById","method","C:\DoAnTotNghiep\V-Shield-2.0\API\API\API\Controllers\DepartmentsController.cs","41","11","Medium Risk"
"[HttpPost]","http-attr","C:\DoAnTotNghiep\V-Shield-2.0\API\API\API\Controllers\DepartmentsController.cs","59","0","Critical"
"Create","method","C:\DoAnTotNghiep\V-Shield-2.0\API\API\API\Controllers\DepartmentsController.cs","60","27","Medium Risk"
"[HttpPut(""{id}"")]","http-attr","C:\DoAnTotNghiep\V-Shield-2.0\API\API\API\Controllers\DepartmentsController.cs","86","0","Critical"
"Update","method","C:\DoAnTotNghiep\V-Shield-2.0\API\API\API\Controllers\DepartmentsController.cs","87","46","Medium Risk"
"[HttpDelete(""{id}"")]","http-attr","C:\DoAnTotNghiep\V-Shield-2.0\API\API\API\Controllers\DepartmentsController.cs","112","0","Critical"
"Delete","method","C:\DoAnTotNghiep\V-Shield-2.0\API\API\API\Controllers\DepartmentsController.cs","113","22","Medium Risk"
"API.Controllers","namespace","C:\DoAnTotNghiep\V-Shield-2.0\API\API\API\Controllers\DeviceManagementController.cs","9","27","High Risk"
"api/device-management","route","C:\DoAnTotNghiep\V-Shield-2.0\API\API\API\Controllers\DeviceManagementController.cs","12","0","Critical"
"DeviceManagementController","class","C:\DoAnTotNghiep\V-Shield-2.0\API\API\API\Controllers\DeviceManagementController.cs","14","2","Medium Risk"
"[HttpGet(""overview"")]","http-attr","C:\DoAnTotNghiep\V-Shield-2.0\API\API\API\Controllers\DeviceManagementController.cs","25","0","Critical"
"GetOverview","method","C:\DoAnTotNghiep\V-Shield-2.0\API\API\API\Controllers\DeviceManagementController.cs","26","3","Medium Risk"
"[HttpGet(""cameras"")]","http-attr","C:\DoAnTotNghiep\V-Shield-2.0\API\API\API\Controllers\DeviceManagementController.cs","68","0","Critical"
"GetCameras","method","C:\DoAnTotNghiep\V-Shield-2.0\API\API\API\Controllers\DeviceManagementController.cs","69","3","Safe"
"[HttpPost(""cameras"")]","http-attr","C:\DoAnTotNghiep\V-Shield-2.0\API\API\API\Controllers\DeviceManagementController.cs","94","0","Critical"
"CreateCamera","method","C:\DoAnTotNghiep\V-Shield-2.0\API\API\API\Controllers\DeviceManagementController.cs","96","1","Safe"
"[HttpPut(""cameras/{id:int}"")]","http-attr","C:\DoAnTotNghiep\V-Shield-2.0\API\API\API\Controllers\DeviceManagementController.cs","133","0","Critical"
"UpdateCamera","method","C:\DoAnTotNghiep\V-Shield-2.0\API\API\API\Controllers\DeviceManagementController.cs","135","1","Safe"
"[HttpDelete(""cameras/{id:int}"")]","http-attr","C:\DoAnTotNghiep\V-Shield-2.0\API\API\API\Controllers\DeviceManagementController.cs","173","0","Critical"
"DeleteCamera","method","C:\DoAnTotNghiep\V-Shield-2.0\API\API\API\Controllers\DeviceManagementController.cs","175","1","Safe"
"[HttpGet(""gates"")]","http-attr","C:\DoAnTotNghiep\V-Shield-2.0\API\API\API\Controllers\DeviceManagementController.cs","201","0","Critical"
"GetGates","method","C:\DoAnTotNghiep\V-Shield-2.0\API\API\API\Controllers\DeviceManagementController.cs","202","2","Safe"
"[HttpPost(""gates"")]","http-attr","C:\DoAnTotNghiep\V-Shield-2.0\API\API\API\Controllers\DeviceManagementController.cs","233","0","Critical"
"CreateGate","method","C:\DoAnTotNghiep\V-Shield-2.0\API\API\API\Controllers\DeviceManagementController.cs","235","1","Safe"
"[HttpPut(""gates/{id:int}"")]","http-attr","C:\DoAnTotNghiep\V-Shield-2.0\API\API\API\Controllers\DeviceManagementController.cs","259","0","Critical"
"UpdateGate","method","C:\DoAnTotNghiep\V-Shield-2.0\API\API\API\Controllers\DeviceManagementController.cs","261","1","Safe"
"[HttpDelete(""gates/{id:int}"")]","http-attr","C:\DoAnTotNghiep\V-Shield-2.0\API\API\API\Controllers\DeviceManagementController.cs","287","0","Critical"
"DeleteGate","method","C:\DoAnTotNghiep\V-Shield-2.0\API\API\API\Controllers\DeviceManagementController.cs","289","1","Safe"
"BuildCameraQuery","method","C:\DoAnTotNghiep\V-Shield-2.0\API\API\API\Controllers\DeviceManagementController.cs","315","3","Medium Risk"
"NormalizeOptional","method","C:\DoAnTotNghiep\V-Shield-2.0\API\API\API\Controllers\DeviceManagementController.cs","346","14","Medium Risk"
"CameraName","property","C:\DoAnTotNghiep\V-Shield-2.0\API\API\API\Controllers\DeviceManagementController.cs","353","34","Medium Risk"
"CameraType","property","C:\DoAnTotNghiep\V-Shield-2.0\API\API\API\Controllers\DeviceManagementController.cs","354","22","Medium Risk"
"GateId","property","C:\DoAnTotNghiep\V-Shield-2.0\API\API\API\Controllers\DeviceManagementController.cs","355","100","Medium Risk"
"StreamUrl","property","C:\DoAnTotNghiep\V-Shield-2.0\API\API\API\Controllers\DeviceManagementController.cs","356","30","Medium Risk"
"GateName","property","C:\DoAnTotNghiep\V-Shield-2.0\API\API\API\Controllers\DeviceManagementController.cs","361","29","Medium Risk"
"Location","property","C:\DoAnTotNghiep\V-Shield-2.0\API\API\API\Controllers\DeviceManagementController.cs","362","23","Medium Risk"
"CameraId","property","C:\DoAnTotNghiep\V-Shield-2.0\API\API\API\Controllers\DeviceManagementController.cs","367","64","Medium Risk"
"CameraName","property","C:\DoAnTotNghiep\V-Shield-2.0\API\API\API\Controllers\DeviceManagementController.cs","368","34","Medium Risk"
"CameraType","property","C:\DoAnTotNghiep\V-Shield-2.0\API\API\API\Controllers\DeviceManagementController.cs","369","22","Medium Risk"
"StreamUrl","property","C:\DoAnTotNghiep\V-Shield-2.0\API\API\API\Controllers\DeviceManagementController.cs","370","30","Medium Risk"
"UrlView","property","C:\DoAnTotNghiep\V-Shield-2.0\API\API\API\Controllers\DeviceManagementController.cs","371","21","Medium Risk"
"GateId","property","C:\DoAnTotNghiep\V-Shield-2.0\API\API\API\Controllers\DeviceManagementController.cs","372","100","Medium Risk"
"GateName","property","C:\DoAnTotNghiep\V-Shield-2.0\API\API\API\Controllers\DeviceManagementController.cs","373","29","Medium Risk"
"GateLocation","property","C:\DoAnTotNghiep\V-Shield-2.0\API\API\API\Controllers\DeviceManagementController.cs","374","2","Medium Risk"
"AccessLogCount","property","C:\DoAnTotNghiep\V-Shield-2.0\API\API\API\Controllers\DeviceManagementController.cs","375","2","Safe"
"LastAccessAt","property","C:\DoAnTotNghiep\V-Shield-2.0\API\API\API\Controllers\DeviceManagementController.cs","376","2","Safe"
"LatestPlate","property","C:\DoAnTotNghiep\V-Shield-2.0\API\API\API\Controllers\DeviceManagementController.cs","377","2","Safe"
"LatestPlateAt","property","C:\DoAnTotNghiep\V-Shield-2.0\API\API\API\Controllers\DeviceManagementController.cs","378","2","Safe"
"NormalizeCameraUrl","method","C:\DoAnTotNghiep\V-Shield-2.0\API\API\API\Controllers\DeviceManagementController.cs","381","6","Medium Risk"
"IsDirectWebStream","method","C:\DoAnTotNghiep\V-Shield-2.0\API\API\API\Controllers\DeviceManagementController.cs","387","6","Medium Risk"
"ShouldProxyViaGo2Rtc","method","C:\DoAnTotNghiep\V-Shield-2.0\API\API\API\Controllers\DeviceManagementController.cs","403","4","Medium Risk"
"BuildCameraViewUrl","method","C:\DoAnTotNghiep\V-Shield-2.0\API\API\API\Controllers\DeviceManagementController.cs","406","8","Medium Risk"
"ResolveGo2RtcPublicBaseUrl","method","C:\DoAnTotNghiep\V-Shield-2.0\API\API\API\Controllers\DeviceManagementController.cs","425","4","Medium Risk"
"ResolvePublicAppBaseUrl","method","C:\DoAnTotNghiep\V-Shield-2.0\API\API\API\Controllers\DeviceManagementController.cs","436","6","Medium Risk"
"NormalizeBaseUrl","method","C:\DoAnTotNghiep\V-Shield-2.0\API\API\API\Controllers\DeviceManagementController.cs","447","8","Medium Risk"
"TryReloadGo2RtcAsync","method","C:\DoAnTotNghiep\V-Shield-2.0\API\API\API\Controllers\DeviceManagementController.cs","450","4","Safe"
"API.Controllers","namespace","C:\DoAnTotNghiep\V-Shield-2.0\API\API\API\Controllers\EmployeesController.cs","10","27","High Risk"
"api/[controller]","route","C:\DoAnTotNghiep\V-Shield-2.0\API\API\API\Controllers\EmployeesController.cs","13","0","Critical"
"EmployeesController","class","C:\DoAnTotNghiep\V-Shield-2.0\API\API\API\Controllers\EmployeesController.cs","15","2","Safe"
"[HttpGet]","http-attr","C:\DoAnTotNghiep\V-Shield-2.0\API\API\API\Controllers\EmployeesController.cs","27","0","Critical"
"GetAll","method","C:\DoAnTotNghiep\V-Shield-2.0\API\API\API\Controllers\EmployeesController.cs","28","11","Safe"
"[HttpGet(""{id}"")]","http-attr","C:\DoAnTotNghiep\V-Shield-2.0\API\API\API\Controllers\EmployeesController.cs","76","0","Critical"
"GetById","method","C:\DoAnTotNghiep\V-Shield-2.0\API\API\API\Controllers\EmployeesController.cs","77","11","Medium Risk"
"[HttpPost]","http-attr","C:\DoAnTotNghiep\V-Shield-2.0\API\API\API\Controllers\EmployeesController.cs","103","0","Critical"
"Create","method","C:\DoAnTotNghiep\V-Shield-2.0\API\API\API\Controllers\EmployeesController.cs","104","27","Medium Risk"
"[HttpPut(""{id}"")]","http-attr","C:\DoAnTotNghiep\V-Shield-2.0\API\API\API\Controllers\EmployeesController.cs","164","0","Critical"
"Update","method","C:\DoAnTotNghiep\V-Shield-2.0\API\API\API\Controllers\EmployeesController.cs","165","46","Medium Risk"
"[HttpDelete(""{id}"")]","http-attr","C:\DoAnTotNghiep\V-Shield-2.0\API\API\API\Controllers\EmployeesController.cs","222","0","Critical"
"Delete","method","C:\DoAnTotNghiep\V-Shield-2.0\API\API\API\Controllers\EmployeesController.cs","223","22","Medium Risk"
"[HttpPost(""{id}/face"")]","http-attr","C:\DoAnTotNghiep\V-Shield-2.0\API\API\API\Controllers\EmployeesController.cs","247","0","Critical"
"UploadFace","method","C:\DoAnTotNghiep\V-Shield-2.0\API\API\API\Controllers\EmployeesController.cs","249","1","Safe"
"API.Controllers","namespace","C:\DoAnTotNghiep\V-Shield-2.0\API\API\API\Controllers\ExceptionReasonsController.cs","7","27","High Risk"
"api/exception-reasons","route","C:\DoAnTotNghiep\V-Shield-2.0\API\API\API\Controllers\ExceptionReasonsController.cs","10","0","Critical"
"ExceptionReasonsController","class","C:\DoAnTotNghiep\V-Shield-2.0\API\API\API\Controllers\ExceptionReasonsController.cs","12","2","Medium Risk"
"[HttpGet]","http-attr","C:\DoAnTotNghiep\V-Shield-2.0\API\API\API\Controllers\ExceptionReasonsController.cs","21","0","Critical"
"GetAll","method","C:\DoAnTotNghiep\V-Shield-2.0\API\API\API\Controllers\ExceptionReasonsController.cs","22","11","Safe"
"[HttpPost]","http-attr","C:\DoAnTotNghiep\V-Shield-2.0\API\API\API\Controllers\ExceptionReasonsController.cs","38","0","Critical"
"Create","method","C:\DoAnTotNghiep\V-Shield-2.0\API\API\API\Controllers\ExceptionReasonsController.cs","40","27","Medium Risk"
"[HttpPut(""{id:int}"")]","http-attr","C:\DoAnTotNghiep\V-Shield-2.0\API\API\API\Controllers\ExceptionReasonsController.cs","71","0","Critical"
"Update","method","C:\DoAnTotNghiep\V-Shield-2.0\API\API\API\Controllers\ExceptionReasonsController.cs","73","46","Medium Risk"
"[HttpDelete(""{id:int}"")]","http-attr","C:\DoAnTotNghiep\V-Shield-2.0\API\API\API\Controllers\ExceptionReasonsController.cs","108","0","Critical"
"Delete","method","C:\DoAnTotNghiep\V-Shield-2.0\API\API\API\Controllers\ExceptionReasonsController.cs","110","22","Medium Risk"
"ReasonCode","property","C:\DoAnTotNghiep\V-Shield-2.0\API\API\API\Controllers\ExceptionReasonsController.cs","137","23","Medium Risk"
"Description","property","C:\DoAnTotNghiep\V-Shield-2.0\API\API\API\Controllers\ExceptionReasonsController.cs","138","40","Medium Risk"
"API.Controllers","namespace","C:\DoAnTotNghiep\V-Shield-2.0\API\API\API\Controllers\FaceCameraController.cs","4","27","High Risk"
"api/[controller]","route","C:\DoAnTotNghiep\V-Shield-2.0\API\API\API\Controllers\FaceCameraController.cs","6","0","Critical"
"FaceCameraController","class","C:\DoAnTotNghiep\V-Shield-2.0\API\API\API\Controllers\FaceCameraController.cs","8","2","Safe"
"[HttpPost(""camera/on"")]","http-attr","C:\DoAnTotNghiep\V-Shield-2.0\API\API\API\Controllers\FaceCameraController.cs","22","0","Critical"
"TurnOnCamera","method","C:\DoAnTotNghiep\V-Shield-2.0\API\API\API\Controllers\FaceCameraController.cs","23","2","Safe"
"[HttpPost(""camera/off"")]","http-attr","C:\DoAnTotNghiep\V-Shield-2.0\API\API\API\Controllers\FaceCameraController.cs","26","0","Critical"
"TurnOffCamera","method","C:\DoAnTotNghiep\V-Shield-2.0\API\API\API\Controllers\FaceCameraController.cs","27","2","Safe"
"[HttpPost(""camera/reset"")]","http-attr","C:\DoAnTotNghiep\V-Shield-2.0\API\API\API\Controllers\FaceCameraController.cs","30","0","Critical"
"ResetCameraState","method","C:\DoAnTotNghiep\V-Shield-2.0\API\API\API\Controllers\FaceCameraController.cs","31","2","Safe"
"[HttpGet(""camera/status"")]","http-attr","C:\DoAnTotNghiep\V-Shield-2.0\API\API\API\Controllers\FaceCameraController.cs","34","0","Critical"
"GetCameraStatus","method","C:\DoAnTotNghiep\V-Shield-2.0\API\API\API\Controllers\FaceCameraController.cs","35","2","Safe"
"[HttpGet(""camera/result"")]","http-attr","C:\DoAnTotNghiep\V-Shield-2.0\API\API\API\Controllers\FaceCameraController.cs","38","0","Critical"
"GetCameraResult","method","C:\DoAnTotNghiep\V-Shield-2.0\API\API\API\Controllers\FaceCameraController.cs","39","2","Safe"
"[HttpGet(""camera/locked-images"")]","http-attr","C:\DoAnTotNghiep\V-Shield-2.0\API\API\API\Controllers\FaceCameraController.cs","42","0","Critical"
"GetLockedImages","method","C:\DoAnTotNghiep\V-Shield-2.0\API\API\API\Controllers\FaceCameraController.cs","43","2","Medium Risk"
"ProxyGetAsync","method","C:\DoAnTotNghiep\V-Shield-2.0\API\API\API\Controllers\FaceCameraController.cs","46","8","Safe"
"ProxyPostAsync","method","C:\DoAnTotNghiep\V-Shield-2.0\API\API\API\Controllers\FaceCameraController.cs","67","6","Safe"
"BuildServiceUrl","method","C:\DoAnTotNghiep\V-Shield-2.0\API\API\API\Controllers\FaceCameraController.cs","109","8","Medium Risk"
"ResolveServiceBaseUrl","method","C:\DoAnTotNghiep\V-Shield-2.0\API\API\API\Controllers\FaceCameraController.cs","111","6","Medium Risk"
"Ip","property","C:\DoAnTotNghiep\V-Shield-2.0\API\API\API\Controllers\FaceCameraController.cs","116","2","Medium Risk"
"API.Controllers","namespace","C:\DoAnTotNghiep\V-Shield-2.0\API\API\API\Controllers\FaceIDController.cs","9","27","High Risk"
"api/[controller]","route","C:\DoAnTotNghiep\V-Shield-2.0\API\API\API\Controllers\FaceIDController.cs","11","0","Critical"
"FaceIDController","class","C:\DoAnTotNghiep\V-Shield-2.0\API\API\API\Controllers\FaceIDController.cs","13","2","Medium Risk"
"HttpClient","method","C:\DoAnTotNghiep\V-Shield-2.0\API\API\API\Controllers\FaceIDController.cs","15","3","Medium Risk"
"StringBuilder","method","C:\DoAnTotNghiep\V-Shield-2.0\API\API\API\Controllers\FaceIDController.cs","18","6","Medium Risk"
"ResolvePythonFolder","method","C:\DoAnTotNghiep\V-Shield-2.0\API\API\API\Controllers\FaceIDController.cs","24","2","Safe"
"IsPythonServiceAvailable","method","C:\DoAnTotNghiep\V-Shield-2.0\API\API\API\Controllers\FaceIDController.cs","68","3","Medium Risk"
"BuildPythonUrl","method","C:\DoAnTotNghiep\V-Shield-2.0\API\API\API\Controllers\FaceIDController.cs","81","5","Medium Risk"
"ResolveServiceBaseUrl","method","C:\DoAnTotNghiep\V-Shield-2.0\API\API\API\Controllers\FaceIDController.cs","89","6","Medium Risk"
"ResolvePythonFolder","method","C:\DoAnTotNghiep\V-Shield-2.0\API\API\API\Controllers\FaceIDController.cs","92","2","Safe"
"ResolvePythonExecutable","method","C:\DoAnTotNghiep\V-Shield-2.0\API\API\API\Controllers\FaceIDController.cs","104","2","Safe"
"ResolveUvicornHost","method","C:\DoAnTotNghiep\V-Shield-2.0\API\API\API\Controllers\FaceIDController.cs","172","2","Medium Risk"
"[HttpGet(""status"")]","http-attr","C:\DoAnTotNghiep\V-Shield-2.0\API\API\API\Controllers\FaceIDController.cs","194","0","Critical"
"Status","method","C:\DoAnTotNghiep\V-Shield-2.0\API\API\API\Controllers\FaceIDController.cs","195","85","Medium Risk"
"[HttpPost(""start"")]","http-attr","C:\DoAnTotNghiep\V-Shield-2.0\API\API\API\Controllers\FaceIDController.cs","212","0","Critical"
"StartCamera","method","C:\DoAnTotNghiep\V-Shield-2.0\API\API\API\Controllers\FaceIDController.cs","213","1","Safe"
"[HttpPost(""stop"")]","http-attr","C:\DoAnTotNghiep\V-Shield-2.0\API\API\API\Controllers\FaceIDController.cs","236","0","Critical"
"StopCamera","method","C:\DoAnTotNghiep\V-Shield-2.0\API\API\API\Controllers\FaceIDController.cs","237","1","Safe"
"[HttpGet(""discover-ipwebcam"")]","http-attr","C:\DoAnTotNghiep\V-Shield-2.0\API\API\API\Controllers\FaceIDController.cs","259","0","Critical"
"DiscoverIpWebcam","method","C:\DoAnTotNghiep\V-Shield-2.0\API\API\API\Controllers\FaceIDController.cs","260","1","Medium Risk"
"[HttpPost(""shutdown"")]","http-attr","C:\DoAnTotNghiep\V-Shield-2.0\API\API\API\Controllers\FaceIDController.cs","271","0","Critical"
"ShutdownPython","method","C:\DoAnTotNghiep\V-Shield-2.0\API\API\API\Controllers\FaceIDController.cs","272","1","Safe"
"API.Controllers","namespace","C:\DoAnTotNghiep\V-Shield-2.0\API\API\API\Controllers\GuestProfilesController.cs","7","27","High Risk"
"api/guest-profiles","route","C:\DoAnTotNghiep\V-Shield-2.0\API\API\API\Controllers\GuestProfilesController.cs","10","0","Critical"
"GuestProfilesController","class","C:\DoAnTotNghiep\V-Shield-2.0\API\API\API\Controllers\GuestProfilesController.cs","12","2","Medium Risk"
"[HttpGet]","http-attr","C:\DoAnTotNghiep\V-Shield-2.0\API\API\API\Controllers\GuestProfilesController.cs","21","0","Critical"
"GetAll","method","C:\DoAnTotNghiep\V-Shield-2.0\API\API\API\Controllers\GuestProfilesController.cs","22","11","Safe"
"[HttpGet(""{id:int}"")]","http-attr","C:\DoAnTotNghiep\V-Shield-2.0\API\API\API\Controllers\GuestProfilesController.cs","75","0","Critical"
"GetDetail","method","C:\DoAnTotNghiep\V-Shield-2.0\API\API\API\Controllers\GuestProfilesController.cs","76","4","Medium Risk"
"[HttpPost]","http-attr","C:\DoAnTotNghiep\V-Shield-2.0\API\API\API\Controllers\GuestProfilesController.cs","111","0","Critical"
"Create","method","C:\DoAnTotNghiep\V-Shield-2.0\API\API\API\Controllers\GuestProfilesController.cs","112","27","Medium Risk"
"[HttpPut(""{id:int}"")]","http-attr","C:\DoAnTotNghiep\V-Shield-2.0\API\API\API\Controllers\GuestProfilesController.cs","140","0","Critical"
"Update","method","C:\DoAnTotNghiep\V-Shield-2.0\API\API\API\Controllers\GuestProfilesController.cs","141","46","Medium Risk"
"[HttpDelete(""{id:int}"")]","http-attr","C:\DoAnTotNghiep\V-Shield-2.0\API\API\API\Controllers\GuestProfilesController.cs","171","0","Critical"
"Delete","method","C:\DoAnTotNghiep\V-Shield-2.0\API\API\API\Controllers\GuestProfilesController.cs","172","22","Medium Risk"
"NormalizeOptional","method","C:\DoAnTotNghiep\V-Shield-2.0\API\API\API\Controllers\GuestProfilesController.cs","197","14","Medium Risk"
"FullName","property","C:\DoAnTotNghiep\V-Shield-2.0\API\API\API\Controllers\GuestProfilesController.cs","204","110","Medium Risk"
"Phone","property","C:\DoAnTotNghiep\V-Shield-2.0\API\API\API\Controllers\GuestProfilesController.cs","205","53","Medium Risk"
"DefaultLicensePlate","property","C:\DoAnTotNghiep\V-Shield-2.0\API\API\API\Controllers\GuestProfilesController.cs","206","13","Medium Risk"
"FaceImageUrl","property","C:\DoAnTotNghiep\V-Shield-2.0\API\API\API\Controllers\GuestProfilesController.cs","207","43","Medium Risk"
"API.Controllers","namespace","C:\DoAnTotNghiep\V-Shield-2.0\API\API\API\Controllers\PlateCameraController.cs","4","27","High Risk"
"api/[controller]","route","C:\DoAnTotNghiep\V-Shield-2.0\API\API\API\Controllers\PlateCameraController.cs","6","0","Critical"
"PlateCameraController","class","C:\DoAnTotNghiep\V-Shield-2.0\API\API\API\Controllers\PlateCameraController.cs","8","2","Safe"
"[HttpPost(""camera/on"")]","http-attr","C:\DoAnTotNghiep\V-Shield-2.0\API\API\API\Controllers\PlateCameraController.cs","22","0","Critical"
"TurnOnCamera","method","C:\DoAnTotNghiep\V-Shield-2.0\API\API\API\Controllers\PlateCameraController.cs","23","2","Safe"
"[HttpPost(""camera/off"")]","http-attr","C:\DoAnTotNghiep\V-Shield-2.0\API\API\API\Controllers\PlateCameraController.cs","26","0","Critical"
"TurnOffCamera","method","C:\DoAnTotNghiep\V-Shield-2.0\API\API\API\Controllers\PlateCameraController.cs","27","2","Safe"
"[HttpPost(""camera/reset"")]","http-attr","C:\DoAnTotNghiep\V-Shield-2.0\API\API\API\Controllers\PlateCameraController.cs","30","0","Critical"
"ResetCameraState","method","C:\DoAnTotNghiep\V-Shield-2.0\API\API\API\Controllers\PlateCameraController.cs","31","2","Safe"
"[HttpGet(""camera/status"")]","http-attr","C:\DoAnTotNghiep\V-Shield-2.0\API\API\API\Controllers\PlateCameraController.cs","34","0","Critical"
"GetCameraStatus","method","C:\DoAnTotNghiep\V-Shield-2.0\API\API\API\Controllers\PlateCameraController.cs","35","2","Safe"
"[HttpGet(""camera/result"")]","http-attr","C:\DoAnTotNghiep\V-Shield-2.0\API\API\API\Controllers\PlateCameraController.cs","38","0","Critical"
"GetCameraResult","method","C:\DoAnTotNghiep\V-Shield-2.0\API\API\API\Controllers\PlateCameraController.cs","39","2","Safe"
"[HttpGet(""camera/locked-images"")]","http-attr","C:\DoAnTotNghiep\V-Shield-2.0\API\API\API\Controllers\PlateCameraController.cs","42","0","Critical"
"GetLockedImages","method","C:\DoAnTotNghiep\V-Shield-2.0\API\API\API\Controllers\PlateCameraController.cs","43","2","Medium Risk"
"ProxyGetAsync","method","C:\DoAnTotNghiep\V-Shield-2.0\API\API\API\Controllers\PlateCameraController.cs","46","8","Safe"
"ProxyPostAsync","method","C:\DoAnTotNghiep\V-Shield-2.0\API\API\API\Controllers\PlateCameraController.cs","67","6","Safe"
"BuildServiceUrl","method","C:\DoAnTotNghiep\V-Shield-2.0\API\API\API\Controllers\PlateCameraController.cs","109","8","Medium Risk"
"ResolveServiceBaseUrl","method","C:\DoAnTotNghiep\V-Shield-2.0\API\API\API\Controllers\PlateCameraController.cs","111","6","Medium Risk"
"Ip","property","C:\DoAnTotNghiep\V-Shield-2.0\API\API\API\Controllers\PlateCameraController.cs","116","2","Medium Risk"
"API.Controllers","namespace","C:\DoAnTotNghiep\V-Shield-2.0\API\API\API\Controllers\PositionsController.cs","8","27","High Risk"
"api/[controller]","route","C:\DoAnTotNghiep\V-Shield-2.0\API\API\API\Controllers\PositionsController.cs","11","0","Critical"
"PositionsController","class","C:\DoAnTotNghiep\V-Shield-2.0\API\API\API\Controllers\PositionsController.cs","13","2","Medium Risk"
"[HttpGet]","http-attr","C:\DoAnTotNghiep\V-Shield-2.0\API\API\API\Controllers\PositionsController.cs","23","0","Critical"
"GetAll","method","C:\DoAnTotNghiep\V-Shield-2.0\API\API\API\Controllers\PositionsController.cs","24","11","Safe"
"[HttpGet(""{id}"")]","http-attr","C:\DoAnTotNghiep\V-Shield-2.0\API\API\API\Controllers\PositionsController.cs","40","0","Critical"
"GetById","method","C:\DoAnTotNghiep\V-Shield-2.0\API\API\API\Controllers\PositionsController.cs","41","11","Medium Risk"
"[HttpPost]","http-attr","C:\DoAnTotNghiep\V-Shield-2.0\API\API\API\Controllers\PositionsController.cs","59","0","Critical"
"Create","method","C:\DoAnTotNghiep\V-Shield-2.0\API\API\API\Controllers\PositionsController.cs","60","27","Medium Risk"
"[HttpPut(""{id}"")]","http-attr","C:\DoAnTotNghiep\V-Shield-2.0\API\API\API\Controllers\PositionsController.cs","86","0","Critical"
"Update","method","C:\DoAnTotNghiep\V-Shield-2.0\API\API\API\Controllers\PositionsController.cs","87","46","Medium Risk"
"[HttpDelete(""{id}"")]","http-attr","C:\DoAnTotNghiep\V-Shield-2.0\API\API\API\Controllers\PositionsController.cs","112","0","Critical"
"Delete","method","C:\DoAnTotNghiep\V-Shield-2.0\API\API\API\Controllers\PositionsController.cs","113","22","Medium Risk"
"API.Controllers","namespace","C:\DoAnTotNghiep\V-Shield-2.0\API\API\API\Controllers\PreRegistrationController.cs","9","27","High Risk"
"api/pre-registrations","route","C:\DoAnTotNghiep\V-Shield-2.0\API\API\API\Controllers\PreRegistrationController.cs","12","0","Critical"
"PreRegistrationController","class","C:\DoAnTotNghiep\V-Shield-2.0\API\API\API\Controllers\PreRegistrationController.cs","13","2","Medium Risk"
"[HttpGet(""validate/{token}"")]","http-attr","C:\DoAnTotNghiep\V-Shield-2.0\API\API\API\Controllers\PreRegistrationController.cs","24","0","Critical"
"ValidateToken","method","C:\DoAnTotNghiep\V-Shield-2.0\API\API\API\Controllers\PreRegistrationController.cs","26","1","Medium Risk"
"[HttpPost(""submit/{token}"")]","http-attr","C:\DoAnTotNghiep\V-Shield-2.0\API\API\API\Controllers\PreRegistrationController.cs","59","0","Critical"
"SubmitRegistration","method","C:\DoAnTotNghiep\V-Shield-2.0\API\API\API\Controllers\PreRegistrationController.cs","61","1","Medium Risk"
"[HttpGet]","http-attr","C:\DoAnTotNghiep\V-Shield-2.0\API\API\API\Controllers\PreRegistrationController.cs","170","0","Critical"
"GetAll","method","C:\DoAnTotNghiep\V-Shield-2.0\API\API\API\Controllers\PreRegistrationController.cs","172","11","Safe"
"[HttpGet(""{id}"")]","http-attr","C:\DoAnTotNghiep\V-Shield-2.0\API\API\API\Controllers\PreRegistrationController.cs","223","0","Critical"
"GetDetail","method","C:\DoAnTotNghiep\V-Shield-2.0\API\API\API\Controllers\PreRegistrationController.cs","225","4","Medium Risk"
"[HttpPatch(""{id}/status"")]","http-attr","C:\DoAnTotNghiep\V-Shield-2.0\API\API\API\Controllers\PreRegistrationController.cs","276","0","Critical"
"UpdateStatus","method","C:\DoAnTotNghiep\V-Shield-2.0\API\API\API\Controllers\PreRegistrationController.cs","278","1","Safe"
"[HttpPost(""verify-visitor-qr"")]","http-attr","C:\DoAnTotNghiep\V-Shield-2.0\API\API\API\Controllers\PreRegistrationController.cs","294","0","Critical"
"VerifyVisitorQr","method","C:\DoAnTotNghiep\V-Shield-2.0\API\API\API\Controllers\PreRegistrationController.cs","296","1","Medium Risk"
"API.Controllers","namespace","C:\DoAnTotNghiep\V-Shield-2.0\API\API\API\Controllers\QrAccessController.cs","9","27","High Risk"
"api/[controller]","route","C:\DoAnTotNghiep\V-Shield-2.0\API\API\API\Controllers\QrAccessController.cs","11","0","Critical"
"QrAccessController","class","C:\DoAnTotNghiep\V-Shield-2.0\API\API\API\Controllers\QrAccessController.cs","13","2","Safe"
"[HttpPost(""scan-access"")]","http-attr","C:\DoAnTotNghiep\V-Shield-2.0\API\API\API\Controllers\QrAccessController.cs","22","0","Critical"
"ScanAccess","method","C:\DoAnTotNghiep\V-Shield-2.0\API\API\API\Controllers\QrAccessController.cs","23","1","Safe"
"SUCCESS","json-key","C:\DoAnTotNghiep\V-Shield-2.0\API\API\API\Controllers\QrAccessController.cs","126","16","Critical"
"API.Controllers","namespace","C:\DoAnTotNghiep\V-Shield-2.0\API\API\API\Controllers\QR_DongController.cs","11","27","High Risk"
"api/[controller]","route","C:\DoAnTotNghiep\V-Shield-2.0\API\API\API\Controllers\QR_DongController.cs","13","0","Critical"
"QR_DongController","class","C:\DoAnTotNghiep\V-Shield-2.0\API\API\API\Controllers\QR_DongController.cs","15","4","Medium Risk"
"[HttpPost(""generate"")]","http-attr","C:\DoAnTotNghiep\V-Shield-2.0\API\API\API\Controllers\QR_DongController.cs","37","0","Critical"
"GenerateDynamicQr","method","C:\DoAnTotNghiep\V-Shield-2.0\API\API\API\Controllers\QR_DongController.cs","38","1","Medium Risk"
"[HttpPost(""verify"")]","http-attr","C:\DoAnTotNghiep\V-Shield-2.0\API\API\API\Controllers\QR_DongController.cs","123","0","Critical"
"VerifyDynamicQr","method","C:\DoAnTotNghiep\V-Shield-2.0\API\API\API\Controllers\QR_DongController.cs","124","1","Medium Risk"
"SaveScanLog","method","C:\DoAnTotNghiep\V-Shield-2.0\API\API\API\Controllers\QR_DongController.cs","308","10","Safe"
"GetCurrentCounter","method","C:\DoAnTotNghiep\V-Shield-2.0\API\API\API\Controllers\QR_DongController.cs","331","3","Safe"
"GetCounterExpiryUtc","method","C:\DoAnTotNghiep\V-Shield-2.0\API\API\API\Controllers\QR_DongController.cs","337","3","Medium Risk"
"GenerateTotp","method","C:\DoAnTotNghiep\V-Shield-2.0\API\API\API\Controllers\QR_DongController.cs","344","3","Safe"
"GenerateBase32Secret","method","C:\DoAnTotNghiep\V-Shield-2.0\API\API\API\Controllers\QR_DongController.cs","367","2","Safe"
"ParseQrPayload","method","C:\DoAnTotNghiep\V-Shield-2.0\API\API\API\Controllers\QR_DongController.cs","374","2","Safe"
"FixedTimeEquals","method","C:\DoAnTotNghiep\V-Shield-2.0\API\API\API\Controllers\QR_DongController.cs","416","5","Medium Risk"
"Base32Encode","method","C:\DoAnTotNghiep\V-Shield-2.0\API\API\API\Controllers\QR_DongController.cs","428","4","Safe"
"Base32Decode","method","C:\DoAnTotNghiep\V-Shield-2.0\API\API\API\Controllers\QR_DongController.cs","466","4","Safe"
"TryVerifyStaticVisitorQr","method","C:\DoAnTotNghiep\V-Shield-2.0\API\API\API\Controllers\QR_DongController.cs","495","3","Medium Risk"
"API.Controllers","namespace","C:\DoAnTotNghiep\V-Shield-2.0\API\API\API\Controllers\RegistrationLinkController.cs","8","27","High Risk"
"api/registration-links","route","C:\DoAnTotNghiep\V-Shield-2.0\API\API\API\Controllers\RegistrationLinkController.cs","11","0","Critical"
"RegistrationLinkController","class","C:\DoAnTotNghiep\V-Shield-2.0\API\API\API\Controllers\RegistrationLinkController.cs","12","2","Medium Risk"
"[HttpPost]","http-attr","C:\DoAnTotNghiep\V-Shield-2.0\API\API\API\Controllers\RegistrationLinkController.cs","23","0","Critical"
"CreateLink","method","C:\DoAnTotNghiep\V-Shield-2.0\API\API\API\Controllers\RegistrationLinkController.cs","25","1","Medium Risk"
"[HttpGet]","http-attr","C:\DoAnTotNghiep\V-Shield-2.0\API\API\API\Controllers\RegistrationLinkController.cs","56","0","Critical"
"GetLinks","method","C:\DoAnTotNghiep\V-Shield-2.0\API\API\API\Controllers\RegistrationLinkController.cs","58","1","Medium Risk"
"API.Controllers","namespace","C:\DoAnTotNghiep\V-Shield-2.0\API\API\API\Controllers\RuntimeServicesController.cs","5","27","High Risk"
"api/runtime-services","route","C:\DoAnTotNghiep\V-Shield-2.0\API\API\API\Controllers\RuntimeServicesController.cs","7","0","Critical"
"RuntimeServicesController","class","C:\DoAnTotNghiep\V-Shield-2.0\API\API\API\Controllers\RuntimeServicesController.cs","10","2","Medium Risk"
"[HttpGet]","http-attr","C:\DoAnTotNghiep\V-Shield-2.0\API\API\API\Controllers\RuntimeServicesController.cs","19","0","Critical"
"GetAll","method","C:\DoAnTotNghiep\V-Shield-2.0\API\API\API\Controllers\RuntimeServicesController.cs","20","11","Safe"
"[HttpPut(""{name}"")]","http-attr","C:\DoAnTotNghiep\V-Shield-2.0\API\API\API\Controllers\RuntimeServicesController.cs","25","0","Critical"
"UpdateConfig","method","C:\DoAnTotNghiep\V-Shield-2.0\API\API\API\Controllers\RuntimeServicesController.cs","26","3","Medium Risk"
"[HttpPost(""{name}/start"")]","http-attr","C:\DoAnTotNghiep\V-Shield-2.0\API\API\API\Controllers\RuntimeServicesController.cs","33","0","Critical"
"StartService","method","C:\DoAnTotNghiep\V-Shield-2.0\API\API\API\Controllers\RuntimeServicesController.cs","34","1","Medium Risk"
"[HttpPost(""{name}/stop"")]","http-attr","C:\DoAnTotNghiep\V-Shield-2.0\API\API\API\Controllers\RuntimeServicesController.cs","41","0","Critical"
"StopService","method","C:\DoAnTotNghiep\V-Shield-2.0\API\API\API\Controllers\RuntimeServicesController.cs","42","1","Medium Risk"
"Enabled","property","C:\DoAnTotNghiep\V-Shield-2.0\API\API\API\Controllers\RuntimeServicesController.cs","52","11","Safe"
"AutoStart","property","C:\DoAnTotNghiep\V-Shield-2.0\API\API\API\Controllers\RuntimeServicesController.cs","53","20","Medium Risk"
"API.Controllers","namespace","C:\DoAnTotNghiep\V-Shield-2.0\API\API\API\Controllers\SetCamController.cs","9","27","High Risk"
"api/[controller]","route","C:\DoAnTotNghiep\V-Shield-2.0\API\API\API\Controllers\SetCamController.cs","11","0","Critical"
"SetCamController","class","C:\DoAnTotNghiep\V-Shield-2.0\API\API\API\Controllers\SetCamController.cs","13","2","Safe"
"[HttpGet]","http-attr","C:\DoAnTotNghiep\V-Shield-2.0\API\API\API\Controllers\SetCamController.cs","25","0","Critical"
"GetAll","method","C:\DoAnTotNghiep\V-Shield-2.0\API\API\API\Controllers\SetCamController.cs","26","11","Safe"
"[HttpGet(""{id}"")]","http-attr","C:\DoAnTotNghiep\V-Shield-2.0\API\API\API\Controllers\SetCamController.cs","46","0","Critical"
"GetById","method","C:\DoAnTotNghiep\V-Shield-2.0\API\API\API\Controllers\SetCamController.cs","47","11","Medium Risk"
"[HttpPost]","http-attr","C:\DoAnTotNghiep\V-Shield-2.0\API\API\API\Controllers\SetCamController.cs","71","0","Critical"
"Create","method","C:\DoAnTotNghiep\V-Shield-2.0\API\API\API\Controllers\SetCamController.cs","72","27","Medium Risk"
"[HttpPut(""{id}"")]","http-attr","C:\DoAnTotNghiep\V-Shield-2.0\API\API\API\Controllers\SetCamController.cs","111","0","Critical"
"Update","method","C:\DoAnTotNghiep\V-Shield-2.0\API\API\API\Controllers\SetCamController.cs","112","46","Medium Risk"
"[HttpDelete(""{id}"")]","http-attr","C:\DoAnTotNghiep\V-Shield-2.0\API\API\API\Controllers\SetCamController.cs","147","0","Critical"
"Delete","method","C:\DoAnTotNghiep\V-Shield-2.0\API\API\API\Controllers\SetCamController.cs","148","22","Medium Risk"
"[HttpPost(""reload-go2rtc"")]","http-attr","C:\DoAnTotNghiep\V-Shield-2.0\API\API\API\Controllers\SetCamController.cs","162","0","Critical"
"ReloadGo2Rtc","method","C:\DoAnTotNghiep\V-Shield-2.0\API\API\API\Controllers\SetCamController.cs","163","1","Safe"
"[HttpPost(""stop-go2rtc"")]","http-attr","C:\DoAnTotNghiep\V-Shield-2.0\API\API\API\Controllers\SetCamController.cs","257","0","Critical"
"StopGo2Rtc","method","C:\DoAnTotNghiep\V-Shield-2.0\API\API\API\Controllers\SetCamController.cs","258","1","Safe"
"[HttpPost(""start-python-qr"")]","http-attr","C:\DoAnTotNghiep\V-Shield-2.0\API\API\API\Controllers\SetCamController.cs","278","0","Critical"
"StartPythonQr","method","C:\DoAnTotNghiep\V-Shield-2.0\API\API\API\Controllers\SetCamController.cs","279","1","Safe"
"[HttpPost(""stop-python-qr"")]","http-attr","C:\DoAnTotNghiep\V-Shield-2.0\API\API\API\Controllers\SetCamController.cs","284","0","Critical"
"StopPythonQr","method","C:\DoAnTotNghiep\V-Shield-2.0\API\API\API\Controllers\SetCamController.cs","285","1","Safe"
"[HttpPost(""start-python-plate"")]","http-attr","C:\DoAnTotNghiep\V-Shield-2.0\API\API\API\Controllers\SetCamController.cs","290","0","Critical"
"StartPythonPlate","method","C:\DoAnTotNghiep\V-Shield-2.0\API\API\API\Controllers\SetCamController.cs","291","1","Safe"
"[HttpPost(""stop-python-plate"")]","http-attr","C:\DoAnTotNghiep\V-Shield-2.0\API\API\API\Controllers\SetCamController.cs","296","0","Critical"
"StopPythonPlate","method","C:\DoAnTotNghiep\V-Shield-2.0\API\API\API\Controllers\SetCamController.cs","297","1","Safe"
"[HttpPost(""start-python-cam-gia-lap"")]","http-attr","C:\DoAnTotNghiep\V-Shield-2.0\API\API\API\Controllers\SetCamController.cs","302","0","Critical"
"StartPythonCamGiaLap","method","C:\DoAnTotNghiep\V-Shield-2.0\API\API\API\Controllers\SetCamController.cs","303","1","Medium Risk"
"[HttpPost(""stop-python-cam-gia-lap"")]","http-attr","C:\DoAnTotNghiep\V-Shield-2.0\API\API\API\Controllers\SetCamController.cs","308","0","Critical"
"StopPythonCamGiaLap","method","C:\DoAnTotNghiep\V-Shield-2.0\API\API\API\Controllers\SetCamController.cs","309","3","Medium Risk"
"[HttpGet(""status-python"")]","http-attr","C:\DoAnTotNghiep\V-Shield-2.0\API\API\API\Controllers\SetCamController.cs","320","0","Critical"
"StatusPython","method","C:\DoAnTotNghiep\V-Shield-2.0\API\API\API\Controllers\SetCamController.cs","321","1","Safe"
"StartPythonScript","method","C:\DoAnTotNghiep\V-Shield-2.0\API\API\API\Controllers\SetCamController.cs","337","8","Medium Risk"
"StopPythonScript","method","C:\DoAnTotNghiep\V-Shield-2.0\API\API\API\Controllers\SetCamController.cs","375","8","Medium Risk"
"IsPythonScriptRunning","method","C:\DoAnTotNghiep\V-Shield-2.0\API\API\API\Controllers\SetCamController.cs","400","10","Medium Risk"
"NormalizeCameraUrl","method","C:\DoAnTotNghiep\V-Shield-2.0\API\API\API\Controllers\SetCamController.cs","432","6","Medium Risk"
"IsDirectWebStream","method","C:\DoAnTotNghiep\V-Shield-2.0\API\API\API\Controllers\SetCamController.cs","438","6","Medium Risk"
"ShouldProxyViaGo2Rtc","method","C:\DoAnTotNghiep\V-Shield-2.0\API\API\API\Controllers\SetCamController.cs","454","4","Medium Risk"
"BuildCameraViewUrl","method","C:\DoAnTotNghiep\V-Shield-2.0\API\API\API\Controllers\SetCamController.cs","457","8","Medium Risk"
"BuildDirectWebStreamUrl","method","C:\DoAnTotNghiep\V-Shield-2.0\API\API\API\Controllers\SetCamController.cs","475","2","Medium Risk"
"ResolveGo2RtcPublicBaseUrl","method","C:\DoAnTotNghiep\V-Shield-2.0\API\API\API\Controllers\SetCamController.cs","485","4","Medium Risk"
"ResolvePublicAppBaseUrl","method","C:\DoAnTotNghiep\V-Shield-2.0\API\API\API\Controllers\SetCamController.cs","505","6","Medium Risk"
"NormalizeBaseUrl","method","C:\DoAnTotNghiep\V-Shield-2.0\API\API\API\Controllers\SetCamController.cs","516","8","Medium Risk"
"GetLocalIPAddress","method","C:\DoAnTotNghiep\V-Shield-2.0\API\API\API\Controllers\SetCamController.cs","519","1","Medium Risk"
"EnsureCloudflaredConfig","method","C:\DoAnTotNghiep\V-Shield-2.0\API\API\API\Controllers\SetCamController.cs","537","2","Medium Risk"
"StartCloudflared","method","C:\DoAnTotNghiep\V-Shield-2.0\API\API\API\Controllers\SetCamController.cs","588","4","Safe"
"API.Controllers","namespace","C:\DoAnTotNghiep\V-Shield-2.0\API\API\API\Controllers\StatisticsController.cs","9","27","High Risk"
"api/[controller]","route","C:\DoAnTotNghiep\V-Shield-2.0\API\API\API\Controllers\StatisticsController.cs","12","0","Critical"
"StatisticsController","class","C:\DoAnTotNghiep\V-Shield-2.0\API\API\API\Controllers\StatisticsController.cs","14","2","Medium Risk"
"[HttpGet(""employees/summary"")]","http-attr","C:\DoAnTotNghiep\V-Shield-2.0\API\API\API\Controllers\StatisticsController.cs","29","0","Critical"
"GetSummary","method","C:\DoAnTotNghiep\V-Shield-2.0\API\API\API\Controllers\StatisticsController.cs","30","2","Safe"
"[HttpGet(""employees/stream"")]","http-attr","C:\DoAnTotNghiep\V-Shield-2.0\API\API\API\Controllers\StatisticsController.cs","76","0","Critical"
"StreamEmployeeCount","method","C:\DoAnTotNghiep\V-Shield-2.0\API\API\API\Controllers\StatisticsController.cs","77","1","Safe"
"API.Controllers","namespace","C:\DoAnTotNghiep\V-Shield-2.0\API\API\API\Controllers\ThongHanhController.cs","6","27","High Risk"
"api/[controller]","route","C:\DoAnTotNghiep\V-Shield-2.0\API\API\API\Controllers\ThongHanhController.cs","8","0","Critical"
"GateController","class","C:\DoAnTotNghiep\V-Shield-2.0\API\API\API\Controllers\ThongHanhController.cs","10","2","Safe"
"[HttpPost(""scan"")]","http-attr","C:\DoAnTotNghiep\V-Shield-2.0\API\API\API\Controllers\ThongHanhController.cs","26","0","Critical"
"ScanVehicle","method","C:\DoAnTotNghiep\V-Shield-2.0\API\API\API\Controllers\ThongHanhController.cs","27","1","Medium Risk"
"OUT","json-key","C:\DoAnTotNghiep\V-Shield-2.0\API\API\API\Controllers\ThongHanhController.cs","72","0","Critical"
"[HttpPost(""scan-guest"")]","http-attr","C:\DoAnTotNghiep\V-Shield-2.0\API\API\API\Controllers\ThongHanhController.cs","183","0","Critical"
"ScanGuest","method","C:\DoAnTotNghiep\V-Shield-2.0\API\API\API\Controllers\ThongHanhController.cs","184","1","Safe"
"OUT","json-key","C:\DoAnTotNghiep\V-Shield-2.0\API\API\API\Controllers\ThongHanhController.cs","266","0","Critical"
"[HttpGet(""vehicle-by-employee/{employeeId:int}"")]","http-attr","C:\DoAnTotNghiep\V-Shield-2.0\API\API\API\Controllers\ThongHanhController.cs","291","0","Critical"
"GetVehiclesByEmployee","method","C:\DoAnTotNghiep\V-Shield-2.0\API\API\API\Controllers\ThongHanhController.cs","292","1","Medium Risk"
"[HttpGet(""vehicle-by-plate/{licensePlate}"")]","http-attr","C:\DoAnTotNghiep\V-Shield-2.0\API\API\API\Controllers\ThongHanhController.cs","318","0","Critical"
"GetVehicleByPlate","method","C:\DoAnTotNghiep\V-Shield-2.0\API\API\API\Controllers\ThongHanhController.cs","319","1","Medium Risk"
"[HttpGet(""logs-by-plate/{licensePlate}"")]","http-attr","C:\DoAnTotNghiep\V-Shield-2.0\API\API\API\Controllers\ThongHanhController.cs","353","0","Critical"
"GetLogsByPlate","method","C:\DoAnTotNghiep\V-Shield-2.0\API\API\API\Controllers\ThongHanhController.cs","354","1","Safe"
"[HttpGet(""logs-by-employee/{employeeId:int}"")]","http-attr","C:\DoAnTotNghiep\V-Shield-2.0\API\API\API\Controllers\ThongHanhController.cs","388","0","Critical"
"GetLogsByEmployee","method","C:\DoAnTotNghiep\V-Shield-2.0\API\API\API\Controllers\ThongHanhController.cs","389","1","Safe"
"NormalizeLicensePlate","method","C:\DoAnTotNghiep\V-Shield-2.0\API\API\API\Controllers\ThongHanhController.cs","420","8","Medium Risk"
"NormalizeParkingStatus","method","C:\DoAnTotNghiep\V-Shield-2.0\API\API\API\Controllers\ThongHanhController.cs","433","3","Medium Risk"
"IN","json-key","C:\DoAnTotNghiep\V-Shield-2.0\API\API\API\Controllers\ThongHanhController.cs","440","0","Critical"
"GateScanRequest","class","C:\DoAnTotNghiep\V-Shield-2.0\API\API\API\Controllers\ThongHanhController.cs","444","3","Safe"
"LicensePlate","property","C:\DoAnTotNghiep\V-Shield-2.0\API\API\API\Controllers\ThongHanhController.cs","446","42","Medium Risk"
"EmployeeId","property","C:\DoAnTotNghiep\V-Shield-2.0\API\API\API\Controllers\ThongHanhController.cs","447","237","Medium Risk"
"VehicleTypeId","property","C:\DoAnTotNghiep\V-Shield-2.0\API\API\API\Controllers\ThongHanhController.cs","448","46","Medium Risk"
"Description","property","C:\DoAnTotNghiep\V-Shield-2.0\API\API\API\Controllers\ThongHanhController.cs","449","40","Medium Risk"
"GateId","property","C:\DoAnTotNghiep\V-Shield-2.0\API\API\API\Controllers\ThongHanhController.cs","450","100","Medium Risk"
"CameraId","property","C:\DoAnTotNghiep\V-Shield-2.0\API\API\API\Controllers\ThongHanhController.cs","451","64","Medium Risk"
"GuestId","property","C:\DoAnTotNghiep\V-Shield-2.0\API\API\API\Controllers\ThongHanhController.cs","452","41","Medium Risk"
"VisitorDetailId","property","C:\DoAnTotNghiep\V-Shield-2.0\API\API\API\Controllers\ThongHanhController.cs","453","70","Medium Risk"
"QrPayload","property","C:\DoAnTotNghiep\V-Shield-2.0\API\API\API\Controllers\ThongHanhController.cs","454","42","Medium Risk"
"GateApiResponse","class","C:\DoAnTotNghiep\V-Shield-2.0\API\API\API\Controllers\ThongHanhController.cs","457","41","High Risk"
"Success","property","C:\DoAnTotNghiep\V-Shield-2.0\API\API\API\Controllers\ThongHanhController.cs","459","16","Medium Risk"
"Message","property","C:\DoAnTotNghiep\V-Shield-2.0\API\API\API\Controllers\ThongHanhController.cs","460","68","Medium Risk"
"Data","property","C:\DoAnTotNghiep\V-Shield-2.0\API\API\API\Controllers\ThongHanhController.cs","461","41","Medium Risk"
"CreateSuccess","method","C:\DoAnTotNghiep\V-Shield-2.0\API\API\API\Controllers\ThongHanhController.cs","463","11","Safe"
"CreateError","method","C:\DoAnTotNghiep\V-Shield-2.0\API\API\API\Controllers\ThongHanhController.cs","473","27","Medium Risk"
"API.Controllers","namespace","C:\DoAnTotNghiep\V-Shield-2.0\API\API\API\Controllers\UsersController.cs","9","27","High Risk"
"api/[controller]","route","C:\DoAnTotNghiep\V-Shield-2.0\API\API\API\Controllers\UsersController.cs","12","0","Critical"
"UsersController","class","C:\DoAnTotNghiep\V-Shield-2.0\API\API\API\Controllers\UsersController.cs","14","2","Safe"
"[HttpGet]","http-attr","C:\DoAnTotNghiep\V-Shield-2.0\API\API\API\Controllers\UsersController.cs","23","0","Critical"
"GetAll","method","C:\DoAnTotNghiep\V-Shield-2.0\API\API\API\Controllers\UsersController.cs","24","11","Safe"
"[HttpGet(""{id}"")]","http-attr","C:\DoAnTotNghiep\V-Shield-2.0\API\API\API\Controllers\UsersController.cs","43","0","Critical"
"GetById","method","C:\DoAnTotNghiep\V-Shield-2.0\API\API\API\Controllers\UsersController.cs","44","11","Medium Risk"
"[HttpPost]","http-attr","C:\DoAnTotNghiep\V-Shield-2.0\API\API\API\Controllers\UsersController.cs","62","0","Critical"
"Create","method","C:\DoAnTotNghiep\V-Shield-2.0\API\API\API\Controllers\UsersController.cs","63","27","Medium Risk"
"[HttpPut(""{id}"")]","http-attr","C:\DoAnTotNghiep\V-Shield-2.0\API\API\API\Controllers\UsersController.cs","109","0","Critical"
"Update","method","C:\DoAnTotNghiep\V-Shield-2.0\API\API\API\Controllers\UsersController.cs","110","46","Medium Risk"
"[HttpDelete(""{id}"")]","http-attr","C:\DoAnTotNghiep\V-Shield-2.0\API\API\API\Controllers\UsersController.cs","160","0","Critical"
"Delete","method","C:\DoAnTotNghiep\V-Shield-2.0\API\API\API\Controllers\UsersController.cs","161","22","Medium Risk"
"NormalizeUsername","method","C:\DoAnTotNghiep\V-Shield-2.0\API\API\API\Controllers\UsersController.cs","177","6","Medium Risk"
"API.Controllers","namespace","C:\DoAnTotNghiep\V-Shield-2.0\API\API\API\Controllers\VehiclesController.cs","5","27","High Risk"
"api/[controller]","route","C:\DoAnTotNghiep\V-Shield-2.0\API\API\API\Controllers\VehiclesController.cs","8","0","Critical"
"VehiclesController","class","C:\DoAnTotNghiep\V-Shield-2.0\API\API\API\Controllers\VehiclesController.cs","9","2","Medium Risk"
"[HttpGet(""types"")]","http-attr","C:\DoAnTotNghiep\V-Shield-2.0\API\API\API\Controllers\VehiclesController.cs","18","0","Critical"
"GetVehicleTypes","method","C:\DoAnTotNghiep\V-Shield-2.0\API\API\API\Controllers\VehiclesController.cs","19","1","Medium Risk"
"[HttpGet]","http-attr","C:\DoAnTotNghiep\V-Shield-2.0\API\API\API\Controllers\VehiclesController.cs","27","0","Critical"
"GetAll","method","C:\DoAnTotNghiep\V-Shield-2.0\API\API\API\Controllers\VehiclesController.cs","28","11","Safe"
"[HttpGet(""{id:int}"")]","http-attr","C:\DoAnTotNghiep\V-Shield-2.0\API\API\API\Controllers\VehiclesController.cs","36","0","Critical"
"GetById","method","C:\DoAnTotNghiep\V-Shield-2.0\API\API\API\Controllers\VehiclesController.cs","37","11","Medium Risk"
"[HttpGet(""license-plate/{plate}"")]","http-attr","C:\DoAnTotNghiep\V-Shield-2.0\API\API\API\Controllers\VehiclesController.cs","48","0","Critical"
"GetByLicensePlate","method","C:\DoAnTotNghiep\V-Shield-2.0\API\API\API\Controllers\VehiclesController.cs","49","1","Medium Risk"
"[HttpGet(""employee/{employeeId:int}"")]","http-attr","C:\DoAnTotNghiep\V-Shield-2.0\API\API\API\Controllers\VehiclesController.cs","60","0","Critical"
"GetByEmployeeId","method","C:\DoAnTotNghiep\V-Shield-2.0\API\API\API\Controllers\VehiclesController.cs","61","1","Medium Risk"
"[HttpPost]","http-attr","C:\DoAnTotNghiep\V-Shield-2.0\API\API\API\Controllers\VehiclesController.cs","69","0","Critical"
"Create","method","C:\DoAnTotNghiep\V-Shield-2.0\API\API\API\Controllers\VehiclesController.cs","70","27","Medium Risk"
"[HttpPut(""{id:int}"")]","http-attr","C:\DoAnTotNghiep\V-Shield-2.0\API\API\API\Controllers\VehiclesController.cs","92","0","Critical"
"Update","method","C:\DoAnTotNghiep\V-Shield-2.0\API\API\API\Controllers\VehiclesController.cs","93","46","Medium Risk"
"[HttpDelete(""{id:int}"")]","http-attr","C:\DoAnTotNghiep\V-Shield-2.0\API\API\API\Controllers\VehiclesController.cs","118","0","Critical"
"Delete","method","C:\DoAnTotNghiep\V-Shield-2.0\API\API\API\Controllers\VehiclesController.cs","119","22","Medium Risk"
"API.Controllers","namespace","C:\DoAnTotNghiep\V-Shield-2.0\API\API\API\Controllers\VideoController.cs","8","27","High Risk"
"api/[controller]","route","C:\DoAnTotNghiep\V-Shield-2.0\API\API\API\Controllers\VideoController.cs","10","0","Critical"
"VideoController","class","C:\DoAnTotNghiep\V-Shield-2.0\API\API\API\Controllers\VideoController.cs","13","2","Medium Risk"
"[HttpPost(""upload"")]","http-attr","C:\DoAnTotNghiep\V-Shield-2.0\API\API\API\Controllers\VideoController.cs","24","0","Critical"
"UploadVideo","method","C:\DoAnTotNghiep\V-Shield-2.0\API\API\API\Controllers\VideoController.cs","27","1","Medium Risk"
"[HttpGet(""employee/{employeeId}"")]","http-attr","C:\DoAnTotNghiep\V-Shield-2.0\API\API\API\Controllers\VideoController.cs","126","0","Critical"
"GetVideosByEmployee","method","C:\DoAnTotNghiep\V-Shield-2.0\API\API\API\Controllers\VideoController.cs","127","1","Medium Risk"
"[HttpDelete(""{id}"")]","http-attr","C:\DoAnTotNghiep\V-Shield-2.0\API\API\API\Controllers\VideoController.cs","138","0","Critical"
"DeleteVideo","method","C:\DoAnTotNghiep\V-Shield-2.0\API\API\API\Controllers\VideoController.cs","139","1","Medium Risk"
"API.Controllers","namespace","C:\DoAnTotNghiep\V-Shield-2.0\API\API\API\Controllers\WeatherForecastController.cs","3","27","High Risk"
"[controller]","route","C:\DoAnTotNghiep\V-Shield-2.0\API\API\API\Controllers\WeatherForecastController.cs","6","0","Critical"
"WeatherForecastController","class","C:\DoAnTotNghiep\V-Shield-2.0\API\API\API\Controllers\WeatherForecastController.cs","7","3","Safe"
"Get","method","C:\DoAnTotNghiep\V-Shield-2.0\API\API\API\Controllers\WeatherForecastController.cs","22","34","Medium Risk"
"API.Data","namespace","C:\DoAnTotNghiep\V-Shield-2.0\API\API\API\Data\ApplicationDbContext.cs","6","27","High Risk"
"ApplicationDbContext","class","C:\DoAnTotNghiep\V-Shield-2.0\API\API\API\Data\ApplicationDbContext.cs","8","55","High Risk"
"AccessLogs","property","C:\DoAnTotNghiep\V-Shield-2.0\API\API\API\Data\ApplicationDbContext.cs","19","70","Medium Risk"
"Cameras","property","C:\DoAnTotNghiep\V-Shield-2.0\API\API\API\Data\ApplicationDbContext.cs","21","32","Medium Risk"
"CameraPlates","property","C:\DoAnTotNghiep\V-Shield-2.0\API\API\API\Data\ApplicationDbContext.cs","22","13","Safe"
"Departments","property","C:\DoAnTotNghiep\V-Shield-2.0\API\API\API\Data\ApplicationDbContext.cs","24","15","Safe"
"Employees","property","C:\DoAnTotNghiep\V-Shield-2.0\API\API\API\Data\ApplicationDbContext.cs","26","64","Medium Risk"
"ExceptionReasons","property","C:\DoAnTotNghiep\V-Shield-2.0\API\API\API\Data\ApplicationDbContext.cs","28","8","Medium Risk"
"Gates","property","C:\DoAnTotNghiep\V-Shield-2.0\API\API\API\Data\ApplicationDbContext.cs","30","15","Safe"
"GuestProfiles","property","C:\DoAnTotNghiep\V-Shield-2.0\API\API\API\Data\ApplicationDbContext.cs","32","13","Medium Risk"
"Positions","property","C:\DoAnTotNghiep\V-Shield-2.0\API\API\API\Data\ApplicationDbContext.cs","34","15","Medium Risk"
"PreRegistrations","property","C:\DoAnTotNghiep\V-Shield-2.0\API\API\API\Data\ApplicationDbContext.cs","36","28","Medium Risk"
"Vehicles","property","C:\DoAnTotNghiep\V-Shield-2.0\API\API\API\Data\ApplicationDbContext.cs","38","40","Medium Risk"
"VehicleTypes","property","C:\DoAnTotNghiep\V-Shield-2.0\API\API\API\Data\ApplicationDbContext.cs","40","6","Medium Risk"
"AppUsers","property","C:\DoAnTotNghiep\V-Shield-2.0\API\API\API\Data\ApplicationDbContext.cs","42","22","Medium Risk"
"RegistrationLinks","property","C:\DoAnTotNghiep\V-Shield-2.0\API\API\API\Data\ApplicationDbContext.cs","44","8","Medium Risk"
"VisitorDetails","property","C:\DoAnTotNghiep\V-Shield-2.0\API\API\API\Data\ApplicationDbContext.cs","45","17","Medium Risk"
"EmployeeFaceVideos","property","C:\DoAnTotNghiep\V-Shield-2.0\API\API\API\Data\ApplicationDbContext.cs","46","19","Medium Risk"
"EmployeeFaceModels","property","C:\DoAnTotNghiep\V-Shield-2.0\API\API\API\Data\ApplicationDbContext.cs","47","17","Medium Risk"
"EmployeeDynamicQrs","property","C:\DoAnTotNghiep\V-Shield-2.0\API\API\API\Data\ApplicationDbContext.cs","48","9","Medium Risk"
"DynamicQrScanLogs","property","C:\DoAnTotNghiep\V-Shield-2.0\API\API\API\Data\ApplicationDbContext.cs","49","6","Medium Risk"
"EmployeeAccessPermissions","property","C:\DoAnTotNghiep\V-Shield-2.0\API\API\API\Data\ApplicationDbContext.cs","50","4","Medium Risk"
"VisitorAccessPermissions","property","C:\DoAnTotNghiep\V-Shield-2.0\API\API\API\Data\ApplicationDbContext.cs","51","4","Medium Risk"
"OnModelCreating","method","C:\DoAnTotNghiep\V-Shield-2.0\API\API\API\Data\ApplicationDbContext.cs","53","1","Medium Risk"
"API.DTOs","namespace","C:\DoAnTotNghiep\V-Shield-2.0\API\API\API\DTOs\AccessControlDtos.cs","1","31","High Risk"
"SetPermissionRequest","class","C:\DoAnTotNghiep\V-Shield-2.0\API\API\API\DTOs\AccessControlDtos.cs","4","2","Medium Risk"
"EmployeeId","property","C:\DoAnTotNghiep\V-Shield-2.0\API\API\API\DTOs\AccessControlDtos.cs","6","237","Medium Risk"
"VisitorDetailId","property","C:\DoAnTotNghiep\V-Shield-2.0\API\API\API\DTOs\AccessControlDtos.cs","7","70","Medium Risk"
"GateId","property","C:\DoAnTotNghiep\V-Shield-2.0\API\API\API\DTOs\AccessControlDtos.cs","8","100","Medium Risk"
"IsAllowed","property","C:\DoAnTotNghiep\V-Shield-2.0\API\API\API\DTOs\AccessControlDtos.cs","9","16","Medium Risk"
"QrScanAccessRequest","class","C:\DoAnTotNghiep\V-Shield-2.0\API\API\API\DTOs\AccessControlDtos.cs","12","2","Safe"
"QrPayload","property","C:\DoAnTotNghiep\V-Shield-2.0\API\API\API\DTOs\AccessControlDtos.cs","14","42","Medium Risk"
"EmployeeId","property","C:\DoAnTotNghiep\V-Shield-2.0\API\API\API\DTOs\AccessControlDtos.cs","15","237","Medium Risk"
"VisitorDetailId","property","C:\DoAnTotNghiep\V-Shield-2.0\API\API\API\DTOs\AccessControlDtos.cs","16","70","Medium Risk"
"CameraId","property","C:\DoAnTotNghiep\V-Shield-2.0\API\API\API\DTOs\AccessControlDtos.cs","17","64","Medium Risk"
"UserPassword","property","C:\DoAnTotNghiep\V-Shield-2.0\API\API\API\DTOs\AccessControlDtos.cs","18","4","Safe"
"LoggedInUserId","property","C:\DoAnTotNghiep\V-Shield-2.0\API\API\API\DTOs\AccessControlDtos.cs","19","4","Medium Risk"
"API.DTOs","namespace","C:\DoAnTotNghiep\V-Shield-2.0\API\API\API\DTOs\CameraDTO.cs","1","31","High Risk"
"CameraDTO","class","C:\DoAnTotNghiep\V-Shield-2.0\API\API\API\DTOs\CameraDTO.cs","3","3","Safe"
"CameraId","property","C:\DoAnTotNghiep\V-Shield-2.0\API\API\API\DTOs\CameraDTO.cs","5","64","Medium Risk"
"CameraName","property","C:\DoAnTotNghiep\V-Shield-2.0\API\API\API\DTOs\CameraDTO.cs","6","34","Medium Risk"
"GateId","property","C:\DoAnTotNghiep\V-Shield-2.0\API\API\API\DTOs\CameraDTO.cs","7","100","Medium Risk"
"CameraType","property","C:\DoAnTotNghiep\V-Shield-2.0\API\API\API\DTOs\CameraDTO.cs","8","22","Medium Risk"
"StreamUrl","property","C:\DoAnTotNghiep\V-Shield-2.0\API\API\API\DTOs\CameraDTO.cs","9","30","Medium Risk"
"UrlView","property","C:\DoAnTotNghiep\V-Shield-2.0\API\API\API\DTOs\CameraDTO.cs","10","21","Medium Risk"
"GateName","property","C:\DoAnTotNghiep\V-Shield-2.0\API\API\API\DTOs\CameraDTO.cs","12","29","Medium Risk"
"API.DTOs","namespace","C:\DoAnTotNghiep\V-Shield-2.0\API\API\API\DTOs\CreateEmployeeRequest.cs","3","31","High Risk"
"CreateEmployeeRequest","class","C:\DoAnTotNghiep\V-Shield-2.0\API\API\API\DTOs\CreateEmployeeRequest.cs","5","2","Safe"
"FullName","property","C:\DoAnTotNghiep\V-Shield-2.0\API\API\API\DTOs\CreateEmployeeRequest.cs","9","110","Medium Risk"
"DepartmentId","property","C:\DoAnTotNghiep\V-Shield-2.0\API\API\API\DTOs\CreateEmployeeRequest.cs","11","82","Medium Risk"
"PositionId","property","C:\DoAnTotNghiep\V-Shield-2.0\API\API\API\DTOs\CreateEmployeeRequest.cs","13","82","Medium Risk"
"Phone","property","C:\DoAnTotNghiep\V-Shield-2.0\API\API\API\DTOs\CreateEmployeeRequest.cs","16","53","Medium Risk"
"Email","property","C:\DoAnTotNghiep\V-Shield-2.0\API\API\API\DTOs\CreateEmployeeRequest.cs","20","36","Medium Risk"
"FaceImageUrl","property","C:\DoAnTotNghiep\V-Shield-2.0\API\API\API\DTOs\CreateEmployeeRequest.cs","23","43","Medium Risk"
"Status","property","C:\DoAnTotNghiep\V-Shield-2.0\API\API\API\DTOs\CreateEmployeeRequest.cs","25","85","Medium Risk"
"API.DTOs","namespace","C:\DoAnTotNghiep\V-Shield-2.0\API\API\API\DTOs\CreateUserRequest.cs","3","31","High Risk"
"CreateUserRequest","class","C:\DoAnTotNghiep\V-Shield-2.0\API\API\API\DTOs\CreateUserRequest.cs","5","2","Safe"
"Username","property","C:\DoAnTotNghiep\V-Shield-2.0\API\API\API\DTOs\CreateUserRequest.cs","9","34","Medium Risk"
"Password","property","C:\DoAnTotNghiep\V-Shield-2.0\API\API\API\DTOs\CreateUserRequest.cs","13","13","Safe"
"FullName","property","C:\DoAnTotNghiep\V-Shield-2.0\API\API\API\DTOs\CreateUserRequest.cs","16","110","Medium Risk"
"Role","property","C:\DoAnTotNghiep\V-Shield-2.0\API\API\API\DTOs\CreateUserRequest.cs","21","26","Medium Risk"
"EmployeeId","property","C:\DoAnTotNghiep\V-Shield-2.0\API\API\API\DTOs\CreateUserRequest.cs","23","237","Medium Risk"
"API.DTOs","namespace","C:\DoAnTotNghiep\V-Shield-2.0\API\API\API\DTOs\DepartmentRequest.cs","3","31","High Risk"
"CreateDepartmentRequest","class","C:\DoAnTotNghiep\V-Shield-2.0\API\API\API\DTOs\DepartmentRequest.cs","5","2","Safe"
"Name","property","C:\DoAnTotNghiep\V-Shield-2.0\API\API\API\DTOs\DepartmentRequest.cs","9","113","Medium Risk"
"UpdateDepartmentRequest","class","C:\DoAnTotNghiep\V-Shield-2.0\API\API\API\DTOs\DepartmentRequest.cs","12","2","Safe"
"Name","property","C:\DoAnTotNghiep\V-Shield-2.0\API\API\API\DTOs\DepartmentRequest.cs","16","113","Medium Risk"
"DepartmentResponse","class","C:\DoAnTotNghiep\V-Shield-2.0\API\API\API\DTOs\DepartmentRequest.cs","19","5","Safe"
"DepartmentId","property","C:\DoAnTotNghiep\V-Shield-2.0\API\API\API\DTOs\DepartmentRequest.cs","21","82","Medium Risk"
"Name","property","C:\DoAnTotNghiep\V-Shield-2.0\API\API\API\DTOs\DepartmentRequest.cs","22","113","Medium Risk"
"EmployeeCount","property","C:\DoAnTotNghiep\V-Shield-2.0\API\API\API\DTOs\DepartmentRequest.cs","23","10","Safe"
"API.Models.DTOs","namespace","C:\DoAnTotNghiep\V-Shield-2.0\API\API\API\DTOs\DynamicQrDtos.cs","3","2","Medium Risk"
"GenerateDynamicQrRequest","class","C:\DoAnTotNghiep\V-Shield-2.0\API\API\API\DTOs\DynamicQrDtos.cs","5","2","Medium Risk"
"EmployeeId","property","C:\DoAnTotNghiep\V-Shield-2.0\API\API\API\DTOs\DynamicQrDtos.cs","8","237","Medium Risk"
"VerifyDynamicQrRequest","class","C:\DoAnTotNghiep\V-Shield-2.0\API\API\API\DTOs\DynamicQrDtos.cs","11","3","Medium Risk"
"QrPayload","property","C:\DoAnTotNghiep\V-Shield-2.0\API\API\API\DTOs\DynamicQrDtos.cs","14","42","Medium Risk"
"ScannerDevice","property","C:\DoAnTotNghiep\V-Shield-2.0\API\API\API\DTOs\DynamicQrDtos.cs","16","16","Medium Risk"
"API.DTOs","namespace","C:\DoAnTotNghiep\V-Shield-2.0\API\API\API\DTOs\EmployeeResponse.cs","1","31","High Risk"
"EmployeeResponse","class","C:\DoAnTotNghiep\V-Shield-2.0\API\API\API\DTOs\EmployeeResponse.cs","3","5","Safe"
"EmployeeId","property","C:\DoAnTotNghiep\V-Shield-2.0\API\API\API\DTOs\EmployeeResponse.cs","5","237","Medium Risk"
"FullName","property","C:\DoAnTotNghiep\V-Shield-2.0\API\API\API\DTOs\EmployeeResponse.cs","6","110","Medium Risk"
"Phone","property","C:\DoAnTotNghiep\V-Shield-2.0\API\API\API\DTOs\EmployeeResponse.cs","7","53","Medium Risk"
"Email","property","C:\DoAnTotNghiep\V-Shield-2.0\API\API\API\DTOs\EmployeeResponse.cs","8","36","Medium Risk"
"FaceImageUrl","property","C:\DoAnTotNghiep\V-Shield-2.0\API\API\API\DTOs\EmployeeResponse.cs","9","43","Medium Risk"
"Status","property","C:\DoAnTotNghiep\V-Shield-2.0\API\API\API\DTOs\EmployeeResponse.cs","10","85","Medium Risk"
"DepartmentId","property","C:\DoAnTotNghiep\V-Shield-2.0\API\API\API\DTOs\EmployeeResponse.cs","13","82","Medium Risk"
"DepartmentName","property","C:\DoAnTotNghiep\V-Shield-2.0\API\API\API\DTOs\EmployeeResponse.cs","14","8","Safe"
"PositionId","property","C:\DoAnTotNghiep\V-Shield-2.0\API\API\API\DTOs\EmployeeResponse.cs","17","82","Medium Risk"
"PositionName","property","C:\DoAnTotNghiep\V-Shield-2.0\API\API\API\DTOs\EmployeeResponse.cs","18","8","Medium Risk"
"API.DTOs","namespace","C:\DoAnTotNghiep\V-Shield-2.0\API\API\API\DTOs\EmployeeStatsResponse.cs","1","31","High Risk"
"EmployeeSummaryResponse","class","C:\DoAnTotNghiep\V-Shield-2.0\API\API\API\DTOs\EmployeeStatsResponse.cs","3","2","Safe"
"TotalEmployees","property","C:\DoAnTotNghiep\V-Shield-2.0\API\API\API\DTOs\EmployeeStatsResponse.cs","6","5","Safe"
"ActiveEmployees","property","C:\DoAnTotNghiep\V-Shield-2.0\API\API\API\DTOs\EmployeeStatsResponse.cs","9","5","Medium Risk"
"InactiveEmployees","property","C:\DoAnTotNghiep\V-Shield-2.0\API\API\API\DTOs\EmployeeStatsResponse.cs","12","2","Medium Risk"
"new","method","C:\DoAnTotNghiep\V-Shield-2.0\API\API\API\DTOs\EmployeeStatsResponse.cs","15","565","Medium Risk"
"ByDepartment","property","C:\DoAnTotNghiep\V-Shield-2.0\API\API\API\DTOs\EmployeeStatsResponse.cs","15","2","Safe"
"new","method","C:\DoAnTotNghiep\V-Shield-2.0\API\API\API\DTOs\EmployeeStatsResponse.cs","18","565","Medium Risk"
"ByPosition","property","C:\DoAnTotNghiep\V-Shield-2.0\API\API\API\DTOs\EmployeeStatsResponse.cs","18","2","Medium Risk"
"CalculatedAt","property","C:\DoAnTotNghiep\V-Shield-2.0\API\API\API\DTOs\EmployeeStatsResponse.cs","21","2","Safe"
"DepartmentStatItem","class","C:\DoAnTotNghiep\V-Shield-2.0\API\API\API\DTOs\EmployeeStatsResponse.cs","24","3","Medium Risk"
"DepartmentId","property","C:\DoAnTotNghiep\V-Shield-2.0\API\API\API\DTOs\EmployeeStatsResponse.cs","26","82","Medium Risk"
"DepartmentName","property","C:\DoAnTotNghiep\V-Shield-2.0\API\API\API\DTOs\EmployeeStatsResponse.cs","27","8","Safe"
"TotalCount","property","C:\DoAnTotNghiep\V-Shield-2.0\API\API\API\DTOs\EmployeeStatsResponse.cs","28","6","Safe"
"ActiveCount","property","C:\DoAnTotNghiep\V-Shield-2.0\API\API\API\DTOs\EmployeeStatsResponse.cs","29","4","Medium Risk"
"PositionStatItem","class","C:\DoAnTotNghiep\V-Shield-2.0\API\API\API\DTOs\EmployeeStatsResponse.cs","32","3","Medium Risk"
"PositionId","property","C:\DoAnTotNghiep\V-Shield-2.0\API\API\API\DTOs\EmployeeStatsResponse.cs","34","82","Medium Risk"
"PositionName","property","C:\DoAnTotNghiep\V-Shield-2.0\API\API\API\DTOs\EmployeeStatsResponse.cs","35","8","Medium Risk"
"TotalCount","property","C:\DoAnTotNghiep\V-Shield-2.0\API\API\API\DTOs\EmployeeStatsResponse.cs","36","6","Safe"
"ActiveCount","property","C:\DoAnTotNghiep\V-Shield-2.0\API\API\API\DTOs\EmployeeStatsResponse.cs","37","4","Medium Risk"
"EmployeeCountChangedEvent","class","C:\DoAnTotNghiep\V-Shield-2.0\API\API\API\DTOs\EmployeeStatsResponse.cs","41","3","Safe"
"TotalEmployees","property","C:\DoAnTotNghiep\V-Shield-2.0\API\API\API\DTOs\EmployeeStatsResponse.cs","43","5","Safe"
"ActiveEmployees","property","C:\DoAnTotNghiep\V-Shield-2.0\API\API\API\DTOs\EmployeeStatsResponse.cs","44","5","Medium Risk"
"ChangeType","property","C:\DoAnTotNghiep\V-Shield-2.0\API\API\API\DTOs\EmployeeStatsResponse.cs","45","3","Safe"
"ChangedAt","property","C:\DoAnTotNghiep\V-Shield-2.0\API\API\API\DTOs\EmployeeStatsResponse.cs","46","3","Safe"
"API.DTOs","namespace","C:\DoAnTotNghiep\V-Shield-2.0\API\API\API\DTOs\LoginRequest.cs","3","31","High Risk"
"LoginRequest","class","C:\DoAnTotNghiep\V-Shield-2.0\API\API\API\DTOs\LoginRequest.cs","5","4","Medium Risk"
"Username","property","C:\DoAnTotNghiep\V-Shield-2.0\API\API\API\DTOs\LoginRequest.cs","8","34","Medium Risk"
"Password","property","C:\DoAnTotNghiep\V-Shield-2.0\API\API\API\DTOs\LoginRequest.cs","11","13","Safe"
"API.DTOs","namespace","C:\DoAnTotNghiep\V-Shield-2.0\API\API\API\DTOs\LoginResponse.cs","1","31","High Risk"
"LoginResponse","class","C:\DoAnTotNghiep\V-Shield-2.0\API\API\API\DTOs\LoginResponse.cs","3","4","Medium Risk"
"Token","property","C:\DoAnTotNghiep\V-Shield-2.0\API\API\API\DTOs\LoginResponse.cs","5","24","Medium Risk"
"Username","property","C:\DoAnTotNghiep\V-Shield-2.0\API\API\API\DTOs\LoginResponse.cs","6","34","Medium Risk"
"FullName","property","C:\DoAnTotNghiep\V-Shield-2.0\API\API\API\DTOs\LoginResponse.cs","7","110","Medium Risk"
"Role","property","C:\DoAnTotNghiep\V-Shield-2.0\API\API\API\DTOs\LoginResponse.cs","8","26","Medium Risk"
"EmployeeId","property","C:\DoAnTotNghiep\V-Shield-2.0\API\API\API\DTOs\LoginResponse.cs","9","237","Medium Risk"
"ExpiresAt","property","C:\DoAnTotNghiep\V-Shield-2.0\API\API\API\DTOs\LoginResponse.cs","10","2","Medium Risk"
"API.DTOs","namespace","C:\DoAnTotNghiep\V-Shield-2.0\API\API\API\DTOs\PositionRequest.cs","3","31","High Risk"
"CreatePositionRequest","class","C:\DoAnTotNghiep\V-Shield-2.0\API\API\API\DTOs\PositionRequest.cs","5","2","Medium Risk"
"Name","property","C:\DoAnTotNghiep\V-Shield-2.0\API\API\API\DTOs\PositionRequest.cs","9","113","Medium Risk"
"UpdatePositionRequest","class","C:\DoAnTotNghiep\V-Shield-2.0\API\API\API\DTOs\PositionRequest.cs","12","2","Medium Risk"
"Name","property","C:\DoAnTotNghiep\V-Shield-2.0\API\API\API\DTOs\PositionRequest.cs","16","113","Medium Risk"
"PositionResponse","class","C:\DoAnTotNghiep\V-Shield-2.0\API\API\API\DTOs\PositionRequest.cs","19","5","Medium Risk"
"PositionId","property","C:\DoAnTotNghiep\V-Shield-2.0\API\API\API\DTOs\PositionRequest.cs","21","82","Medium Risk"
"Name","property","C:\DoAnTotNghiep\V-Shield-2.0\API\API\API\DTOs\PositionRequest.cs","22","113","Medium Risk"
"EmployeeCount","property","C:\DoAnTotNghiep\V-Shield-2.0\API\API\API\DTOs\PositionRequest.cs","23","10","Safe"
"API.DTOs.PreRegistration","namespace","C:\DoAnTotNghiep\V-Shield-2.0\API\API\API\DTOs\PreRegistrationDtos.cs","5","3","Medium Risk"
"CreateLinkRequestDto","class","C:\DoAnTotNghiep\V-Shield-2.0\API\API\API\DTOs\PreRegistrationDtos.cs","12","2","Medium Risk"
"HostEmployeeId","property","C:\DoAnTotNghiep\V-Shield-2.0\API\API\API\DTOs\PreRegistrationDtos.cs","15","31","Medium Risk"
"ExpiryHours","property","C:\DoAnTotNghiep\V-Shield-2.0\API\API\API\DTOs\PreRegistrationDtos.cs","18","2","Medium Risk"
"SubmitRegistrationDto","class","C:\DoAnTotNghiep\V-Shield-2.0\API\API\API\DTOs\PreRegistrationDtos.cs","22","2","Medium Risk"
"FullName","property","C:\DoAnTotNghiep\V-Shield-2.0\API\API\API\DTOs\PreRegistrationDtos.cs","26","110","Medium Risk"
"Phone","property","C:\DoAnTotNghiep\V-Shield-2.0\API\API\API\DTOs\PreRegistrationDtos.cs","29","53","Medium Risk"
"ExpectedTimeIn","property","C:\DoAnTotNghiep\V-Shield-2.0\API\API\API\DTOs\PreRegistrationDtos.cs","33","18","Medium Risk"
"ExpectedTimeOut","property","C:\DoAnTotNghiep\V-Shield-2.0\API\API\API\DTOs\PreRegistrationDtos.cs","36","12","Medium Risk"
"NumberOfVisitors","property","C:\DoAnTotNghiep\V-Shield-2.0\API\API\API\DTOs\PreRegistrationDtos.cs","40","12","Medium Risk"
"new","method","C:\DoAnTotNghiep\V-Shield-2.0\API\API\API\DTOs\PreRegistrationDtos.cs","42","565","Medium Risk"
"Visitors","property","C:\DoAnTotNghiep\V-Shield-2.0\API\API\API\DTOs\PreRegistrationDtos.cs","42","7","Medium Risk"
"VisitorInfoDto","class","C:\DoAnTotNghiep\V-Shield-2.0\API\API\API\DTOs\PreRegistrationDtos.cs","46","4","Medium Risk"
"FullName","property","C:\DoAnTotNghiep\V-Shield-2.0\API\API\API\DTOs\PreRegistrationDtos.cs","49","110","Medium Risk"
"IdCardNumber","property","C:\DoAnTotNghiep\V-Shield-2.0\API\API\API\DTOs\PreRegistrationDtos.cs","52","10","Medium Risk"
"ExpectedFaceImage","property","C:\DoAnTotNghiep\V-Shield-2.0\API\API\API\DTOs\PreRegistrationDtos.cs","55","9","Medium Risk"
"QrCodeData","property","C:\DoAnTotNghiep\V-Shield-2.0\API\API\API\DTOs\PreRegistrationDtos.cs","57","3","Safe"
"QrIssuedAt","property","C:\DoAnTotNghiep\V-Shield-2.0\API\API\API\DTOs\PreRegistrationDtos.cs","58","9","Medium Risk"
"IsQrActive","property","C:\DoAnTotNghiep\V-Shield-2.0\API\API\API\DTOs\PreRegistrationDtos.cs","59","14","Medium Risk"
"VerifyVisitorQrDto","class","C:\DoAnTotNghiep\V-Shield-2.0\API\API\API\DTOs\PreRegistrationDtos.cs","61","2","Medium Risk"
"QrPayload","property","C:\DoAnTotNghiep\V-Shield-2.0\API\API\API\DTOs\PreRegistrationDtos.cs","63","42","Medium Risk"
"UpdateStatusDto","class","C:\DoAnTotNghiep\V-Shield-2.0\API\API\API\DTOs\PreRegistrationDtos.cs","65","2","Safe"
"Status","property","C:\DoAnTotNghiep\V-Shield-2.0\API\API\API\DTOs\PreRegistrationDtos.cs","70","85","Medium Risk"
"CreateLinkResponseDto","class","C:\DoAnTotNghiep\V-Shield-2.0\API\API\API\DTOs\PreRegistrationDtos.cs","77","2","Medium Risk"
"Token","property","C:\DoAnTotNghiep\V-Shield-2.0\API\API\API\DTOs\PreRegistrationDtos.cs","79","24","Medium Risk"
"RegistrationUrl","property","C:\DoAnTotNghiep\V-Shield-2.0\API\API\API\DTOs\PreRegistrationDtos.cs","80","2","Medium Risk"
"ExpiredAt","property","C:\DoAnTotNghiep\V-Shield-2.0\API\API\API\DTOs\PreRegistrationDtos.cs","81","15","Medium Risk"
"ValidateTokenResponseDto","class","C:\DoAnTotNghiep\V-Shield-2.0\API\API\API\DTOs\PreRegistrationDtos.cs","84","2","Medium Risk"
"HostEmployeeName","property","C:\DoAnTotNghiep\V-Shield-2.0\API\API\API\DTOs\PreRegistrationDtos.cs","86","5","Safe"
"HostEmployeePhone","property","C:\DoAnTotNghiep\V-Shield-2.0\API\API\API\DTOs\PreRegistrationDtos.cs","87","2","Safe"
"HostEmployeeEmail","property","C:\DoAnTotNghiep\V-Shield-2.0\API\API\API\DTOs\PreRegistrationDtos.cs","88","2","Medium Risk"
"HostDepartmentName","property","C:\DoAnTotNghiep\V-Shield-2.0\API\API\API\DTOs\PreRegistrationDtos.cs","89","2","Safe"
"HostPositionName","property","C:\DoAnTotNghiep\V-Shield-2.0\API\API\API\DTOs\PreRegistrationDtos.cs","90","2","Medium Risk"
"HostFaceImageUrl","property","C:\DoAnTotNghiep\V-Shield-2.0\API\API\API\DTOs\PreRegistrationDtos.cs","91","2","Medium Risk"
"HostLicensePlates","property","C:\DoAnTotNghiep\V-Shield-2.0\API\API\API\DTOs\PreRegistrationDtos.cs","92","2","Medium Risk"
"ExpiredAt","property","C:\DoAnTotNghiep\V-Shield-2.0\API\API\API\DTOs\PreRegistrationDtos.cs","93","15","Medium Risk"
"RegistrationListItemDto","class","C:\DoAnTotNghiep\V-Shield-2.0\API\API\API\DTOs\PreRegistrationDtos.cs","96","3","Medium Risk"
"RegistrationId","property","C:\DoAnTotNghiep\V-Shield-2.0\API\API\API\DTOs\PreRegistrationDtos.cs","98","60","Medium Risk"
"GuestId","property","C:\DoAnTotNghiep\V-Shield-2.0\API\API\API\DTOs\PreRegistrationDtos.cs","99","41","Medium Risk"
"GuestFullName","property","C:\DoAnTotNghiep\V-Shield-2.0\API\API\API\DTOs\PreRegistrationDtos.cs","100","3","Safe"
"GuestPhone","property","C:\DoAnTotNghiep\V-Shield-2.0\API\API\API\DTOs\PreRegistrationDtos.cs","101","3","Safe"
"ExpectedTimeIn","property","C:\DoAnTotNghiep\V-Shield-2.0\API\API\API\DTOs\PreRegistrationDtos.cs","102","18","Medium Risk"
"ExpectedTimeOut","property","C:\DoAnTotNghiep\V-Shield-2.0\API\API\API\DTOs\PreRegistrationDtos.cs","103","12","Medium Risk"
"NumberOfVisitors","property","C:\DoAnTotNghiep\V-Shield-2.0\API\API\API\DTOs\PreRegistrationDtos.cs","104","12","Medium Risk"
"Status","property","C:\DoAnTotNghiep\V-Shield-2.0\API\API\API\DTOs\PreRegistrationDtos.cs","105","85","Medium Risk"
"HostEmployeeName","property","C:\DoAnTotNghiep\V-Shield-2.0\API\API\API\DTOs\PreRegistrationDtos.cs","106","5","Safe"
"CreatedAt","property","C:\DoAnTotNghiep\V-Shield-2.0\API\API\API\DTOs\PreRegistrationDtos.cs","107","75","Medium Risk"
"RegistrationDetailDto","class","C:\DoAnTotNghiep\V-Shield-2.0\API\API\API\DTOs\PreRegistrationDtos.cs","111","2","Medium Risk"
"new","method","C:\DoAnTotNghiep\V-Shield-2.0\API\API\API\DTOs\PreRegistrationDtos.cs","113","565","Medium Risk"
"Visitors","property","C:\DoAnTotNghiep\V-Shield-2.0\API\API\API\DTOs\PreRegistrationDtos.cs","113","7","Medium Risk"
"new","method","C:\DoAnTotNghiep\V-Shield-2.0\API\API\API\DTOs\PreRegistrationDtos.cs","114","565","Medium Risk"
"AccessLogs","property","C:\DoAnTotNghiep\V-Shield-2.0\API\API\API\DTOs\PreRegistrationDtos.cs","114","70","Medium Risk"
"AccessLogDto","class","C:\DoAnTotNghiep\V-Shield-2.0\API\API\API\DTOs\PreRegistrationDtos.cs","117","3","Safe"
"LogId","property","C:\DoAnTotNghiep\V-Shield-2.0\API\API\API\DTOs\PreRegistrationDtos.cs","119","26","Medium Risk"
"Timestamp","property","C:\DoAnTotNghiep\V-Shield-2.0\API\API\API\DTOs\PreRegistrationDtos.cs","120","43","Medium Risk"
"Direction","property","C:\DoAnTotNghiep\V-Shield-2.0\API\API\API\DTOs\PreRegistrationDtos.cs","121","31","Medium Risk"
"CapturedLicensePlate","property","C:\DoAnTotNghiep\V-Shield-2.0\API\API\API\DTOs\PreRegistrationDtos.cs","122","33","Medium Risk"
"ResultStatus","property","C:\DoAnTotNghiep\V-Shield-2.0\API\API\API\DTOs\PreRegistrationDtos.cs","123","27","Medium Risk"
"Note","property","C:\DoAnTotNghiep\V-Shield-2.0\API\API\API\DTOs\PreRegistrationDtos.cs","124","30","Medium Risk"
"API.DTOs","namespace","C:\DoAnTotNghiep\V-Shield-2.0\API\API\API\DTOs\SetCamRequest.cs","1","31","High Risk"
"SetCamRequest","class","C:\DoAnTotNghiep\V-Shield-2.0\API\API\API\DTOs\SetCamRequest.cs","3","3","Safe"
"CameraName","property","C:\DoAnTotNghiep\V-Shield-2.0\API\API\API\DTOs\SetCamRequest.cs","5","34","Medium Risk"
"GateId","property","C:\DoAnTotNghiep\V-Shield-2.0\API\API\API\DTOs\SetCamRequest.cs","6","100","Medium Risk"
"CameraType","property","C:\DoAnTotNghiep\V-Shield-2.0\API\API\API\DTOs\SetCamRequest.cs","7","22","Medium Risk"
"StreamUrl","property","C:\DoAnTotNghiep\V-Shield-2.0\API\API\API\DTOs\SetCamRequest.cs","8","30","Medium Risk"
"API.DTOs","namespace","C:\DoAnTotNghiep\V-Shield-2.0\API\API\API\DTOs\UpdateEmployeeRequest.cs","3","31","High Risk"
"UpdateEmployeeRequest","class","C:\DoAnTotNghiep\V-Shield-2.0\API\API\API\DTOs\UpdateEmployeeRequest.cs","5","2","Safe"
"FullName","property","C:\DoAnTotNghiep\V-Shield-2.0\API\API\API\DTOs\UpdateEmployeeRequest.cs","8","110","Medium Risk"
"DepartmentId","property","C:\DoAnTotNghiep\V-Shield-2.0\API\API\API\DTOs\UpdateEmployeeRequest.cs","10","82","Medium Risk"
"PositionId","property","C:\DoAnTotNghiep\V-Shield-2.0\API\API\API\DTOs\UpdateEmployeeRequest.cs","12","82","Medium Risk"
"Phone","property","C:\DoAnTotNghiep\V-Shield-2.0\API\API\API\DTOs\UpdateEmployeeRequest.cs","15","53","Medium Risk"
"Email","property","C:\DoAnTotNghiep\V-Shield-2.0\API\API\API\DTOs\UpdateEmployeeRequest.cs","19","36","Medium Risk"
"FaceImageUrl","property","C:\DoAnTotNghiep\V-Shield-2.0\API\API\API\DTOs\UpdateEmployeeRequest.cs","22","43","Medium Risk"
"Status","property","C:\DoAnTotNghiep\V-Shield-2.0\API\API\API\DTOs\UpdateEmployeeRequest.cs","24","85","Medium Risk"
"API.DTOs","namespace","C:\DoAnTotNghiep\V-Shield-2.0\API\API\API\DTOs\UpdateUserRequest.cs","3","31","High Risk"
"UpdateUserRequest","class","C:\DoAnTotNghiep\V-Shield-2.0\API\API\API\DTOs\UpdateUserRequest.cs","5","2","Safe"
"FullName","property","C:\DoAnTotNghiep\V-Shield-2.0\API\API\API\DTOs\UpdateUserRequest.cs","8","110","Medium Risk"
"Role","property","C:\DoAnTotNghiep\V-Shield-2.0\API\API\API\DTOs\UpdateUserRequest.cs","12","26","Medium Risk"
"IsActive","property","C:\DoAnTotNghiep\V-Shield-2.0\API\API\API\DTOs\UpdateUserRequest.cs","14","27","Medium Risk"
"Password","property","C:\DoAnTotNghiep\V-Shield-2.0\API\API\API\DTOs\UpdateUserRequest.cs","18","13","Safe"
"EmployeeId","property","C:\DoAnTotNghiep\V-Shield-2.0\API\API\API\DTOs\UpdateUserRequest.cs","20","237","Medium Risk"
"API.DTOs","namespace","C:\DoAnTotNghiep\V-Shield-2.0\API\API\API\DTOs\UserResponse.cs","1","31","High Risk"
"UserResponse","class","C:\DoAnTotNghiep\V-Shield-2.0\API\API\API\DTOs\UserResponse.cs","3","6","Safe"
"UserId","property","C:\DoAnTotNghiep\V-Shield-2.0\API\API\API\DTOs\UserResponse.cs","5","21","Medium Risk"
"Username","property","C:\DoAnTotNghiep\V-Shield-2.0\API\API\API\DTOs\UserResponse.cs","6","34","Medium Risk"
"FullName","property","C:\DoAnTotNghiep\V-Shield-2.0\API\API\API\DTOs\UserResponse.cs","7","110","Medium Risk"
"Role","property","C:\DoAnTotNghiep\V-Shield-2.0\API\API\API\DTOs\UserResponse.cs","8","26","Medium Risk"
"IsActive","property","C:\DoAnTotNghiep\V-Shield-2.0\API\API\API\DTOs\UserResponse.cs","9","27","Medium Risk"
"CreatedAt","property","C:\DoAnTotNghiep\V-Shield-2.0\API\API\API\DTOs\UserResponse.cs","10","75","Medium Risk"
"EmployeeId","property","C:\DoAnTotNghiep\V-Shield-2.0\API\API\API\DTOs\UserResponse.cs","11","237","Medium Risk"
"API.DTOs","namespace","C:\DoAnTotNghiep\V-Shield-2.0\API\API\API\DTOs\VehicleDtos.cs","1","31","High Risk"
"VehicleDto","class","C:\DoAnTotNghiep\V-Shield-2.0\API\API\API\DTOs\VehicleDtos.cs","6","14","Medium Risk"
"VehicleId","property","C:\DoAnTotNghiep\V-Shield-2.0\API\API\API\DTOs\VehicleDtos.cs","8","22","Medium Risk"
"LicensePlate","property","C:\DoAnTotNghiep\V-Shield-2.0\API\API\API\DTOs\VehicleDtos.cs","9","42","Medium Risk"
"VehicleTypeId","property","C:\DoAnTotNghiep\V-Shield-2.0\API\API\API\DTOs\VehicleDtos.cs","10","46","Medium Risk"
"VehicleTypeName","property","C:\DoAnTotNghiep\V-Shield-2.0\API\API\API\DTOs\VehicleDtos.cs","11","2","Medium Risk"
"EmployeeId","property","C:\DoAnTotNghiep\V-Shield-2.0\API\API\API\DTOs\VehicleDtos.cs","12","237","Medium Risk"
"EmployeeFullName","property","C:\DoAnTotNghiep\V-Shield-2.0\API\API\API\DTOs\VehicleDtos.cs","13","2","Safe"
"Description","property","C:\DoAnTotNghiep\V-Shield-2.0\API\API\API\DTOs\VehicleDtos.cs","14","40","Medium Risk"
"VehicleTypeDto","class","C:\DoAnTotNghiep\V-Shield-2.0\API\API\API\DTOs\VehicleDtos.cs","17","4","Medium Risk"
"VehicleTypeId","property","C:\DoAnTotNghiep\V-Shield-2.0\API\API\API\DTOs\VehicleDtos.cs","19","46","Medium Risk"
"TypeName","property","C:\DoAnTotNghiep\V-Shield-2.0\API\API\API\DTOs\VehicleDtos.cs","20","17","Medium Risk"
"CreateVehicleDto","class","C:\DoAnTotNghiep\V-Shield-2.0\API\API\API\DTOs\VehicleDtos.cs","24","4","Medium Risk"
"LicensePlate","property","C:\DoAnTotNghiep\V-Shield-2.0\API\API\API\DTOs\VehicleDtos.cs","28","42","Medium Risk"
"VehicleTypeId","property","C:\DoAnTotNghiep\V-Shield-2.0\API\API\API\DTOs\VehicleDtos.cs","30","46","Medium Risk"
"EmployeeId","property","C:\DoAnTotNghiep\V-Shield-2.0\API\API\API\DTOs\VehicleDtos.cs","33","237","Medium Risk"
"Description","property","C:\DoAnTotNghiep\V-Shield-2.0\API\API\API\DTOs\VehicleDtos.cs","36","40","Medium Risk"
"UpdateVehicleDto","class","C:\DoAnTotNghiep\V-Shield-2.0\API\API\API\DTOs\VehicleDtos.cs","40","4","Medium Risk"
"LicensePlate","property","C:\DoAnTotNghiep\V-Shield-2.0\API\API\API\DTOs\VehicleDtos.cs","43","42","Medium Risk"
"VehicleTypeId","property","C:\DoAnTotNghiep\V-Shield-2.0\API\API\API\DTOs\VehicleDtos.cs","45","46","Medium Risk"
"EmployeeId","property","C:\DoAnTotNghiep\V-Shield-2.0\API\API\API\DTOs\VehicleDtos.cs","47","237","Medium Risk"
"Description","property","C:\DoAnTotNghiep\V-Shield-2.0\API\API\API\DTOs\VehicleDtos.cs","50","40","Medium Risk"
"API.Hubs","namespace","C:\DoAnTotNghiep\V-Shield-2.0\API\API\API\Hubs\EmployeeStatsHub.cs","3","4","Medium Risk"
"ReceiveStatsUpdate","json-key","C:\DoAnTotNghiep\V-Shield-2.0\API\API\API\Hubs\EmployeeStatsHub.cs","8","0","Critical"
"EmployeeStatsHub","class","C:\DoAnTotNghiep\V-Shield-2.0\API\API\API\Hubs\EmployeeStatsHub.cs","10","6","Safe"
"JoinStatsGroup","method","C:\DoAnTotNghiep\V-Shield-2.0\API\API\API\Hubs\EmployeeStatsHub.cs","15","1","Medium Risk"
"LeaveStatsGroup","method","C:\DoAnTotNghiep\V-Shield-2.0\API\API\API\Hubs\EmployeeStatsHub.cs","23","1","Safe"
"API.Migrations","namespace","C:\DoAnTotNghiep\V-Shield-2.0\API\API\API\Migrations\20260522060405_InitialCreate.cs","8","3","Medium Risk"
"InitialCreate","class","C:\DoAnTotNghiep\V-Shield-2.0\API\API\API\Migrations\20260522060405_InitialCreate.cs","11","4","Medium Risk"
"Up","method","C:\DoAnTotNghiep\V-Shield-2.0\API\API\API\Migrations\20260522060405_InitialCreate.cs","14","3","Safe"
"Down","method","C:\DoAnTotNghiep\V-Shield-2.0\API\API\API\Migrations\20260522060405_InitialCreate.cs","652","1","Safe"
"API.Migrations","namespace","C:\DoAnTotNghiep\V-Shield-2.0\API\API\API\Migrations\20260522060405_InitialCreate.Designer.cs","12","3","Medium Risk"
"InitialCreate","class","C:\DoAnTotNghiep\V-Shield-2.0\API\API\API\Migrations\20260522060405_InitialCreate.Designer.cs","16","4","Medium Risk"
"BuildTargetModel","method","C:\DoAnTotNghiep\V-Shield-2.0\API\API\API\Migrations\20260522060405_InitialCreate.Designer.cs","19","1","Medium Risk"
"API.Migrations","namespace","C:\DoAnTotNghiep\V-Shield-2.0\API\API\API\Migrations\ApplicationDbContextModelSnapshot.cs","11","3","Medium Risk"
"ApplicationDbContextModelSnapshot","class","C:\DoAnTotNghiep\V-Shield-2.0\API\API\API\Migrations\ApplicationDbContextModelSnapshot.cs","14","1","Medium Risk"
"BuildModel","method","C:\DoAnTotNghiep\V-Shield-2.0\API\API\API\Migrations\ApplicationDbContextModelSnapshot.cs","16","1","Medium Risk"
"API.Models","namespace","C:\DoAnTotNghiep\V-Shield-2.0\API\API\API\Models\AccessLog.cs","7","170","High Risk"
"AccessLog","class","C:\DoAnTotNghiep\V-Shield-2.0\API\API\API\Models\AccessLog.cs","10","24","High Risk"
"LogId","property","C:\DoAnTotNghiep\V-Shield-2.0\API\API\API\Models\AccessLog.cs","13","26","Medium Risk"
"Timestamp","property","C:\DoAnTotNghiep\V-Shield-2.0\API\API\API\Models\AccessLog.cs","16","43","Medium Risk"
"Direction","property","C:\DoAnTotNghiep\V-Shield-2.0\API\API\API\Models\AccessLog.cs","20","31","Medium Risk"
"GateId","property","C:\DoAnTotNghiep\V-Shield-2.0\API\API\API\Models\AccessLog.cs","22","100","Medium Risk"
"CameraId","property","C:\DoAnTotNghiep\V-Shield-2.0\API\API\API\Models\AccessLog.cs","24","64","Medium Risk"
"CapturedLicensePlate","property","C:\DoAnTotNghiep\V-Shield-2.0\API\API\API\Models\AccessLog.cs","27","33","Medium Risk"
"CapturedFaceImageUrl","property","C:\DoAnTotNghiep\V-Shield-2.0\API\API\API\Models\AccessLog.cs","31","11","Medium Risk"
"EmployeeId","property","C:\DoAnTotNghiep\V-Shield-2.0\API\API\API\Models\AccessLog.cs","33","237","Medium Risk"
"RegistrationId","property","C:\DoAnTotNghiep\V-Shield-2.0\API\API\API\Models\AccessLog.cs","35","60","Medium Risk"
"ResultStatus","property","C:\DoAnTotNghiep\V-Shield-2.0\API\API\API\Models\AccessLog.cs","39","27","Medium Risk"
"IsBypass","property","C:\DoAnTotNghiep\V-Shield-2.0\API\API\API\Models\AccessLog.cs","41","27","Medium Risk"
"ExceptionReasonId","property","C:\DoAnTotNghiep\V-Shield-2.0\API\API\API\Models\AccessLog.cs","43","23","Medium Risk"
"Note","property","C:\DoAnTotNghiep\V-Shield-2.0\API\API\API\Models\AccessLog.cs","46","30","Medium Risk"
"EntryLogId","property","C:\DoAnTotNghiep\V-Shield-2.0\API\API\API\Models\AccessLog.cs","48","16","Medium Risk"
"Camera","property","C:\DoAnTotNghiep\V-Shield-2.0\API\API\API\Models\AccessLog.cs","52","139","Medium Risk"
"Employee","property","C:\DoAnTotNghiep\V-Shield-2.0\API\API\API\Models\AccessLog.cs","56","129","Medium Risk"
"EntryLog","property","C:\DoAnTotNghiep\V-Shield-2.0\API\API\API\Models\AccessLog.cs","60","7","Safe"
"ExceptionReason","property","C:\DoAnTotNghiep\V-Shield-2.0\API\API\API\Models\AccessLog.cs","64","19","Medium Risk"
"Gate","property","C:\DoAnTotNghiep\V-Shield-2.0\API\API\API\Models\AccessLog.cs","68","61","Medium Risk"
"InverseEntryLog","property","C:\DoAnTotNghiep\V-Shield-2.0\API\API\API\Models\AccessLog.cs","71","7","Medium Risk"
"Registration","property","C:\DoAnTotNghiep\V-Shield-2.0\API\API\API\Models\AccessLog.cs","75","29","Medium Risk"
"GuestId","property","C:\DoAnTotNghiep\V-Shield-2.0\API\API\API\Models\AccessLog.cs","76","41","Medium Risk"
"VisitorDetailId","property","C:\DoAnTotNghiep\V-Shield-2.0\API\API\API\Models\AccessLog.cs","77","70","Medium Risk"
"VisitorDetail","property","C:\DoAnTotNghiep\V-Shield-2.0\API\API\API\Models\AccessLog.cs","78","26","Medium Risk"
"API.Models","namespace","C:\DoAnTotNghiep\V-Shield-2.0\API\API\API\Models\AccessPermissions.cs","5","170","High Risk"
"EmployeeAccessPermission","class","C:\DoAnTotNghiep\V-Shield-2.0\API\API\API\Models\AccessPermissions.cs","9","5","Medium Risk"
"Id","property","C:\DoAnTotNghiep\V-Shield-2.0\API\API\API\Models\AccessPermissions.cs","12","70","Medium Risk"
"EmployeeId","property","C:\DoAnTotNghiep\V-Shield-2.0\API\API\API\Models\AccessPermissions.cs","15","237","Medium Risk"
"GateId","property","C:\DoAnTotNghiep\V-Shield-2.0\API\API\API\Models\AccessPermissions.cs","18","100","Medium Risk"
"IsAllowed","property","C:\DoAnTotNghiep\V-Shield-2.0\API\API\API\Models\AccessPermissions.cs","20","16","Medium Risk"
"CreatedAt","property","C:\DoAnTotNghiep\V-Shield-2.0\API\API\API\Models\AccessPermissions.cs","22","75","Medium Risk"
"VisitorAccessPermission","class","C:\DoAnTotNghiep\V-Shield-2.0\API\API\API\Models\AccessPermissions.cs","27","5","Medium Risk"
"Id","property","C:\DoAnTotNghiep\V-Shield-2.0\API\API\API\Models\AccessPermissions.cs","30","70","Medium Risk"
"VisitorDetailId","property","C:\DoAnTotNghiep\V-Shield-2.0\API\API\API\Models\AccessPermissions.cs","33","70","Medium Risk"
"GateId","property","C:\DoAnTotNghiep\V-Shield-2.0\API\API\API\Models\AccessPermissions.cs","36","100","Medium Risk"
"IsAllowed","property","C:\DoAnTotNghiep\V-Shield-2.0\API\API\API\Models\AccessPermissions.cs","38","16","Medium Risk"
"CreatedAt","property","C:\DoAnTotNghiep\V-Shield-2.0\API\API\API\Models\AccessPermissions.cs","40","75","Medium Risk"
"API.Models","namespace","C:\DoAnTotNghiep\V-Shield-2.0\API\API\API\Models\AppUser.cs","4","170","High Risk"
"AppUser","class","C:\DoAnTotNghiep\V-Shield-2.0\API\API\API\Models\AppUser.cs","7","20","Safe"
"UserId","property","C:\DoAnTotNghiep\V-Shield-2.0\API\API\API\Models\AppUser.cs","10","21","Medium Risk"
"Username","property","C:\DoAnTotNghiep\V-Shield-2.0\API\API\API\Models\AppUser.cs","14","34","Medium Risk"
"PasswordHash","property","C:\DoAnTotNghiep\V-Shield-2.0\API\API\API\Models\AppUser.cs","18","11","Safe"
"FullName","property","C:\DoAnTotNghiep\V-Shield-2.0\API\API\API\Models\AppUser.cs","21","110","Medium Risk"
"Role","property","C:\DoAnTotNghiep\V-Shield-2.0\API\API\API\Models\AppUser.cs","26","26","Medium Risk"
"IsActive","property","C:\DoAnTotNghiep\V-Shield-2.0\API\API\API\Models\AppUser.cs","28","27","Medium Risk"
"CreatedAt","property","C:\DoAnTotNghiep\V-Shield-2.0\API\API\API\Models\AppUser.cs","30","75","Medium Risk"
"EmployeeId","property","C:\DoAnTotNghiep\V-Shield-2.0\API\API\API\Models\AppUser.cs","33","237","Medium Risk"
"Employee","property","C:\DoAnTotNghiep\V-Shield-2.0\API\API\API\Models\AppUser.cs","36","129","Medium Risk"
"API.Models","namespace","C:\DoAnTotNghiep\V-Shield-2.0\API\API\API\Models\Camera.cs","7","170","High Risk"
"Camera","class","C:\DoAnTotNghiep\V-Shield-2.0\API\API\API\Models\Camera.cs","10","139","High Risk"
"CameraId","property","C:\DoAnTotNghiep\V-Shield-2.0\API\API\API\Models\Camera.cs","13","64","Medium Risk"
"CameraName","property","C:\DoAnTotNghiep\V-Shield-2.0\API\API\API\Models\Camera.cs","16","34","Medium Risk"
"GateId","property","C:\DoAnTotNghiep\V-Shield-2.0\API\API\API\Models\Camera.cs","18","100","Medium Risk"
"CameraType","property","C:\DoAnTotNghiep\V-Shield-2.0\API\API\API\Models\Camera.cs","22","22","Medium Risk"
"StreamUrl","property","C:\DoAnTotNghiep\V-Shield-2.0\API\API\API\Models\Camera.cs","24","30","Medium Risk"
"UrlView","property","C:\DoAnTotNghiep\V-Shield-2.0\API\API\API\Models\Camera.cs","26","21","Medium Risk"
"AccessLogs","property","C:\DoAnTotNghiep\V-Shield-2.0\API\API\API\Models\Camera.cs","30","70","Medium Risk"
"Gate","property","C:\DoAnTotNghiep\V-Shield-2.0\API\API\API\Models\Camera.cs","34","61","Medium Risk"
"API.Models","namespace","C:\DoAnTotNghiep\V-Shield-2.0\API\API\API\Models\CameraPlate.cs","4","170","High Risk"
"CameraPlate","class","C:\DoAnTotNghiep\V-Shield-2.0\API\API\API\Models\CameraPlate.cs","6","4","Safe"
"CameraIP","property","C:\DoAnTotNghiep\V-Shield-2.0\API\API\API\Models\CameraPlate.cs","9","14","Medium Risk"
"PlateNumber","property","C:\DoAnTotNghiep\V-Shield-2.0\API\API\API\Models\CameraPlate.cs","11","8","Safe"
"X1","property","C:\DoAnTotNghiep\V-Shield-2.0\API\API\API\Models\CameraPlate.cs","13","7","Safe"
"Y1","property","C:\DoAnTotNghiep\V-Shield-2.0\API\API\API\Models\CameraPlate.cs","14","7","Safe"
"X2","property","C:\DoAnTotNghiep\V-Shield-2.0\API\API\API\Models\CameraPlate.cs","15","7","Safe"
"Y2","property","C:\DoAnTotNghiep\V-Shield-2.0\API\API\API\Models\CameraPlate.cs","16","7","Safe"
"LastUpdate","property","C:\DoAnTotNghiep\V-Shield-2.0\API\API\API\Models\CameraPlate.cs","18","11","Safe"
"API.Models","namespace","C:\DoAnTotNghiep\V-Shield-2.0\API\API\API\Models\Department.cs","7","170","High Risk"
"Department","class","C:\DoAnTotNghiep\V-Shield-2.0\API\API\API\Models\Department.cs","10","50","High Risk"
"DepartmentId","property","C:\DoAnTotNghiep\V-Shield-2.0\API\API\API\Models\Department.cs","13","82","Medium Risk"
"Name","property","C:\DoAnTotNghiep\V-Shield-2.0\API\API\API\Models\Department.cs","16","113","Medium Risk"
"Employees","property","C:\DoAnTotNghiep\V-Shield-2.0\API\API\API\Models\Department.cs","19","64","Medium Risk"
"API.Models","namespace","C:\DoAnTotNghiep\V-Shield-2.0\API\API\API\Models\DynamicQrScanLog.cs","3","170","High Risk"
"DynamicQrScanLog","class","C:\DoAnTotNghiep\V-Shield-2.0\API\API\API\Models\DynamicQrScanLog.cs","5","7","Medium Risk"
"Id","property","C:\DoAnTotNghiep\V-Shield-2.0\API\API\API\Models\DynamicQrScanLog.cs","7","70","Medium Risk"
"EmployeeId","property","C:\DoAnTotNghiep\V-Shield-2.0\API\API\API\Models\DynamicQrScanLog.cs","9","237","Medium Risk"
"QrPayload","property","C:\DoAnTotNghiep\V-Shield-2.0\API\API\API\Models\DynamicQrScanLog.cs","11","42","Medium Risk"
"IsValid","property","C:\DoAnTotNghiep\V-Shield-2.0\API\API\API\Models\DynamicQrScanLog.cs","13","16","Medium Risk"
"Message","property","C:\DoAnTotNghiep\V-Shield-2.0\API\API\API\Models\DynamicQrScanLog.cs","15","68","Medium Risk"
"ScannerDevice","property","C:\DoAnTotNghiep\V-Shield-2.0\API\API\API\Models\DynamicQrScanLog.cs","17","16","Medium Risk"
"ScannedAt","property","C:\DoAnTotNghiep\V-Shield-2.0\API\API\API\Models\DynamicQrScanLog.cs","19","6","Safe"
"API.Models","namespace","C:\DoAnTotNghiep\V-Shield-2.0\API\API\API\Models\Employee.cs","7","170","High Risk"
"Employee","class","C:\DoAnTotNghiep\V-Shield-2.0\API\API\API\Models\Employee.cs","10","129","High Risk"
"EmployeeId","property","C:\DoAnTotNghiep\V-Shield-2.0\API\API\API\Models\Employee.cs","13","237","Medium Risk"
"DepartmentId","property","C:\DoAnTotNghiep\V-Shield-2.0\API\API\API\Models\Employee.cs","15","82","Medium Risk"
"PositionId","property","C:\DoAnTotNghiep\V-Shield-2.0\API\API\API\Models\Employee.cs","17","82","Medium Risk"
"FullName","property","C:\DoAnTotNghiep\V-Shield-2.0\API\API\API\Models\Employee.cs","20","110","Medium Risk"
"Phone","property","C:\DoAnTotNghiep\V-Shield-2.0\API\API\API\Models\Employee.cs","23","53","Medium Risk"
"Email","property","C:\DoAnTotNghiep\V-Shield-2.0\API\API\API\Models\Employee.cs","26","36","Medium Risk"
"FaceImageUrl","property","C:\DoAnTotNghiep\V-Shield-2.0\API\API\API\Models\Employee.cs","30","43","Medium Risk"
"Status","property","C:\DoAnTotNghiep\V-Shield-2.0\API\API\API\Models\Employee.cs","32","85","Medium Risk"
"AccessLogs","property","C:\DoAnTotNghiep\V-Shield-2.0\API\API\API\Models\Employee.cs","35","70","Medium Risk"
"Department","property","C:\DoAnTotNghiep\V-Shield-2.0\API\API\API\Models\Employee.cs","39","50","Medium Risk"
"Position","property","C:\DoAnTotNghiep\V-Shield-2.0\API\API\API\Models\Employee.cs","43","50","Medium Risk"
"PreRegistrations","property","C:\DoAnTotNghiep\V-Shield-2.0\API\API\API\Models\Employee.cs","46","28","Medium Risk"
"Vehicles","property","C:\DoAnTotNghiep\V-Shield-2.0\API\API\API\Models\Employee.cs","49","40","Medium Risk"
"AppUser","property","C:\DoAnTotNghiep\V-Shield-2.0\API\API\API\Models\Employee.cs","53","20","Medium Risk"
"API.Models","namespace","C:\DoAnTotNghiep\V-Shield-2.0\API\API\API\Models\EmployeeDynamicQr.cs","3","170","High Risk"
"EmployeeDynamicQr","class","C:\DoAnTotNghiep\V-Shield-2.0\API\API\API\Models\EmployeeDynamicQr.cs","5","8","Medium Risk"
"Id","property","C:\DoAnTotNghiep\V-Shield-2.0\API\API\API\Models\EmployeeDynamicQr.cs","7","70","Medium Risk"
"EmployeeId","property","C:\DoAnTotNghiep\V-Shield-2.0\API\API\API\Models\EmployeeDynamicQr.cs","9","237","Medium Risk"
"SecretKey","property","C:\DoAnTotNghiep\V-Shield-2.0\API\API\API\Models\EmployeeDynamicQr.cs","11","10","Safe"
"TimeStepSeconds","property","C:\DoAnTotNghiep\V-Shield-2.0\API\API\API\Models\EmployeeDynamicQr.cs","13","11","Medium Risk"
"Digits","property","C:\DoAnTotNghiep\V-Shield-2.0\API\API\API\Models\EmployeeDynamicQr.cs","15","8","Medium Risk"
"IsActive","property","C:\DoAnTotNghiep\V-Shield-2.0\API\API\API\Models\EmployeeDynamicQr.cs","17","27","Medium Risk"
"LastUsedCounter","property","C:\DoAnTotNghiep\V-Shield-2.0\API\API\API\Models\EmployeeDynamicQr.cs","19","6","Safe"
"CreatedAt","property","C:\DoAnTotNghiep\V-Shield-2.0\API\API\API\Models\EmployeeDynamicQr.cs","21","75","Medium Risk"
"UpdatedAt","property","C:\DoAnTotNghiep\V-Shield-2.0\API\API\API\Models\EmployeeDynamicQr.cs","23","10","Safe"
"Employee","property","C:\DoAnTotNghiep\V-Shield-2.0\API\API\API\Models\EmployeeDynamicQr.cs","26","129","Medium Risk"
"API.Models","namespace","C:\DoAnTotNghiep\V-Shield-2.0\API\API\API\Models\EmployeeFaceModel.cs","4","170","High Risk"
"EmployeeFaceModel","class","C:\DoAnTotNghiep\V-Shield-2.0\API\API\API\Models\EmployeeFaceModel.cs","6","7","Safe"
"Id","property","C:\DoAnTotNghiep\V-Shield-2.0\API\API\API\Models\EmployeeFaceModel.cs","9","70","Medium Risk"
"EmployeeId","property","C:\DoAnTotNghiep\V-Shield-2.0\API\API\API\Models\EmployeeFaceModel.cs","11","237","Medium Risk"
"ModelFileName","property","C:\DoAnTotNghiep\V-Shield-2.0\API\API\API\Models\EmployeeFaceModel.cs","13","8","Medium Risk"
"ModelPath","property","C:\DoAnTotNghiep\V-Shield-2.0\API\API\API\Models\EmployeeFaceModel.cs","15","9","Safe"
"CreatedAt","property","C:\DoAnTotNghiep\V-Shield-2.0\API\API\API\Models\EmployeeFaceModel.cs","17","75","Medium Risk"
"Employee","property","C:\DoAnTotNghiep\V-Shield-2.0\API\API\API\Models\EmployeeFaceModel.cs","19","129","Medium Risk"
"API.Models","namespace","C:\DoAnTotNghiep\V-Shield-2.0\API\API\API\Models\EmployeeFaceVideo.cs","4","170","High Risk"
"EmployeeFaceVideo","class","C:\DoAnTotNghiep\V-Shield-2.0\API\API\API\Models\EmployeeFaceVideo.cs","6","8","Medium Risk"
"Id","property","C:\DoAnTotNghiep\V-Shield-2.0\API\API\API\Models\EmployeeFaceVideo.cs","9","70","Medium Risk"
"EmployeeId","property","C:\DoAnTotNghiep\V-Shield-2.0\API\API\API\Models\EmployeeFaceVideo.cs","11","237","Medium Risk"
"FileName","property","C:\DoAnTotNghiep\V-Shield-2.0\API\API\API\Models\EmployeeFaceVideo.cs","13","24","Medium Risk"
"FilePath","property","C:\DoAnTotNghiep\V-Shield-2.0\API\API\API\Models\EmployeeFaceVideo.cs","15","11","Medium Risk"
"FileSize","property","C:\DoAnTotNghiep\V-Shield-2.0\API\API\API\Models\EmployeeFaceVideo.cs","17","7","Medium Risk"
"CreatedAt","property","C:\DoAnTotNghiep\V-Shield-2.0\API\API\API\Models\EmployeeFaceVideo.cs","19","75","Medium Risk"
"Employee","property","C:\DoAnTotNghiep\V-Shield-2.0\API\API\API\Models\EmployeeFaceVideo.cs","21","129","Medium Risk"
"API.Models","namespace","C:\DoAnTotNghiep\V-Shield-2.0\API\API\API\Models\ExceptionReason.cs","7","170","High Risk"
"ExceptionReason","class","C:\DoAnTotNghiep\V-Shield-2.0\API\API\API\Models\ExceptionReason.cs","11","19","Medium Risk"
"ReasonId","property","C:\DoAnTotNghiep\V-Shield-2.0\API\API\API\Models\ExceptionReason.cs","14","18","Medium Risk"
"ReasonCode","property","C:\DoAnTotNghiep\V-Shield-2.0\API\API\API\Models\ExceptionReason.cs","18","23","Medium Risk"
"Description","property","C:\DoAnTotNghiep\V-Shield-2.0\API\API\API\Models\ExceptionReason.cs","21","40","Medium Risk"
"AccessLogs","property","C:\DoAnTotNghiep\V-Shield-2.0\API\API\API\Models\ExceptionReason.cs","24","70","Medium Risk"
"API.Models","namespace","C:\DoAnTotNghiep\V-Shield-2.0\API\API\API\Models\Gate.cs","7","170","High Risk"
"Gate","class","C:\DoAnTotNghiep\V-Shield-2.0\API\API\API\Models\Gate.cs","10","61","High Risk"
"GateId","property","C:\DoAnTotNghiep\V-Shield-2.0\API\API\API\Models\Gate.cs","13","100","Medium Risk"
"GateName","property","C:\DoAnTotNghiep\V-Shield-2.0\API\API\API\Models\Gate.cs","16","29","Medium Risk"
"Location","property","C:\DoAnTotNghiep\V-Shield-2.0\API\API\API\Models\Gate.cs","19","23","Medium Risk"
"AccessLogs","property","C:\DoAnTotNghiep\V-Shield-2.0\API\API\API\Models\Gate.cs","22","70","Medium Risk"
"Cameras","property","C:\DoAnTotNghiep\V-Shield-2.0\API\API\API\Models\Gate.cs","25","32","Medium Risk"
"API.Models","namespace","C:\DoAnTotNghiep\V-Shield-2.0\API\API\API\Models\GuestProfile.cs","7","170","High Risk"
"GuestProfile","class","C:\DoAnTotNghiep\V-Shield-2.0\API\API\API\Models\GuestProfile.cs","10","24","High Risk"
"GuestId","property","C:\DoAnTotNghiep\V-Shield-2.0\API\API\API\Models\GuestProfile.cs","13","41","Medium Risk"
"FullName","property","C:\DoAnTotNghiep\V-Shield-2.0\API\API\API\Models\GuestProfile.cs","16","110","Medium Risk"
"Phone","property","C:\DoAnTotNghiep\V-Shield-2.0\API\API\API\Models\GuestProfile.cs","19","53","Medium Risk"
"DefaultLicensePlate","property","C:\DoAnTotNghiep\V-Shield-2.0\API\API\API\Models\GuestProfile.cs","22","13","Medium Risk"
"FaceImageUrl","property","C:\DoAnTotNghiep\V-Shield-2.0\API\API\API\Models\GuestProfile.cs","26","43","Medium Risk"
"PreRegistrations","property","C:\DoAnTotNghiep\V-Shield-2.0\API\API\API\Models\GuestProfile.cs","29","28","Medium Risk"
"API.Models","namespace","C:\DoAnTotNghiep\V-Shield-2.0\API\API\API\Models\Position.cs","7","170","High Risk"
"Position","class","C:\DoAnTotNghiep\V-Shield-2.0\API\API\API\Models\Position.cs","10","50","High Risk"
"PositionId","property","C:\DoAnTotNghiep\V-Shield-2.0\API\API\API\Models\Position.cs","13","82","Medium Risk"
"Name","property","C:\DoAnTotNghiep\V-Shield-2.0\API\API\API\Models\Position.cs","16","113","Medium Risk"
"Employees","property","C:\DoAnTotNghiep\V-Shield-2.0\API\API\API\Models\Position.cs","19","64","Medium Risk"
"API.Models","namespace","C:\DoAnTotNghiep\V-Shield-2.0\API\API\API\Models\PreRegistration.cs","7","170","High Risk"
"PreRegistration","class","C:\DoAnTotNghiep\V-Shield-2.0\API\API\API\Models\PreRegistration.cs","10","25","High Risk"
"RegistrationId","property","C:\DoAnTotNghiep\V-Shield-2.0\API\API\API\Models\PreRegistration.cs","13","60","Medium Risk"
"GuestId","property","C:\DoAnTotNghiep\V-Shield-2.0\API\API\API\Models\PreRegistration.cs","15","41","Medium Risk"
"HostEmployeeId","property","C:\DoAnTotNghiep\V-Shield-2.0\API\API\API\Models\PreRegistration.cs","17","31","Medium Risk"
"ExpectedTimeIn","property","C:\DoAnTotNghiep\V-Shield-2.0\API\API\API\Models\PreRegistration.cs","20","18","Medium Risk"
"ExpectedTimeOut","property","C:\DoAnTotNghiep\V-Shield-2.0\API\API\API\Models\PreRegistration.cs","23","12","Medium Risk"
"Status","property","C:\DoAnTotNghiep\V-Shield-2.0\API\API\API\Models\PreRegistration.cs","27","85","Medium Risk"
"AccessLogs","property","C:\DoAnTotNghiep\V-Shield-2.0\API\API\API\Models\PreRegistration.cs","30","70","Medium Risk"
"Guest","property","C:\DoAnTotNghiep\V-Shield-2.0\API\API\API\Models\PreRegistration.cs","34","25","Medium Risk"
"HostEmployee","property","C:\DoAnTotNghiep\V-Shield-2.0\API\API\API\Models\PreRegistration.cs","38","33","Medium Risk"
"NumberOfVisitors","property","C:\DoAnTotNghiep\V-Shield-2.0\API\API\API\Models\PreRegistration.cs","40","12","Medium Risk"
"CreatedAt","property","C:\DoAnTotNghiep\V-Shield-2.0\API\API\API\Models\PreRegistration.cs","43","75","Medium Risk"
"VisitorDetails","property","C:\DoAnTotNghiep\V-Shield-2.0\API\API\API\Models\PreRegistration.cs","48","17","Medium Risk"
"API.Models","namespace","C:\DoAnTotNghiep\V-Shield-2.0\API\API\API\Models\RegistrationLink.cs","6","170","High Risk"
"RegistrationLink","class","C:\DoAnTotNghiep\V-Shield-2.0\API\API\API\Models\RegistrationLink.cs","9","8","Medium Risk"
"LinkId","property","C:\DoAnTotNghiep\V-Shield-2.0\API\API\API\Models\RegistrationLink.cs","12","12","Medium Risk"
"Token","property","C:\DoAnTotNghiep\V-Shield-2.0\API\API\API\Models\RegistrationLink.cs","17","24","Medium Risk"
"HostEmployeeId","property","C:\DoAnTotNghiep\V-Shield-2.0\API\API\API\Models\RegistrationLink.cs","19","31","Medium Risk"
"ExpiredAt","property","C:\DoAnTotNghiep\V-Shield-2.0\API\API\API\Models\RegistrationLink.cs","22","15","Medium Risk"
"IsUsed","property","C:\DoAnTotNghiep\V-Shield-2.0\API\API\API\Models\RegistrationLink.cs","24","11","Medium Risk"
"CreatedAt","property","C:\DoAnTotNghiep\V-Shield-2.0\API\API\API\Models\RegistrationLink.cs","27","75","Medium Risk"
"HostEmployee","property","C:\DoAnTotNghiep\V-Shield-2.0\API\API\API\Models\RegistrationLink.cs","30","33","Medium Risk"
"API.Models","namespace","C:\DoAnTotNghiep\V-Shield-2.0\API\API\API\Models\UploadVideoRequest.cs","3","170","High Risk"
"UploadVideoRequest","class","C:\DoAnTotNghiep\V-Shield-2.0\API\API\API\Models\UploadVideoRequest.cs","5","2","Medium Risk"
"File","property","C:\DoAnTotNghiep\V-Shield-2.0\API\API\API\Models\UploadVideoRequest.cs","7","30","Medium Risk"
"EmployeeId","property","C:\DoAnTotNghiep\V-Shield-2.0\API\API\API\Models\UploadVideoRequest.cs","9","237","Medium Risk"
"API.Models","namespace","C:\DoAnTotNghiep\V-Shield-2.0\API\API\API\Models\Vehicle.cs","7","170","High Risk"
"Vehicle","class","C:\DoAnTotNghiep\V-Shield-2.0\API\API\API\Models\Vehicle.cs","11","28","High Risk"
"VehicleId","property","C:\DoAnTotNghiep\V-Shield-2.0\API\API\API\Models\Vehicle.cs","14","22","Medium Risk"
"LicensePlate","property","C:\DoAnTotNghiep\V-Shield-2.0\API\API\API\Models\Vehicle.cs","17","42","Medium Risk"
"VehicleTypeId","property","C:\DoAnTotNghiep\V-Shield-2.0\API\API\API\Models\Vehicle.cs","19","46","Medium Risk"
"EmployeeId","property","C:\DoAnTotNghiep\V-Shield-2.0\API\API\API\Models\Vehicle.cs","21","237","Medium Risk"
"Description","property","C:\DoAnTotNghiep\V-Shield-2.0\API\API\API\Models\Vehicle.cs","24","40","Medium Risk"
"ParkingStatus","property","C:\DoAnTotNghiep\V-Shield-2.0\API\API\API\Models\Vehicle.cs","28","23","Medium Risk"
"Employee","property","C:\DoAnTotNghiep\V-Shield-2.0\API\API\API\Models\Vehicle.cs","29","129","Medium Risk"
"VehicleType","property","C:\DoAnTotNghiep\V-Shield-2.0\API\API\API\Models\Vehicle.cs","33","37","Medium Risk"
"VisitorDetailId","property","C:\DoAnTotNghiep\V-Shield-2.0\API\API\API\Models\Vehicle.cs","34","70","Medium Risk"
"VisitorDetail","property","C:\DoAnTotNghiep\V-Shield-2.0\API\API\API\Models\Vehicle.cs","35","26","Medium Risk"
"API.Models","namespace","C:\DoAnTotNghiep\V-Shield-2.0\API\API\API\Models\VehicleType.cs","7","170","High Risk"
"VehicleType","class","C:\DoAnTotNghiep\V-Shield-2.0\API\API\API\Models\VehicleType.cs","10","37","High Risk"
"VehicleTypeId","property","C:\DoAnTotNghiep\V-Shield-2.0\API\API\API\Models\VehicleType.cs","13","46","Medium Risk"
"TypeName","property","C:\DoAnTotNghiep\V-Shield-2.0\API\API\API\Models\VehicleType.cs","16","17","Medium Risk"
"Vehicles","property","C:\DoAnTotNghiep\V-Shield-2.0\API\API\API\Models\VehicleType.cs","19","40","Medium Risk"
"API.Models","namespace","C:\DoAnTotNghiep\V-Shield-2.0\API\API\API\Models\VisitorDetail.cs","4","170","High Risk"
"VisitorDetail","class","C:\DoAnTotNghiep\V-Shield-2.0\API\API\API\Models\VisitorDetail.cs","7","26","High Risk"
"VisitorDetailId","property","C:\DoAnTotNghiep\V-Shield-2.0\API\API\API\Models\VisitorDetail.cs","10","70","Medium Risk"
"RegistrationId","property","C:\DoAnTotNghiep\V-Shield-2.0\API\API\API\Models\VisitorDetail.cs","12","60","Medium Risk"
"FullName","property","C:\DoAnTotNghiep\V-Shield-2.0\API\API\API\Models\VisitorDetail.cs","16","110","Medium Risk"
"IdCardNumber","property","C:\DoAnTotNghiep\V-Shield-2.0\API\API\API\Models\VisitorDetail.cs","19","10","Medium Risk"
"ExpectedFaceImage","property","C:\DoAnTotNghiep\V-Shield-2.0\API\API\API\Models\VisitorDetail.cs","20","9","Medium Risk"
"Registration","property","C:\DoAnTotNghiep\V-Shield-2.0\API\API\API\Models\VisitorDetail.cs","24","29","Medium Risk"
"QrSecret","property","C:\DoAnTotNghiep\V-Shield-2.0\API\API\API\Models\VisitorDetail.cs","26","8","Safe"
"QrPayload","property","C:\DoAnTotNghiep\V-Shield-2.0\API\API\API\Models\VisitorDetail.cs","27","42","Medium Risk"
"QrIssuedAt","property","C:\DoAnTotNghiep\V-Shield-2.0\API\API\API\Models\VisitorDetail.cs","28","9","Medium Risk"
"IsQrActive","property","C:\DoAnTotNghiep\V-Shield-2.0\API\API\API\Models\VisitorDetail.cs","29","14","Medium Risk"
"iisSettings","json-key","C:\DoAnTotNghiep\V-Shield-2.0\API\API\API\Properties\launchSettings.json","3","0","Critical"
"windowsAuthentication","json-key","C:\DoAnTotNghiep\V-Shield-2.0\API\API\API\Properties\launchSettings.json","4","0","Critical"
"anonymousAuthentication","json-key","C:\DoAnTotNghiep\V-Shield-2.0\API\API\API\Properties\launchSettings.json","5","0","Critical"
"iisExpress","json-key","C:\DoAnTotNghiep\V-Shield-2.0\API\API\API\Properties\launchSettings.json","6","0","Critical"
"applicationUrl","json-key","C:\DoAnTotNghiep\V-Shield-2.0\API\API\API\Properties\launchSettings.json","7","0","Critical"
"sslPort","json-key","C:\DoAnTotNghiep\V-Shield-2.0\API\API\API\Properties\launchSettings.json","8","0","Critical"
"profiles","json-key","C:\DoAnTotNghiep\V-Shield-2.0\API\API\API\Properties\launchSettings.json","11","0","Critical"
"http","json-key","C:\DoAnTotNghiep\V-Shield-2.0\API\API\API\Properties\launchSettings.json","12","0","Critical"
"commandName","json-key","C:\DoAnTotNghiep\V-Shield-2.0\API\API\API\Properties\launchSettings.json","13","0","Critical"
"dotnetRunMessages","json-key","C:\DoAnTotNghiep\V-Shield-2.0\API\API\API\Properties\launchSettings.json","14","0","Critical"
"launchBrowser","json-key","C:\DoAnTotNghiep\V-Shield-2.0\API\API\API\Properties\launchSettings.json","15","0","Critical"
"launchUrl","json-key","C:\DoAnTotNghiep\V-Shield-2.0\API\API\API\Properties\launchSettings.json","16","0","Critical"
"applicationUrl","json-key","C:\DoAnTotNghiep\V-Shield-2.0\API\API\API\Properties\launchSettings.json","17","0","Critical"
"environmentVariables","json-key","C:\DoAnTotNghiep\V-Shield-2.0\API\API\API\Properties\launchSettings.json","18","0","Critical"
"ASPNETCORE_ENVIRONMENT","json-key","C:\DoAnTotNghiep\V-Shield-2.0\API\API\API\Properties\launchSettings.json","19","0","Critical"
"https","json-key","C:\DoAnTotNghiep\V-Shield-2.0\API\API\API\Properties\launchSettings.json","22","0","Critical"
"commandName","json-key","C:\DoAnTotNghiep\V-Shield-2.0\API\API\API\Properties\launchSettings.json","23","0","Critical"
"dotnetRunMessages","json-key","C:\DoAnTotNghiep\V-Shield-2.0\API\API\API\Properties\launchSettings.json","24","0","Critical"
"launchBrowser","json-key","C:\DoAnTotNghiep\V-Shield-2.0\API\API\API\Properties\launchSettings.json","25","0","Critical"
"launchUrl","json-key","C:\DoAnTotNghiep\V-Shield-2.0\API\API\API\Properties\launchSettings.json","26","0","Critical"
"applicationUrl","json-key","C:\DoAnTotNghiep\V-Shield-2.0\API\API\API\Properties\launchSettings.json","27","0","Critical"
"environmentVariables","json-key","C:\DoAnTotNghiep\V-Shield-2.0\API\API\API\Properties\launchSettings.json","28","0","Critical"
"ASPNETCORE_ENVIRONMENT","json-key","C:\DoAnTotNghiep\V-Shield-2.0\API\API\API\Properties\launchSettings.json","29","0","Critical"
"commandName","json-key","C:\DoAnTotNghiep\V-Shield-2.0\API\API\API\Properties\launchSettings.json","33","0","Critical"
"launchBrowser","json-key","C:\DoAnTotNghiep\V-Shield-2.0\API\API\API\Properties\launchSettings.json","34","0","Critical"
"launchUrl","json-key","C:\DoAnTotNghiep\V-Shield-2.0\API\API\API\Properties\launchSettings.json","35","0","Critical"
"environmentVariables","json-key","C:\DoAnTotNghiep\V-Shield-2.0\API\API\API\Properties\launchSettings.json","36","0","Critical"
"ASPNETCORE_ENVIRONMENT","json-key","C:\DoAnTotNghiep\V-Shield-2.0\API\API\API\Properties\launchSettings.json","37","0","Critical"
"API.Services","namespace","C:\DoAnTotNghiep\V-Shield-2.0\API\API\API\Services\AuthService.cs","9","13","Medium Risk"
"AuthService","class","C:\DoAnTotNghiep\V-Shield-2.0\API\API\API\Services\AuthService.cs","11","3","Medium Risk"
"LoginAsync","method","C:\DoAnTotNghiep\V-Shield-2.0\API\API\API\Services\AuthService.cs","22","3","Medium Risk"
"NormalizeUsername","method","C:\DoAnTotNghiep\V-Shield-2.0\API\API\API\Services\AuthService.cs","78","6","Medium Risk"
"API.Services","namespace","C:\DoAnTotNghiep\V-Shield-2.0\API\API\API\Services\IAuthService.cs","3","13","Medium Risk"
"IAuthService","interface","C:\DoAnTotNghiep\V-Shield-2.0\API\API\API\Services\IAuthService.cs","5","5","Medium Risk"
"API.Services","namespace","C:\DoAnTotNghiep\V-Shield-2.0\API\API\API\Services\LanCameraDiscoveryService.cs","9","13","Medium Risk"
"ILanCameraDiscoveryService","interface","C:\DoAnTotNghiep\V-Shield-2.0\API\API\API\Services\LanCameraDiscoveryService.cs","11","5","Medium Risk"
"new","method","C:\DoAnTotNghiep\V-Shield-2.0\API\API\API\Services\LanCameraDiscoveryService.cs","19","565","Medium Risk"
"DiscoverIpWebcamsAsync","method","C:\DoAnTotNghiep\V-Shield-2.0\API\API\API\Services\LanCameraDiscoveryService.cs","34","3","Medium Risk"
"GetPrivateLocalIps","method","C:\DoAnTotNghiep\V-Shield-2.0\API\API\API\Services\LanCameraDiscoveryService.cs","102","2","Medium Risk"
"LooksLikeHotspotInterface","method","C:\DoAnTotNghiep\V-Shield-2.0\API\API\API\Services\LanCameraDiscoveryService.cs","145","2","Medium Risk"
"IsPrivateIpv4","method","C:\DoAnTotNghiep\V-Shield-2.0\API\API\API\Services\LanCameraDiscoveryService.cs","154","2","Medium Risk"
"ToSubnetPrefix","method","C:\DoAnTotNghiep\V-Shield-2.0\API\API\API\Services\LanCameraDiscoveryService.cs","169","2","Medium Risk"
"LooksLikeIpCameraLite","method","C:\DoAnTotNghiep\V-Shield-2.0\API\API\API\Services\LanCameraDiscoveryService.cs","175","5","Medium Risk"
"BuildDisplayName","method","C:\DoAnTotNghiep\V-Shield-2.0\API\API\API\Services\LanCameraDiscoveryService.cs","184","2","Medium Risk"
"ExtractTitle","method","C:\DoAnTotNghiep\V-Shield-2.0\API\API\API\Services\LanCameraDiscoveryService.cs","206","2","Medium Risk"
"LooksLikeIpWebcam","method","C:\DoAnTotNghiep\V-Shield-2.0\API\API\API\Services\LanCameraDiscoveryService.cs","217","3","Medium Risk"
"LooksLikeSupportedLanCamera","method","C:\DoAnTotNghiep\V-Shield-2.0\API\API\API\Services\LanCameraDiscoveryService.cs","225","2","Medium Risk"
"LooksLikePreviewContentType","method","C:\DoAnTotNghiep\V-Shield-2.0\API\API\API\Services\LanCameraDiscoveryService.cs","230","2","Medium Risk"
"BuildRtspUrls","method","C:\DoAnTotNghiep\V-Shield-2.0\API\API\API\Services\LanCameraDiscoveryService.cs","242","2","Medium Risk"
"BuildCandidate","method","C:\DoAnTotNghiep\V-Shield-2.0\API\API\API\Services\LanCameraDiscoveryService.cs","286","2","Medium Risk"
"BuildPreviewCandidate","method","C:\DoAnTotNghiep\V-Shield-2.0\API\API\API\Services\LanCameraDiscoveryService.cs","302","2","Medium Risk"
"CanOpenPortAsync","method","C:\DoAnTotNghiep\V-Shield-2.0\API\API\API\Services\LanCameraDiscoveryService.cs","320","2","Safe"
"ReadBodySnippetAsync","method","C:\DoAnTotNghiep\V-Shield-2.0\API\API\API\Services\LanCameraDiscoveryService.cs","337","2","Medium Risk"
"ProbePreviewEndpointAsync","method","C:\DoAnTotNghiep\V-Shield-2.0\API\API\API\Services\LanCameraDiscoveryService.cs","346","3","Medium Risk"
"ProbeIpWebcamAsync","method","C:\DoAnTotNghiep\V-Shield-2.0\API\API\API\Services\LanCameraDiscoveryService.cs","371","2","Medium Risk"
"Name","property","C:\DoAnTotNghiep\V-Shield-2.0\API\API\API\Services\LanCameraDiscoveryService.cs","423","113","Medium Risk"
"IpAddress","property","C:\DoAnTotNghiep\V-Shield-2.0\API\API\API\Services\LanCameraDiscoveryService.cs","424","5","Medium Risk"
"Port","property","C:\DoAnTotNghiep\V-Shield-2.0\API\API\API\Services\LanCameraDiscoveryService.cs","425","10","Safe"
"BaseUrl","property","C:\DoAnTotNghiep\V-Shield-2.0\API\API\API\Services\LanCameraDiscoveryService.cs","426","3","Safe"
"PreviewUrl","property","C:\DoAnTotNghiep\V-Shield-2.0\API\API\API\Services\LanCameraDiscoveryService.cs","427","3","Medium Risk"
"SnapshotUrl","property","C:\DoAnTotNghiep\V-Shield-2.0\API\API\API\Services\LanCameraDiscoveryService.cs","428","3","Safe"
"RtspUrls","property","C:\DoAnTotNghiep\V-Shield-2.0\API\API\API\Services\LanCameraDiscoveryService.cs","429","3","Safe"
"API.Services","namespace","C:\DoAnTotNghiep\V-Shield-2.0\API\API\API\Services\RuntimeAutoStartHostedService.cs","1","13","Medium Risk"
"StartAsync","method","C:\DoAnTotNghiep\V-Shield-2.0\API\API\API\Services\RuntimeAutoStartHostedService.cs","14","4","Safe"
"StopAsync","method","C:\DoAnTotNghiep\V-Shield-2.0\API\API\API\Services\RuntimeAutoStartHostedService.cs","27","3","Safe"
"API.Services","namespace","C:\DoAnTotNghiep\V-Shield-2.0\API\API\API\Services\RuntimeOrchestrator.cs","4","13","Medium Risk"
"new","method","C:\DoAnTotNghiep\V-Shield-2.0\API\API\API\Services\RuntimeOrchestrator.cs","11","565","Medium Risk"
"GetServices","method","C:\DoAnTotNghiep\V-Shield-2.0\API\API\API\Services\RuntimeOrchestrator.cs","19","2","Medium Risk"
"GetService","method","C:\DoAnTotNghiep\V-Shield-2.0\API\API\API\Services\RuntimeOrchestrator.cs","25","1","Medium Risk"
"UpdateConfig","method","C:\DoAnTotNghiep\V-Shield-2.0\API\API\API\Services\RuntimeOrchestrator.cs","31","3","Medium Risk"
"EnsureAutoStartAsync","method","C:\DoAnTotNghiep\V-Shield-2.0\API\API\API\Services\RuntimeOrchestrator.cs","44","2","Safe"
"StartAsync","method","C:\DoAnTotNghiep\V-Shield-2.0\API\API\API\Services\RuntimeOrchestrator.cs","53","4","Safe"
"StopAsync","method","C:\DoAnTotNghiep\V-Shield-2.0\API\API\API\Services\RuntimeOrchestrator.cs","78","3","Safe"
"ToState","method","C:\DoAnTotNghiep\V-Shield-2.0\API\API\API\Services\RuntimeOrchestrator.cs","99","4","Safe"
"LoadConfigs","method","C:\DoAnTotNghiep\V-Shield-2.0\API\API\API\Services\RuntimeOrchestrator.cs","123","6","Medium Risk"
"SaveConfigs","method","C:\DoAnTotNghiep\V-Shield-2.0\API\API\API\Services\RuntimeOrchestrator.cs","157","5","Medium Risk"
"GetConfigFilePath","method","C:\DoAnTotNghiep\V-Shield-2.0\API\API\API\Services\RuntimeOrchestrator.cs","174","3","Medium Risk"
"GetDefaultConfigs","method","C:\DoAnTotNghiep\V-Shield-2.0\API\API\API\Services\RuntimeOrchestrator.cs","177","2","Medium Risk"
"StartGo2Rtc","method","C:\DoAnTotNghiep\V-Shield-2.0\API\API\API\Services\RuntimeOrchestrator.cs","187","2","Safe"
"StartCloudflared","method","C:\DoAnTotNghiep\V-Shield-2.0\API\API\API\Services\RuntimeOrchestrator.cs","205","4","Safe"
"StartPythonScript","method","C:\DoAnTotNghiep\V-Shield-2.0\API\API\API\Services\RuntimeOrchestrator.cs","224","8","Medium Risk"
"StopPythonCamGiaLap","method","C:\DoAnTotNghiep\V-Shield-2.0\API\API\API\Services\RuntimeOrchestrator.cs","252","3","Medium Risk"
"StopPythonScript","method","C:\DoAnTotNghiep\V-Shield-2.0\API\API\API\Services\RuntimeOrchestrator.cs","267","8","Medium Risk"
"KillProcesses","method","C:\DoAnTotNghiep\V-Shield-2.0\API\API\API\Services\RuntimeOrchestrator.cs","284","3","Medium Risk"
"IsProcessRunning","method","C:\DoAnTotNghiep\V-Shield-2.0\API\API\API\Services\RuntimeOrchestrator.cs","293","5","Medium Risk"
"IsPythonScriptRunning","method","C:\DoAnTotNghiep\V-Shield-2.0\API\API\API\Services\RuntimeOrchestrator.cs","296","10","Medium Risk"
"Name","property","C:\DoAnTotNghiep\V-Shield-2.0\API\API\API\Services\RuntimeOrchestrator.cs","335","113","Medium Risk"
"DisplayName","property","C:\DoAnTotNghiep\V-Shield-2.0\API\API\API\Services\RuntimeOrchestrator.cs","336","4","Medium Risk"
"Enabled","property","C:\DoAnTotNghiep\V-Shield-2.0\API\API\API\Services\RuntimeOrchestrator.cs","337","11","Safe"
"AutoStart","property","C:\DoAnTotNghiep\V-Shield-2.0\API\API\API\Services\RuntimeOrchestrator.cs","338","20","Medium Risk"
"ManagedMode","property","C:\DoAnTotNghiep\V-Shield-2.0\API\API\API\Services\RuntimeOrchestrator.cs","339","4","Safe"
"UpdatedAt","property","C:\DoAnTotNghiep\V-Shield-2.0\API\API\API\Services\RuntimeOrchestrator.cs","340","10","Safe"
"Name","property","C:\DoAnTotNghiep\V-Shield-2.0\API\API\API\Services\RuntimeOrchestrator.cs","345","113","Medium Risk"
"DisplayName","property","C:\DoAnTotNghiep\V-Shield-2.0\API\API\API\Services\RuntimeOrchestrator.cs","346","4","Medium Risk"
"Enabled","property","C:\DoAnTotNghiep\V-Shield-2.0\API\API\API\Services\RuntimeOrchestrator.cs","347","11","Safe"
"AutoStart","property","C:\DoAnTotNghiep\V-Shield-2.0\API\API\API\Services\RuntimeOrchestrator.cs","348","20","Medium Risk"
"ManagedMode","property","C:\DoAnTotNghiep\V-Shield-2.0\API\API\API\Services\RuntimeOrchestrator.cs","349","4","Safe"
"Running","property","C:\DoAnTotNghiep\V-Shield-2.0\API\API\API\Services\RuntimeOrchestrator.cs","350","5","Medium Risk"
"UpdatedAt","property","C:\DoAnTotNghiep\V-Shield-2.0\API\API\API\Services\RuntimeOrchestrator.cs","351","10","Safe"
"Success","property","C:\DoAnTotNghiep\V-Shield-2.0\API\API\API\Services\RuntimeOrchestrator.cs","356","16","Medium Risk"
"Message","property","C:\DoAnTotNghiep\V-Shield-2.0\API\API\API\Services\RuntimeOrchestrator.cs","357","68","Medium Risk"
"new","method","C:\DoAnTotNghiep\V-Shield-2.0\API\API\API\Services\RuntimeOrchestrator.cs","359","565","Medium Risk"
"new","method","C:\DoAnTotNghiep\V-Shield-2.0\API\API\API\Services\RuntimeOrchestrator.cs","360","565","Medium Risk"
"API.Services","namespace","C:\DoAnTotNghiep\V-Shield-2.0\API\API\API\Services\StaticVisitorQrService.cs","4","13","Medium Risk"
"GenerateSecret","method","C:\DoAnTotNghiep\V-Shield-2.0\API\API\API\Services\StaticVisitorQrService.cs","10","2","Safe"
"GenerateOtp","method","C:\DoAnTotNghiep\V-Shield-2.0\API\API\API\Services\StaticVisitorQrService.cs","17","4","Safe"
"BuildPayload","method","C:\DoAnTotNghiep\V-Shield-2.0\API\API\API\Services\StaticVisitorQrService.cs","36","2","Medium Risk"
"TryParsePayload","method","C:\DoAnTotNghiep\V-Shield-2.0\API\API\API\Services\StaticVisitorQrService.cs","41","3","Safe"
"FixedTimeEquals","method","C:\DoAnTotNghiep\V-Shield-2.0\API\API\API\Services\StaticVisitorQrService.cs","118","5","Medium Risk"
"Base32Encode","method","C:\DoAnTotNghiep\V-Shield-2.0\API\API\API\Services\StaticVisitorQrService.cs","130","4","Safe"
"Base32Decode","method","C:\DoAnTotNghiep\V-Shield-2.0\API\API\API\Services\StaticVisitorQrService.cs","168","4","Safe"
"VisitorQrParsedPayload","method","C:\DoAnTotNghiep\V-Shield-2.0\API\API\API\Services\StaticVisitorQrService.cs","199","3","Medium Risk"
"API.Services","namespace","C:\DoAnTotNghiep\V-Shield-2.0\API\API\API\Services\VehicleService.cs","6","13","Medium Risk"
"IVehicleService","interface","C:\DoAnTotNghiep\V-Shield-2.0\API\API\API\Services\VehicleService.cs","9","5","Medium Risk"
"VehicleService","class","C:\DoAnTotNghiep\V-Shield-2.0\API\API\API\Services\VehicleService.cs","22","3","Medium Risk"
"GetVehicleTypesAsync","method","C:\DoAnTotNghiep\V-Shield-2.0\API\API\API\Services\VehicleService.cs","31","3","Medium Risk"
"GetAllAsync","method","C:\DoAnTotNghiep\V-Shield-2.0\API\API\API\Services\VehicleService.cs","47","3","Safe"
"GetByIdAsync","method","C:\DoAnTotNghiep\V-Shield-2.0\API\API\API\Services\VehicleService.cs","57","3","Medium Risk"
"GetByEmployeeIdAsync","method","C:\DoAnTotNghiep\V-Shield-2.0\API\API\API\Services\VehicleService.cs","68","3","Medium Risk"
"GetByLicensePlateAsync","method","C:\DoAnTotNghiep\V-Shield-2.0\API\API\API\Services\VehicleService.cs","79","3","Medium Risk"
"CreateAsync","method","C:\DoAnTotNghiep\V-Shield-2.0\API\API\API\Services\VehicleService.cs","90","3","Safe"
"UpdateAsync","method","C:\DoAnTotNghiep\V-Shield-2.0\API\API\API\Services\VehicleService.cs","134","3","Safe"
"DeleteAsync","method","C:\DoAnTotNghiep\V-Shield-2.0\API\API\API\Services\VehicleService.cs","191","3","Safe"
"EnsureDefaultVehicleTypesAsync","method","C:\DoAnTotNghiep\V-Shield-2.0\API\API\API\Services\VehicleService.cs","201","4","Medium Risk"
"MapToDto","method","C:\DoAnTotNghiep\V-Shield-2.0\API\API\API\Services\VehicleService.cs","223","7","Safe"
"app","html-id","C:\DoAnTotNghiep\V-Shield-2.0\View\index.html","11","5","Medium Risk"
"name","json-key","C:\DoAnTotNghiep\V-Shield-2.0\View\package-lock.json","2","113","Critical"
"version","json-key","C:\DoAnTotNghiep\V-Shield-2.0\View\package-lock.json","3","0","Critical"
"lockfileVersion","json-key","C:\DoAnTotNghiep\V-Shield-2.0\View\package-lock.json","4","0","Critical"
"requires","json-key","C:\DoAnTotNghiep\V-Shield-2.0\View\package-lock.json","5","0","Critical"
"packages","json-key","C:\DoAnTotNghiep\V-Shield-2.0\View\package-lock.json","6","0","Critical"
"name","json-key","C:\DoAnTotNghiep\V-Shield-2.0\View\package-lock.json","8","113","Critical"
"version","json-key","C:\DoAnTotNghiep\V-Shield-2.0\View\package-lock.json","9","0","Critical"
"dependencies","json-key","C:\DoAnTotNghiep\V-Shield-2.0\View\package-lock.json","10","0","Critical"
"axios","json-key","C:\DoAnTotNghiep\V-Shield-2.0\View\package-lock.json","12","0","Critical"
"jsqr","json-key","C:\DoAnTotNghiep\V-Shield-2.0\View\package-lock.json","14","0","Critical"
"qrcode","json-key","C:\DoAnTotNghiep\V-Shield-2.0\View\package-lock.json","15","0","Critical"
"vue","json-key","C:\DoAnTotNghiep\V-Shield-2.0\View\package-lock.json","16","0","Critical"
"devDependencies","json-key","C:\DoAnTotNghiep\V-Shield-2.0\View\package-lock.json","19","0","Critical"
"autoprefixer","json-key","C:\DoAnTotNghiep\V-Shield-2.0\View\package-lock.json","21","0","Critical"
"postcss","json-key","C:\DoAnTotNghiep\V-Shield-2.0\View\package-lock.json","22","0","Critical"
"tailwindcss","json-key","C:\DoAnTotNghiep\V-Shield-2.0\View\package-lock.json","23","0","Critical"
"vite","json-key","C:\DoAnTotNghiep\V-Shield-2.0\View\package-lock.json","24","0","Critical"
"version","json-key","C:\DoAnTotNghiep\V-Shield-2.0\View\package-lock.json","28","0","Critical"
"resolved","json-key","C:\DoAnTotNghiep\V-Shield-2.0\View\package-lock.json","29","0","Critical"
"integrity","json-key","C:\DoAnTotNghiep\V-Shield-2.0\View\package-lock.json","30","0","Critical"
"dev","json-key","C:\DoAnTotNghiep\V-Shield-2.0\View\package-lock.json","31","0","Critical"
"license","json-key","C:\DoAnTotNghiep\V-Shield-2.0\View\package-lock.json","32","0","Critical"
"engines","json-key","C:\DoAnTotNghiep\V-Shield-2.0\View\package-lock.json","33","0","Critical"
"node","json-key","C:\DoAnTotNghiep\V-Shield-2.0\View\package-lock.json","34","0","Critical"
"funding","json-key","C:\DoAnTotNghiep\V-Shield-2.0\View\package-lock.json","36","0","Critical"
"url","json-key","C:\DoAnTotNghiep\V-Shield-2.0\View\package-lock.json","37","0","Critical"
"version","json-key","C:\DoAnTotNghiep\V-Shield-2.0\View\package-lock.json","41","0","Critical"
"resolved","json-key","C:\DoAnTotNghiep\V-Shield-2.0\View\package-lock.json","42","0","Critical"
"integrity","json-key","C:\DoAnTotNghiep\V-Shield-2.0\View\package-lock.json","43","0","Critical"
"license","json-key","C:\DoAnTotNghiep\V-Shield-2.0\View\package-lock.json","44","0","Critical"
"engines","json-key","C:\DoAnTotNghiep\V-Shield-2.0\View\package-lock.json","45","0","Critical"
"node","json-key","C:\DoAnTotNghiep\V-Shield-2.0\View\package-lock.json","46","0","Critical"
"version","json-key","C:\DoAnTotNghiep\V-Shield-2.0\View\package-lock.json","50","0","Critical"
"resolved","json-key","C:\DoAnTotNghiep\V-Shield-2.0\View\package-lock.json","51","0","Critical"
"integrity","json-key","C:\DoAnTotNghiep\V-Shield-2.0\View\package-lock.json","52","0","Critical"
"license","json-key","C:\DoAnTotNghiep\V-Shield-2.0\View\package-lock.json","53","0","Critical"
"engines","json-key","C:\DoAnTotNghiep\V-Shield-2.0\View\package-lock.json","54","0","Critical"
"node","json-key","C:\DoAnTotNghiep\V-Shield-2.0\View\package-lock.json","55","0","Critical"
"version","json-key","C:\DoAnTotNghiep\V-Shield-2.0\View\package-lock.json","59","0","Critical"
"resolved","json-key","C:\DoAnTotNghiep\V-Shield-2.0\View\package-lock.json","60","0","Critical"
"integrity","json-key","C:\DoAnTotNghiep\V-Shield-2.0\View\package-lock.json","61","0","Critical"
"license","json-key","C:\DoAnTotNghiep\V-Shield-2.0\View\package-lock.json","62","0","Critical"
"dependencies","json-key","C:\DoAnTotNghiep\V-Shield-2.0\View\package-lock.json","63","0","Critical"
"bin","json-key","C:\DoAnTotNghiep\V-Shield-2.0\View\package-lock.json","66","0","Critical"
"parser","json-key","C:\DoAnTotNghiep\V-Shield-2.0\View\package-lock.json","67","0","Critical"
"engines","json-key","C:\DoAnTotNghiep\V-Shield-2.0\View\package-lock.json","69","0","Critical"
"node","json-key","C:\DoAnTotNghiep\V-Shield-2.0\View\package-lock.json","70","0","Critical"
"version","json-key","C:\DoAnTotNghiep\V-Shield-2.0\View\package-lock.json","74","0","Critical"
"resolved","json-key","C:\DoAnTotNghiep\V-Shield-2.0\View\package-lock.json","75","0","Critical"
"integrity","json-key","C:\DoAnTotNghiep\V-Shield-2.0\View\package-lock.json","76","0","Critical"
"license","json-key","C:\DoAnTotNghiep\V-Shield-2.0\View\package-lock.json","77","0","Critical"
"dependencies","json-key","C:\DoAnTotNghiep\V-Shield-2.0\View\package-lock.json","78","0","Critical"
"engines","json-key","C:\DoAnTotNghiep\V-Shield-2.0\View\package-lock.json","82","0","Critical"
"node","json-key","C:\DoAnTotNghiep\V-Shield-2.0\View\package-lock.json","83","0","Critical"
"version","json-key","C:\DoAnTotNghiep\V-Shield-2.0\View\package-lock.json","87","0","Critical"
"resolved","json-key","C:\DoAnTotNghiep\V-Shield-2.0\View\package-lock.json","88","0","Critical"
"integrity","json-key","C:\DoAnTotNghiep\V-Shield-2.0\View\package-lock.json","89","0","Critical"
"cpu","json-key","C:\DoAnTotNghiep\V-Shield-2.0\View\package-lock.json","90","0","Critical"
"dev","json-key","C:\DoAnTotNghiep\V-Shield-2.0\View\package-lock.json","93","0","Critical"
"license","json-key","C:\DoAnTotNghiep\V-Shield-2.0\View\package-lock.json","94","0","Critical"
"optional","json-key","C:\DoAnTotNghiep\V-Shield-2.0\View\package-lock.json","95","0","Critical"
"os","json-key","C:\DoAnTotNghiep\V-Shield-2.0\View\package-lock.json","96","0","Critical"
"engines","json-key","C:\DoAnTotNghiep\V-Shield-2.0\View\package-lock.json","99","0","Critical"
"node","json-key","C:\DoAnTotNghiep\V-Shield-2.0\View\package-lock.json","100","0","Critical"
"version","json-key","C:\DoAnTotNghiep\V-Shield-2.0\View\package-lock.json","104","0","Critical"
"resolved","json-key","C:\DoAnTotNghiep\V-Shield-2.0\View\package-lock.json","105","0","Critical"
"integrity","json-key","C:\DoAnTotNghiep\V-Shield-2.0\View\package-lock.json","106","0","Critical"
"cpu","json-key","C:\DoAnTotNghiep\V-Shield-2.0\View\package-lock.json","107","0","Critical"
"dev","json-key","C:\DoAnTotNghiep\V-Shield-2.0\View\package-lock.json","110","0","Critical"
"license","json-key","C:\DoAnTotNghiep\V-Shield-2.0\View\package-lock.json","111","0","Critical"
"optional","json-key","C:\DoAnTotNghiep\V-Shield-2.0\View\package-lock.json","112","0","Critical"
"os","json-key","C:\DoAnTotNghiep\V-Shield-2.0\View\package-lock.json","113","0","Critical"
"engines","json-key","C:\DoAnTotNghiep\V-Shield-2.0\View\package-lock.json","116","0","Critical"
"node","json-key","C:\DoAnTotNghiep\V-Shield-2.0\View\package-lock.json","117","0","Critical"
"version","json-key","C:\DoAnTotNghiep\V-Shield-2.0\View\package-lock.json","121","0","Critical"
"resolved","json-key","C:\DoAnTotNghiep\V-Shield-2.0\View\package-lock.json","122","0","Critical"
"integrity","json-key","C:\DoAnTotNghiep\V-Shield-2.0\View\package-lock.json","123","0","Critical"
"cpu","json-key","C:\DoAnTotNghiep\V-Shield-2.0\View\package-lock.json","124","0","Critical"
"dev","json-key","C:\DoAnTotNghiep\V-Shield-2.0\View\package-lock.json","127","0","Critical"
"license","json-key","C:\DoAnTotNghiep\V-Shield-2.0\View\package-lock.json","128","0","Critical"
"optional","json-key","C:\DoAnTotNghiep\V-Shield-2.0\View\package-lock.json","129","0","Critical"
"os","json-key","C:\DoAnTotNghiep\V-Shield-2.0\View\package-lock.json","130","0","Critical"
"engines","json-key","C:\DoAnTotNghiep\V-Shield-2.0\View\package-lock.json","133","0","Critical"
"node","json-key","C:\DoAnTotNghiep\V-Shield-2.0\View\package-lock.json","134","0","Critical"
"version","json-key","C:\DoAnTotNghiep\V-Shield-2.0\View\package-lock.json","138","0","Critical"
"resolved","json-key","C:\DoAnTotNghiep\V-Shield-2.0\View\package-lock.json","139","0","Critical"
"integrity","json-key","C:\DoAnTotNghiep\V-Shield-2.0\View\package-lock.json","140","0","Critical"
"cpu","json-key","C:\DoAnTotNghiep\V-Shield-2.0\View\package-lock.json","141","0","Critical"
"dev","json-key","C:\DoAnTotNghiep\V-Shield-2.0\View\package-lock.json","144","0","Critical"
"license","json-key","C:\DoAnTotNghiep\V-Shield-2.0\View\package-lock.json","145","0","Critical"
"optional","json-key","C:\DoAnTotNghiep\V-Shield-2.0\View\package-lock.json","146","0","Critical"
"os","json-key","C:\DoAnTotNghiep\V-Shield-2.0\View\package-lock.json","147","0","Critical"
"engines","json-key","C:\DoAnTotNghiep\V-Shield-2.0\View\package-lock.json","150","0","Critical"
"node","json-key","C:\DoAnTotNghiep\V-Shield-2.0\View\package-lock.json","151","0","Critical"
"version","json-key","C:\DoAnTotNghiep\V-Shield-2.0\View\package-lock.json","155","0","Critical"
"resolved","json-key","C:\DoAnTotNghiep\V-Shield-2.0\View\package-lock.json","156","0","Critical"
"integrity","json-key","C:\DoAnTotNghiep\V-Shield-2.0\View\package-lock.json","157","0","Critical"
"cpu","json-key","C:\DoAnTotNghiep\V-Shield-2.0\View\package-lock.json","158","0","Critical"
"dev","json-key","C:\DoAnTotNghiep\V-Shield-2.0\View\package-lock.json","161","0","Critical"
"license","json-key","C:\DoAnTotNghiep\V-Shield-2.0\View\package-lock.json","162","0","Critical"
"optional","json-key","C:\DoAnTotNghiep\V-Shield-2.0\View\package-lock.json","163","0","Critical"
"os","json-key","C:\DoAnTotNghiep\V-Shield-2.0\View\package-lock.json","164","0","Critical"
"engines","json-key","C:\DoAnTotNghiep\V-Shield-2.0\View\package-lock.json","167","0","Critical"
"node","json-key","C:\DoAnTotNghiep\V-Shield-2.0\View\package-lock.json","168","0","Critical"
"version","json-key","C:\DoAnTotNghiep\V-Shield-2.0\View\package-lock.json","172","0","Critical"
"resolved","json-key","C:\DoAnTotNghiep\V-Shield-2.0\View\package-lock.json","173","0","Critical"
"integrity","json-key","C:\DoAnTotNghiep\V-Shield-2.0\View\package-lock.json","174","0","Critical"
"cpu","json-key","C:\DoAnTotNghiep\V-Shield-2.0\View\package-lock.json","175","0","Critical"
"dev","json-key","C:\DoAnTotNghiep\V-Shield-2.0\View\package-lock.json","178","0","Critical"
"license","json-key","C:\DoAnTotNghiep\V-Shield-2.0\View\package-lock.json","179","0","Critical"
"optional","json-key","C:\DoAnTotNghiep\V-Shield-2.0\View\package-lock.json","180","0","Critical"
"os","json-key","C:\DoAnTotNghiep\V-Shield-2.0\View\package-lock.json","181","0","Critical"
"engines","json-key","C:\DoAnTotNghiep\V-Shield-2.0\View\package-lock.json","184","0","Critical"
"node","json-key","C:\DoAnTotNghiep\V-Shield-2.0\View\package-lock.json","185","0","Critical"
"version","json-key","C:\DoAnTotNghiep\V-Shield-2.0\View\package-lock.json","189","0","Critical"
"resolved","json-key","C:\DoAnTotNghiep\V-Shield-2.0\View\package-lock.json","190","0","Critical"
"integrity","json-key","C:\DoAnTotNghiep\V-Shield-2.0\View\package-lock.json","191","0","Critical"
"cpu","json-key","C:\DoAnTotNghiep\V-Shield-2.0\View\package-lock.json","192","0","Critical"
"dev","json-key","C:\DoAnTotNghiep\V-Shield-2.0\View\package-lock.json","195","0","Critical"
"license","json-key","C:\DoAnTotNghiep\V-Shield-2.0\View\package-lock.json","196","0","Critical"
"optional","json-key","C:\DoAnTotNghiep\V-Shield-2.0\View\package-lock.json","197","0","Critical"
"os","json-key","C:\DoAnTotNghiep\V-Shield-2.0\View\package-lock.json","198","0","Critical"
"engines","json-key","C:\DoAnTotNghiep\V-Shield-2.0\View\package-lock.json","201","0","Critical"
"node","json-key","C:\DoAnTotNghiep\V-Shield-2.0\View\package-lock.json","202","0","Critical"
"version","json-key","C:\DoAnTotNghiep\V-Shield-2.0\View\package-lock.json","206","0","Critical"
"resolved","json-key","C:\DoAnTotNghiep\V-Shield-2.0\View\package-lock.json","207","0","Critical"
"integrity","json-key","C:\DoAnTotNghiep\V-Shield-2.0\View\package-lock.json","208","0","Critical"
"cpu","json-key","C:\DoAnTotNghiep\V-Shield-2.0\View\package-lock.json","209","0","Critical"
"dev","json-key","C:\DoAnTotNghiep\V-Shield-2.0\View\package-lock.json","212","0","Critical"
"license","json-key","C:\DoAnTotNghiep\V-Shield-2.0\View\package-lock.json","213","0","Critical"
"optional","json-key","C:\DoAnTotNghiep\V-Shield-2.0\View\package-lock.json","214","0","Critical"
"os","json-key","C:\DoAnTotNghiep\V-Shield-2.0\View\package-lock.json","215","0","Critical"
"engines","json-key","C:\DoAnTotNghiep\V-Shield-2.0\View\package-lock.json","218","0","Critical"
"node","json-key","C:\DoAnTotNghiep\V-Shield-2.0\View\package-lock.json","219","0","Critical"
"version","json-key","C:\DoAnTotNghiep\V-Shield-2.0\View\package-lock.json","223","0","Critical"
"resolved","json-key","C:\DoAnTotNghiep\V-Shield-2.0\View\package-lock.json","224","0","Critical"
"integrity","json-key","C:\DoAnTotNghiep\V-Shield-2.0\View\package-lock.json","225","0","Critical"
"cpu","json-key","C:\DoAnTotNghiep\V-Shield-2.0\View\package-lock.json","226","0","Critical"
"dev","json-key","C:\DoAnTotNghiep\V-Shield-2.0\View\package-lock.json","229","0","Critical"
"license","json-key","C:\DoAnTotNghiep\V-Shield-2.0\View\package-lock.json","230","0","Critical"
"optional","json-key","C:\DoAnTotNghiep\V-Shield-2.0\View\package-lock.json","231","0","Critical"
"os","json-key","C:\DoAnTotNghiep\V-Shield-2.0\View\package-lock.json","232","0","Critical"
"engines","json-key","C:\DoAnTotNghiep\V-Shield-2.0\View\package-lock.json","235","0","Critical"
"node","json-key","C:\DoAnTotNghiep\V-Shield-2.0\View\package-lock.json","236","0","Critical"
"version","json-key","C:\DoAnTotNghiep\V-Shield-2.0\View\package-lock.json","240","0","Critical"
"resolved","json-key","C:\DoAnTotNghiep\V-Shield-2.0\View\package-lock.json","241","0","Critical"
"integrity","json-key","C:\DoAnTotNghiep\V-Shield-2.0\View\package-lock.json","242","0","Critical"
"cpu","json-key","C:\DoAnTotNghiep\V-Shield-2.0\View\package-lock.json","243","0","Critical"
"dev","json-key","C:\DoAnTotNghiep\V-Shield-2.0\View\package-lock.json","246","0","Critical"
"license","json-key","C:\DoAnTotNghiep\V-Shield-2.0\View\package-lock.json","247","0","Critical"
"optional","json-key","C:\DoAnTotNghiep\V-Shield-2.0\View\package-lock.json","248","0","Critical"
"os","json-key","C:\DoAnTotNghiep\V-Shield-2.0\View\package-lock.json","249","0","Critical"
"engines","json-key","C:\DoAnTotNghiep\V-Shield-2.0\View\package-lock.json","252","0","Critical"
"node","json-key","C:\DoAnTotNghiep\V-Shield-2.0\View\package-lock.json","253","0","Critical"
"version","json-key","C:\DoAnTotNghiep\V-Shield-2.0\View\package-lock.json","257","0","Critical"
"resolved","json-key","C:\DoAnTotNghiep\V-Shield-2.0\View\package-lock.json","258","0","Critical"
"integrity","json-key","C:\DoAnTotNghiep\V-Shield-2.0\View\package-lock.json","259","0","Critical"
"cpu","json-key","C:\DoAnTotNghiep\V-Shield-2.0\View\package-lock.json","260","0","Critical"
"dev","json-key","C:\DoAnTotNghiep\V-Shield-2.0\View\package-lock.json","263","0","Critical"
"license","json-key","C:\DoAnTotNghiep\V-Shield-2.0\View\package-lock.json","264","0","Critical"
"optional","json-key","C:\DoAnTotNghiep\V-Shield-2.0\View\package-lock.json","265","0","Critical"
"os","json-key","C:\DoAnTotNghiep\V-Shield-2.0\View\package-lock.json","266","0","Critical"
"engines","json-key","C:\DoAnTotNghiep\V-Shield-2.0\View\package-lock.json","269","0","Critical"
"node","json-key","C:\DoAnTotNghiep\V-Shield-2.0\View\package-lock.json","270","0","Critical"
"version","json-key","C:\DoAnTotNghiep\V-Shield-2.0\View\package-lock.json","274","0","Critical"
"resolved","json-key","C:\DoAnTotNghiep\V-Shield-2.0\View\package-lock.json","275","0","Critical"
"integrity","json-key","C:\DoAnTotNghiep\V-Shield-2.0\View\package-lock.json","276","0","Critical"
"cpu","json-key","C:\DoAnTotNghiep\V-Shield-2.0\View\package-lock.json","277","0","Critical"
"dev","json-key","C:\DoAnTotNghiep\V-Shield-2.0\View\package-lock.json","280","0","Critical"
"license","json-key","C:\DoAnTotNghiep\V-Shield-2.0\View\package-lock.json","281","0","Critical"
"optional","json-key","C:\DoAnTotNghiep\V-Shield-2.0\View\package-lock.json","282","0","Critical"
"os","json-key","C:\DoAnTotNghiep\V-Shield-2.0\View\package-lock.json","283","0","Critical"
"engines","json-key","C:\DoAnTotNghiep\V-Shield-2.0\View\package-lock.json","286","0","Critical"
"node","json-key","C:\DoAnTotNghiep\V-Shield-2.0\View\package-lock.json","287","0","Critical"
"version","json-key","C:\DoAnTotNghiep\V-Shield-2.0\View\package-lock.json","291","0","Critical"
"resolved","json-key","C:\DoAnTotNghiep\V-Shield-2.0\View\package-lock.json","292","0","Critical"
"integrity","json-key","C:\DoAnTotNghiep\V-Shield-2.0\View\package-lock.json","293","0","Critical"
"cpu","json-key","C:\DoAnTotNghiep\V-Shield-2.0\View\package-lock.json","294","0","Critical"
"dev","json-key","C:\DoAnTotNghiep\V-Shield-2.0\View\package-lock.json","297","0","Critical"
"license","json-key","C:\DoAnTotNghiep\V-Shield-2.0\View\package-lock.json","298","0","Critical"
"optional","json-key","C:\DoAnTotNghiep\V-Shield-2.0\View\package-lock.json","299","0","Critical"
"os","json-key","C:\DoAnTotNghiep\V-Shield-2.0\View\package-lock.json","300","0","Critical"
"engines","json-key","C:\DoAnTotNghiep\V-Shield-2.0\View\package-lock.json","303","0","Critical"
"node","json-key","C:\DoAnTotNghiep\V-Shield-2.0\View\package-lock.json","304","0","Critical"
"version","json-key","C:\DoAnTotNghiep\V-Shield-2.0\View\package-lock.json","308","0","Critical"
"resolved","json-key","C:\DoAnTotNghiep\V-Shield-2.0\View\package-lock.json","309","0","Critical"
"integrity","json-key","C:\DoAnTotNghiep\V-Shield-2.0\View\package-lock.json","310","0","Critical"
"cpu","json-key","C:\DoAnTotNghiep\V-Shield-2.0\View\package-lock.json","311","0","Critical"
"dev","json-key","C:\DoAnTotNghiep\V-Shield-2.0\View\package-lock.json","314","0","Critical"
"license","json-key","C:\DoAnTotNghiep\V-Shield-2.0\View\package-lock.json","315","0","Critical"
"optional","json-key","C:\DoAnTotNghiep\V-Shield-2.0\View\package-lock.json","316","0","Critical"
"os","json-key","C:\DoAnTotNghiep\V-Shield-2.0\View\package-lock.json","317","0","Critical"
"engines","json-key","C:\DoAnTotNghiep\V-Shield-2.0\View\package-lock.json","320","0","Critical"
"node","json-key","C:\DoAnTotNghiep\V-Shield-2.0\View\package-lock.json","321","0","Critical"
"version","json-key","C:\DoAnTotNghiep\V-Shield-2.0\View\package-lock.json","325","0","Critical"
"resolved","json-key","C:\DoAnTotNghiep\V-Shield-2.0\View\package-lock.json","326","0","Critical"
"integrity","json-key","C:\DoAnTotNghiep\V-Shield-2.0\View\package-lock.json","327","0","Critical"
"cpu","json-key","C:\DoAnTotNghiep\V-Shield-2.0\View\package-lock.json","328","0","Critical"
"dev","json-key","C:\DoAnTotNghiep\V-Shield-2.0\View\package-lock.json","331","0","Critical"
"license","json-key","C:\DoAnTotNghiep\V-Shield-2.0\View\package-lock.json","332","0","Critical"
"optional","json-key","C:\DoAnTotNghiep\V-Shield-2.0\View\package-lock.json","333","0","Critical"
"os","json-key","C:\DoAnTotNghiep\V-Shield-2.0\View\package-lock.json","334","0","Critical"
"engines","json-key","C:\DoAnTotNghiep\V-Shield-2.0\View\package-lock.json","337","0","Critical"
"node","json-key","C:\DoAnTotNghiep\V-Shield-2.0\View\package-lock.json","338","0","Critical"
"version","json-key","C:\DoAnTotNghiep\V-Shield-2.0\View\package-lock.json","342","0","Critical"
"resolved","json-key","C:\DoAnTotNghiep\V-Shield-2.0\View\package-lock.json","343","0","Critical"
"integrity","json-key","C:\DoAnTotNghiep\V-Shield-2.0\View\package-lock.json","344","0","Critical"
"cpu","json-key","C:\DoAnTotNghiep\V-Shield-2.0\View\package-lock.json","345","0","Critical"
"dev","json-key","C:\DoAnTotNghiep\V-Shield-2.0\View\package-lock.json","348","0","Critical"
"license","json-key","C:\DoAnTotNghiep\V-Shield-2.0\View\package-lock.json","349","0","Critical"
"optional","json-key","C:\DoAnTotNghiep\V-Shield-2.0\View\package-lock.json","350","0","Critical"
"os","json-key","C:\DoAnTotNghiep\V-Shield-2.0\View\package-lock.json","351","0","Critical"
"engines","json-key","C:\DoAnTotNghiep\V-Shield-2.0\View\package-lock.json","354","0","Critical"
"node","json-key","C:\DoAnTotNghiep\V-Shield-2.0\View\package-lock.json","355","0","Critical"
"version","json-key","C:\DoAnTotNghiep\V-Shield-2.0\View\package-lock.json","359","0","Critical"
"resolved","json-key","C:\DoAnTotNghiep\V-Shield-2.0\View\package-lock.json","360","0","Critical"
"integrity","json-key","C:\DoAnTotNghiep\V-Shield-2.0\View\package-lock.json","361","0","Critical"
"cpu","json-key","C:\DoAnTotNghiep\V-Shield-2.0\View\package-lock.json","362","0","Critical"
"dev","json-key","C:\DoAnTotNghiep\V-Shield-2.0\View\package-lock.json","365","0","Critical"
"license","json-key","C:\DoAnTotNghiep\V-Shield-2.0\View\package-lock.json","366","0","Critical"
"optional","json-key","C:\DoAnTotNghiep\V-Shield-2.0\View\package-lock.json","367","0","Critical"
"os","json-key","C:\DoAnTotNghiep\V-Shield-2.0\View\package-lock.json","368","0","Critical"
"engines","json-key","C:\DoAnTotNghiep\V-Shield-2.0\View\package-lock.json","371","0","Critical"
"node","json-key","C:\DoAnTotNghiep\V-Shield-2.0\View\package-lock.json","372","0","Critical"
"version","json-key","C:\DoAnTotNghiep\V-Shield-2.0\View\package-lock.json","376","0","Critical"
"resolved","json-key","C:\DoAnTotNghiep\V-Shield-2.0\View\package-lock.json","377","0","Critical"
"integrity","json-key","C:\DoAnTotNghiep\V-Shield-2.0\View\package-lock.json","378","0","Critical"
"cpu","json-key","C:\DoAnTotNghiep\V-Shield-2.0\View\package-lock.json","379","0","Critical"
"dev","json-key","C:\DoAnTotNghiep\V-Shield-2.0\View\package-lock.json","382","0","Critical"
"license","json-key","C:\DoAnTotNghiep\V-Shield-2.0\View\package-lock.json","383","0","Critical"
"optional","json-key","C:\DoAnTotNghiep\V-Shield-2.0\View\package-lock.json","384","0","Critical"
"os","json-key","C:\DoAnTotNghiep\V-Shield-2.0\View\package-lock.json","385","0","Critical"
"engines","json-key","C:\DoAnTotNghiep\V-Shield-2.0\View\package-lock.json","388","0","Critical"
"node","json-key","C:\DoAnTotNghiep\V-Shield-2.0\View\package-lock.json","389","0","Critical"
"version","json-key","C:\DoAnTotNghiep\V-Shield-2.0\View\package-lock.json","393","0","Critical"
"resolved","json-key","C:\DoAnTotNghiep\V-Shield-2.0\View\package-lock.json","394","0","Critical"
"integrity","json-key","C:\DoAnTotNghiep\V-Shield-2.0\View\package-lock.json","395","0","Critical"
"cpu","json-key","C:\DoAnTotNghiep\V-Shield-2.0\View\package-lock.json","396","0","Critical"
"dev","json-key","C:\DoAnTotNghiep\V-Shield-2.0\View\package-lock.json","399","0","Critical"
"license","json-key","C:\DoAnTotNghiep\V-Shield-2.0\View\package-lock.json","400","0","Critical"
"optional","json-key","C:\DoAnTotNghiep\V-Shield-2.0\View\package-lock.json","401","0","Critical"
"os","json-key","C:\DoAnTotNghiep\V-Shield-2.0\View\package-lock.json","402","0","Critical"
"engines","json-key","C:\DoAnTotNghiep\V-Shield-2.0\View\package-lock.json","405","0","Critical"
"node","json-key","C:\DoAnTotNghiep\V-Shield-2.0\View\package-lock.json","406","0","Critical"
"version","json-key","C:\DoAnTotNghiep\V-Shield-2.0\View\package-lock.json","410","0","Critical"
"resolved","json-key","C:\DoAnTotNghiep\V-Shield-2.0\View\package-lock.json","411","0","Critical"
"integrity","json-key","C:\DoAnTotNghiep\V-Shield-2.0\View\package-lock.json","412","0","Critical"
"cpu","json-key","C:\DoAnTotNghiep\V-Shield-2.0\View\package-lock.json","413","0","Critical"
"dev","json-key","C:\DoAnTotNghiep\V-Shield-2.0\View\package-lock.json","416","0","Critical"
"license","json-key","C:\DoAnTotNghiep\V-Shield-2.0\View\package-lock.json","417","0","Critical"
"optional","json-key","C:\DoAnTotNghiep\V-Shield-2.0\View\package-lock.json","418","0","Critical"
"os","json-key","C:\DoAnTotNghiep\V-Shield-2.0\View\package-lock.json","419","0","Critical"
"engines","json-key","C:\DoAnTotNghiep\V-Shield-2.0\View\package-lock.json","422","0","Critical"
"node","json-key","C:\DoAnTotNghiep\V-Shield-2.0\View\package-lock.json","423","0","Critical"
"version","json-key","C:\DoAnTotNghiep\V-Shield-2.0\View\package-lock.json","427","0","Critical"
"resolved","json-key","C:\DoAnTotNghiep\V-Shield-2.0\View\package-lock.json","428","0","Critical"
"integrity","json-key","C:\DoAnTotNghiep\V-Shield-2.0\View\package-lock.json","429","0","Critical"
"cpu","json-key","C:\DoAnTotNghiep\V-Shield-2.0\View\package-lock.json","430","0","Critical"
"dev","json-key","C:\DoAnTotNghiep\V-Shield-2.0\View\package-lock.json","433","0","Critical"
"license","json-key","C:\DoAnTotNghiep\V-Shield-2.0\View\package-lock.json","434","0","Critical"
"optional","json-key","C:\DoAnTotNghiep\V-Shield-2.0\View\package-lock.json","435","0","Critical"
"os","json-key","C:\DoAnTotNghiep\V-Shield-2.0\View\package-lock.json","436","0","Critical"
"engines","json-key","C:\DoAnTotNghiep\V-Shield-2.0\View\package-lock.json","439","0","Critical"
"node","json-key","C:\DoAnTotNghiep\V-Shield-2.0\View\package-lock.json","440","0","Critical"
"version","json-key","C:\DoAnTotNghiep\V-Shield-2.0\View\package-lock.json","444","0","Critical"
"resolved","json-key","C:\DoAnTotNghiep\V-Shield-2.0\View\package-lock.json","445","0","Critical"
"integrity","json-key","C:\DoAnTotNghiep\V-Shield-2.0\View\package-lock.json","446","0","Critical"
"cpu","json-key","C:\DoAnTotNghiep\V-Shield-2.0\View\package-lock.json","447","0","Critical"
"dev","json-key","C:\DoAnTotNghiep\V-Shield-2.0\View\package-lock.json","450","0","Critical"
"license","json-key","C:\DoAnTotNghiep\V-Shield-2.0\View\package-lock.json","451","0","Critical"
"optional","json-key","C:\DoAnTotNghiep\V-Shield-2.0\View\package-lock.json","452","0","Critical"
"os","json-key","C:\DoAnTotNghiep\V-Shield-2.0\View\package-lock.json","453","0","Critical"
"engines","json-key","C:\DoAnTotNghiep\V-Shield-2.0\View\package-lock.json","456","0","Critical"
"node","json-key","C:\DoAnTotNghiep\V-Shield-2.0\View\package-lock.json","457","0","Critical"
"version","json-key","C:\DoAnTotNghiep\V-Shield-2.0\View\package-lock.json","461","0","Critical"
"resolved","json-key","C:\DoAnTotNghiep\V-Shield-2.0\View\package-lock.json","462","0","Critical"
"integrity","json-key","C:\DoAnTotNghiep\V-Shield-2.0\View\package-lock.json","463","0","Critical"
"cpu","json-key","C:\DoAnTotNghiep\V-Shield-2.0\View\package-lock.json","464","0","Critical"
"dev","json-key","C:\DoAnTotNghiep\V-Shield-2.0\View\package-lock.json","467","0","Critical"
"license","json-key","C:\DoAnTotNghiep\V-Shield-2.0\View\package-lock.json","468","0","Critical"
"optional","json-key","C:\DoAnTotNghiep\V-Shield-2.0\View\package-lock.json","469","0","Critical"
"os","json-key","C:\DoAnTotNghiep\V-Shield-2.0\View\package-lock.json","470","0","Critical"
"engines","json-key","C:\DoAnTotNghiep\V-Shield-2.0\View\package-lock.json","473","0","Critical"
"node","json-key","C:\DoAnTotNghiep\V-Shield-2.0\View\package-lock.json","474","0","Critical"
"version","json-key","C:\DoAnTotNghiep\V-Shield-2.0\View\package-lock.json","478","0","Critical"
"resolved","json-key","C:\DoAnTotNghiep\V-Shield-2.0\View\package-lock.json","479","0","Critical"
"integrity","json-key","C:\DoAnTotNghiep\V-Shield-2.0\View\package-lock.json","480","0","Critical"
"cpu","json-key","C:\DoAnTotNghiep\V-Shield-2.0\View\package-lock.json","481","0","Critical"
"dev","json-key","C:\DoAnTotNghiep\V-Shield-2.0\View\package-lock.json","484","0","Critical"
"license","json-key","C:\DoAnTotNghiep\V-Shield-2.0\View\package-lock.json","485","0","Critical"
"optional","json-key","C:\DoAnTotNghiep\V-Shield-2.0\View\package-lock.json","486","0","Critical"
"os","json-key","C:\DoAnTotNghiep\V-Shield-2.0\View\package-lock.json","487","0","Critical"
"engines","json-key","C:\DoAnTotNghiep\V-Shield-2.0\View\package-lock.json","490","0","Critical"
"node","json-key","C:\DoAnTotNghiep\V-Shield-2.0\View\package-lock.json","491","0","Critical"
"version","json-key","C:\DoAnTotNghiep\V-Shield-2.0\View\package-lock.json","495","0","Critical"
"resolved","json-key","C:\DoAnTotNghiep\V-Shield-2.0\View\package-lock.json","496","0","Critical"
"integrity","json-key","C:\DoAnTotNghiep\V-Shield-2.0\View\package-lock.json","497","0","Critical"
"cpu","json-key","C:\DoAnTotNghiep\V-Shield-2.0\View\package-lock.json","498","0","Critical"
"dev","json-key","C:\DoAnTotNghiep\V-Shield-2.0\View\package-lock.json","501","0","Critical"
"license","json-key","C:\DoAnTotNghiep\V-Shield-2.0\View\package-lock.json","502","0","Critical"
"optional","json-key","C:\DoAnTotNghiep\V-Shield-2.0\View\package-lock.json","503","0","Critical"
"os","json-key","C:\DoAnTotNghiep\V-Shield-2.0\View\package-lock.json","504","0","Critical"
"engines","json-key","C:\DoAnTotNghiep\V-Shield-2.0\View\package-lock.json","507","0","Critical"
"node","json-key","C:\DoAnTotNghiep\V-Shield-2.0\View\package-lock.json","508","0","Critical"
"version","json-key","C:\DoAnTotNghiep\V-Shield-2.0\View\package-lock.json","512","0","Critical"
"resolved","json-key","C:\DoAnTotNghiep\V-Shield-2.0\View\package-lock.json","513","0","Critical"
"integrity","json-key","C:\DoAnTotNghiep\V-Shield-2.0\View\package-lock.json","514","0","Critical"
"cpu","json-key","C:\DoAnTotNghiep\V-Shield-2.0\View\package-lock.json","515","0","Critical"
"dev","json-key","C:\DoAnTotNghiep\V-Shield-2.0\View\package-lock.json","518","0","Critical"
"license","json-key","C:\DoAnTotNghiep\V-Shield-2.0\View\package-lock.json","519","0","Critical"
"optional","json-key","C:\DoAnTotNghiep\V-Shield-2.0\View\package-lock.json","520","0","Critical"
"os","json-key","C:\DoAnTotNghiep\V-Shield-2.0\View\package-lock.json","521","0","Critical"
"engines","json-key","C:\DoAnTotNghiep\V-Shield-2.0\View\package-lock.json","524","0","Critical"
"node","json-key","C:\DoAnTotNghiep\V-Shield-2.0\View\package-lock.json","525","0","Critical"
"version","json-key","C:\DoAnTotNghiep\V-Shield-2.0\View\package-lock.json","529","0","Critical"
"resolved","json-key","C:\DoAnTotNghiep\V-Shield-2.0\View\package-lock.json","530","0","Critical"
"integrity","json-key","C:\DoAnTotNghiep\V-Shield-2.0\View\package-lock.json","531","0","Critical"
"cpu","json-key","C:\DoAnTotNghiep\V-Shield-2.0\View\package-lock.json","532","0","Critical"
"hasInstallScript","json-key","C:\DoAnTotNghiep\V-Shield-2.0\View\package-lock.json","535","0","Critical"
"license","json-key","C:\DoAnTotNghiep\V-Shield-2.0\View\package-lock.json","536","0","Critical"
"optional","json-key","C:\DoAnTotNghiep\V-Shield-2.0\View\package-lock.json","537","0","Critical"
"os","json-key","C:\DoAnTotNghiep\V-Shield-2.0\View\package-lock.json","538","0","Critical"
"version","json-key","C:\DoAnTotNghiep\V-Shield-2.0\View\package-lock.json","543","0","Critical"
"resolved","json-key","C:\DoAnTotNghiep\V-Shield-2.0\View\package-lock.json","544","0","Critical"
"integrity","json-key","C:\DoAnTotNghiep\V-Shield-2.0\View\package-lock.json","545","0","Critical"
"cpu","json-key","C:\DoAnTotNghiep\V-Shield-2.0\View\package-lock.json","546","0","Critical"
"hasInstallScript","json-key","C:\DoAnTotNghiep\V-Shield-2.0\View\package-lock.json","549","0","Critical"
"license","json-key","C:\DoAnTotNghiep\V-Shield-2.0\View\package-lock.json","550","0","Critical"
"optional","json-key","C:\DoAnTotNghiep\V-Shield-2.0\View\package-lock.json","551","0","Critical"
"os","json-key","C:\DoAnTotNghiep\V-Shield-2.0\View\package-lock.json","552","0","Critical"
"version","json-key","C:\DoAnTotNghiep\V-Shield-2.0\View\package-lock.json","557","0","Critical"
"resolved","json-key","C:\DoAnTotNghiep\V-Shield-2.0\View\package-lock.json","558","0","Critical"
"integrity","json-key","C:\DoAnTotNghiep\V-Shield-2.0\View\package-lock.json","559","0","Critical"
"license","json-key","C:\DoAnTotNghiep\V-Shield-2.0\View\package-lock.json","560","0","Critical"
"optionalDependencies","json-key","C:\DoAnTotNghiep\V-Shield-2.0\View\package-lock.json","561","0","Critical"
"version","json-key","C:\DoAnTotNghiep\V-Shield-2.0\View\package-lock.json","573","0","Critical"
"resolved","json-key","C:\DoAnTotNghiep\V-Shield-2.0\View\package-lock.json","574","0","Critical"
"integrity","json-key","C:\DoAnTotNghiep\V-Shield-2.0\View\package-lock.json","575","0","Critical"
"cpu","json-key","C:\DoAnTotNghiep\V-Shield-2.0\View\package-lock.json","576","0","Critical"
"hasInstallScript","json-key","C:\DoAnTotNghiep\V-Shield-2.0\View\package-lock.json","579","0","Critical"
"license","json-key","C:\DoAnTotNghiep\V-Shield-2.0\View\package-lock.json","580","0","Critical"
"optional","json-key","C:\DoAnTotNghiep\V-Shield-2.0\View\package-lock.json","581","0","Critical"
"os","json-key","C:\DoAnTotNghiep\V-Shield-2.0\View\package-lock.json","582","0","Critical"
"version","json-key","C:\DoAnTotNghiep\V-Shield-2.0\View\package-lock.json","587","0","Critical"
"resolved","json-key","C:\DoAnTotNghiep\V-Shield-2.0\View\package-lock.json","588","0","Critical"
"integrity","json-key","C:\DoAnTotNghiep\V-Shield-2.0\View\package-lock.json","589","0","Critical"
"cpu","json-key","C:\DoAnTotNghiep\V-Shield-2.0\View\package-lock.json","590","0","Critical"
"hasInstallScript","json-key","C:\DoAnTotNghiep\V-Shield-2.0\View\package-lock.json","593","0","Critical"
"license","json-key","C:\DoAnTotNghiep\V-Shield-2.0\View\package-lock.json","594","0","Critical"
"optional","json-key","C:\DoAnTotNghiep\V-Shield-2.0\View\package-lock.json","595","0","Critical"
"os","json-key","C:\DoAnTotNghiep\V-Shield-2.0\View\package-lock.json","596","0","Critical"
"version","json-key","C:\DoAnTotNghiep\V-Shield-2.0\View\package-lock.json","601","0","Critical"
"resolved","json-key","C:\DoAnTotNghiep\V-Shield-2.0\View\package-lock.json","602","0","Critical"
"integrity","json-key","C:\DoAnTotNghiep\V-Shield-2.0\View\package-lock.json","603","0","Critical"
"cpu","json-key","C:\DoAnTotNghiep\V-Shield-2.0\View\package-lock.json","604","0","Critical"
"hasInstallScript","json-key","C:\DoAnTotNghiep\V-Shield-2.0\View\package-lock.json","607","0","Critical"
"license","json-key","C:\DoAnTotNghiep\V-Shield-2.0\View\package-lock.json","608","0","Critical"
"optional","json-key","C:\DoAnTotNghiep\V-Shield-2.0\View\package-lock.json","609","0","Critical"
"os","json-key","C:\DoAnTotNghiep\V-Shield-2.0\View\package-lock.json","610","0","Critical"
"version","json-key","C:\DoAnTotNghiep\V-Shield-2.0\View\package-lock.json","615","0","Critical"
"resolved","json-key","C:\DoAnTotNghiep\V-Shield-2.0\View\package-lock.json","616","0","Critical"
"integrity","json-key","C:\DoAnTotNghiep\V-Shield-2.0\View\package-lock.json","617","0","Critical"
"cpu","json-key","C:\DoAnTotNghiep\V-Shield-2.0\View\package-lock.json","618","0","Critical"
"hasInstallScript","json-key","C:\DoAnTotNghiep\V-Shield-2.0\View\package-lock.json","621","0","Critical"
"license","json-key","C:\DoAnTotNghiep\V-Shield-2.0\View\package-lock.json","622","0","Critical"
"optional","json-key","C:\DoAnTotNghiep\V-Shield-2.0\View\package-lock.json","623","0","Critical"
"os","json-key","C:\DoAnTotNghiep\V-Shield-2.0\View\package-lock.json","624","0","Critical"
"version","json-key","C:\DoAnTotNghiep\V-Shield-2.0\View\package-lock.json","629","0","Critical"
"resolved","json-key","C:\DoAnTotNghiep\V-Shield-2.0\View\package-lock.json","630","0","Critical"
"integrity","json-key","C:\DoAnTotNghiep\V-Shield-2.0\View\package-lock.json","631","0","Critical"
"cpu","json-key","C:\DoAnTotNghiep\V-Shield-2.0\View\package-lock.json","632","0","Critical"
"license","json-key","C:\DoAnTotNghiep\V-Shield-2.0\View\package-lock.json","635","0","Critical"
"optional","json-key","C:\DoAnTotNghiep\V-Shield-2.0\View\package-lock.json","636","0","Critical"
"os","json-key","C:\DoAnTotNghiep\V-Shield-2.0\View\package-lock.json","637","0","Critical"
"version","json-key","C:\DoAnTotNghiep\V-Shield-2.0\View\package-lock.json","642","0","Critical"
"resolved","json-key","C:\DoAnTotNghiep\V-Shield-2.0\View\package-lock.json","643","0","Critical"
"integrity","json-key","C:\DoAnTotNghiep\V-Shield-2.0\View\package-lock.json","644","0","Critical"
"cpu","json-key","C:\DoAnTotNghiep\V-Shield-2.0\View\package-lock.json","645","0","Critical"
"license","json-key","C:\DoAnTotNghiep\V-Shield-2.0\View\package-lock.json","648","0","Critical"
"optional","json-key","C:\DoAnTotNghiep\V-Shield-2.0\View\package-lock.json","649","0","Critical"
"os","json-key","C:\DoAnTotNghiep\V-Shield-2.0\View\package-lock.json","650","0","Critical"
"version","json-key","C:\DoAnTotNghiep\V-Shield-2.0\View\package-lock.json","655","0","Critical"
"resolved","json-key","C:\DoAnTotNghiep\V-Shield-2.0\View\package-lock.json","656","0","Critical"
"integrity","json-key","C:\DoAnTotNghiep\V-Shield-2.0\View\package-lock.json","657","0","Critical"
"dev","json-key","C:\DoAnTotNghiep\V-Shield-2.0\View\package-lock.json","658","0","Critical"
"license","json-key","C:\DoAnTotNghiep\V-Shield-2.0\View\package-lock.json","659","0","Critical"
"dependencies","json-key","C:\DoAnTotNghiep\V-Shield-2.0\View\package-lock.json","660","0","Critical"
"version","json-key","C:\DoAnTotNghiep\V-Shield-2.0\View\package-lock.json","666","0","Critical"
"resolved","json-key","C:\DoAnTotNghiep\V-Shield-2.0\View\package-lock.json","667","0","Critical"
"integrity","json-key","C:\DoAnTotNghiep\V-Shield-2.0\View\package-lock.json","668","0","Critical"
"dev","json-key","C:\DoAnTotNghiep\V-Shield-2.0\View\package-lock.json","669","0","Critical"
"license","json-key","C:\DoAnTotNghiep\V-Shield-2.0\View\package-lock.json","670","0","Critical"
"engines","json-key","C:\DoAnTotNghiep\V-Shield-2.0\View\package-lock.json","671","0","Critical"
"node","json-key","C:\DoAnTotNghiep\V-Shield-2.0\View\package-lock.json","672","0","Critical"
"version","json-key","C:\DoAnTotNghiep\V-Shield-2.0\View\package-lock.json","676","0","Critical"
"resolved","json-key","C:\DoAnTotNghiep\V-Shield-2.0\View\package-lock.json","677","0","Critical"
"integrity","json-key","C:\DoAnTotNghiep\V-Shield-2.0\View\package-lock.json","678","0","Critical"
"license","json-key","C:\DoAnTotNghiep\V-Shield-2.0\View\package-lock.json","679","0","Critical"
"version","json-key","C:\DoAnTotNghiep\V-Shield-2.0\View\package-lock.json","682","0","Critical"
"resolved","json-key","C:\DoAnTotNghiep\V-Shield-2.0\View\package-lock.json","683","0","Critical"
"integrity","json-key","C:\DoAnTotNghiep\V-Shield-2.0\View\package-lock.json","684","0","Critical"
"dev","json-key","C:\DoAnTotNghiep\V-Shield-2.0\View\package-lock.json","685","0","Critical"
"license","json-key","C:\DoAnTotNghiep\V-Shield-2.0\View\package-lock.json","686","0","Critical"
"dependencies","json-key","C:\DoAnTotNghiep\V-Shield-2.0\View\package-lock.json","687","0","Critical"
"version","json-key","C:\DoAnTotNghiep\V-Shield-2.0\View\package-lock.json","693","0","Critical"
"resolved","json-key","C:\DoAnTotNghiep\V-Shield-2.0\View\package-lock.json","694","0","Critical"
"integrity","json-key","C:\DoAnTotNghiep\V-Shield-2.0\View\package-lock.json","695","0","Critical"
"dev","json-key","C:\DoAnTotNghiep\V-Shield-2.0\View\package-lock.json","696","0","Critical"
"license","json-key","C:\DoAnTotNghiep\V-Shield-2.0\View\package-lock.json","697","0","Critical"
"dependencies","json-key","C:\DoAnTotNghiep\V-Shield-2.0\View\package-lock.json","698","0","Critical"
"engines","json-key","C:\DoAnTotNghiep\V-Shield-2.0\View\package-lock.json","702","0","Critical"
"node","json-key","C:\DoAnTotNghiep\V-Shield-2.0\View\package-lock.json","703","0","Critical"
"version","json-key","C:\DoAnTotNghiep\V-Shield-2.0\View\package-lock.json","707","0","Critical"
"resolved","json-key","C:\DoAnTotNghiep\V-Shield-2.0\View\package-lock.json","708","0","Critical"
"integrity","json-key","C:\DoAnTotNghiep\V-Shield-2.0\View\package-lock.json","709","0","Critical"
"dev","json-key","C:\DoAnTotNghiep\V-Shield-2.0\View\package-lock.json","710","0","Critical"
"license","json-key","C:\DoAnTotNghiep\V-Shield-2.0\View\package-lock.json","711","0","Critical"
"engines","json-key","C:\DoAnTotNghiep\V-Shield-2.0\View\package-lock.json","712","0","Critical"
"node","json-key","C:\DoAnTotNghiep\V-Shield-2.0\View\package-lock.json","713","0","Critical"
"version","json-key","C:\DoAnTotNghiep\V-Shield-2.0\View\package-lock.json","717","0","Critical"
"resolved","json-key","C:\DoAnTotNghiep\V-Shield-2.0\View\package-lock.json","718","0","Critical"
"integrity","json-key","C:\DoAnTotNghiep\V-Shield-2.0\View\package-lock.json","719","0","Critical"
"dev","json-key","C:\DoAnTotNghiep\V-Shield-2.0\View\package-lock.json","720","0","Critical"
"license","json-key","C:\DoAnTotNghiep\V-Shield-2.0\View\package-lock.json","721","0","Critical"
"dependencies","json-key","C:\DoAnTotNghiep\V-Shield-2.0\View\package-lock.json","722","0","Critical"
"fastq","json-key","C:\DoAnTotNghiep\V-Shield-2.0\View\package-lock.json","724","0","Critical"
"engines","json-key","C:\DoAnTotNghiep\V-Shield-2.0\View\package-lock.json","726","0","Critical"
"node","json-key","C:\DoAnTotNghiep\V-Shield-2.0\View\package-lock.json","727","0","Critical"
"version","json-key","C:\DoAnTotNghiep\V-Shield-2.0\View\package-lock.json","731","0","Critical"
"resolved","json-key","C:\DoAnTotNghiep\V-Shield-2.0\View\package-lock.json","732","0","Critical"
"integrity","json-key","C:\DoAnTotNghiep\V-Shield-2.0\View\package-lock.json","733","0","Critical"
"dev","json-key","C:\DoAnTotNghiep\V-Shield-2.0\View\package-lock.json","734","0","Critical"
"license","json-key","C:\DoAnTotNghiep\V-Shield-2.0\View\package-lock.json","735","0","Critical"
"version","json-key","C:\DoAnTotNghiep\V-Shield-2.0\View\package-lock.json","738","0","Critical"
"resolved","json-key","C:\DoAnTotNghiep\V-Shield-2.0\View\package-lock.json","739","0","Critical"
"integrity","json-key","C:\DoAnTotNghiep\V-Shield-2.0\View\package-lock.json","740","0","Critical"
"cpu","json-key","C:\DoAnTotNghiep\V-Shield-2.0\View\package-lock.json","741","0","Critical"
"dev","json-key","C:\DoAnTotNghiep\V-Shield-2.0\View\package-lock.json","744","0","Critical"
"license","json-key","C:\DoAnTotNghiep\V-Shield-2.0\View\package-lock.json","745","0","Critical"
"optional","json-key","C:\DoAnTotNghiep\V-Shield-2.0\View\package-lock.json","746","0","Critical"
"os","json-key","C:\DoAnTotNghiep\V-Shield-2.0\View\package-lock.json","747","0","Critical"
"version","json-key","C:\DoAnTotNghiep\V-Shield-2.0\View\package-lock.json","752","0","Critical"
"resolved","json-key","C:\DoAnTotNghiep\V-Shield-2.0\View\package-lock.json","753","0","Critical"
"integrity","json-key","C:\DoAnTotNghiep\V-Shield-2.0\View\package-lock.json","754","0","Critical"
"cpu","json-key","C:\DoAnTotNghiep\V-Shield-2.0\View\package-lock.json","755","0","Critical"
"dev","json-key","C:\DoAnTotNghiep\V-Shield-2.0\View\package-lock.json","758","0","Critical"
"license","json-key","C:\DoAnTotNghiep\V-Shield-2.0\View\package-lock.json","759","0","Critical"
"optional","json-key","C:\DoAnTotNghiep\V-Shield-2.0\View\package-lock.json","760","0","Critical"
"os","json-key","C:\DoAnTotNghiep\V-Shield-2.0\View\package-lock.json","761","0","Critical"
"version","json-key","C:\DoAnTotNghiep\V-Shield-2.0\View\package-lock.json","766","0","Critical"
"resolved","json-key","C:\DoAnTotNghiep\V-Shield-2.0\View\package-lock.json","767","0","Critical"
"integrity","json-key","C:\DoAnTotNghiep\V-Shield-2.0\View\package-lock.json","768","0","Critical"
"cpu","json-key","C:\DoAnTotNghiep\V-Shield-2.0\View\package-lock.json","769","0","Critical"
"dev","json-key","C:\DoAnTotNghiep\V-Shield-2.0\View\package-lock.json","772","0","Critical"
"license","json-key","C:\DoAnTotNghiep\V-Shield-2.0\View\package-lock.json","773","0","Critical"
"optional","json-key","C:\DoAnTotNghiep\V-Shield-2.0\View\package-lock.json","774","0","Critical"
"os","json-key","C:\DoAnTotNghiep\V-Shield-2.0\View\package-lock.json","775","0","Critical"
"version","json-key","C:\DoAnTotNghiep\V-Shield-2.0\View\package-lock.json","780","0","Critical"
"resolved","json-key","C:\DoAnTotNghiep\V-Shield-2.0\View\package-lock.json","781","0","Critical"
"integrity","json-key","C:\DoAnTotNghiep\V-Shield-2.0\View\package-lock.json","782","0","Critical"
"cpu","json-key","C:\DoAnTotNghiep\V-Shield-2.0\View\package-lock.json","783","0","Critical"
"dev","json-key","C:\DoAnTotNghiep\V-Shield-2.0\View\package-lock.json","786","0","Critical"
"license","json-key","C:\DoAnTotNghiep\V-Shield-2.0\View\package-lock.json","787","0","Critical"
"optional","json-key","C:\DoAnTotNghiep\V-Shield-2.0\View\package-lock.json","788","0","Critical"
"os","json-key","C:\DoAnTotNghiep\V-Shield-2.0\View\package-lock.json","789","0","Critical"
"version","json-key","C:\DoAnTotNghiep\V-Shield-2.0\View\package-lock.json","794","0","Critical"
"resolved","json-key","C:\DoAnTotNghiep\V-Shield-2.0\View\package-lock.json","795","0","Critical"
"integrity","json-key","C:\DoAnTotNghiep\V-Shield-2.0\View\package-lock.json","796","0","Critical"
"cpu","json-key","C:\DoAnTotNghiep\V-Shield-2.0\View\package-lock.json","797","0","Critical"
"dev","json-key","C:\DoAnTotNghiep\V-Shield-2.0\View\package-lock.json","800","0","Critical"
"license","json-key","C:\DoAnTotNghiep\V-Shield-2.0\View\package-lock.json","801","0","Critical"
"optional","json-key","C:\DoAnTotNghiep\V-Shield-2.0\View\package-lock.json","802","0","Critical"
"os","json-key","C:\DoAnTotNghiep\V-Shield-2.0\View\package-lock.json","803","0","Critical"
"version","json-key","C:\DoAnTotNghiep\V-Shield-2.0\View\package-lock.json","808","0","Critical"
"resolved","json-key","C:\DoAnTotNghiep\V-Shield-2.0\View\package-lock.json","809","0","Critical"
"integrity","json-key","C:\DoAnTotNghiep\V-Shield-2.0\View\package-lock.json","810","0","Critical"
"cpu","json-key","C:\DoAnTotNghiep\V-Shield-2.0\View\package-lock.json","811","0","Critical"
"dev","json-key","C:\DoAnTotNghiep\V-Shield-2.0\View\package-lock.json","814","0","Critical"
"license","json-key","C:\DoAnTotNghiep\V-Shield-2.0\View\package-lock.json","815","0","Critical"
"optional","json-key","C:\DoAnTotNghiep\V-Shield-2.0\View\package-lock.json","816","0","Critical"
"os","json-key","C:\DoAnTotNghiep\V-Shield-2.0\View\package-lock.json","817","0","Critical"
"version","json-key","C:\DoAnTotNghiep\V-Shield-2.0\View\package-lock.json","822","0","Critical"
"resolved","json-key","C:\DoAnTotNghiep\V-Shield-2.0\View\package-lock.json","823","0","Critical"
"integrity","json-key","C:\DoAnTotNghiep\V-Shield-2.0\View\package-lock.json","824","0","Critical"
"cpu","json-key","C:\DoAnTotNghiep\V-Shield-2.0\View\package-lock.json","825","0","Critical"
"dev","json-key","C:\DoAnTotNghiep\V-Shield-2.0\View\package-lock.json","828","0","Critical"
"license","json-key","C:\DoAnTotNghiep\V-Shield-2.0\View\package-lock.json","829","0","Critical"
"optional","json-key","C:\DoAnTotNghiep\V-Shield-2.0\View\package-lock.json","830","0","Critical"
"os","json-key","C:\DoAnTotNghiep\V-Shield-2.0\View\package-lock.json","831","0","Critical"
"version","json-key","C:\DoAnTotNghiep\V-Shield-2.0\View\package-lock.json","836","0","Critical"
"resolved","json-key","C:\DoAnTotNghiep\V-Shield-2.0\View\package-lock.json","837","0","Critical"
"integrity","json-key","C:\DoAnTotNghiep\V-Shield-2.0\View\package-lock.json","838","0","Critical"
"cpu","json-key","C:\DoAnTotNghiep\V-Shield-2.0\View\package-lock.json","839","0","Critical"
"dev","json-key","C:\DoAnTotNghiep\V-Shield-2.0\View\package-lock.json","842","0","Critical"
"license","json-key","C:\DoAnTotNghiep\V-Shield-2.0\View\package-lock.json","843","0","Critical"
"optional","json-key","C:\DoAnTotNghiep\V-Shield-2.0\View\package-lock.json","844","0","Critical"
"os","json-key","C:\DoAnTotNghiep\V-Shield-2.0\View\package-lock.json","845","0","Critical"
"version","json-key","C:\DoAnTotNghiep\V-Shield-2.0\View\package-lock.json","850","0","Critical"
"resolved","json-key","C:\DoAnTotNghiep\V-Shield-2.0\View\package-lock.json","851","0","Critical"
"integrity","json-key","C:\DoAnTotNghiep\V-Shield-2.0\View\package-lock.json","852","0","Critical"
"cpu","json-key","C:\DoAnTotNghiep\V-Shield-2.0\View\package-lock.json","853","0","Critical"
"dev","json-key","C:\DoAnTotNghiep\V-Shield-2.0\View\package-lock.json","856","0","Critical"
"license","json-key","C:\DoAnTotNghiep\V-Shield-2.0\View\package-lock.json","857","0","Critical"
"optional","json-key","C:\DoAnTotNghiep\V-Shield-2.0\View\package-lock.json","858","0","Critical"
"os","json-key","C:\DoAnTotNghiep\V-Shield-2.0\View\package-lock.json","859","0","Critical"
"version","json-key","C:\DoAnTotNghiep\V-Shield-2.0\View\package-lock.json","864","0","Critical"
"resolved","json-key","C:\DoAnTotNghiep\V-Shield-2.0\View\package-lock.json","865","0","Critical"
"integrity","json-key","C:\DoAnTotNghiep\V-Shield-2.0\View\package-lock.json","866","0","Critical"
"cpu","json-key","C:\DoAnTotNghiep\V-Shield-2.0\View\package-lock.json","867","0","Critical"
"dev","json-key","C:\DoAnTotNghiep\V-Shield-2.0\View\package-lock.json","870","0","Critical"
"license","json-key","C:\DoAnTotNghiep\V-Shield-2.0\View\package-lock.json","871","0","Critical"
"optional","json-key","C:\DoAnTotNghiep\V-Shield-2.0\View\package-lock.json","872","0","Critical"
"os","json-key","C:\DoAnTotNghiep\V-Shield-2.0\View\package-lock.json","873","0","Critical"
"version","json-key","C:\DoAnTotNghiep\V-Shield-2.0\View\package-lock.json","878","0","Critical"
"resolved","json-key","C:\DoAnTotNghiep\V-Shield-2.0\View\package-lock.json","879","0","Critical"
"integrity","json-key","C:\DoAnTotNghiep\V-Shield-2.0\View\package-lock.json","880","0","Critical"
"cpu","json-key","C:\DoAnTotNghiep\V-Shield-2.0\View\package-lock.json","881","0","Critical"
"dev","json-key","C:\DoAnTotNghiep\V-Shield-2.0\View\package-lock.json","884","0","Critical"
"license","json-key","C:\DoAnTotNghiep\V-Shield-2.0\View\package-lock.json","885","0","Critical"
"optional","json-key","C:\DoAnTotNghiep\V-Shield-2.0\View\package-lock.json","886","0","Critical"
"os","json-key","C:\DoAnTotNghiep\V-Shield-2.0\View\package-lock.json","887","0","Critical"
"version","json-key","C:\DoAnTotNghiep\V-Shield-2.0\View\package-lock.json","892","0","Critical"
"resolved","json-key","C:\DoAnTotNghiep\V-Shield-2.0\View\package-lock.json","893","0","Critical"
"integrity","json-key","C:\DoAnTotNghiep\V-Shield-2.0\View\package-lock.json","894","0","Critical"
"cpu","json-key","C:\DoAnTotNghiep\V-Shield-2.0\View\package-lock.json","895","0","Critical"
"dev","json-key","C:\DoAnTotNghiep\V-Shield-2.0\View\package-lock.json","898","0","Critical"
"license","json-key","C:\DoAnTotNghiep\V-Shield-2.0\View\package-lock.json","899","0","Critical"
"optional","json-key","C:\DoAnTotNghiep\V-Shield-2.0\View\package-lock.json","900","0","Critical"
"os","json-key","C:\DoAnTotNghiep\V-Shield-2.0\View\package-lock.json","901","0","Critical"
"version","json-key","C:\DoAnTotNghiep\V-Shield-2.0\View\package-lock.json","906","0","Critical"
"resolved","json-key","C:\DoAnTotNghiep\V-Shield-2.0\View\package-lock.json","907","0","Critical"
"integrity","json-key","C:\DoAnTotNghiep\V-Shield-2.0\View\package-lock.json","908","0","Critical"
"cpu","json-key","C:\DoAnTotNghiep\V-Shield-2.0\View\package-lock.json","909","0","Critical"
"dev","json-key","C:\DoAnTotNghiep\V-Shield-2.0\View\package-lock.json","912","0","Critical"
"license","json-key","C:\DoAnTotNghiep\V-Shield-2.0\View\package-lock.json","913","0","Critical"
"optional","json-key","C:\DoAnTotNghiep\V-Shield-2.0\View\package-lock.json","914","0","Critical"
"os","json-key","C:\DoAnTotNghiep\V-Shield-2.0\View\package-lock.json","915","0","Critical"
"version","json-key","C:\DoAnTotNghiep\V-Shield-2.0\View\package-lock.json","920","0","Critical"
"resolved","json-key","C:\DoAnTotNghiep\V-Shield-2.0\View\package-lock.json","921","0","Critical"
"integrity","json-key","C:\DoAnTotNghiep\V-Shield-2.0\View\package-lock.json","922","0","Critical"
"cpu","json-key","C:\DoAnTotNghiep\V-Shield-2.0\View\package-lock.json","923","0","Critical"
"dev","json-key","C:\DoAnTotNghiep\V-Shield-2.0\View\package-lock.json","926","0","Critical"
"license","json-key","C:\DoAnTotNghiep\V-Shield-2.0\View\package-lock.json","927","0","Critical"
"optional","json-key","C:\DoAnTotNghiep\V-Shield-2.0\View\package-lock.json","928","0","Critical"
"os","json-key","C:\DoAnTotNghiep\V-Shield-2.0\View\package-lock.json","929","0","Critical"
"version","json-key","C:\DoAnTotNghiep\V-Shield-2.0\View\package-lock.json","934","0","Critical"
"resolved","json-key","C:\DoAnTotNghiep\V-Shield-2.0\View\package-lock.json","935","0","Critical"
"integrity","json-key","C:\DoAnTotNghiep\V-Shield-2.0\View\package-lock.json","936","0","Critical"
"cpu","json-key","C:\DoAnTotNghiep\V-Shield-2.0\View\package-lock.json","937","0","Critical"
"dev","json-key","C:\DoAnTotNghiep\V-Shield-2.0\View\package-lock.json","940","0","Critical"
"license","json-key","C:\DoAnTotNghiep\V-Shield-2.0\View\package-lock.json","941","0","Critical"
"optional","json-key","C:\DoAnTotNghiep\V-Shield-2.0\View\package-lock.json","942","0","Critical"
"os","json-key","C:\DoAnTotNghiep\V-Shield-2.0\View\package-lock.json","943","0","Critical"
"version","json-key","C:\DoAnTotNghiep\V-Shield-2.0\View\package-lock.json","948","0","Critical"
"resolved","json-key","C:\DoAnTotNghiep\V-Shield-2.0\View\package-lock.json","949","0","Critical"
"integrity","json-key","C:\DoAnTotNghiep\V-Shield-2.0\View\package-lock.json","950","0","Critical"
"cpu","json-key","C:\DoAnTotNghiep\V-Shield-2.0\View\package-lock.json","951","0","Critical"
"dev","json-key","C:\DoAnTotNghiep\V-Shield-2.0\View\package-lock.json","954","0","Critical"
"license","json-key","C:\DoAnTotNghiep\V-Shield-2.0\View\package-lock.json","955","0","Critical"
"optional","json-key","C:\DoAnTotNghiep\V-Shield-2.0\View\package-lock.json","956","0","Critical"
"os","json-key","C:\DoAnTotNghiep\V-Shield-2.0\View\package-lock.json","957","0","Critical"
"version","json-key","C:\DoAnTotNghiep\V-Shield-2.0\View\package-lock.json","962","0","Critical"
"resolved","json-key","C:\DoAnTotNghiep\V-Shield-2.0\View\package-lock.json","963","0","Critical"
"integrity","json-key","C:\DoAnTotNghiep\V-Shield-2.0\View\package-lock.json","964","0","Critical"
"cpu","json-key","C:\DoAnTotNghiep\V-Shield-2.0\View\package-lock.json","965","0","Critical"
"dev","json-key","C:\DoAnTotNghiep\V-Shield-2.0\View\package-lock.json","968","0","Critical"
"license","json-key","C:\DoAnTotNghiep\V-Shield-2.0\View\package-lock.json","969","0","Critical"
"optional","json-key","C:\DoAnTotNghiep\V-Shield-2.0\View\package-lock.json","970","0","Critical"
"os","json-key","C:\DoAnTotNghiep\V-Shield-2.0\View\package-lock.json","971","0","Critical"
"version","json-key","C:\DoAnTotNghiep\V-Shield-2.0\View\package-lock.json","976","0","Critical"
"resolved","json-key","C:\DoAnTotNghiep\V-Shield-2.0\View\package-lock.json","977","0","Critical"
"integrity","json-key","C:\DoAnTotNghiep\V-Shield-2.0\View\package-lock.json","978","0","Critical"
"cpu","json-key","C:\DoAnTotNghiep\V-Shield-2.0\View\package-lock.json","979","0","Critical"
"dev","json-key","C:\DoAnTotNghiep\V-Shield-2.0\View\package-lock.json","982","0","Critical"
"license","json-key","C:\DoAnTotNghiep\V-Shield-2.0\View\package-lock.json","983","0","Critical"
"optional","json-key","C:\DoAnTotNghiep\V-Shield-2.0\View\package-lock.json","984","0","Critical"
"os","json-key","C:\DoAnTotNghiep\V-Shield-2.0\View\package-lock.json","985","0","Critical"
"version","json-key","C:\DoAnTotNghiep\V-Shield-2.0\View\package-lock.json","990","0","Critical"
"resolved","json-key","C:\DoAnTotNghiep\V-Shield-2.0\View\package-lock.json","991","0","Critical"
"integrity","json-key","C:\DoAnTotNghiep\V-Shield-2.0\View\package-lock.json","992","0","Critical"
"cpu","json-key","C:\DoAnTotNghiep\V-Shield-2.0\View\package-lock.json","993","0","Critical"
"dev","json-key","C:\DoAnTotNghiep\V-Shield-2.0\View\package-lock.json","996","0","Critical"
"license","json-key","C:\DoAnTotNghiep\V-Shield-2.0\View\package-lock.json","997","0","Critical"
"optional","json-key","C:\DoAnTotNghiep\V-Shield-2.0\View\package-lock.json","998","0","Critical"
"os","json-key","C:\DoAnTotNghiep\V-Shield-2.0\View\package-lock.json","999","0","Critical"
"version","json-key","C:\DoAnTotNghiep\V-Shield-2.0\View\package-lock.json","1004","0","Critical"
"resolved","json-key","C:\DoAnTotNghiep\V-Shield-2.0\View\package-lock.json","1005","0","Critical"
"integrity","json-key","C:\DoAnTotNghiep\V-Shield-2.0\View\package-lock.json","1006","0","Critical"
"cpu","json-key","C:\DoAnTotNghiep\V-Shield-2.0\View\package-lock.json","1007","0","Critical"
"dev","json-key","C:\DoAnTotNghiep\V-Shield-2.0\View\package-lock.json","1010","0","Critical"
"license","json-key","C:\DoAnTotNghiep\V-Shield-2.0\View\package-lock.json","1011","0","Critical"
"optional","json-key","C:\DoAnTotNghiep\V-Shield-2.0\View\package-lock.json","1012","0","Critical"
"os","json-key","C:\DoAnTotNghiep\V-Shield-2.0\View\package-lock.json","1013","0","Critical"
"version","json-key","C:\DoAnTotNghiep\V-Shield-2.0\View\package-lock.json","1018","0","Critical"
"resolved","json-key","C:\DoAnTotNghiep\V-Shield-2.0\View\package-lock.json","1019","0","Critical"
"integrity","json-key","C:\DoAnTotNghiep\V-Shield-2.0\View\package-lock.json","1020","0","Critical"
"cpu","json-key","C:\DoAnTotNghiep\V-Shield-2.0\View\package-lock.json","1021","0","Critical"
"dev","json-key","C:\DoAnTotNghiep\V-Shield-2.0\View\package-lock.json","1024","0","Critical"
"license","json-key","C:\DoAnTotNghiep\V-Shield-2.0\View\package-lock.json","1025","0","Critical"
"optional","json-key","C:\DoAnTotNghiep\V-Shield-2.0\View\package-lock.json","1026","0","Critical"
"os","json-key","C:\DoAnTotNghiep\V-Shield-2.0\View\package-lock.json","1027","0","Critical"
"version","json-key","C:\DoAnTotNghiep\V-Shield-2.0\View\package-lock.json","1032","0","Critical"
"resolved","json-key","C:\DoAnTotNghiep\V-Shield-2.0\View\package-lock.json","1033","0","Critical"
"integrity","json-key","C:\DoAnTotNghiep\V-Shield-2.0\View\package-lock.json","1034","0","Critical"
"cpu","json-key","C:\DoAnTotNghiep\V-Shield-2.0\View\package-lock.json","1035","0","Critical"
"dev","json-key","C:\DoAnTotNghiep\V-Shield-2.0\View\package-lock.json","1038","0","Critical"
"license","json-key","C:\DoAnTotNghiep\V-Shield-2.0\View\package-lock.json","1039","0","Critical"
"optional","json-key","C:\DoAnTotNghiep\V-Shield-2.0\View\package-lock.json","1040","0","Critical"
"os","json-key","C:\DoAnTotNghiep\V-Shield-2.0\View\package-lock.json","1041","0","Critical"
"version","json-key","C:\DoAnTotNghiep\V-Shield-2.0\View\package-lock.json","1046","0","Critical"
"resolved","json-key","C:\DoAnTotNghiep\V-Shield-2.0\View\package-lock.json","1047","0","Critical"
"integrity","json-key","C:\DoAnTotNghiep\V-Shield-2.0\View\package-lock.json","1048","0","Critical"
"cpu","json-key","C:\DoAnTotNghiep\V-Shield-2.0\View\package-lock.json","1049","0","Critical"
"dev","json-key","C:\DoAnTotNghiep\V-Shield-2.0\View\package-lock.json","1052","0","Critical"
"license","json-key","C:\DoAnTotNghiep\V-Shield-2.0\View\package-lock.json","1053","0","Critical"
"optional","json-key","C:\DoAnTotNghiep\V-Shield-2.0\View\package-lock.json","1054","0","Critical"
"os","json-key","C:\DoAnTotNghiep\V-Shield-2.0\View\package-lock.json","1055","0","Critical"
"version","json-key","C:\DoAnTotNghiep\V-Shield-2.0\View\package-lock.json","1060","0","Critical"
"resolved","json-key","C:\DoAnTotNghiep\V-Shield-2.0\View\package-lock.json","1061","0","Critical"
"integrity","json-key","C:\DoAnTotNghiep\V-Shield-2.0\View\package-lock.json","1062","0","Critical"
"cpu","json-key","C:\DoAnTotNghiep\V-Shield-2.0\View\package-lock.json","1063","0","Critical"
"dev","json-key","C:\DoAnTotNghiep\V-Shield-2.0\View\package-lock.json","1066","0","Critical"
"license","json-key","C:\DoAnTotNghiep\V-Shield-2.0\View\package-lock.json","1067","0","Critical"
"optional","json-key","C:\DoAnTotNghiep\V-Shield-2.0\View\package-lock.json","1068","0","Critical"
"os","json-key","C:\DoAnTotNghiep\V-Shield-2.0\View\package-lock.json","1069","0","Critical"
"version","json-key","C:\DoAnTotNghiep\V-Shield-2.0\View\package-lock.json","1074","0","Critical"
"resolved","json-key","C:\DoAnTotNghiep\V-Shield-2.0\View\package-lock.json","1075","0","Critical"
"integrity","json-key","C:\DoAnTotNghiep\V-Shield-2.0\View\package-lock.json","1076","0","Critical"
"cpu","json-key","C:\DoAnTotNghiep\V-Shield-2.0\View\package-lock.json","1077","0","Critical"
"dev","json-key","C:\DoAnTotNghiep\V-Shield-2.0\View\package-lock.json","1080","0","Critical"
"license","json-key","C:\DoAnTotNghiep\V-Shield-2.0\View\package-lock.json","1081","0","Critical"
"optional","json-key","C:\DoAnTotNghiep\V-Shield-2.0\View\package-lock.json","1082","0","Critical"
"os","json-key","C:\DoAnTotNghiep\V-Shield-2.0\View\package-lock.json","1083","0","Critical"
"version","json-key","C:\DoAnTotNghiep\V-Shield-2.0\View\package-lock.json","1088","0","Critical"
"resolved","json-key","C:\DoAnTotNghiep\V-Shield-2.0\View\package-lock.json","1089","0","Critical"
"integrity","json-key","C:\DoAnTotNghiep\V-Shield-2.0\View\package-lock.json","1090","0","Critical"
"dev","json-key","C:\DoAnTotNghiep\V-Shield-2.0\View\package-lock.json","1091","0","Critical"
"license","json-key","C:\DoAnTotNghiep\V-Shield-2.0\View\package-lock.json","1092","0","Critical"
"version","json-key","C:\DoAnTotNghiep\V-Shield-2.0\View\package-lock.json","1095","0","Critical"
"resolved","json-key","C:\DoAnTotNghiep\V-Shield-2.0\View\package-lock.json","1096","0","Critical"
"integrity","json-key","C:\DoAnTotNghiep\V-Shield-2.0\View\package-lock.json","1097","0","Critical"
"dev","json-key","C:\DoAnTotNghiep\V-Shield-2.0\View\package-lock.json","1098","0","Critical"
"license","json-key","C:\DoAnTotNghiep\V-Shield-2.0\View\package-lock.json","1099","0","Critical"
"dependencies","json-key","C:\DoAnTotNghiep\V-Shield-2.0\View\package-lock.json","1100","0","Critical"
"engines","json-key","C:\DoAnTotNghiep\V-Shield-2.0\View\package-lock.json","1103","0","Critical"
"node","json-key","C:\DoAnTotNghiep\V-Shield-2.0\View\package-lock.json","1104","0","Critical"
"peerDependencies","json-key","C:\DoAnTotNghiep\V-Shield-2.0\View\package-lock.json","1106","0","Critical"
"vite","json-key","C:\DoAnTotNghiep\V-Shield-2.0\View\package-lock.json","1107","0","Critical"
"vue","json-key","C:\DoAnTotNghiep\V-Shield-2.0\View\package-lock.json","1108","0","Critical"
"version","json-key","C:\DoAnTotNghiep\V-Shield-2.0\View\package-lock.json","1112","0","Critical"
"resolved","json-key","C:\DoAnTotNghiep\V-Shield-2.0\View\package-lock.json","1113","0","Critical"
"integrity","json-key","C:\DoAnTotNghiep\V-Shield-2.0\View\package-lock.json","1114","0","Critical"
"license","json-key","C:\DoAnTotNghiep\V-Shield-2.0\View\package-lock.json","1115","0","Critical"
"dependencies","json-key","C:\DoAnTotNghiep\V-Shield-2.0\View\package-lock.json","1116","0","Critical"
"entities","json-key","C:\DoAnTotNghiep\V-Shield-2.0\View\package-lock.json","1119","0","Critical"
"version","json-key","C:\DoAnTotNghiep\V-Shield-2.0\View\package-lock.json","1125","0","Critical"
"resolved","json-key","C:\DoAnTotNghiep\V-Shield-2.0\View\package-lock.json","1126","0","Critical"
"integrity","json-key","C:\DoAnTotNghiep\V-Shield-2.0\View\package-lock.json","1127","0","Critical"
"license","json-key","C:\DoAnTotNghiep\V-Shield-2.0\View\package-lock.json","1128","0","Critical"
"dependencies","json-key","C:\DoAnTotNghiep\V-Shield-2.0\View\package-lock.json","1129","0","Critical"
"version","json-key","C:\DoAnTotNghiep\V-Shield-2.0\View\package-lock.json","1135","0","Critical"
"resolved","json-key","C:\DoAnTotNghiep\V-Shield-2.0\View\package-lock.json","1136","0","Critical"
"integrity","json-key","C:\DoAnTotNghiep\V-Shield-2.0\View\package-lock.json","1137","0","Critical"
"license","json-key","C:\DoAnTotNghiep\V-Shield-2.0\View\package-lock.json","1138","0","Critical"
"dependencies","json-key","C:\DoAnTotNghiep\V-Shield-2.0\View\package-lock.json","1139","0","Critical"
"postcss","json-key","C:\DoAnTotNghiep\V-Shield-2.0\View\package-lock.json","1147","0","Critical"
"version","json-key","C:\DoAnTotNghiep\V-Shield-2.0\View\package-lock.json","1152","0","Critical"
"resolved","json-key","C:\DoAnTotNghiep\V-Shield-2.0\View\package-lock.json","1153","0","Critical"
"integrity","json-key","C:\DoAnTotNghiep\V-Shield-2.0\View\package-lock.json","1154","0","Critical"
"license","json-key","C:\DoAnTotNghiep\V-Shield-2.0\View\package-lock.json","1155","0","Critical"
"dependencies","json-key","C:\DoAnTotNghiep\V-Shield-2.0\View\package-lock.json","1156","0","Critical"
"version","json-key","C:\DoAnTotNghiep\V-Shield-2.0\View\package-lock.json","1162","0","Critical"
"resolved","json-key","C:\DoAnTotNghiep\V-Shield-2.0\View\package-lock.json","1163","0","Critical"
"integrity","json-key","C:\DoAnTotNghiep\V-Shield-2.0\View\package-lock.json","1164","0","Critical"
"license","json-key","C:\DoAnTotNghiep\V-Shield-2.0\View\package-lock.json","1165","0","Critical"
"version","json-key","C:\DoAnTotNghiep\V-Shield-2.0\View\package-lock.json","1168","0","Critical"
"resolved","json-key","C:\DoAnTotNghiep\V-Shield-2.0\View\package-lock.json","1169","0","Critical"
"integrity","json-key","C:\DoAnTotNghiep\V-Shield-2.0\View\package-lock.json","1170","0","Critical"
"license","json-key","C:\DoAnTotNghiep\V-Shield-2.0\View\package-lock.json","1171","0","Critical"
"dependencies","json-key","C:\DoAnTotNghiep\V-Shield-2.0\View\package-lock.json","1172","0","Critical"
"version","json-key","C:\DoAnTotNghiep\V-Shield-2.0\View\package-lock.json","1177","0","Critical"
"resolved","json-key","C:\DoAnTotNghiep\V-Shield-2.0\View\package-lock.json","1178","0","Critical"
"integrity","json-key","C:\DoAnTotNghiep\V-Shield-2.0\View\package-lock.json","1179","0","Critical"
"license","json-key","C:\DoAnTotNghiep\V-Shield-2.0\View\package-lock.json","1180","0","Critical"
"dependencies","json-key","C:\DoAnTotNghiep\V-Shield-2.0\View\package-lock.json","1181","0","Critical"
"version","json-key","C:\DoAnTotNghiep\V-Shield-2.0\View\package-lock.json","1187","0","Critical"
"resolved","json-key","C:\DoAnTotNghiep\V-Shield-2.0\View\package-lock.json","1188","0","Critical"
"integrity","json-key","C:\DoAnTotNghiep\V-Shield-2.0\View\package-lock.json","1189","0","Critical"
"license","json-key","C:\DoAnTotNghiep\V-Shield-2.0\View\package-lock.json","1190","0","Critical"
"dependencies","json-key","C:\DoAnTotNghiep\V-Shield-2.0\View\package-lock.json","1191","0","Critical"
"csstype","json-key","C:\DoAnTotNghiep\V-Shield-2.0\View\package-lock.json","1195","0","Critical"
"version","json-key","C:\DoAnTotNghiep\V-Shield-2.0\View\package-lock.json","1199","0","Critical"
"resolved","json-key","C:\DoAnTotNghiep\V-Shield-2.0\View\package-lock.json","1200","0","Critical"
"integrity","json-key","C:\DoAnTotNghiep\V-Shield-2.0\View\package-lock.json","1201","0","Critical"
"license","json-key","C:\DoAnTotNghiep\V-Shield-2.0\View\package-lock.json","1202","0","Critical"
"dependencies","json-key","C:\DoAnTotNghiep\V-Shield-2.0\View\package-lock.json","1203","0","Critical"
"peerDependencies","json-key","C:\DoAnTotNghiep\V-Shield-2.0\View\package-lock.json","1207","0","Critical"
"vue","json-key","C:\DoAnTotNghiep\V-Shield-2.0\View\package-lock.json","1208","0","Critical"
"version","json-key","C:\DoAnTotNghiep\V-Shield-2.0\View\package-lock.json","1212","0","Critical"
"resolved","json-key","C:\DoAnTotNghiep\V-Shield-2.0\View\package-lock.json","1213","0","Critical"
"integrity","json-key","C:\DoAnTotNghiep\V-Shield-2.0\View\package-lock.json","1214","0","Critical"
"license","json-key","C:\DoAnTotNghiep\V-Shield-2.0\View\package-lock.json","1215","0","Critical"
"version","json-key","C:\DoAnTotNghiep\V-Shield-2.0\View\package-lock.json","1218","0","Critical"
"resolved","json-key","C:\DoAnTotNghiep\V-Shield-2.0\View\package-lock.json","1219","0","Critical"
"integrity","json-key","C:\DoAnTotNghiep\V-Shield-2.0\View\package-lock.json","1220","0","Critical"
"license","json-key","C:\DoAnTotNghiep\V-Shield-2.0\View\package-lock.json","1221","0","Critical"
"engines","json-key","C:\DoAnTotNghiep\V-Shield-2.0\View\package-lock.json","1222","0","Critical"
"node","json-key","C:\DoAnTotNghiep\V-Shield-2.0\View\package-lock.json","1223","0","Critical"
"version","json-key","C:\DoAnTotNghiep\V-Shield-2.0\View\package-lock.json","1227","0","Critical"
"resolved","json-key","C:\DoAnTotNghiep\V-Shield-2.0\View\package-lock.json","1228","0","Critical"
"integrity","json-key","C:\DoAnTotNghiep\V-Shield-2.0\View\package-lock.json","1229","0","Critical"
"license","json-key","C:\DoAnTotNghiep\V-Shield-2.0\View\package-lock.json","1230","0","Critical"
"dependencies","json-key","C:\DoAnTotNghiep\V-Shield-2.0\View\package-lock.json","1231","0","Critical"
"engines","json-key","C:\DoAnTotNghiep\V-Shield-2.0\View\package-lock.json","1234","0","Critical"
"node","json-key","C:\DoAnTotNghiep\V-Shield-2.0\View\package-lock.json","1235","0","Critical"
"funding","json-key","C:\DoAnTotNghiep\V-Shield-2.0\View\package-lock.json","1237","0","Critical"
"url","json-key","C:\DoAnTotNghiep\V-Shield-2.0\View\package-lock.json","1238","0","Critical"
"version","json-key","C:\DoAnTotNghiep\V-Shield-2.0\View\package-lock.json","1242","0","Critical"
"resolved","json-key","C:\DoAnTotNghiep\V-Shield-2.0\View\package-lock.json","1243","0","Critical"
"integrity","json-key","C:\DoAnTotNghiep\V-Shield-2.0\View\package-lock.json","1244","0","Critical"
"dev","json-key","C:\DoAnTotNghiep\V-Shield-2.0\View\package-lock.json","1245","0","Critical"
"license","json-key","C:\DoAnTotNghiep\V-Shield-2.0\View\package-lock.json","1246","0","Critical"
"version","json-key","C:\DoAnTotNghiep\V-Shield-2.0\View\package-lock.json","1249","0","Critical"
"resolved","json-key","C:\DoAnTotNghiep\V-Shield-2.0\View\package-lock.json","1250","0","Critical"
"integrity","json-key","C:\DoAnTotNghiep\V-Shield-2.0\View\package-lock.json","1251","0","Critical"
"dev","json-key","C:\DoAnTotNghiep\V-Shield-2.0\View\package-lock.json","1252","0","Critical"
"license","json-key","C:\DoAnTotNghiep\V-Shield-2.0\View\package-lock.json","1253","0","Critical"
"dependencies","json-key","C:\DoAnTotNghiep\V-Shield-2.0\View\package-lock.json","1254","0","Critical"
"picomatch","json-key","C:\DoAnTotNghiep\V-Shield-2.0\View\package-lock.json","1256","0","Critical"
"engines","json-key","C:\DoAnTotNghiep\V-Shield-2.0\View\package-lock.json","1258","0","Critical"
"node","json-key","C:\DoAnTotNghiep\V-Shield-2.0\View\package-lock.json","1259","0","Critical"
"version","json-key","C:\DoAnTotNghiep\V-Shield-2.0\View\package-lock.json","1263","0","Critical"
"resolved","json-key","C:\DoAnTotNghiep\V-Shield-2.0\View\package-lock.json","1264","0","Critical"
"integrity","json-key","C:\DoAnTotNghiep\V-Shield-2.0\View\package-lock.json","1265","0","Critical"
"dev","json-key","C:\DoAnTotNghiep\V-Shield-2.0\View\package-lock.json","1266","0","Critical"
"license","json-key","C:\DoAnTotNghiep\V-Shield-2.0\View\package-lock.json","1267","0","Critical"
"engines","json-key","C:\DoAnTotNghiep\V-Shield-2.0\View\package-lock.json","1268","0","Critical"
"node","json-key","C:\DoAnTotNghiep\V-Shield-2.0\View\package-lock.json","1269","0","Critical"
"funding","json-key","C:\DoAnTotNghiep\V-Shield-2.0\View\package-lock.json","1271","0","Critical"
"url","json-key","C:\DoAnTotNghiep\V-Shield-2.0\View\package-lock.json","1272","0","Critical"
"version","json-key","C:\DoAnTotNghiep\V-Shield-2.0\View\package-lock.json","1276","0","Critical"
"resolved","json-key","C:\DoAnTotNghiep\V-Shield-2.0\View\package-lock.json","1277","0","Critical"
"integrity","json-key","C:\DoAnTotNghiep\V-Shield-2.0\View\package-lock.json","1278","0","Critical"
"dev","json-key","C:\DoAnTotNghiep\V-Shield-2.0\View\package-lock.json","1279","0","Critical"
"license","json-key","C:\DoAnTotNghiep\V-Shield-2.0\View\package-lock.json","1280","0","Critical"
"version","json-key","C:\DoAnTotNghiep\V-Shield-2.0\View\package-lock.json","1283","0","Critical"
"resolved","json-key","C:\DoAnTotNghiep\V-Shield-2.0\View\package-lock.json","1284","0","Critical"
"integrity","json-key","C:\DoAnTotNghiep\V-Shield-2.0\View\package-lock.json","1285","0","Critical"
"license","json-key","C:\DoAnTotNghiep\V-Shield-2.0\View\package-lock.json","1286","0","Critical"
"version","json-key","C:\DoAnTotNghiep\V-Shield-2.0\View\package-lock.json","1289","0","Critical"
"resolved","json-key","C:\DoAnTotNghiep\V-Shield-2.0\View\package-lock.json","1290","0","Critical"
"integrity","json-key","C:\DoAnTotNghiep\V-Shield-2.0\View\package-lock.json","1291","0","Critical"
"dev","json-key","C:\DoAnTotNghiep\V-Shield-2.0\View\package-lock.json","1292","0","Critical"
"funding","json-key","C:\DoAnTotNghiep\V-Shield-2.0\View\package-lock.json","1293","0","Critical"
"type","json-key","C:\DoAnTotNghiep\V-Shield-2.0\View\package-lock.json","1295","0","Critical"
"url","json-key","C:\DoAnTotNghiep\V-Shield-2.0\View\package-lock.json","1296","0","Critical"
"type","json-key","C:\DoAnTotNghiep\V-Shield-2.0\View\package-lock.json","1299","0","Critical"
"url","json-key","C:\DoAnTotNghiep\V-Shield-2.0\View\package-lock.json","1300","0","Critical"
"type","json-key","C:\DoAnTotNghiep\V-Shield-2.0\View\package-lock.json","1303","0","Critical"
"url","json-key","C:\DoAnTotNghiep\V-Shield-2.0\View\package-lock.json","1304","0","Critical"
"license","json-key","C:\DoAnTotNghiep\V-Shield-2.0\View\package-lock.json","1307","0","Critical"
"dependencies","json-key","C:\DoAnTotNghiep\V-Shield-2.0\View\package-lock.json","1308","0","Critical"
"browserslist","json-key","C:\DoAnTotNghiep\V-Shield-2.0\View\package-lock.json","1309","0","Critical"
"picocolors","json-key","C:\DoAnTotNghiep\V-Shield-2.0\View\package-lock.json","1312","0","Critical"
"bin","json-key","C:\DoAnTotNghiep\V-Shield-2.0\View\package-lock.json","1315","0","Critical"
"autoprefixer","json-key","C:\DoAnTotNghiep\V-Shield-2.0\View\package-lock.json","1316","0","Critical"
"engines","json-key","C:\DoAnTotNghiep\V-Shield-2.0\View\package-lock.json","1318","0","Critical"
"node","json-key","C:\DoAnTotNghiep\V-Shield-2.0\View\package-lock.json","1319","0","Critical"
"peerDependencies","json-key","C:\DoAnTotNghiep\V-Shield-2.0\View\package-lock.json","1321","0","Critical"
"postcss","json-key","C:\DoAnTotNghiep\V-Shield-2.0\View\package-lock.json","1322","0","Critical"
"version","json-key","C:\DoAnTotNghiep\V-Shield-2.0\View\package-lock.json","1326","0","Critical"
"resolved","json-key","C:\DoAnTotNghiep\V-Shield-2.0\View\package-lock.json","1327","0","Critical"
"integrity","json-key","C:\DoAnTotNghiep\V-Shield-2.0\View\package-lock.json","1328","0","Critical"
"license","json-key","C:\DoAnTotNghiep\V-Shield-2.0\View\package-lock.json","1329","0","Critical"
"dependencies","json-key","C:\DoAnTotNghiep\V-Shield-2.0\View\package-lock.json","1330","0","Critical"
"version","json-key","C:\DoAnTotNghiep\V-Shield-2.0\View\package-lock.json","1337","0","Critical"
"resolved","json-key","C:\DoAnTotNghiep\V-Shield-2.0\View\package-lock.json","1338","0","Critical"
"integrity","json-key","C:\DoAnTotNghiep\V-Shield-2.0\View\package-lock.json","1339","0","Critical"
"dev","json-key","C:\DoAnTotNghiep\V-Shield-2.0\View\package-lock.json","1340","0","Critical"
"license","json-key","C:\DoAnTotNghiep\V-Shield-2.0\View\package-lock.json","1341","0","Critical"
"bin","json-key","C:\DoAnTotNghiep\V-Shield-2.0\View\package-lock.json","1342","0","Critical"
"engines","json-key","C:\DoAnTotNghiep\V-Shield-2.0\View\package-lock.json","1345","0","Critical"
"node","json-key","C:\DoAnTotNghiep\V-Shield-2.0\View\package-lock.json","1346","0","Critical"
"version","json-key","C:\DoAnTotNghiep\V-Shield-2.0\View\package-lock.json","1350","0","Critical"
"resolved","json-key","C:\DoAnTotNghiep\V-Shield-2.0\View\package-lock.json","1351","0","Critical"
"integrity","json-key","C:\DoAnTotNghiep\V-Shield-2.0\View\package-lock.json","1352","0","Critical"
"dev","json-key","C:\DoAnTotNghiep\V-Shield-2.0\View\package-lock.json","1353","0","Critical"
"license","json-key","C:\DoAnTotNghiep\V-Shield-2.0\View\package-lock.json","1354","0","Critical"
"engines","json-key","C:\DoAnTotNghiep\V-Shield-2.0\View\package-lock.json","1355","0","Critical"
"node","json-key","C:\DoAnTotNghiep\V-Shield-2.0\View\package-lock.json","1356","0","Critical"
"funding","json-key","C:\DoAnTotNghiep\V-Shield-2.0\View\package-lock.json","1358","0","Critical"
"url","json-key","C:\DoAnTotNghiep\V-Shield-2.0\View\package-lock.json","1359","0","Critical"
"version","json-key","C:\DoAnTotNghiep\V-Shield-2.0\View\package-lock.json","1363","0","Critical"
"resolved","json-key","C:\DoAnTotNghiep\V-Shield-2.0\View\package-lock.json","1364","0","Critical"
"integrity","json-key","C:\DoAnTotNghiep\V-Shield-2.0\View\package-lock.json","1365","0","Critical"
"dev","json-key","C:\DoAnTotNghiep\V-Shield-2.0\View\package-lock.json","1366","0","Critical"
"license","json-key","C:\DoAnTotNghiep\V-Shield-2.0\View\package-lock.json","1367","0","Critical"
"dependencies","json-key","C:\DoAnTotNghiep\V-Shield-2.0\View\package-lock.json","1368","0","Critical"
"engines","json-key","C:\DoAnTotNghiep\V-Shield-2.0\View\package-lock.json","1371","0","Critical"
"node","json-key","C:\DoAnTotNghiep\V-Shield-2.0\View\package-lock.json","1372","0","Critical"
"version","json-key","C:\DoAnTotNghiep\V-Shield-2.0\View\package-lock.json","1376","0","Critical"
"resolved","json-key","C:\DoAnTotNghiep\V-Shield-2.0\View\package-lock.json","1377","0","Critical"
"integrity","json-key","C:\DoAnTotNghiep\V-Shield-2.0\View\package-lock.json","1378","0","Critical"
"dev","json-key","C:\DoAnTotNghiep\V-Shield-2.0\View\package-lock.json","1379","0","Critical"
"funding","json-key","C:\DoAnTotNghiep\V-Shield-2.0\View\package-lock.json","1380","0","Critical"
"type","json-key","C:\DoAnTotNghiep\V-Shield-2.0\View\package-lock.json","1382","0","Critical"
"url","json-key","C:\DoAnTotNghiep\V-Shield-2.0\View\package-lock.json","1383","0","Critical"
"type","json-key","C:\DoAnTotNghiep\V-Shield-2.0\View\package-lock.json","1386","0","Critical"
"url","json-key","C:\DoAnTotNghiep\V-Shield-2.0\View\package-lock.json","1387","0","Critical"
"type","json-key","C:\DoAnTotNghiep\V-Shield-2.0\View\package-lock.json","1390","0","Critical"
"url","json-key","C:\DoAnTotNghiep\V-Shield-2.0\View\package-lock.json","1391","0","Critical"
"license","json-key","C:\DoAnTotNghiep\V-Shield-2.0\View\package-lock.json","1394","0","Critical"
"dependencies","json-key","C:\DoAnTotNghiep\V-Shield-2.0\View\package-lock.json","1395","0","Critical"
"bin","json-key","C:\DoAnTotNghiep\V-Shield-2.0\View\package-lock.json","1402","0","Critical"
"browserslist","json-key","C:\DoAnTotNghiep\V-Shield-2.0\View\package-lock.json","1403","0","Critical"
"engines","json-key","C:\DoAnTotNghiep\V-Shield-2.0\View\package-lock.json","1405","0","Critical"
"node","json-key","C:\DoAnTotNghiep\V-Shield-2.0\View\package-lock.json","1406","0","Critical"
"version","json-key","C:\DoAnTotNghiep\V-Shield-2.0\View\package-lock.json","1410","0","Critical"
"resolved","json-key","C:\DoAnTotNghiep\V-Shield-2.0\View\package-lock.json","1411","0","Critical"
"integrity","json-key","C:\DoAnTotNghiep\V-Shield-2.0\View\package-lock.json","1412","0","Critical"
"license","json-key","C:\DoAnTotNghiep\V-Shield-2.0\View\package-lock.json","1413","0","Critical"
"dependencies","json-key","C:\DoAnTotNghiep\V-Shield-2.0\View\package-lock.json","1414","0","Critical"
"engines","json-key","C:\DoAnTotNghiep\V-Shield-2.0\View\package-lock.json","1418","0","Critical"
"node","json-key","C:\DoAnTotNghiep\V-Shield-2.0\View\package-lock.json","1419","0","Critical"
"version","json-key","C:\DoAnTotNghiep\V-Shield-2.0\View\package-lock.json","1423","0","Critical"
"resolved","json-key","C:\DoAnTotNghiep\V-Shield-2.0\View\package-lock.json","1424","0","Critical"
"integrity","json-key","C:\DoAnTotNghiep\V-Shield-2.0\View\package-lock.json","1425","0","Critical"
"license","json-key","C:\DoAnTotNghiep\V-Shield-2.0\View\package-lock.json","1426","0","Critical"
"engines","json-key","C:\DoAnTotNghiep\V-Shield-2.0\View\package-lock.json","1427","0","Critical"
"node","json-key","C:\DoAnTotNghiep\V-Shield-2.0\View\package-lock.json","1428","0","Critical"
"version","json-key","C:\DoAnTotNghiep\V-Shield-2.0\View\package-lock.json","1432","0","Critical"
"resolved","json-key","C:\DoAnTotNghiep\V-Shield-2.0\View\package-lock.json","1433","0","Critical"
"integrity","json-key","C:\DoAnTotNghiep\V-Shield-2.0\View\package-lock.json","1434","0","Critical"
"dev","json-key","C:\DoAnTotNghiep\V-Shield-2.0\View\package-lock.json","1435","0","Critical"
"license","json-key","C:\DoAnTotNghiep\V-Shield-2.0\View\package-lock.json","1436","0","Critical"
"engines","json-key","C:\DoAnTotNghiep\V-Shield-2.0\View\package-lock.json","1437","0","Critical"
"node","json-key","C:\DoAnTotNghiep\V-Shield-2.0\View\package-lock.json","1438","0","Critical"
"version","json-key","C:\DoAnTotNghiep\V-Shield-2.0\View\package-lock.json","1442","0","Critical"
"resolved","json-key","C:\DoAnTotNghiep\V-Shield-2.0\View\package-lock.json","1443","0","Critical"
"integrity","json-key","C:\DoAnTotNghiep\V-Shield-2.0\View\package-lock.json","1444","0","Critical"
"dev","json-key","C:\DoAnTotNghiep\V-Shield-2.0\View\package-lock.json","1445","0","Critical"
"funding","json-key","C:\DoAnTotNghiep\V-Shield-2.0\View\package-lock.json","1446","0","Critical"
"type","json-key","C:\DoAnTotNghiep\V-Shield-2.0\View\package-lock.json","1448","0","Critical"
"url","json-key","C:\DoAnTotNghiep\V-Shield-2.0\View\package-lock.json","1449","0","Critical"
"type","json-key","C:\DoAnTotNghiep\V-Shield-2.0\View\package-lock.json","1452","0","Critical"
"url","json-key","C:\DoAnTotNghiep\V-Shield-2.0\View\package-lock.json","1453","0","Critical"
"type","json-key","C:\DoAnTotNghiep\V-Shield-2.0\View\package-lock.json","1456","0","Critical"
"url","json-key","C:\DoAnTotNghiep\V-Shield-2.0\View\package-lock.json","1457","0","Critical"
"license","json-key","C:\DoAnTotNghiep\V-Shield-2.0\View\package-lock.json","1460","0","Critical"
"version","json-key","C:\DoAnTotNghiep\V-Shield-2.0\View\package-lock.json","1463","0","Critical"
"resolved","json-key","C:\DoAnTotNghiep\V-Shield-2.0\View\package-lock.json","1464","0","Critical"
"integrity","json-key","C:\DoAnTotNghiep\V-Shield-2.0\View\package-lock.json","1465","0","Critical"
"dev","json-key","C:\DoAnTotNghiep\V-Shield-2.0\View\package-lock.json","1466","0","Critical"
"license","json-key","C:\DoAnTotNghiep\V-Shield-2.0\View\package-lock.json","1467","0","Critical"
"dependencies","json-key","C:\DoAnTotNghiep\V-Shield-2.0\View\package-lock.json","1468","0","Critical"
"anymatch","json-key","C:\DoAnTotNghiep\V-Shield-2.0\View\package-lock.json","1469","0","Critical"
"braces","json-key","C:\DoAnTotNghiep\V-Shield-2.0\View\package-lock.json","1470","0","Critical"
"readdirp","json-key","C:\DoAnTotNghiep\V-Shield-2.0\View\package-lock.json","1475","0","Critical"
"engines","json-key","C:\DoAnTotNghiep\V-Shield-2.0\View\package-lock.json","1477","0","Critical"
"node","json-key","C:\DoAnTotNghiep\V-Shield-2.0\View\package-lock.json","1478","0","Critical"
"funding","json-key","C:\DoAnTotNghiep\V-Shield-2.0\View\package-lock.json","1480","0","Critical"
"url","json-key","C:\DoAnTotNghiep\V-Shield-2.0\View\package-lock.json","1481","0","Critical"
"optionalDependencies","json-key","C:\DoAnTotNghiep\V-Shield-2.0\View\package-lock.json","1483","0","Critical"
"fsevents","json-key","C:\DoAnTotNghiep\V-Shield-2.0\View\package-lock.json","1484","0","Critical"
"version","json-key","C:\DoAnTotNghiep\V-Shield-2.0\View\package-lock.json","1488","0","Critical"
"resolved","json-key","C:\DoAnTotNghiep\V-Shield-2.0\View\package-lock.json","1489","0","Critical"
"integrity","json-key","C:\DoAnTotNghiep\V-Shield-2.0\View\package-lock.json","1490","0","Critical"
"dev","json-key","C:\DoAnTotNghiep\V-Shield-2.0\View\package-lock.json","1491","0","Critical"
"license","json-key","C:\DoAnTotNghiep\V-Shield-2.0\View\package-lock.json","1492","0","Critical"
"dependencies","json-key","C:\DoAnTotNghiep\V-Shield-2.0\View\package-lock.json","1493","0","Critical"
"engines","json-key","C:\DoAnTotNghiep\V-Shield-2.0\View\package-lock.json","1496","0","Critical"
"node","json-key","C:\DoAnTotNghiep\V-Shield-2.0\View\package-lock.json","1497","0","Critical"
"version","json-key","C:\DoAnTotNghiep\V-Shield-2.0\View\package-lock.json","1501","0","Critical"
"resolved","json-key","C:\DoAnTotNghiep\V-Shield-2.0\View\package-lock.json","1502","0","Critical"
"integrity","json-key","C:\DoAnTotNghiep\V-Shield-2.0\View\package-lock.json","1503","0","Critical"
"license","json-key","C:\DoAnTotNghiep\V-Shield-2.0\View\package-lock.json","1504","0","Critical"
"dependencies","json-key","C:\DoAnTotNghiep\V-Shield-2.0\View\package-lock.json","1505","0","Critical"
"version","json-key","C:\DoAnTotNghiep\V-Shield-2.0\View\package-lock.json","1512","0","Critical"
"resolved","json-key","C:\DoAnTotNghiep\V-Shield-2.0\View\package-lock.json","1513","0","Critical"
"integrity","json-key","C:\DoAnTotNghiep\V-Shield-2.0\View\package-lock.json","1514","0","Critical"
"license","json-key","C:\DoAnTotNghiep\V-Shield-2.0\View\package-lock.json","1515","0","Critical"
"dependencies","json-key","C:\DoAnTotNghiep\V-Shield-2.0\View\package-lock.json","1516","0","Critical"
"engines","json-key","C:\DoAnTotNghiep\V-Shield-2.0\View\package-lock.json","1519","0","Critical"
"node","json-key","C:\DoAnTotNghiep\V-Shield-2.0\View\package-lock.json","1520","0","Critical"
"version","json-key","C:\DoAnTotNghiep\V-Shield-2.0\View\package-lock.json","1524","0","Critical"
"resolved","json-key","C:\DoAnTotNghiep\V-Shield-2.0\View\package-lock.json","1525","0","Critical"
"integrity","json-key","C:\DoAnTotNghiep\V-Shield-2.0\View\package-lock.json","1526","0","Critical"
"license","json-key","C:\DoAnTotNghiep\V-Shield-2.0\View\package-lock.json","1527","0","Critical"
"version","json-key","C:\DoAnTotNghiep\V-Shield-2.0\View\package-lock.json","1530","0","Critical"
"resolved","json-key","C:\DoAnTotNghiep\V-Shield-2.0\View\package-lock.json","1531","0","Critical"
"integrity","json-key","C:\DoAnTotNghiep\V-Shield-2.0\View\package-lock.json","1532","0","Critical"
"license","json-key","C:\DoAnTotNghiep\V-Shield-2.0\View\package-lock.json","1533","0","Critical"
"dependencies","json-key","C:\DoAnTotNghiep\V-Shield-2.0\View\package-lock.json","1534","0","Critical"
"engines","json-key","C:\DoAnTotNghiep\V-Shield-2.0\View\package-lock.json","1537","0","Critical"
"node","json-key","C:\DoAnTotNghiep\V-Shield-2.0\View\package-lock.json","1538","0","Critical"
"version","json-key","C:\DoAnTotNghiep\V-Shield-2.0\View\package-lock.json","1542","0","Critical"
"resolved","json-key","C:\DoAnTotNghiep\V-Shield-2.0\View\package-lock.json","1543","0","Critical"
"integrity","json-key","C:\DoAnTotNghiep\V-Shield-2.0\View\package-lock.json","1544","0","Critical"
"dev","json-key","C:\DoAnTotNghiep\V-Shield-2.0\View\package-lock.json","1545","0","Critical"
"license","json-key","C:\DoAnTotNghiep\V-Shield-2.0\View\package-lock.json","1546","0","Critical"
"engines","json-key","C:\DoAnTotNghiep\V-Shield-2.0\View\package-lock.json","1547","0","Critical"
"node","json-key","C:\DoAnTotNghiep\V-Shield-2.0\View\package-lock.json","1548","0","Critical"
"version","json-key","C:\DoAnTotNghiep\V-Shield-2.0\View\package-lock.json","1552","0","Critical"
"resolved","json-key","C:\DoAnTotNghiep\V-Shield-2.0\View\package-lock.json","1553","0","Critical"
"integrity","json-key","C:\DoAnTotNghiep\V-Shield-2.0\View\package-lock.json","1554","0","Critical"
"dev","json-key","C:\DoAnTotNghiep\V-Shield-2.0\View\package-lock.json","1555","0","Critical"
"license","json-key","C:\DoAnTotNghiep\V-Shield-2.0\View\package-lock.json","1556","0","Critical"
"bin","json-key","C:\DoAnTotNghiep\V-Shield-2.0\View\package-lock.json","1557","0","Critical"
"cssesc","json-key","C:\DoAnTotNghiep\V-Shield-2.0\View\package-lock.json","1558","0","Critical"
"engines","json-key","C:\DoAnTotNghiep\V-Shield-2.0\View\package-lock.json","1560","0","Critical"
"node","json-key","C:\DoAnTotNghiep\V-Shield-2.0\View\package-lock.json","1561","0","Critical"
"version","json-key","C:\DoAnTotNghiep\V-Shield-2.0\View\package-lock.json","1565","0","Critical"
"resolved","json-key","C:\DoAnTotNghiep\V-Shield-2.0\View\package-lock.json","1566","0","Critical"
"integrity","json-key","C:\DoAnTotNghiep\V-Shield-2.0\View\package-lock.json","1567","0","Critical"
"license","json-key","C:\DoAnTotNghiep\V-Shield-2.0\View\package-lock.json","1568","0","Critical"
"version","json-key","C:\DoAnTotNghiep\V-Shield-2.0\View\package-lock.json","1571","0","Critical"
"resolved","json-key","C:\DoAnTotNghiep\V-Shield-2.0\View\package-lock.json","1572","0","Critical"
"integrity","json-key","C:\DoAnTotNghiep\V-Shield-2.0\View\package-lock.json","1573","0","Critical"
"license","json-key","C:\DoAnTotNghiep\V-Shield-2.0\View\package-lock.json","1574","0","Critical"
"engines","json-key","C:\DoAnTotNghiep\V-Shield-2.0\View\package-lock.json","1575","0","Critical"
"node","json-key","C:\DoAnTotNghiep\V-Shield-2.0\View\package-lock.json","1576","0","Critical"
"version","json-key","C:\DoAnTotNghiep\V-Shield-2.0\View\package-lock.json","1580","0","Critical"
"resolved","json-key","C:\DoAnTotNghiep\V-Shield-2.0\View\package-lock.json","1581","0","Critical"
"integrity","json-key","C:\DoAnTotNghiep\V-Shield-2.0\View\package-lock.json","1582","0","Critical"
"license","json-key","C:\DoAnTotNghiep\V-Shield-2.0\View\package-lock.json","1583","0","Critical"
"engines","json-key","C:\DoAnTotNghiep\V-Shield-2.0\View\package-lock.json","1584","0","Critical"
"node","json-key","C:\DoAnTotNghiep\V-Shield-2.0\View\package-lock.json","1585","0","Critical"
"version","json-key","C:\DoAnTotNghiep\V-Shield-2.0\View\package-lock.json","1589","0","Critical"
"resolved","json-key","C:\DoAnTotNghiep\V-Shield-2.0\View\package-lock.json","1590","0","Critical"
"integrity","json-key","C:\DoAnTotNghiep\V-Shield-2.0\View\package-lock.json","1591","0","Critical"
"dev","json-key","C:\DoAnTotNghiep\V-Shield-2.0\View\package-lock.json","1592","0","Critical"
"license","json-key","C:\DoAnTotNghiep\V-Shield-2.0\View\package-lock.json","1593","0","Critical"
"version","json-key","C:\DoAnTotNghiep\V-Shield-2.0\View\package-lock.json","1596","0","Critical"
"resolved","json-key","C:\DoAnTotNghiep\V-Shield-2.0\View\package-lock.json","1597","0","Critical"
"integrity","json-key","C:\DoAnTotNghiep\V-Shield-2.0\View\package-lock.json","1598","0","Critical"
"license","json-key","C:\DoAnTotNghiep\V-Shield-2.0\View\package-lock.json","1599","0","Critical"
"version","json-key","C:\DoAnTotNghiep\V-Shield-2.0\View\package-lock.json","1602","0","Critical"
"resolved","json-key","C:\DoAnTotNghiep\V-Shield-2.0\View\package-lock.json","1603","0","Critical"
"integrity","json-key","C:\DoAnTotNghiep\V-Shield-2.0\View\package-lock.json","1604","0","Critical"
"dev","json-key","C:\DoAnTotNghiep\V-Shield-2.0\View\package-lock.json","1605","0","Critical"
"license","json-key","C:\DoAnTotNghiep\V-Shield-2.0\View\package-lock.json","1606","0","Critical"
"version","json-key","C:\DoAnTotNghiep\V-Shield-2.0\View\package-lock.json","1609","0","Critical"
"resolved","json-key","C:\DoAnTotNghiep\V-Shield-2.0\View\package-lock.json","1610","0","Critical"
"integrity","json-key","C:\DoAnTotNghiep\V-Shield-2.0\View\package-lock.json","1611","0","Critical"
"license","json-key","C:\DoAnTotNghiep\V-Shield-2.0\View\package-lock.json","1612","0","Critical"
"dependencies","json-key","C:\DoAnTotNghiep\V-Shield-2.0\View\package-lock.json","1613","0","Critical"
"gopd","json-key","C:\DoAnTotNghiep\V-Shield-2.0\View\package-lock.json","1616","0","Critical"
"engines","json-key","C:\DoAnTotNghiep\V-Shield-2.0\View\package-lock.json","1618","0","Critical"
"node","json-key","C:\DoAnTotNghiep\V-Shield-2.0\View\package-lock.json","1619","0","Critical"
"version","json-key","C:\DoAnTotNghiep\V-Shield-2.0\View\package-lock.json","1623","0","Critical"
"resolved","json-key","C:\DoAnTotNghiep\V-Shield-2.0\View\package-lock.json","1624","0","Critical"
"integrity","json-key","C:\DoAnTotNghiep\V-Shield-2.0\View\package-lock.json","1625","0","Critical"
"dev","json-key","C:\DoAnTotNghiep\V-Shield-2.0\View\package-lock.json","1626","0","Critical"
"license","json-key","C:\DoAnTotNghiep\V-Shield-2.0\View\package-lock.json","1627","0","Critical"
"version","json-key","C:\DoAnTotNghiep\V-Shield-2.0\View\package-lock.json","1630","0","Critical"
"resolved","json-key","C:\DoAnTotNghiep\V-Shield-2.0\View\package-lock.json","1631","0","Critical"
"integrity","json-key","C:\DoAnTotNghiep\V-Shield-2.0\View\package-lock.json","1632","0","Critical"
"license","json-key","C:\DoAnTotNghiep\V-Shield-2.0\View\package-lock.json","1633","0","Critical"
"version","json-key","C:\DoAnTotNghiep\V-Shield-2.0\View\package-lock.json","1636","0","Critical"
"resolved","json-key","C:\DoAnTotNghiep\V-Shield-2.0\View\package-lock.json","1637","0","Critical"
"integrity","json-key","C:\DoAnTotNghiep\V-Shield-2.0\View\package-lock.json","1638","0","Critical"
"license","json-key","C:\DoAnTotNghiep\V-Shield-2.0\View\package-lock.json","1639","0","Critical"
"engines","json-key","C:\DoAnTotNghiep\V-Shield-2.0\View\package-lock.json","1640","0","Critical"
"node","json-key","C:\DoAnTotNghiep\V-Shield-2.0\View\package-lock.json","1641","0","Critical"
"funding","json-key","C:\DoAnTotNghiep\V-Shield-2.0\View\package-lock.json","1643","0","Critical"
"url","json-key","C:\DoAnTotNghiep\V-Shield-2.0\View\package-lock.json","1644","0","Critical"
"version","json-key","C:\DoAnTotNghiep\V-Shield-2.0\View\package-lock.json","1648","0","Critical"
"resolved","json-key","C:\DoAnTotNghiep\V-Shield-2.0\View\package-lock.json","1649","0","Critical"
"integrity","json-key","C:\DoAnTotNghiep\V-Shield-2.0\View\package-lock.json","1650","0","Critical"
"license","json-key","C:\DoAnTotNghiep\V-Shield-2.0\View\package-lock.json","1651","0","Critical"
"engines","json-key","C:\DoAnTotNghiep\V-Shield-2.0\View\package-lock.json","1652","0","Critical"
"node","json-key","C:\DoAnTotNghiep\V-Shield-2.0\View\package-lock.json","1653","0","Critical"
"version","json-key","C:\DoAnTotNghiep\V-Shield-2.0\View\package-lock.json","1657","0","Critical"
"resolved","json-key","C:\DoAnTotNghiep\V-Shield-2.0\View\package-lock.json","1658","0","Critical"
"integrity","json-key","C:\DoAnTotNghiep\V-Shield-2.0\View\package-lock.json","1659","0","Critical"
"license","json-key","C:\DoAnTotNghiep\V-Shield-2.0\View\package-lock.json","1660","0","Critical"
"engines","json-key","C:\DoAnTotNghiep\V-Shield-2.0\View\package-lock.json","1661","0","Critical"
"node","json-key","C:\DoAnTotNghiep\V-Shield-2.0\View\package-lock.json","1662","0","Critical"
"version","json-key","C:\DoAnTotNghiep\V-Shield-2.0\View\package-lock.json","1666","0","Critical"
"resolved","json-key","C:\DoAnTotNghiep\V-Shield-2.0\View\package-lock.json","1667","0","Critical"
"integrity","json-key","C:\DoAnTotNghiep\V-Shield-2.0\View\package-lock.json","1668","0","Critical"
"license","json-key","C:\DoAnTotNghiep\V-Shield-2.0\View\package-lock.json","1669","0","Critical"
"dependencies","json-key","C:\DoAnTotNghiep\V-Shield-2.0\View\package-lock.json","1670","0","Critical"
"engines","json-key","C:\DoAnTotNghiep\V-Shield-2.0\View\package-lock.json","1673","0","Critical"
"node","json-key","C:\DoAnTotNghiep\V-Shield-2.0\View\package-lock.json","1674","0","Critical"
"version","json-key","C:\DoAnTotNghiep\V-Shield-2.0\View\package-lock.json","1678","0","Critical"
"resolved","json-key","C:\DoAnTotNghiep\V-Shield-2.0\View\package-lock.json","1679","0","Critical"
"integrity","json-key","C:\DoAnTotNghiep\V-Shield-2.0\View\package-lock.json","1680","0","Critical"
"license","json-key","C:\DoAnTotNghiep\V-Shield-2.0\View\package-lock.json","1681","0","Critical"
"dependencies","json-key","C:\DoAnTotNghiep\V-Shield-2.0\View\package-lock.json","1682","0","Critical"
"hasown","json-key","C:\DoAnTotNghiep\V-Shield-2.0\View\package-lock.json","1686","0","Critical"
"engines","json-key","C:\DoAnTotNghiep\V-Shield-2.0\View\package-lock.json","1688","0","Critical"
"node","json-key","C:\DoAnTotNghiep\V-Shield-2.0\View\package-lock.json","1689","0","Critical"
"version","json-key","C:\DoAnTotNghiep\V-Shield-2.0\View\package-lock.json","1693","0","Critical"
"resolved","json-key","C:\DoAnTotNghiep\V-Shield-2.0\View\package-lock.json","1694","0","Critical"
"integrity","json-key","C:\DoAnTotNghiep\V-Shield-2.0\View\package-lock.json","1695","0","Critical"
"dev","json-key","C:\DoAnTotNghiep\V-Shield-2.0\View\package-lock.json","1696","0","Critical"
"hasInstallScript","json-key","C:\DoAnTotNghiep\V-Shield-2.0\View\package-lock.json","1697","0","Critical"
"license","json-key","C:\DoAnTotNghiep\V-Shield-2.0\View\package-lock.json","1698","0","Critical"
"bin","json-key","C:\DoAnTotNghiep\V-Shield-2.0\View\package-lock.json","1699","0","Critical"
"esbuild","json-key","C:\DoAnTotNghiep\V-Shield-2.0\View\package-lock.json","1700","0","Critical"
"engines","json-key","C:\DoAnTotNghiep\V-Shield-2.0\View\package-lock.json","1702","0","Critical"
"node","json-key","C:\DoAnTotNghiep\V-Shield-2.0\View\package-lock.json","1703","0","Critical"
"optionalDependencies","json-key","C:\DoAnTotNghiep\V-Shield-2.0\View\package-lock.json","1705","0","Critical"
"version","json-key","C:\DoAnTotNghiep\V-Shield-2.0\View\package-lock.json","1735","0","Critical"
"resolved","json-key","C:\DoAnTotNghiep\V-Shield-2.0\View\package-lock.json","1736","0","Critical"
"integrity","json-key","C:\DoAnTotNghiep\V-Shield-2.0\View\package-lock.json","1737","0","Critical"
"dev","json-key","C:\DoAnTotNghiep\V-Shield-2.0\View\package-lock.json","1738","0","Critical"
"license","json-key","C:\DoAnTotNghiep\V-Shield-2.0\View\package-lock.json","1739","0","Critical"
"engines","json-key","C:\DoAnTotNghiep\V-Shield-2.0\View\package-lock.json","1740","0","Critical"
"node","json-key","C:\DoAnTotNghiep\V-Shield-2.0\View\package-lock.json","1741","0","Critical"
"version","json-key","C:\DoAnTotNghiep\V-Shield-2.0\View\package-lock.json","1745","0","Critical"
"resolved","json-key","C:\DoAnTotNghiep\V-Shield-2.0\View\package-lock.json","1746","0","Critical"
"integrity","json-key","C:\DoAnTotNghiep\V-Shield-2.0\View\package-lock.json","1747","0","Critical"
"license","json-key","C:\DoAnTotNghiep\V-Shield-2.0\View\package-lock.json","1748","0","Critical"
"version","json-key","C:\DoAnTotNghiep\V-Shield-2.0\View\package-lock.json","1751","0","Critical"
"resolved","json-key","C:\DoAnTotNghiep\V-Shield-2.0\View\package-lock.json","1752","0","Critical"
"integrity","json-key","C:\DoAnTotNghiep\V-Shield-2.0\View\package-lock.json","1753","0","Critical"
"dev","json-key","C:\DoAnTotNghiep\V-Shield-2.0\View\package-lock.json","1754","0","Critical"
"license","json-key","C:\DoAnTotNghiep\V-Shield-2.0\View\package-lock.json","1755","0","Critical"
"dependencies","json-key","C:\DoAnTotNghiep\V-Shield-2.0\View\package-lock.json","1756","0","Critical"
"merge2","json-key","C:\DoAnTotNghiep\V-Shield-2.0\View\package-lock.json","1760","0","Critical"
"micromatch","json-key","C:\DoAnTotNghiep\V-Shield-2.0\View\package-lock.json","1761","0","Critical"
"engines","json-key","C:\DoAnTotNghiep\V-Shield-2.0\View\package-lock.json","1763","0","Critical"
"node","json-key","C:\DoAnTotNghiep\V-Shield-2.0\View\package-lock.json","1764","0","Critical"
"version","json-key","C:\DoAnTotNghiep\V-Shield-2.0\View\package-lock.json","1768","0","Critical"
"resolved","json-key","C:\DoAnTotNghiep\V-Shield-2.0\View\package-lock.json","1769","0","Critical"
"integrity","json-key","C:\DoAnTotNghiep\V-Shield-2.0\View\package-lock.json","1770","0","Critical"
"dev","json-key","C:\DoAnTotNghiep\V-Shield-2.0\View\package-lock.json","1771","0","Critical"
"license","json-key","C:\DoAnTotNghiep\V-Shield-2.0\View\package-lock.json","1772","0","Critical"
"dependencies","json-key","C:\DoAnTotNghiep\V-Shield-2.0\View\package-lock.json","1773","0","Critical"
"engines","json-key","C:\DoAnTotNghiep\V-Shield-2.0\View\package-lock.json","1776","0","Critical"
"node","json-key","C:\DoAnTotNghiep\V-Shield-2.0\View\package-lock.json","1777","0","Critical"
"version","json-key","C:\DoAnTotNghiep\V-Shield-2.0\View\package-lock.json","1781","0","Critical"
"resolved","json-key","C:\DoAnTotNghiep\V-Shield-2.0\View\package-lock.json","1782","0","Critical"
"integrity","json-key","C:\DoAnTotNghiep\V-Shield-2.0\View\package-lock.json","1783","0","Critical"
"dev","json-key","C:\DoAnTotNghiep\V-Shield-2.0\View\package-lock.json","1784","0","Critical"
"license","json-key","C:\DoAnTotNghiep\V-Shield-2.0\View\package-lock.json","1785","0","Critical"
"dependencies","json-key","C:\DoAnTotNghiep\V-Shield-2.0\View\package-lock.json","1786","0","Critical"
"reusify","json-key","C:\DoAnTotNghiep\V-Shield-2.0\View\package-lock.json","1787","0","Critical"
"version","json-key","C:\DoAnTotNghiep\V-Shield-2.0\View\package-lock.json","1791","0","Critical"
"resolved","json-key","C:\DoAnTotNghiep\V-Shield-2.0\View\package-lock.json","1792","0","Critical"
"integrity","json-key","C:\DoAnTotNghiep\V-Shield-2.0\View\package-lock.json","1793","0","Critical"
"dev","json-key","C:\DoAnTotNghiep\V-Shield-2.0\View\package-lock.json","1794","0","Critical"
"license","json-key","C:\DoAnTotNghiep\V-Shield-2.0\View\package-lock.json","1795","0","Critical"
"engines","json-key","C:\DoAnTotNghiep\V-Shield-2.0\View\package-lock.json","1796","0","Critical"
"node","json-key","C:\DoAnTotNghiep\V-Shield-2.0\View\package-lock.json","1797","0","Critical"
"peerDependencies","json-key","C:\DoAnTotNghiep\V-Shield-2.0\View\package-lock.json","1799","0","Critical"
"picomatch","json-key","C:\DoAnTotNghiep\V-Shield-2.0\View\package-lock.json","1800","0","Critical"
"peerDependenciesMeta","json-key","C:\DoAnTotNghiep\V-Shield-2.0\View\package-lock.json","1802","0","Critical"
"picomatch","json-key","C:\DoAnTotNghiep\V-Shield-2.0\View\package-lock.json","1803","0","Critical"
"optional","json-key","C:\DoAnTotNghiep\V-Shield-2.0\View\package-lock.json","1804","0","Critical"
"version","json-key","C:\DoAnTotNghiep\V-Shield-2.0\View\package-lock.json","1809","0","Critical"
"resolved","json-key","C:\DoAnTotNghiep\V-Shield-2.0\View\package-lock.json","1810","0","Critical"
"integrity","json-key","C:\DoAnTotNghiep\V-Shield-2.0\View\package-lock.json","1811","0","Critical"
"dev","json-key","C:\DoAnTotNghiep\V-Shield-2.0\View\package-lock.json","1812","0","Critical"
"license","json-key","C:\DoAnTotNghiep\V-Shield-2.0\View\package-lock.json","1813","0","Critical"
"dependencies","json-key","C:\DoAnTotNghiep\V-Shield-2.0\View\package-lock.json","1814","0","Critical"
"engines","json-key","C:\DoAnTotNghiep\V-Shield-2.0\View\package-lock.json","1817","0","Critical"
"node","json-key","C:\DoAnTotNghiep\V-Shield-2.0\View\package-lock.json","1818","0","Critical"
"version","json-key","C:\DoAnTotNghiep\V-Shield-2.0\View\package-lock.json","1822","0","Critical"
"resolved","json-key","C:\DoAnTotNghiep\V-Shield-2.0\View\package-lock.json","1823","0","Critical"
"integrity","json-key","C:\DoAnTotNghiep\V-Shield-2.0\View\package-lock.json","1824","0","Critical"
"license","json-key","C:\DoAnTotNghiep\V-Shield-2.0\View\package-lock.json","1825","0","Critical"
"dependencies","json-key","C:\DoAnTotNghiep\V-Shield-2.0\View\package-lock.json","1826","0","Critical"
"engines","json-key","C:\DoAnTotNghiep\V-Shield-2.0\View\package-lock.json","1830","0","Critical"
"node","json-key","C:\DoAnTotNghiep\V-Shield-2.0\View\package-lock.json","1831","0","Critical"
"version","json-key","C:\DoAnTotNghiep\V-Shield-2.0\View\package-lock.json","1835","0","Critical"
"resolved","json-key","C:\DoAnTotNghiep\V-Shield-2.0\View\package-lock.json","1836","0","Critical"
"integrity","json-key","C:\DoAnTotNghiep\V-Shield-2.0\View\package-lock.json","1837","0","Critical"
"funding","json-key","C:\DoAnTotNghiep\V-Shield-2.0\View\package-lock.json","1838","0","Critical"
"type","json-key","C:\DoAnTotNghiep\V-Shield-2.0\View\package-lock.json","1840","0","Critical"
"url","json-key","C:\DoAnTotNghiep\V-Shield-2.0\View\package-lock.json","1841","0","Critical"
"license","json-key","C:\DoAnTotNghiep\V-Shield-2.0\View\package-lock.json","1844","0","Critical"
"engines","json-key","C:\DoAnTotNghiep\V-Shield-2.0\View\package-lock.json","1845","0","Critical"
"node","json-key","C:\DoAnTotNghiep\V-Shield-2.0\View\package-lock.json","1846","0","Critical"
"peerDependenciesMeta","json-key","C:\DoAnTotNghiep\V-Shield-2.0\View\package-lock.json","1848","0","Critical"
"debug","json-key","C:\DoAnTotNghiep\V-Shield-2.0\View\package-lock.json","1849","0","Critical"
"optional","json-key","C:\DoAnTotNghiep\V-Shield-2.0\View\package-lock.json","1850","0","Critical"
"version","json-key","C:\DoAnTotNghiep\V-Shield-2.0\View\package-lock.json","1855","0","Critical"
"resolved","json-key","C:\DoAnTotNghiep\V-Shield-2.0\View\package-lock.json","1856","0","Critical"
"integrity","json-key","C:\DoAnTotNghiep\V-Shield-2.0\View\package-lock.json","1857","0","Critical"
"license","json-key","C:\DoAnTotNghiep\V-Shield-2.0\View\package-lock.json","1858","0","Critical"
"dependencies","json-key","C:\DoAnTotNghiep\V-Shield-2.0\View\package-lock.json","1859","0","Critical"
"asynckit","json-key","C:\DoAnTotNghiep\V-Shield-2.0\View\package-lock.json","1860","0","Critical"
"hasown","json-key","C:\DoAnTotNghiep\V-Shield-2.0\View\package-lock.json","1863","0","Critical"
"engines","json-key","C:\DoAnTotNghiep\V-Shield-2.0\View\package-lock.json","1866","0","Critical"
"node","json-key","C:\DoAnTotNghiep\V-Shield-2.0\View\package-lock.json","1867","0","Critical"
"version","json-key","C:\DoAnTotNghiep\V-Shield-2.0\View\package-lock.json","1871","0","Critical"
"resolved","json-key","C:\DoAnTotNghiep\V-Shield-2.0\View\package-lock.json","1872","0","Critical"
"integrity","json-key","C:\DoAnTotNghiep\V-Shield-2.0\View\package-lock.json","1873","0","Critical"
"dev","json-key","C:\DoAnTotNghiep\V-Shield-2.0\View\package-lock.json","1874","0","Critical"
"license","json-key","C:\DoAnTotNghiep\V-Shield-2.0\View\package-lock.json","1875","0","Critical"
"engines","json-key","C:\DoAnTotNghiep\V-Shield-2.0\View\package-lock.json","1876","0","Critical"
"node","json-key","C:\DoAnTotNghiep\V-Shield-2.0\View\package-lock.json","1877","0","Critical"
"funding","json-key","C:\DoAnTotNghiep\V-Shield-2.0\View\package-lock.json","1879","0","Critical"
"type","json-key","C:\DoAnTotNghiep\V-Shield-2.0\View\package-lock.json","1880","0","Critical"
"url","json-key","C:\DoAnTotNghiep\V-Shield-2.0\View\package-lock.json","1881","0","Critical"
"version","json-key","C:\DoAnTotNghiep\V-Shield-2.0\View\package-lock.json","1885","0","Critical"
"resolved","json-key","C:\DoAnTotNghiep\V-Shield-2.0\View\package-lock.json","1886","0","Critical"
"integrity","json-key","C:\DoAnTotNghiep\V-Shield-2.0\View\package-lock.json","1887","0","Critical"
"dev","json-key","C:\DoAnTotNghiep\V-Shield-2.0\View\package-lock.json","1888","0","Critical"
"hasInstallScript","json-key","C:\DoAnTotNghiep\V-Shield-2.0\View\package-lock.json","1889","0","Critical"
"license","json-key","C:\DoAnTotNghiep\V-Shield-2.0\View\package-lock.json","1890","0","Critical"
"optional","json-key","C:\DoAnTotNghiep\V-Shield-2.0\View\package-lock.json","1891","0","Critical"
"os","json-key","C:\DoAnTotNghiep\V-Shield-2.0\View\package-lock.json","1892","0","Critical"
"engines","json-key","C:\DoAnTotNghiep\V-Shield-2.0\View\package-lock.json","1895","0","Critical"
"node","json-key","C:\DoAnTotNghiep\V-Shield-2.0\View\package-lock.json","1896","0","Critical"
"version","json-key","C:\DoAnTotNghiep\V-Shield-2.0\View\package-lock.json","1900","0","Critical"
"resolved","json-key","C:\DoAnTotNghiep\V-Shield-2.0\View\package-lock.json","1901","0","Critical"
"integrity","json-key","C:\DoAnTotNghiep\V-Shield-2.0\View\package-lock.json","1902","0","Critical"
"license","json-key","C:\DoAnTotNghiep\V-Shield-2.0\View\package-lock.json","1903","0","Critical"
"funding","json-key","C:\DoAnTotNghiep\V-Shield-2.0\View\package-lock.json","1904","0","Critical"
"url","json-key","C:\DoAnTotNghiep\V-Shield-2.0\View\package-lock.json","1905","0","Critical"
"version","json-key","C:\DoAnTotNghiep\V-Shield-2.0\View\package-lock.json","1909","0","Critical"
"resolved","json-key","C:\DoAnTotNghiep\V-Shield-2.0\View\package-lock.json","1910","0","Critical"
"integrity","json-key","C:\DoAnTotNghiep\V-Shield-2.0\View\package-lock.json","1911","0","Critical"
"license","json-key","C:\DoAnTotNghiep\V-Shield-2.0\View\package-lock.json","1912","0","Critical"
"engines","json-key","C:\DoAnTotNghiep\V-Shield-2.0\View\package-lock.json","1913","0","Critical"
"node","json-key","C:\DoAnTotNghiep\V-Shield-2.0\View\package-lock.json","1914","0","Critical"
"version","json-key","C:\DoAnTotNghiep\V-Shield-2.0\View\package-lock.json","1918","0","Critical"
"resolved","json-key","C:\DoAnTotNghiep\V-Shield-2.0\View\package-lock.json","1919","0","Critical"
"integrity","json-key","C:\DoAnTotNghiep\V-Shield-2.0\View\package-lock.json","1920","0","Critical"
"license","json-key","C:\DoAnTotNghiep\V-Shield-2.0\View\package-lock.json","1921","0","Critical"
"dependencies","json-key","C:\DoAnTotNghiep\V-Shield-2.0\View\package-lock.json","1922","0","Critical"
"gopd","json-key","C:\DoAnTotNghiep\V-Shield-2.0\View\package-lock.json","1929","0","Critical"
"hasown","json-key","C:\DoAnTotNghiep\V-Shield-2.0\View\package-lock.json","1931","0","Critical"
"engines","json-key","C:\DoAnTotNghiep\V-Shield-2.0\View\package-lock.json","1934","0","Critical"
"node","json-key","C:\DoAnTotNghiep\V-Shield-2.0\View\package-lock.json","1935","0","Critical"
"funding","json-key","C:\DoAnTotNghiep\V-Shield-2.0\View\package-lock.json","1937","0","Critical"
"url","json-key","C:\DoAnTotNghiep\V-Shield-2.0\View\package-lock.json","1938","0","Critical"
"version","json-key","C:\DoAnTotNghiep\V-Shield-2.0\View\package-lock.json","1942","0","Critical"
"resolved","json-key","C:\DoAnTotNghiep\V-Shield-2.0\View\package-lock.json","1943","0","Critical"
"integrity","json-key","C:\DoAnTotNghiep\V-Shield-2.0\View\package-lock.json","1944","0","Critical"
"license","json-key","C:\DoAnTotNghiep\V-Shield-2.0\View\package-lock.json","1945","0","Critical"
"dependencies","json-key","C:\DoAnTotNghiep\V-Shield-2.0\View\package-lock.json","1946","0","Critical"
"engines","json-key","C:\DoAnTotNghiep\V-Shield-2.0\View\package-lock.json","1950","0","Critical"
"node","json-key","C:\DoAnTotNghiep\V-Shield-2.0\View\package-lock.json","1951","0","Critical"
"version","json-key","C:\DoAnTotNghiep\V-Shield-2.0\View\package-lock.json","1955","0","Critical"
"resolved","json-key","C:\DoAnTotNghiep\V-Shield-2.0\View\package-lock.json","1956","0","Critical"
"integrity","json-key","C:\DoAnTotNghiep\V-Shield-2.0\View\package-lock.json","1957","0","Critical"
"dev","json-key","C:\DoAnTotNghiep\V-Shield-2.0\View\package-lock.json","1958","0","Critical"
"license","json-key","C:\DoAnTotNghiep\V-Shield-2.0\View\package-lock.json","1959","0","Critical"
"dependencies","json-key","C:\DoAnTotNghiep\V-Shield-2.0\View\package-lock.json","1960","0","Critical"
"engines","json-key","C:\DoAnTotNghiep\V-Shield-2.0\View\package-lock.json","1963","0","Critical"
"node","json-key","C:\DoAnTotNghiep\V-Shield-2.0\View\package-lock.json","1964","0","Critical"
"version","json-key","C:\DoAnTotNghiep\V-Shield-2.0\View\package-lock.json","1968","0","Critical"
"resolved","json-key","C:\DoAnTotNghiep\V-Shield-2.0\View\package-lock.json","1969","0","Critical"
"integrity","json-key","C:\DoAnTotNghiep\V-Shield-2.0\View\package-lock.json","1970","0","Critical"
"license","json-key","C:\DoAnTotNghiep\V-Shield-2.0\View\package-lock.json","1971","0","Critical"
"engines","json-key","C:\DoAnTotNghiep\V-Shield-2.0\View\package-lock.json","1972","0","Critical"
"node","json-key","C:\DoAnTotNghiep\V-Shield-2.0\View\package-lock.json","1973","0","Critical"
"funding","json-key","C:\DoAnTotNghiep\V-Shield-2.0\View\package-lock.json","1975","0","Critical"
"url","json-key","C:\DoAnTotNghiep\V-Shield-2.0\View\package-lock.json","1976","0","Critical"
"version","json-key","C:\DoAnTotNghiep\V-Shield-2.0\View\package-lock.json","1980","0","Critical"
"resolved","json-key","C:\DoAnTotNghiep\V-Shield-2.0\View\package-lock.json","1981","0","Critical"
"integrity","json-key","C:\DoAnTotNghiep\V-Shield-2.0\View\package-lock.json","1982","0","Critical"
"license","json-key","C:\DoAnTotNghiep\V-Shield-2.0\View\package-lock.json","1983","0","Critical"
"engines","json-key","C:\DoAnTotNghiep\V-Shield-2.0\View\package-lock.json","1984","0","Critical"
"node","json-key","C:\DoAnTotNghiep\V-Shield-2.0\View\package-lock.json","1985","0","Critical"
"funding","json-key","C:\DoAnTotNghiep\V-Shield-2.0\View\package-lock.json","1987","0","Critical"
"url","json-key","C:\DoAnTotNghiep\V-Shield-2.0\View\package-lock.json","1988","0","Critical"
"version","json-key","C:\DoAnTotNghiep\V-Shield-2.0\View\package-lock.json","1992","0","Critical"
"resolved","json-key","C:\DoAnTotNghiep\V-Shield-2.0\View\package-lock.json","1993","0","Critical"
"integrity","json-key","C:\DoAnTotNghiep\V-Shield-2.0\View\package-lock.json","1994","0","Critical"
"license","json-key","C:\DoAnTotNghiep\V-Shield-2.0\View\package-lock.json","1995","0","Critical"
"dependencies","json-key","C:\DoAnTotNghiep\V-Shield-2.0\View\package-lock.json","1996","0","Critical"
"engines","json-key","C:\DoAnTotNghiep\V-Shield-2.0\View\package-lock.json","1999","0","Critical"
"node","json-key","C:\DoAnTotNghiep\V-Shield-2.0\View\package-lock.json","2000","0","Critical"
"funding","json-key","C:\DoAnTotNghiep\V-Shield-2.0\View\package-lock.json","2002","0","Critical"
"url","json-key","C:\DoAnTotNghiep\V-Shield-2.0\View\package-lock.json","2003","0","Critical"
"version","json-key","C:\DoAnTotNghiep\V-Shield-2.0\View\package-lock.json","2007","0","Critical"
"resolved","json-key","C:\DoAnTotNghiep\V-Shield-2.0\View\package-lock.json","2008","0","Critical"
"integrity","json-key","C:\DoAnTotNghiep\V-Shield-2.0\View\package-lock.json","2009","0","Critical"
"license","json-key","C:\DoAnTotNghiep\V-Shield-2.0\View\package-lock.json","2010","0","Critical"
"dependencies","json-key","C:\DoAnTotNghiep\V-Shield-2.0\View\package-lock.json","2011","0","Critical"
"engines","json-key","C:\DoAnTotNghiep\V-Shield-2.0\View\package-lock.json","2014","0","Critical"
"node","json-key","C:\DoAnTotNghiep\V-Shield-2.0\View\package-lock.json","2015","0","Critical"
"version","json-key","C:\DoAnTotNghiep\V-Shield-2.0\View\package-lock.json","2019","0","Critical"
"resolved","json-key","C:\DoAnTotNghiep\V-Shield-2.0\View\package-lock.json","2020","0","Critical"
"integrity","json-key","C:\DoAnTotNghiep\V-Shield-2.0\View\package-lock.json","2021","0","Critical"
"license","json-key","C:\DoAnTotNghiep\V-Shield-2.0\View\package-lock.json","2022","0","Critical"
"version","json-key","C:\DoAnTotNghiep\V-Shield-2.0\View\package-lock.json","2025","0","Critical"
"resolved","json-key","C:\DoAnTotNghiep\V-Shield-2.0\View\package-lock.json","2026","0","Critical"
"integrity","json-key","C:\DoAnTotNghiep\V-Shield-2.0\View\package-lock.json","2027","0","Critical"
"dev","json-key","C:\DoAnTotNghiep\V-Shield-2.0\View\package-lock.json","2028","0","Critical"
"license","json-key","C:\DoAnTotNghiep\V-Shield-2.0\View\package-lock.json","2029","0","Critical"
"dependencies","json-key","C:\DoAnTotNghiep\V-Shield-2.0\View\package-lock.json","2030","0","Critical"
"engines","json-key","C:\DoAnTotNghiep\V-Shield-2.0\View\package-lock.json","2033","0","Critical"
"node","json-key","C:\DoAnTotNghiep\V-Shield-2.0\View\package-lock.json","2034","0","Critical"
"version","json-key","C:\DoAnTotNghiep\V-Shield-2.0\View\package-lock.json","2038","0","Critical"
"resolved","json-key","C:\DoAnTotNghiep\V-Shield-2.0\View\package-lock.json","2039","0","Critical"
"integrity","json-key","C:\DoAnTotNghiep\V-Shield-2.0\View\package-lock.json","2040","0","Critical"
"dev","json-key","C:\DoAnTotNghiep\V-Shield-2.0\View\package-lock.json","2041","0","Critical"
"license","json-key","C:\DoAnTotNghiep\V-Shield-2.0\View\package-lock.json","2042","0","Critical"
"dependencies","json-key","C:\DoAnTotNghiep\V-Shield-2.0\View\package-lock.json","2043","0","Critical"
"hasown","json-key","C:\DoAnTotNghiep\V-Shield-2.0\View\package-lock.json","2044","0","Critical"
"engines","json-key","C:\DoAnTotNghiep\V-Shield-2.0\View\package-lock.json","2046","0","Critical"
"node","json-key","C:\DoAnTotNghiep\V-Shield-2.0\View\package-lock.json","2047","0","Critical"
"funding","json-key","C:\DoAnTotNghiep\V-Shield-2.0\View\package-lock.json","2049","0","Critical"
"url","json-key","C:\DoAnTotNghiep\V-Shield-2.0\View\package-lock.json","2050","0","Critical"
"version","json-key","C:\DoAnTotNghiep\V-Shield-2.0\View\package-lock.json","2054","0","Critical"
"resolved","json-key","C:\DoAnTotNghiep\V-Shield-2.0\View\package-lock.json","2055","0","Critical"
"integrity","json-key","C:\DoAnTotNghiep\V-Shield-2.0\View\package-lock.json","2056","0","Critical"
"dev","json-key","C:\DoAnTotNghiep\V-Shield-2.0\View\package-lock.json","2057","0","Critical"
"license","json-key","C:\DoAnTotNghiep\V-Shield-2.0\View\package-lock.json","2058","0","Critical"
"engines","json-key","C:\DoAnTotNghiep\V-Shield-2.0\View\package-lock.json","2059","0","Critical"
"node","json-key","C:\DoAnTotNghiep\V-Shield-2.0\View\package-lock.json","2060","0","Critical"
"version","json-key","C:\DoAnTotNghiep\V-Shield-2.0\View\package-lock.json","2064","0","Critical"
"resolved","json-key","C:\DoAnTotNghiep\V-Shield-2.0\View\package-lock.json","2065","0","Critical"
"integrity","json-key","C:\DoAnTotNghiep\V-Shield-2.0\View\package-lock.json","2066","0","Critical"
"license","json-key","C:\DoAnTotNghiep\V-Shield-2.0\View\package-lock.json","2067","0","Critical"
"engines","json-key","C:\DoAnTotNghiep\V-Shield-2.0\View\package-lock.json","2068","0","Critical"
"node","json-key","C:\DoAnTotNghiep\V-Shield-2.0\View\package-lock.json","2069","0","Critical"
"version","json-key","C:\DoAnTotNghiep\V-Shield-2.0\View\package-lock.json","2073","0","Critical"
"resolved","json-key","C:\DoAnTotNghiep\V-Shield-2.0\View\package-lock.json","2074","0","Critical"
"integrity","json-key","C:\DoAnTotNghiep\V-Shield-2.0\View\package-lock.json","2075","0","Critical"
"dev","json-key","C:\DoAnTotNghiep\V-Shield-2.0\View\package-lock.json","2076","0","Critical"
"license","json-key","C:\DoAnTotNghiep\V-Shield-2.0\View\package-lock.json","2077","0","Critical"
"dependencies","json-key","C:\DoAnTotNghiep\V-Shield-2.0\View\package-lock.json","2078","0","Critical"
"engines","json-key","C:\DoAnTotNghiep\V-Shield-2.0\View\package-lock.json","2081","0","Critical"
"node","json-key","C:\DoAnTotNghiep\V-Shield-2.0\View\package-lock.json","2082","0","Critical"
"version","json-key","C:\DoAnTotNghiep\V-Shield-2.0\View\package-lock.json","2086","0","Critical"
"resolved","json-key","C:\DoAnTotNghiep\V-Shield-2.0\View\package-lock.json","2087","0","Critical"
"integrity","json-key","C:\DoAnTotNghiep\V-Shield-2.0\View\package-lock.json","2088","0","Critical"
"dev","json-key","C:\DoAnTotNghiep\V-Shield-2.0\View\package-lock.json","2089","0","Critical"
"license","json-key","C:\DoAnTotNghiep\V-Shield-2.0\View\package-lock.json","2090","0","Critical"
"engines","json-key","C:\DoAnTotNghiep\V-Shield-2.0\View\package-lock.json","2091","0","Critical"
"node","json-key","C:\DoAnTotNghiep\V-Shield-2.0\View\package-lock.json","2092","0","Critical"
"version","json-key","C:\DoAnTotNghiep\V-Shield-2.0\View\package-lock.json","2096","0","Critical"
"resolved","json-key","C:\DoAnTotNghiep\V-Shield-2.0\View\package-lock.json","2097","0","Critical"
"integrity","json-key","C:\DoAnTotNghiep\V-Shield-2.0\View\package-lock.json","2098","0","Critical"
"dev","json-key","C:\DoAnTotNghiep\V-Shield-2.0\View\package-lock.json","2099","0","Critical"
"license","json-key","C:\DoAnTotNghiep\V-Shield-2.0\View\package-lock.json","2100","0","Critical"
"bin","json-key","C:\DoAnTotNghiep\V-Shield-2.0\View\package-lock.json","2101","0","Critical"
"jiti","json-key","C:\DoAnTotNghiep\V-Shield-2.0\View\package-lock.json","2102","0","Critical"
"version","json-key","C:\DoAnTotNghiep\V-Shield-2.0\View\package-lock.json","2106","0","Critical"
"resolved","json-key","C:\DoAnTotNghiep\V-Shield-2.0\View\package-lock.json","2107","0","Critical"
"integrity","json-key","C:\DoAnTotNghiep\V-Shield-2.0\View\package-lock.json","2108","0","Critical"
"license","json-key","C:\DoAnTotNghiep\V-Shield-2.0\View\package-lock.json","2109","0","Critical"
"version","json-key","C:\DoAnTotNghiep\V-Shield-2.0\View\package-lock.json","2112","0","Critical"
"resolved","json-key","C:\DoAnTotNghiep\V-Shield-2.0\View\package-lock.json","2113","0","Critical"
"integrity","json-key","C:\DoAnTotNghiep\V-Shield-2.0\View\package-lock.json","2114","0","Critical"
"dev","json-key","C:\DoAnTotNghiep\V-Shield-2.0\View\package-lock.json","2115","0","Critical"
"license","json-key","C:\DoAnTotNghiep\V-Shield-2.0\View\package-lock.json","2116","0","Critical"
"engines","json-key","C:\DoAnTotNghiep\V-Shield-2.0\View\package-lock.json","2117","0","Critical"
"node","json-key","C:\DoAnTotNghiep\V-Shield-2.0\View\package-lock.json","2118","0","Critical"
"funding","json-key","C:\DoAnTotNghiep\V-Shield-2.0\View\package-lock.json","2120","0","Critical"
"url","json-key","C:\DoAnTotNghiep\V-Shield-2.0\View\package-lock.json","2121","0","Critical"
"version","json-key","C:\DoAnTotNghiep\V-Shield-2.0\View\package-lock.json","2125","0","Critical"
"resolved","json-key","C:\DoAnTotNghiep\V-Shield-2.0\View\package-lock.json","2126","0","Critical"
"integrity","json-key","C:\DoAnTotNghiep\V-Shield-2.0\View\package-lock.json","2127","0","Critical"
"dev","json-key","C:\DoAnTotNghiep\V-Shield-2.0\View\package-lock.json","2128","0","Critical"
"license","json-key","C:\DoAnTotNghiep\V-Shield-2.0\View\package-lock.json","2129","0","Critical"
"version","json-key","C:\DoAnTotNghiep\V-Shield-2.0\View\package-lock.json","2132","0","Critical"
"resolved","json-key","C:\DoAnTotNghiep\V-Shield-2.0\View\package-lock.json","2133","0","Critical"
"integrity","json-key","C:\DoAnTotNghiep\V-Shield-2.0\View\package-lock.json","2134","0","Critical"
"license","json-key","C:\DoAnTotNghiep\V-Shield-2.0\View\package-lock.json","2135","0","Critical"
"dependencies","json-key","C:\DoAnTotNghiep\V-Shield-2.0\View\package-lock.json","2136","0","Critical"
"engines","json-key","C:\DoAnTotNghiep\V-Shield-2.0\View\package-lock.json","2139","0","Critical"
"node","json-key","C:\DoAnTotNghiep\V-Shield-2.0\View\package-lock.json","2140","0","Critical"
"version","json-key","C:\DoAnTotNghiep\V-Shield-2.0\View\package-lock.json","2144","0","Critical"
"resolved","json-key","C:\DoAnTotNghiep\V-Shield-2.0\View\package-lock.json","2145","0","Critical"
"integrity","json-key","C:\DoAnTotNghiep\V-Shield-2.0\View\package-lock.json","2146","0","Critical"
"license","json-key","C:\DoAnTotNghiep\V-Shield-2.0\View\package-lock.json","2147","0","Critical"
"dependencies","json-key","C:\DoAnTotNghiep\V-Shield-2.0\View\package-lock.json","2148","0","Critical"
"version","json-key","C:\DoAnTotNghiep\V-Shield-2.0\View\package-lock.json","2153","0","Critical"
"resolved","json-key","C:\DoAnTotNghiep\V-Shield-2.0\View\package-lock.json","2154","0","Critical"
"integrity","json-key","C:\DoAnTotNghiep\V-Shield-2.0\View\package-lock.json","2155","0","Critical"
"license","json-key","C:\DoAnTotNghiep\V-Shield-2.0\View\package-lock.json","2156","0","Critical"
"engines","json-key","C:\DoAnTotNghiep\V-Shield-2.0\View\package-lock.json","2157","0","Critical"
"node","json-key","C:\DoAnTotNghiep\V-Shield-2.0\View\package-lock.json","2158","0","Critical"
"version","json-key","C:\DoAnTotNghiep\V-Shield-2.0\View\package-lock.json","2162","0","Critical"
"resolved","json-key","C:\DoAnTotNghiep\V-Shield-2.0\View\package-lock.json","2163","0","Critical"
"integrity","json-key","C:\DoAnTotNghiep\V-Shield-2.0\View\package-lock.json","2164","0","Critical"
"dev","json-key","C:\DoAnTotNghiep\V-Shield-2.0\View\package-lock.json","2165","0","Critical"
"license","json-key","C:\DoAnTotNghiep\V-Shield-2.0\View\package-lock.json","2166","0","Critical"
"engines","json-key","C:\DoAnTotNghiep\V-Shield-2.0\View\package-lock.json","2167","0","Critical"
"node","json-key","C:\DoAnTotNghiep\V-Shield-2.0\View\package-lock.json","2168","0","Critical"
"version","json-key","C:\DoAnTotNghiep\V-Shield-2.0\View\package-lock.json","2172","0","Critical"
"resolved","json-key","C:\DoAnTotNghiep\V-Shield-2.0\View\package-lock.json","2173","0","Critical"
"integrity","json-key","C:\DoAnTotNghiep\V-Shield-2.0\View\package-lock.json","2174","0","Critical"
"dev","json-key","C:\DoAnTotNghiep\V-Shield-2.0\View\package-lock.json","2175","0","Critical"
"license","json-key","C:\DoAnTotNghiep\V-Shield-2.0\View\package-lock.json","2176","0","Critical"
"dependencies","json-key","C:\DoAnTotNghiep\V-Shield-2.0\View\package-lock.json","2177","0","Critical"
"braces","json-key","C:\DoAnTotNghiep\V-Shield-2.0\View\package-lock.json","2178","0","Critical"
"picomatch","json-key","C:\DoAnTotNghiep\V-Shield-2.0\View\package-lock.json","2179","0","Critical"
"engines","json-key","C:\DoAnTotNghiep\V-Shield-2.0\View\package-lock.json","2181","0","Critical"
"node","json-key","C:\DoAnTotNghiep\V-Shield-2.0\View\package-lock.json","2182","0","Critical"
"version","json-key","C:\DoAnTotNghiep\V-Shield-2.0\View\package-lock.json","2186","0","Critical"
"resolved","json-key","C:\DoAnTotNghiep\V-Shield-2.0\View\package-lock.json","2187","0","Critical"
"integrity","json-key","C:\DoAnTotNghiep\V-Shield-2.0\View\package-lock.json","2188","0","Critical"
"dev","json-key","C:\DoAnTotNghiep\V-Shield-2.0\View\package-lock.json","2189","0","Critical"
"license","json-key","C:\DoAnTotNghiep\V-Shield-2.0\View\package-lock.json","2190","0","Critical"
"engines","json-key","C:\DoAnTotNghiep\V-Shield-2.0\View\package-lock.json","2191","0","Critical"
"node","json-key","C:\DoAnTotNghiep\V-Shield-2.0\View\package-lock.json","2192","0","Critical"
"funding","json-key","C:\DoAnTotNghiep\V-Shield-2.0\View\package-lock.json","2194","0","Critical"
"url","json-key","C:\DoAnTotNghiep\V-Shield-2.0\View\package-lock.json","2195","0","Critical"
"version","json-key","C:\DoAnTotNghiep\V-Shield-2.0\View\package-lock.json","2199","0","Critical"
"resolved","json-key","C:\DoAnTotNghiep\V-Shield-2.0\View\package-lock.json","2200","0","Critical"
"integrity","json-key","C:\DoAnTotNghiep\V-Shield-2.0\View\package-lock.json","2201","0","Critical"
"license","json-key","C:\DoAnTotNghiep\V-Shield-2.0\View\package-lock.json","2202","0","Critical"
"engines","json-key","C:\DoAnTotNghiep\V-Shield-2.0\View\package-lock.json","2203","0","Critical"
"node","json-key","C:\DoAnTotNghiep\V-Shield-2.0\View\package-lock.json","2204","0","Critical"
"version","json-key","C:\DoAnTotNghiep\V-Shield-2.0\View\package-lock.json","2208","0","Critical"
"resolved","json-key","C:\DoAnTotNghiep\V-Shield-2.0\View\package-lock.json","2209","0","Critical"
"integrity","json-key","C:\DoAnTotNghiep\V-Shield-2.0\View\package-lock.json","2210","0","Critical"
"license","json-key","C:\DoAnTotNghiep\V-Shield-2.0\View\package-lock.json","2211","0","Critical"
"dependencies","json-key","C:\DoAnTotNghiep\V-Shield-2.0\View\package-lock.json","2212","0","Critical"
"engines","json-key","C:\DoAnTotNghiep\V-Shield-2.0\View\package-lock.json","2215","0","Critical"
"node","json-key","C:\DoAnTotNghiep\V-Shield-2.0\View\package-lock.json","2216","0","Critical"
"version","json-key","C:\DoAnTotNghiep\V-Shield-2.0\View\package-lock.json","2220","0","Critical"
"resolved","json-key","C:\DoAnTotNghiep\V-Shield-2.0\View\package-lock.json","2221","0","Critical"
"integrity","json-key","C:\DoAnTotNghiep\V-Shield-2.0\View\package-lock.json","2222","0","Critical"
"dev","json-key","C:\DoAnTotNghiep\V-Shield-2.0\View\package-lock.json","2223","0","Critical"
"license","json-key","C:\DoAnTotNghiep\V-Shield-2.0\View\package-lock.json","2224","0","Critical"
"dependencies","json-key","C:\DoAnTotNghiep\V-Shield-2.0\View\package-lock.json","2225","0","Critical"
"version","json-key","C:\DoAnTotNghiep\V-Shield-2.0\View\package-lock.json","2232","0","Critical"
"resolved","json-key","C:\DoAnTotNghiep\V-Shield-2.0\View\package-lock.json","2233","0","Critical"
"integrity","json-key","C:\DoAnTotNghiep\V-Shield-2.0\View\package-lock.json","2234","0","Critical"
"funding","json-key","C:\DoAnTotNghiep\V-Shield-2.0\View\package-lock.json","2235","0","Critical"
"type","json-key","C:\DoAnTotNghiep\V-Shield-2.0\View\package-lock.json","2237","0","Critical"
"url","json-key","C:\DoAnTotNghiep\V-Shield-2.0\View\package-lock.json","2238","0","Critical"
"license","json-key","C:\DoAnTotNghiep\V-Shield-2.0\View\package-lock.json","2241","0","Critical"
"bin","json-key","C:\DoAnTotNghiep\V-Shield-2.0\View\package-lock.json","2242","0","Critical"
"nanoid","json-key","C:\DoAnTotNghiep\V-Shield-2.0\View\package-lock.json","2243","0","Critical"
"engines","json-key","C:\DoAnTotNghiep\V-Shield-2.0\View\package-lock.json","2245","0","Critical"
"node","json-key","C:\DoAnTotNghiep\V-Shield-2.0\View\package-lock.json","2246","0","Critical"
"version","json-key","C:\DoAnTotNghiep\V-Shield-2.0\View\package-lock.json","2250","0","Critical"
"resolved","json-key","C:\DoAnTotNghiep\V-Shield-2.0\View\package-lock.json","2251","0","Critical"
"integrity","json-key","C:\DoAnTotNghiep\V-Shield-2.0\View\package-lock.json","2252","0","Critical"
"dev","json-key","C:\DoAnTotNghiep\V-Shield-2.0\View\package-lock.json","2253","0","Critical"
"license","json-key","C:\DoAnTotNghiep\V-Shield-2.0\View\package-lock.json","2254","0","Critical"
"version","json-key","C:\DoAnTotNghiep\V-Shield-2.0\View\package-lock.json","2257","0","Critical"
"resolved","json-key","C:\DoAnTotNghiep\V-Shield-2.0\View\package-lock.json","2258","0","Critical"
"integrity","json-key","C:\DoAnTotNghiep\V-Shield-2.0\View\package-lock.json","2259","0","Critical"
"dev","json-key","C:\DoAnTotNghiep\V-Shield-2.0\View\package-lock.json","2260","0","Critical"
"license","json-key","C:\DoAnTotNghiep\V-Shield-2.0\View\package-lock.json","2261","0","Critical"
"engines","json-key","C:\DoAnTotNghiep\V-Shield-2.0\View\package-lock.json","2262","0","Critical"
"node","json-key","C:\DoAnTotNghiep\V-Shield-2.0\View\package-lock.json","2263","0","Critical"
"version","json-key","C:\DoAnTotNghiep\V-Shield-2.0\View\package-lock.json","2267","0","Critical"
"resolved","json-key","C:\DoAnTotNghiep\V-Shield-2.0\View\package-lock.json","2268","0","Critical"
"integrity","json-key","C:\DoAnTotNghiep\V-Shield-2.0\View\package-lock.json","2269","0","Critical"
"dev","json-key","C:\DoAnTotNghiep\V-Shield-2.0\View\package-lock.json","2270","0","Critical"
"license","json-key","C:\DoAnTotNghiep\V-Shield-2.0\View\package-lock.json","2271","0","Critical"
"engines","json-key","C:\DoAnTotNghiep\V-Shield-2.0\View\package-lock.json","2272","0","Critical"
"node","json-key","C:\DoAnTotNghiep\V-Shield-2.0\View\package-lock.json","2273","0","Critical"
"version","json-key","C:\DoAnTotNghiep\V-Shield-2.0\View\package-lock.json","2277","0","Critical"
"resolved","json-key","C:\DoAnTotNghiep\V-Shield-2.0\View\package-lock.json","2278","0","Critical"
"integrity","json-key","C:\DoAnTotNghiep\V-Shield-2.0\View\package-lock.json","2279","0","Critical"
"dev","json-key","C:\DoAnTotNghiep\V-Shield-2.0\View\package-lock.json","2280","0","Critical"
"license","json-key","C:\DoAnTotNghiep\V-Shield-2.0\View\package-lock.json","2281","0","Critical"
"engines","json-key","C:\DoAnTotNghiep\V-Shield-2.0\View\package-lock.json","2282","0","Critical"
"node","json-key","C:\DoAnTotNghiep\V-Shield-2.0\View\package-lock.json","2283","0","Critical"
"version","json-key","C:\DoAnTotNghiep\V-Shield-2.0\View\package-lock.json","2287","0","Critical"
"resolved","json-key","C:\DoAnTotNghiep\V-Shield-2.0\View\package-lock.json","2288","0","Critical"
"integrity","json-key","C:\DoAnTotNghiep\V-Shield-2.0\View\package-lock.json","2289","0","Critical"
"license","json-key","C:\DoAnTotNghiep\V-Shield-2.0\View\package-lock.json","2290","0","Critical"
"dependencies","json-key","C:\DoAnTotNghiep\V-Shield-2.0\View\package-lock.json","2291","0","Critical"
"engines","json-key","C:\DoAnTotNghiep\V-Shield-2.0\View\package-lock.json","2294","0","Critical"
"node","json-key","C:\DoAnTotNghiep\V-Shield-2.0\View\package-lock.json","2295","0","Critical"
"funding","json-key","C:\DoAnTotNghiep\V-Shield-2.0\View\package-lock.json","2297","0","Critical"
"url","json-key","C:\DoAnTotNghiep\V-Shield-2.0\View\package-lock.json","2298","0","Critical"
"version","json-key","C:\DoAnTotNghiep\V-Shield-2.0\View\package-lock.json","2302","0","Critical"
"resolved","json-key","C:\DoAnTotNghiep\V-Shield-2.0\View\package-lock.json","2303","0","Critical"
"integrity","json-key","C:\DoAnTotNghiep\V-Shield-2.0\View\package-lock.json","2304","0","Critical"
"license","json-key","C:\DoAnTotNghiep\V-Shield-2.0\View\package-lock.json","2305","0","Critical"
"dependencies","json-key","C:\DoAnTotNghiep\V-Shield-2.0\View\package-lock.json","2306","0","Critical"
"engines","json-key","C:\DoAnTotNghiep\V-Shield-2.0\View\package-lock.json","2309","0","Critical"
"node","json-key","C:\DoAnTotNghiep\V-Shield-2.0\View\package-lock.json","2310","0","Critical"
"version","json-key","C:\DoAnTotNghiep\V-Shield-2.0\View\package-lock.json","2314","0","Critical"
"resolved","json-key","C:\DoAnTotNghiep\V-Shield-2.0\View\package-lock.json","2315","0","Critical"
"integrity","json-key","C:\DoAnTotNghiep\V-Shield-2.0\View\package-lock.json","2316","0","Critical"
"license","json-key","C:\DoAnTotNghiep\V-Shield-2.0\View\package-lock.json","2317","0","Critical"
"engines","json-key","C:\DoAnTotNghiep\V-Shield-2.0\View\package-lock.json","2318","0","Critical"
"node","json-key","C:\DoAnTotNghiep\V-Shield-2.0\View\package-lock.json","2319","0","Critical"
"version","json-key","C:\DoAnTotNghiep\V-Shield-2.0\View\package-lock.json","2323","0","Critical"
"resolved","json-key","C:\DoAnTotNghiep\V-Shield-2.0\View\package-lock.json","2324","0","Critical"
"integrity","json-key","C:\DoAnTotNghiep\V-Shield-2.0\View\package-lock.json","2325","0","Critical"
"license","json-key","C:\DoAnTotNghiep\V-Shield-2.0\View\package-lock.json","2326","0","Critical"
"engines","json-key","C:\DoAnTotNghiep\V-Shield-2.0\View\package-lock.json","2327","0","Critical"
"node","json-key","C:\DoAnTotNghiep\V-Shield-2.0\View\package-lock.json","2328","0","Critical"
"version","json-key","C:\DoAnTotNghiep\V-Shield-2.0\View\package-lock.json","2332","0","Critical"
"resolved","json-key","C:\DoAnTotNghiep\V-Shield-2.0\View\package-lock.json","2333","0","Critical"
"integrity","json-key","C:\DoAnTotNghiep\V-Shield-2.0\View\package-lock.json","2334","0","Critical"
"dev","json-key","C:\DoAnTotNghiep\V-Shield-2.0\View\package-lock.json","2335","0","Critical"
"license","json-key","C:\DoAnTotNghiep\V-Shield-2.0\View\package-lock.json","2336","0","Critical"
"version","json-key","C:\DoAnTotNghiep\V-Shield-2.0\View\package-lock.json","2339","0","Critical"
"resolved","json-key","C:\DoAnTotNghiep\V-Shield-2.0\View\package-lock.json","2340","0","Critical"
"integrity","json-key","C:\DoAnTotNghiep\V-Shield-2.0\View\package-lock.json","2341","0","Critical"
"license","json-key","C:\DoAnTotNghiep\V-Shield-2.0\View\package-lock.json","2342","0","Critical"
"version","json-key","C:\DoAnTotNghiep\V-Shield-2.0\View\package-lock.json","2345","0","Critical"
"resolved","json-key","C:\DoAnTotNghiep\V-Shield-2.0\View\package-lock.json","2346","0","Critical"
"integrity","json-key","C:\DoAnTotNghiep\V-Shield-2.0\View\package-lock.json","2347","0","Critical"
"dev","json-key","C:\DoAnTotNghiep\V-Shield-2.0\View\package-lock.json","2348","0","Critical"
"license","json-key","C:\DoAnTotNghiep\V-Shield-2.0\View\package-lock.json","2349","0","Critical"
"engines","json-key","C:\DoAnTotNghiep\V-Shield-2.0\View\package-lock.json","2350","0","Critical"
"node","json-key","C:\DoAnTotNghiep\V-Shield-2.0\View\package-lock.json","2351","0","Critical"
"funding","json-key","C:\DoAnTotNghiep\V-Shield-2.0\View\package-lock.json","2353","0","Critical"
"url","json-key","C:\DoAnTotNghiep\V-Shield-2.0\View\package-lock.json","2354","0","Critical"
"version","json-key","C:\DoAnTotNghiep\V-Shield-2.0\View\package-lock.json","2358","0","Critical"
"resolved","json-key","C:\DoAnTotNghiep\V-Shield-2.0\View\package-lock.json","2359","0","Critical"
"integrity","json-key","C:\DoAnTotNghiep\V-Shield-2.0\View\package-lock.json","2360","0","Critical"
"dev","json-key","C:\DoAnTotNghiep\V-Shield-2.0\View\package-lock.json","2361","0","Critical"
"license","json-key","C:\DoAnTotNghiep\V-Shield-2.0\View\package-lock.json","2362","0","Critical"
"engines","json-key","C:\DoAnTotNghiep\V-Shield-2.0\View\package-lock.json","2363","0","Critical"
"node","json-key","C:\DoAnTotNghiep\V-Shield-2.0\View\package-lock.json","2364","0","Critical"
"version","json-key","C:\DoAnTotNghiep\V-Shield-2.0\View\package-lock.json","2368","0","Critical"
"resolved","json-key","C:\DoAnTotNghiep\V-Shield-2.0\View\package-lock.json","2369","0","Critical"
"integrity","json-key","C:\DoAnTotNghiep\V-Shield-2.0\View\package-lock.json","2370","0","Critical"
"dev","json-key","C:\DoAnTotNghiep\V-Shield-2.0\View\package-lock.json","2371","0","Critical"
"license","json-key","C:\DoAnTotNghiep\V-Shield-2.0\View\package-lock.json","2372","0","Critical"
"engines","json-key","C:\DoAnTotNghiep\V-Shield-2.0\View\package-lock.json","2373","0","Critical"
"node","json-key","C:\DoAnTotNghiep\V-Shield-2.0\View\package-lock.json","2374","0","Critical"
"version","json-key","C:\DoAnTotNghiep\V-Shield-2.0\View\package-lock.json","2378","0","Critical"
"resolved","json-key","C:\DoAnTotNghiep\V-Shield-2.0\View\package-lock.json","2379","0","Critical"
"integrity","json-key","C:\DoAnTotNghiep\V-Shield-2.0\View\package-lock.json","2380","0","Critical"
"license","json-key","C:\DoAnTotNghiep\V-Shield-2.0\View\package-lock.json","2381","0","Critical"
"engines","json-key","C:\DoAnTotNghiep\V-Shield-2.0\View\package-lock.json","2382","0","Critical"
"node","json-key","C:\DoAnTotNghiep\V-Shield-2.0\View\package-lock.json","2383","0","Critical"
"version","json-key","C:\DoAnTotNghiep\V-Shield-2.0\View\package-lock.json","2387","0","Critical"
"resolved","json-key","C:\DoAnTotNghiep\V-Shield-2.0\View\package-lock.json","2388","0","Critical"
"integrity","json-key","C:\DoAnTotNghiep\V-Shield-2.0\View\package-lock.json","2389","0","Critical"
"funding","json-key","C:\DoAnTotNghiep\V-Shield-2.0\View\package-lock.json","2390","0","Critical"
"type","json-key","C:\DoAnTotNghiep\V-Shield-2.0\View\package-lock.json","2392","0","Critical"
"url","json-key","C:\DoAnTotNghiep\V-Shield-2.0\View\package-lock.json","2393","0","Critical"
"type","json-key","C:\DoAnTotNghiep\V-Shield-2.0\View\package-lock.json","2396","0","Critical"
"url","json-key","C:\DoAnTotNghiep\V-Shield-2.0\View\package-lock.json","2397","0","Critical"
"type","json-key","C:\DoAnTotNghiep\V-Shield-2.0\View\package-lock.json","2400","0","Critical"
"url","json-key","C:\DoAnTotNghiep\V-Shield-2.0\View\package-lock.json","2401","0","Critical"
"license","json-key","C:\DoAnTotNghiep\V-Shield-2.0\View\package-lock.json","2404","0","Critical"
"dependencies","json-key","C:\DoAnTotNghiep\V-Shield-2.0\View\package-lock.json","2405","0","Critical"
"nanoid","json-key","C:\DoAnTotNghiep\V-Shield-2.0\View\package-lock.json","2406","0","Critical"
"picocolors","json-key","C:\DoAnTotNghiep\V-Shield-2.0\View\package-lock.json","2407","0","Critical"
"engines","json-key","C:\DoAnTotNghiep\V-Shield-2.0\View\package-lock.json","2410","0","Critical"
"node","json-key","C:\DoAnTotNghiep\V-Shield-2.0\View\package-lock.json","2411","0","Critical"
"version","json-key","C:\DoAnTotNghiep\V-Shield-2.0\View\package-lock.json","2415","0","Critical"
"resolved","json-key","C:\DoAnTotNghiep\V-Shield-2.0\View\package-lock.json","2416","0","Critical"
"integrity","json-key","C:\DoAnTotNghiep\V-Shield-2.0\View\package-lock.json","2417","0","Critical"
"dev","json-key","C:\DoAnTotNghiep\V-Shield-2.0\View\package-lock.json","2418","0","Critical"
"license","json-key","C:\DoAnTotNghiep\V-Shield-2.0\View\package-lock.json","2419","0","Critical"
"dependencies","json-key","C:\DoAnTotNghiep\V-Shield-2.0\View\package-lock.json","2420","0","Critical"
"resolve","json-key","C:\DoAnTotNghiep\V-Shield-2.0\View\package-lock.json","2423","0","Critical"
"engines","json-key","C:\DoAnTotNghiep\V-Shield-2.0\View\package-lock.json","2425","0","Critical"
"node","json-key","C:\DoAnTotNghiep\V-Shield-2.0\View\package-lock.json","2426","0","Critical"
"peerDependencies","json-key","C:\DoAnTotNghiep\V-Shield-2.0\View\package-lock.json","2428","0","Critical"
"postcss","json-key","C:\DoAnTotNghiep\V-Shield-2.0\View\package-lock.json","2429","0","Critical"
"version","json-key","C:\DoAnTotNghiep\V-Shield-2.0\View\package-lock.json","2433","0","Critical"
"resolved","json-key","C:\DoAnTotNghiep\V-Shield-2.0\View\package-lock.json","2434","0","Critical"
"integrity","json-key","C:\DoAnTotNghiep\V-Shield-2.0\View\package-lock.json","2435","0","Critical"
"dev","json-key","C:\DoAnTotNghiep\V-Shield-2.0\View\package-lock.json","2436","0","Critical"
"funding","json-key","C:\DoAnTotNghiep\V-Shield-2.0\View\package-lock.json","2437","0","Critical"
"type","json-key","C:\DoAnTotNghiep\V-Shield-2.0\View\package-lock.json","2439","0","Critical"
"url","json-key","C:\DoAnTotNghiep\V-Shield-2.0\View\package-lock.json","2440","0","Critical"
"type","json-key","C:\DoAnTotNghiep\V-Shield-2.0\View\package-lock.json","2443","0","Critical"
"url","json-key","C:\DoAnTotNghiep\V-Shield-2.0\View\package-lock.json","2444","0","Critical"
"license","json-key","C:\DoAnTotNghiep\V-Shield-2.0\View\package-lock.json","2447","0","Critical"
"dependencies","json-key","C:\DoAnTotNghiep\V-Shield-2.0\View\package-lock.json","2448","0","Critical"
"engines","json-key","C:\DoAnTotNghiep\V-Shield-2.0\View\package-lock.json","2451","0","Critical"
"node","json-key","C:\DoAnTotNghiep\V-Shield-2.0\View\package-lock.json","2452","0","Critical"
"peerDependencies","json-key","C:\DoAnTotNghiep\V-Shield-2.0\View\package-lock.json","2454","0","Critical"
"postcss","json-key","C:\DoAnTotNghiep\V-Shield-2.0\View\package-lock.json","2455","0","Critical"
"version","json-key","C:\DoAnTotNghiep\V-Shield-2.0\View\package-lock.json","2459","0","Critical"
"resolved","json-key","C:\DoAnTotNghiep\V-Shield-2.0\View\package-lock.json","2460","0","Critical"
"integrity","json-key","C:\DoAnTotNghiep\V-Shield-2.0\View\package-lock.json","2461","0","Critical"
"dev","json-key","C:\DoAnTotNghiep\V-Shield-2.0\View\package-lock.json","2462","0","Critical"
"funding","json-key","C:\DoAnTotNghiep\V-Shield-2.0\View\package-lock.json","2463","0","Critical"
"type","json-key","C:\DoAnTotNghiep\V-Shield-2.0\View\package-lock.json","2465","0","Critical"
"url","json-key","C:\DoAnTotNghiep\V-Shield-2.0\View\package-lock.json","2466","0","Critical"
"type","json-key","C:\DoAnTotNghiep\V-Shield-2.0\View\package-lock.json","2469","0","Critical"
"url","json-key","C:\DoAnTotNghiep\V-Shield-2.0\View\package-lock.json","2470","0","Critical"
"license","json-key","C:\DoAnTotNghiep\V-Shield-2.0\View\package-lock.json","2473","0","Critical"
"dependencies","json-key","C:\DoAnTotNghiep\V-Shield-2.0\View\package-lock.json","2474","0","Critical"
"lilconfig","json-key","C:\DoAnTotNghiep\V-Shield-2.0\View\package-lock.json","2475","0","Critical"
"engines","json-key","C:\DoAnTotNghiep\V-Shield-2.0\View\package-lock.json","2477","0","Critical"
"node","json-key","C:\DoAnTotNghiep\V-Shield-2.0\View\package-lock.json","2478","0","Critical"
"peerDependencies","json-key","C:\DoAnTotNghiep\V-Shield-2.0\View\package-lock.json","2480","0","Critical"
"jiti","json-key","C:\DoAnTotNghiep\V-Shield-2.0\View\package-lock.json","2481","0","Critical"
"postcss","json-key","C:\DoAnTotNghiep\V-Shield-2.0\View\package-lock.json","2482","0","Critical"
"tsx","json-key","C:\DoAnTotNghiep\V-Shield-2.0\View\package-lock.json","2483","0","Critical"
"yaml","json-key","C:\DoAnTotNghiep\V-Shield-2.0\View\package-lock.json","2484","0","Critical"
"peerDependenciesMeta","json-key","C:\DoAnTotNghiep\V-Shield-2.0\View\package-lock.json","2486","0","Critical"
"jiti","json-key","C:\DoAnTotNghiep\V-Shield-2.0\View\package-lock.json","2487","0","Critical"
"optional","json-key","C:\DoAnTotNghiep\V-Shield-2.0\View\package-lock.json","2488","0","Critical"
"postcss","json-key","C:\DoAnTotNghiep\V-Shield-2.0\View\package-lock.json","2490","0","Critical"
"optional","json-key","C:\DoAnTotNghiep\V-Shield-2.0\View\package-lock.json","2491","0","Critical"
"tsx","json-key","C:\DoAnTotNghiep\V-Shield-2.0\View\package-lock.json","2493","0","Critical"
"optional","json-key","C:\DoAnTotNghiep\V-Shield-2.0\View\package-lock.json","2494","0","Critical"
"yaml","json-key","C:\DoAnTotNghiep\V-Shield-2.0\View\package-lock.json","2496","0","Critical"
"optional","json-key","C:\DoAnTotNghiep\V-Shield-2.0\View\package-lock.json","2497","0","Critical"
"version","json-key","C:\DoAnTotNghiep\V-Shield-2.0\View\package-lock.json","2502","0","Critical"
"resolved","json-key","C:\DoAnTotNghiep\V-Shield-2.0\View\package-lock.json","2503","0","Critical"
"integrity","json-key","C:\DoAnTotNghiep\V-Shield-2.0\View\package-lock.json","2504","0","Critical"
"dev","json-key","C:\DoAnTotNghiep\V-Shield-2.0\View\package-lock.json","2505","0","Critical"
"funding","json-key","C:\DoAnTotNghiep\V-Shield-2.0\View\package-lock.json","2506","0","Critical"
"type","json-key","C:\DoAnTotNghiep\V-Shield-2.0\View\package-lock.json","2508","0","Critical"
"url","json-key","C:\DoAnTotNghiep\V-Shield-2.0\View\package-lock.json","2509","0","Critical"
"type","json-key","C:\DoAnTotNghiep\V-Shield-2.0\View\package-lock.json","2512","0","Critical"
"url","json-key","C:\DoAnTotNghiep\V-Shield-2.0\View\package-lock.json","2513","0","Critical"
"license","json-key","C:\DoAnTotNghiep\V-Shield-2.0\View\package-lock.json","2516","0","Critical"
"dependencies","json-key","C:\DoAnTotNghiep\V-Shield-2.0\View\package-lock.json","2517","0","Critical"
"engines","json-key","C:\DoAnTotNghiep\V-Shield-2.0\View\package-lock.json","2520","0","Critical"
"node","json-key","C:\DoAnTotNghiep\V-Shield-2.0\View\package-lock.json","2521","0","Critical"
"peerDependencies","json-key","C:\DoAnTotNghiep\V-Shield-2.0\View\package-lock.json","2523","0","Critical"
"postcss","json-key","C:\DoAnTotNghiep\V-Shield-2.0\View\package-lock.json","2524","0","Critical"
"version","json-key","C:\DoAnTotNghiep\V-Shield-2.0\View\package-lock.json","2528","0","Critical"
"resolved","json-key","C:\DoAnTotNghiep\V-Shield-2.0\View\package-lock.json","2529","0","Critical"
"integrity","json-key","C:\DoAnTotNghiep\V-Shield-2.0\View\package-lock.json","2530","0","Critical"
"dev","json-key","C:\DoAnTotNghiep\V-Shield-2.0\View\package-lock.json","2531","0","Critical"
"license","json-key","C:\DoAnTotNghiep\V-Shield-2.0\View\package-lock.json","2532","0","Critical"
"dependencies","json-key","C:\DoAnTotNghiep\V-Shield-2.0\View\package-lock.json","2533","0","Critical"
"cssesc","json-key","C:\DoAnTotNghiep\V-Shield-2.0\View\package-lock.json","2534","0","Critical"
"engines","json-key","C:\DoAnTotNghiep\V-Shield-2.0\View\package-lock.json","2537","0","Critical"
"node","json-key","C:\DoAnTotNghiep\V-Shield-2.0\View\package-lock.json","2538","0","Critical"
"version","json-key","C:\DoAnTotNghiep\V-Shield-2.0\View\package-lock.json","2542","0","Critical"
"resolved","json-key","C:\DoAnTotNghiep\V-Shield-2.0\View\package-lock.json","2543","0","Critical"
"integrity","json-key","C:\DoAnTotNghiep\V-Shield-2.0\View\package-lock.json","2544","0","Critical"
"dev","json-key","C:\DoAnTotNghiep\V-Shield-2.0\View\package-lock.json","2545","0","Critical"
"license","json-key","C:\DoAnTotNghiep\V-Shield-2.0\View\package-lock.json","2546","0","Critical"
"version","json-key","C:\DoAnTotNghiep\V-Shield-2.0\View\package-lock.json","2549","0","Critical"
"resolved","json-key","C:\DoAnTotNghiep\V-Shield-2.0\View\package-lock.json","2550","0","Critical"
"integrity","json-key","C:\DoAnTotNghiep\V-Shield-2.0\View\package-lock.json","2551","0","Critical"
"license","json-key","C:\DoAnTotNghiep\V-Shield-2.0\View\package-lock.json","2552","0","Critical"
"version","json-key","C:\DoAnTotNghiep\V-Shield-2.0\View\package-lock.json","2555","0","Critical"
"resolved","json-key","C:\DoAnTotNghiep\V-Shield-2.0\View\package-lock.json","2556","0","Critical"
"integrity","json-key","C:\DoAnTotNghiep\V-Shield-2.0\View\package-lock.json","2557","0","Critical"
"license","json-key","C:\DoAnTotNghiep\V-Shield-2.0\View\package-lock.json","2558","0","Critical"
"dependencies","json-key","C:\DoAnTotNghiep\V-Shield-2.0\View\package-lock.json","2559","0","Critical"
"dijkstrajs","json-key","C:\DoAnTotNghiep\V-Shield-2.0\View\package-lock.json","2560","0","Critical"
"pngjs","json-key","C:\DoAnTotNghiep\V-Shield-2.0\View\package-lock.json","2561","0","Critical"
"yargs","json-key","C:\DoAnTotNghiep\V-Shield-2.0\View\package-lock.json","2562","0","Critical"
"bin","json-key","C:\DoAnTotNghiep\V-Shield-2.0\View\package-lock.json","2564","0","Critical"
"qrcode","json-key","C:\DoAnTotNghiep\V-Shield-2.0\View\package-lock.json","2565","0","Critical"
"engines","json-key","C:\DoAnTotNghiep\V-Shield-2.0\View\package-lock.json","2567","0","Critical"
"node","json-key","C:\DoAnTotNghiep\V-Shield-2.0\View\package-lock.json","2568","0","Critical"
"version","json-key","C:\DoAnTotNghiep\V-Shield-2.0\View\package-lock.json","2572","0","Critical"
"resolved","json-key","C:\DoAnTotNghiep\V-Shield-2.0\View\package-lock.json","2573","0","Critical"
"integrity","json-key","C:\DoAnTotNghiep\V-Shield-2.0\View\package-lock.json","2574","0","Critical"
"dev","json-key","C:\DoAnTotNghiep\V-Shield-2.0\View\package-lock.json","2575","0","Critical"
"funding","json-key","C:\DoAnTotNghiep\V-Shield-2.0\View\package-lock.json","2576","0","Critical"
"type","json-key","C:\DoAnTotNghiep\V-Shield-2.0\View\package-lock.json","2578","0","Critical"
"url","json-key","C:\DoAnTotNghiep\V-Shield-2.0\View\package-lock.json","2579","0","Critical"
"type","json-key","C:\DoAnTotNghiep\V-Shield-2.0\View\package-lock.json","2582","0","Critical"
"url","json-key","C:\DoAnTotNghiep\V-Shield-2.0\View\package-lock.json","2583","0","Critical"
"type","json-key","C:\DoAnTotNghiep\V-Shield-2.0\View\package-lock.json","2586","0","Critical"
"url","json-key","C:\DoAnTotNghiep\V-Shield-2.0\View\package-lock.json","2587","0","Critical"
"license","json-key","C:\DoAnTotNghiep\V-Shield-2.0\View\package-lock.json","2590","0","Critical"
"version","json-key","C:\DoAnTotNghiep\V-Shield-2.0\View\package-lock.json","2593","0","Critical"
"resolved","json-key","C:\DoAnTotNghiep\V-Shield-2.0\View\package-lock.json","2594","0","Critical"
"integrity","json-key","C:\DoAnTotNghiep\V-Shield-2.0\View\package-lock.json","2595","0","Critical"
"dev","json-key","C:\DoAnTotNghiep\V-Shield-2.0\View\package-lock.json","2596","0","Critical"
"license","json-key","C:\DoAnTotNghiep\V-Shield-2.0\View\package-lock.json","2597","0","Critical"
"dependencies","json-key","C:\DoAnTotNghiep\V-Shield-2.0\View\package-lock.json","2598","0","Critical"
"pify","json-key","C:\DoAnTotNghiep\V-Shield-2.0\View\package-lock.json","2599","0","Critical"
"version","json-key","C:\DoAnTotNghiep\V-Shield-2.0\View\package-lock.json","2603","0","Critical"
"resolved","json-key","C:\DoAnTotNghiep\V-Shield-2.0\View\package-lock.json","2604","0","Critical"
"integrity","json-key","C:\DoAnTotNghiep\V-Shield-2.0\View\package-lock.json","2605","0","Critical"
"dev","json-key","C:\DoAnTotNghiep\V-Shield-2.0\View\package-lock.json","2606","0","Critical"
"license","json-key","C:\DoAnTotNghiep\V-Shield-2.0\View\package-lock.json","2607","0","Critical"
"dependencies","json-key","C:\DoAnTotNghiep\V-Shield-2.0\View\package-lock.json","2608","0","Critical"
"picomatch","json-key","C:\DoAnTotNghiep\V-Shield-2.0\View\package-lock.json","2609","0","Critical"
"engines","json-key","C:\DoAnTotNghiep\V-Shield-2.0\View\package-lock.json","2611","0","Critical"
"node","json-key","C:\DoAnTotNghiep\V-Shield-2.0\View\package-lock.json","2612","0","Critical"
"version","json-key","C:\DoAnTotNghiep\V-Shield-2.0\View\package-lock.json","2616","0","Critical"
"resolved","json-key","C:\DoAnTotNghiep\V-Shield-2.0\View\package-lock.json","2617","0","Critical"
"integrity","json-key","C:\DoAnTotNghiep\V-Shield-2.0\View\package-lock.json","2618","0","Critical"
"dev","json-key","C:\DoAnTotNghiep\V-Shield-2.0\View\package-lock.json","2619","0","Critical"
"license","json-key","C:\DoAnTotNghiep\V-Shield-2.0\View\package-lock.json","2620","0","Critical"
"engines","json-key","C:\DoAnTotNghiep\V-Shield-2.0\View\package-lock.json","2621","0","Critical"
"node","json-key","C:\DoAnTotNghiep\V-Shield-2.0\View\package-lock.json","2622","0","Critical"
"funding","json-key","C:\DoAnTotNghiep\V-Shield-2.0\View\package-lock.json","2624","0","Critical"
"url","json-key","C:\DoAnTotNghiep\V-Shield-2.0\View\package-lock.json","2625","0","Critical"
"version","json-key","C:\DoAnTotNghiep\V-Shield-2.0\View\package-lock.json","2629","0","Critical"
"resolved","json-key","C:\DoAnTotNghiep\V-Shield-2.0\View\package-lock.json","2630","0","Critical"
"integrity","json-key","C:\DoAnTotNghiep\V-Shield-2.0\View\package-lock.json","2631","0","Critical"
"license","json-key","C:\DoAnTotNghiep\V-Shield-2.0\View\package-lock.json","2632","0","Critical"
"engines","json-key","C:\DoAnTotNghiep\V-Shield-2.0\View\package-lock.json","2633","0","Critical"
"node","json-key","C:\DoAnTotNghiep\V-Shield-2.0\View\package-lock.json","2634","0","Critical"
"version","json-key","C:\DoAnTotNghiep\V-Shield-2.0\View\package-lock.json","2638","0","Critical"
"resolved","json-key","C:\DoAnTotNghiep\V-Shield-2.0\View\package-lock.json","2639","0","Critical"
"integrity","json-key","C:\DoAnTotNghiep\V-Shield-2.0\View\package-lock.json","2640","0","Critical"
"license","json-key","C:\DoAnTotNghiep\V-Shield-2.0\View\package-lock.json","2641","0","Critical"
"version","json-key","C:\DoAnTotNghiep\V-Shield-2.0\View\package-lock.json","2644","0","Critical"
"resolved","json-key","C:\DoAnTotNghiep\V-Shield-2.0\View\package-lock.json","2645","0","Critical"
"integrity","json-key","C:\DoAnTotNghiep\V-Shield-2.0\View\package-lock.json","2646","0","Critical"
"dev","json-key","C:\DoAnTotNghiep\V-Shield-2.0\View\package-lock.json","2647","0","Critical"
"license","json-key","C:\DoAnTotNghiep\V-Shield-2.0\View\package-lock.json","2648","0","Critical"
"dependencies","json-key","C:\DoAnTotNghiep\V-Shield-2.0\View\package-lock.json","2649","0","Critical"
"bin","json-key","C:\DoAnTotNghiep\V-Shield-2.0\View\package-lock.json","2654","0","Critical"
"resolve","json-key","C:\DoAnTotNghiep\V-Shield-2.0\View\package-lock.json","2655","0","Critical"
"engines","json-key","C:\DoAnTotNghiep\V-Shield-2.0\View\package-lock.json","2657","0","Critical"
"node","json-key","C:\DoAnTotNghiep\V-Shield-2.0\View\package-lock.json","2658","0","Critical"
"funding","json-key","C:\DoAnTotNghiep\V-Shield-2.0\View\package-lock.json","2660","0","Critical"
"url","json-key","C:\DoAnTotNghiep\V-Shield-2.0\View\package-lock.json","2661","0","Critical"
"version","json-key","C:\DoAnTotNghiep\V-Shield-2.0\View\package-lock.json","2665","0","Critical"
"resolved","json-key","C:\DoAnTotNghiep\V-Shield-2.0\View\package-lock.json","2666","0","Critical"
"integrity","json-key","C:\DoAnTotNghiep\V-Shield-2.0\View\package-lock.json","2667","0","Critical"
"dev","json-key","C:\DoAnTotNghiep\V-Shield-2.0\View\package-lock.json","2668","0","Critical"
"license","json-key","C:\DoAnTotNghiep\V-Shield-2.0\View\package-lock.json","2669","0","Critical"
"engines","json-key","C:\DoAnTotNghiep\V-Shield-2.0\View\package-lock.json","2670","0","Critical"
"iojs","json-key","C:\DoAnTotNghiep\V-Shield-2.0\View\package-lock.json","2671","0","Critical"
"node","json-key","C:\DoAnTotNghiep\V-Shield-2.0\View\package-lock.json","2672","0","Critical"
"version","json-key","C:\DoAnTotNghiep\V-Shield-2.0\View\package-lock.json","2676","0","Critical"
"resolved","json-key","C:\DoAnTotNghiep\V-Shield-2.0\View\package-lock.json","2677","0","Critical"
"integrity","json-key","C:\DoAnTotNghiep\V-Shield-2.0\View\package-lock.json","2678","0","Critical"
"dev","json-key","C:\DoAnTotNghiep\V-Shield-2.0\View\package-lock.json","2679","0","Critical"
"license","json-key","C:\DoAnTotNghiep\V-Shield-2.0\View\package-lock.json","2680","0","Critical"
"dependencies","json-key","C:\DoAnTotNghiep\V-Shield-2.0\View\package-lock.json","2681","0","Critical"
"bin","json-key","C:\DoAnTotNghiep\V-Shield-2.0\View\package-lock.json","2684","0","Critical"
"rollup","json-key","C:\DoAnTotNghiep\V-Shield-2.0\View\package-lock.json","2685","0","Critical"
"engines","json-key","C:\DoAnTotNghiep\V-Shield-2.0\View\package-lock.json","2687","0","Critical"
"node","json-key","C:\DoAnTotNghiep\V-Shield-2.0\View\package-lock.json","2688","0","Critical"
"npm","json-key","C:\DoAnTotNghiep\V-Shield-2.0\View\package-lock.json","2689","0","Critical"
"optionalDependencies","json-key","C:\DoAnTotNghiep\V-Shield-2.0\View\package-lock.json","2691","0","Critical"
"fsevents","json-key","C:\DoAnTotNghiep\V-Shield-2.0\View\package-lock.json","2717","0","Critical"
"version","json-key","C:\DoAnTotNghiep\V-Shield-2.0\View\package-lock.json","2721","0","Critical"
"resolved","json-key","C:\DoAnTotNghiep\V-Shield-2.0\View\package-lock.json","2722","0","Critical"
"integrity","json-key","C:\DoAnTotNghiep\V-Shield-2.0\View\package-lock.json","2723","0","Critical"
"dev","json-key","C:\DoAnTotNghiep\V-Shield-2.0\View\package-lock.json","2724","0","Critical"
"funding","json-key","C:\DoAnTotNghiep\V-Shield-2.0\View\package-lock.json","2725","0","Critical"
"type","json-key","C:\DoAnTotNghiep\V-Shield-2.0\View\package-lock.json","2727","0","Critical"
"url","json-key","C:\DoAnTotNghiep\V-Shield-2.0\View\package-lock.json","2728","0","Critical"
"type","json-key","C:\DoAnTotNghiep\V-Shield-2.0\View\package-lock.json","2731","0","Critical"
"url","json-key","C:\DoAnTotNghiep\V-Shield-2.0\View\package-lock.json","2732","0","Critical"
"type","json-key","C:\DoAnTotNghiep\V-Shield-2.0\View\package-lock.json","2735","0","Critical"
"url","json-key","C:\DoAnTotNghiep\V-Shield-2.0\View\package-lock.json","2736","0","Critical"
"license","json-key","C:\DoAnTotNghiep\V-Shield-2.0\View\package-lock.json","2739","0","Critical"
"dependencies","json-key","C:\DoAnTotNghiep\V-Shield-2.0\View\package-lock.json","2740","0","Critical"
"version","json-key","C:\DoAnTotNghiep\V-Shield-2.0\View\package-lock.json","2745","0","Critical"
"resolved","json-key","C:\DoAnTotNghiep\V-Shield-2.0\View\package-lock.json","2746","0","Critical"
"integrity","json-key","C:\DoAnTotNghiep\V-Shield-2.0\View\package-lock.json","2747","0","Critical"
"license","json-key","C:\DoAnTotNghiep\V-Shield-2.0\View\package-lock.json","2748","0","Critical"
"version","json-key","C:\DoAnTotNghiep\V-Shield-2.0\View\package-lock.json","2751","0","Critical"
"resolved","json-key","C:\DoAnTotNghiep\V-Shield-2.0\View\package-lock.json","2752","0","Critical"
"integrity","json-key","C:\DoAnTotNghiep\V-Shield-2.0\View\package-lock.json","2753","0","Critical"
"license","json-key","C:\DoAnTotNghiep\V-Shield-2.0\View\package-lock.json","2754","0","Critical"
"engines","json-key","C:\DoAnTotNghiep\V-Shield-2.0\View\package-lock.json","2755","0","Critical"
"node","json-key","C:\DoAnTotNghiep\V-Shield-2.0\View\package-lock.json","2756","0","Critical"
"version","json-key","C:\DoAnTotNghiep\V-Shield-2.0\View\package-lock.json","2760","0","Critical"
"resolved","json-key","C:\DoAnTotNghiep\V-Shield-2.0\View\package-lock.json","2761","0","Critical"
"integrity","json-key","C:\DoAnTotNghiep\V-Shield-2.0\View\package-lock.json","2762","0","Critical"
"license","json-key","C:\DoAnTotNghiep\V-Shield-2.0\View\package-lock.json","2763","0","Critical"
"dependencies","json-key","C:\DoAnTotNghiep\V-Shield-2.0\View\package-lock.json","2764","0","Critical"
"engines","json-key","C:\DoAnTotNghiep\V-Shield-2.0\View\package-lock.json","2769","0","Critical"
"node","json-key","C:\DoAnTotNghiep\V-Shield-2.0\View\package-lock.json","2770","0","Critical"
"version","json-key","C:\DoAnTotNghiep\V-Shield-2.0\View\package-lock.json","2774","0","Critical"
"resolved","json-key","C:\DoAnTotNghiep\V-Shield-2.0\View\package-lock.json","2775","0","Critical"
"integrity","json-key","C:\DoAnTotNghiep\V-Shield-2.0\View\package-lock.json","2776","0","Critical"
"license","json-key","C:\DoAnTotNghiep\V-Shield-2.0\View\package-lock.json","2777","0","Critical"
"dependencies","json-key","C:\DoAnTotNghiep\V-Shield-2.0\View\package-lock.json","2778","0","Critical"
"engines","json-key","C:\DoAnTotNghiep\V-Shield-2.0\View\package-lock.json","2781","0","Critical"
"node","json-key","C:\DoAnTotNghiep\V-Shield-2.0\View\package-lock.json","2782","0","Critical"
"version","json-key","C:\DoAnTotNghiep\V-Shield-2.0\View\package-lock.json","2786","0","Critical"
"resolved","json-key","C:\DoAnTotNghiep\V-Shield-2.0\View\package-lock.json","2787","0","Critical"
"integrity","json-key","C:\DoAnTotNghiep\V-Shield-2.0\View\package-lock.json","2788","0","Critical"
"dev","json-key","C:\DoAnTotNghiep\V-Shield-2.0\View\package-lock.json","2789","0","Critical"
"license","json-key","C:\DoAnTotNghiep\V-Shield-2.0\View\package-lock.json","2790","0","Critical"
"dependencies","json-key","C:\DoAnTotNghiep\V-Shield-2.0\View\package-lock.json","2791","0","Critical"
"commander","json-key","C:\DoAnTotNghiep\V-Shield-2.0\View\package-lock.json","2793","0","Critical"
"mz","json-key","C:\DoAnTotNghiep\V-Shield-2.0\View\package-lock.json","2795","0","Critical"
"pirates","json-key","C:\DoAnTotNghiep\V-Shield-2.0\View\package-lock.json","2796","0","Critical"
"tinyglobby","json-key","C:\DoAnTotNghiep\V-Shield-2.0\View\package-lock.json","2797","0","Critical"
"bin","json-key","C:\DoAnTotNghiep\V-Shield-2.0\View\package-lock.json","2800","0","Critical"
"sucrase","json-key","C:\DoAnTotNghiep\V-Shield-2.0\View\package-lock.json","2801","0","Critical"
"engines","json-key","C:\DoAnTotNghiep\V-Shield-2.0\View\package-lock.json","2804","0","Critical"
"node","json-key","C:\DoAnTotNghiep\V-Shield-2.0\View\package-lock.json","2805","0","Critical"
"version","json-key","C:\DoAnTotNghiep\V-Shield-2.0\View\package-lock.json","2809","0","Critical"
"resolved","json-key","C:\DoAnTotNghiep\V-Shield-2.0\View\package-lock.json","2810","0","Critical"
"integrity","json-key","C:\DoAnTotNghiep\V-Shield-2.0\View\package-lock.json","2811","0","Critical"
"dev","json-key","C:\DoAnTotNghiep\V-Shield-2.0\View\package-lock.json","2812","0","Critical"
"license","json-key","C:\DoAnTotNghiep\V-Shield-2.0\View\package-lock.json","2813","0","Critical"
"engines","json-key","C:\DoAnTotNghiep\V-Shield-2.0\View\package-lock.json","2814","0","Critical"
"node","json-key","C:\DoAnTotNghiep\V-Shield-2.0\View\package-lock.json","2815","0","Critical"
"funding","json-key","C:\DoAnTotNghiep\V-Shield-2.0\View\package-lock.json","2817","0","Critical"
"url","json-key","C:\DoAnTotNghiep\V-Shield-2.0\View\package-lock.json","2818","0","Critical"
"version","json-key","C:\DoAnTotNghiep\V-Shield-2.0\View\package-lock.json","2822","0","Critical"
"resolved","json-key","C:\DoAnTotNghiep\V-Shield-2.0\View\package-lock.json","2823","0","Critical"
"integrity","json-key","C:\DoAnTotNghiep\V-Shield-2.0\View\package-lock.json","2824","0","Critical"
"dev","json-key","C:\DoAnTotNghiep\V-Shield-2.0\View\package-lock.json","2825","0","Critical"
"license","json-key","C:\DoAnTotNghiep\V-Shield-2.0\View\package-lock.json","2826","0","Critical"
"dependencies","json-key","C:\DoAnTotNghiep\V-Shield-2.0\View\package-lock.json","2827","0","Critical"
"arg","json-key","C:\DoAnTotNghiep\V-Shield-2.0\View\package-lock.json","2829","0","Critical"
"chokidar","json-key","C:\DoAnTotNghiep\V-Shield-2.0\View\package-lock.json","2830","0","Critical"
"didyoumean","json-key","C:\DoAnTotNghiep\V-Shield-2.0\View\package-lock.json","2831","0","Critical"
"dlv","json-key","C:\DoAnTotNghiep\V-Shield-2.0\View\package-lock.json","2832","0","Critical"
"jiti","json-key","C:\DoAnTotNghiep\V-Shield-2.0\View\package-lock.json","2836","0","Critical"
"lilconfig","json-key","C:\DoAnTotNghiep\V-Shield-2.0\View\package-lock.json","2837","0","Critical"
"micromatch","json-key","C:\DoAnTotNghiep\V-Shield-2.0\View\package-lock.json","2838","0","Critical"
"picocolors","json-key","C:\DoAnTotNghiep\V-Shield-2.0\View\package-lock.json","2841","0","Critical"
"postcss","json-key","C:\DoAnTotNghiep\V-Shield-2.0\View\package-lock.json","2842","0","Critical"
"resolve","json-key","C:\DoAnTotNghiep\V-Shield-2.0\View\package-lock.json","2848","0","Critical"
"sucrase","json-key","C:\DoAnTotNghiep\V-Shield-2.0\View\package-lock.json","2849","0","Critical"
"bin","json-key","C:\DoAnTotNghiep\V-Shield-2.0\View\package-lock.json","2851","0","Critical"
"tailwind","json-key","C:\DoAnTotNghiep\V-Shield-2.0\View\package-lock.json","2852","0","Critical"
"tailwindcss","json-key","C:\DoAnTotNghiep\V-Shield-2.0\View\package-lock.json","2853","0","Critical"
"engines","json-key","C:\DoAnTotNghiep\V-Shield-2.0\View\package-lock.json","2855","0","Critical"
"node","json-key","C:\DoAnTotNghiep\V-Shield-2.0\View\package-lock.json","2856","0","Critical"
"version","json-key","C:\DoAnTotNghiep\V-Shield-2.0\View\package-lock.json","2860","0","Critical"
"resolved","json-key","C:\DoAnTotNghiep\V-Shield-2.0\View\package-lock.json","2861","0","Critical"
"integrity","json-key","C:\DoAnTotNghiep\V-Shield-2.0\View\package-lock.json","2862","0","Critical"
"dev","json-key","C:\DoAnTotNghiep\V-Shield-2.0\View\package-lock.json","2863","0","Critical"
"license","json-key","C:\DoAnTotNghiep\V-Shield-2.0\View\package-lock.json","2864","0","Critical"
"dependencies","json-key","C:\DoAnTotNghiep\V-Shield-2.0\View\package-lock.json","2865","0","Critical"
"version","json-key","C:\DoAnTotNghiep\V-Shield-2.0\View\package-lock.json","2870","0","Critical"
"resolved","json-key","C:\DoAnTotNghiep\V-Shield-2.0\View\package-lock.json","2871","0","Critical"
"integrity","json-key","C:\DoAnTotNghiep\V-Shield-2.0\View\package-lock.json","2872","0","Critical"
"dev","json-key","C:\DoAnTotNghiep\V-Shield-2.0\View\package-lock.json","2873","0","Critical"
"license","json-key","C:\DoAnTotNghiep\V-Shield-2.0\View\package-lock.json","2874","0","Critical"
"dependencies","json-key","C:\DoAnTotNghiep\V-Shield-2.0\View\package-lock.json","2875","0","Critical"
"thenify","json-key","C:\DoAnTotNghiep\V-Shield-2.0\View\package-lock.json","2876","0","Critical"
"engines","json-key","C:\DoAnTotNghiep\V-Shield-2.0\View\package-lock.json","2878","0","Critical"
"node","json-key","C:\DoAnTotNghiep\V-Shield-2.0\View\package-lock.json","2879","0","Critical"
"version","json-key","C:\DoAnTotNghiep\V-Shield-2.0\View\package-lock.json","2883","0","Critical"
"resolved","json-key","C:\DoAnTotNghiep\V-Shield-2.0\View\package-lock.json","2884","0","Critical"
"integrity","json-key","C:\DoAnTotNghiep\V-Shield-2.0\View\package-lock.json","2885","0","Critical"
"dev","json-key","C:\DoAnTotNghiep\V-Shield-2.0\View\package-lock.json","2886","0","Critical"
"license","json-key","C:\DoAnTotNghiep\V-Shield-2.0\View\package-lock.json","2887","0","Critical"
"dependencies","json-key","C:\DoAnTotNghiep\V-Shield-2.0\View\package-lock.json","2888","0","Critical"
"fdir","json-key","C:\DoAnTotNghiep\V-Shield-2.0\View\package-lock.json","2889","0","Critical"
"picomatch","json-key","C:\DoAnTotNghiep\V-Shield-2.0\View\package-lock.json","2890","0","Critical"
"engines","json-key","C:\DoAnTotNghiep\V-Shield-2.0\View\package-lock.json","2892","0","Critical"
"node","json-key","C:\DoAnTotNghiep\V-Shield-2.0\View\package-lock.json","2893","0","Critical"
"funding","json-key","C:\DoAnTotNghiep\V-Shield-2.0\View\package-lock.json","2895","0","Critical"
"url","json-key","C:\DoAnTotNghiep\V-Shield-2.0\View\package-lock.json","2896","0","Critical"
"version","json-key","C:\DoAnTotNghiep\V-Shield-2.0\View\package-lock.json","2900","0","Critical"
"resolved","json-key","C:\DoAnTotNghiep\V-Shield-2.0\View\package-lock.json","2901","0","Critical"
"integrity","json-key","C:\DoAnTotNghiep\V-Shield-2.0\View\package-lock.json","2902","0","Critical"
"dev","json-key","C:\DoAnTotNghiep\V-Shield-2.0\View\package-lock.json","2903","0","Critical"
"license","json-key","C:\DoAnTotNghiep\V-Shield-2.0\View\package-lock.json","2904","0","Critical"
"dependencies","json-key","C:\DoAnTotNghiep\V-Shield-2.0\View\package-lock.json","2905","0","Critical"
"engines","json-key","C:\DoAnTotNghiep\V-Shield-2.0\View\package-lock.json","2908","0","Critical"
"node","json-key","C:\DoAnTotNghiep\V-Shield-2.0\View\package-lock.json","2909","0","Critical"
"version","json-key","C:\DoAnTotNghiep\V-Shield-2.0\View\package-lock.json","2913","0","Critical"
"resolved","json-key","C:\DoAnTotNghiep\V-Shield-2.0\View\package-lock.json","2914","0","Critical"
"integrity","json-key","C:\DoAnTotNghiep\V-Shield-2.0\View\package-lock.json","2915","0","Critical"
"dev","json-key","C:\DoAnTotNghiep\V-Shield-2.0\View\package-lock.json","2916","0","Critical"
"license","json-key","C:\DoAnTotNghiep\V-Shield-2.0\View\package-lock.json","2917","0","Critical"
"version","json-key","C:\DoAnTotNghiep\V-Shield-2.0\View\package-lock.json","2920","0","Critical"
"resolved","json-key","C:\DoAnTotNghiep\V-Shield-2.0\View\package-lock.json","2921","0","Critical"
"integrity","json-key","C:\DoAnTotNghiep\V-Shield-2.0\View\package-lock.json","2922","0","Critical"
"dev","json-key","C:\DoAnTotNghiep\V-Shield-2.0\View\package-lock.json","2923","0","Critical"
"funding","json-key","C:\DoAnTotNghiep\V-Shield-2.0\View\package-lock.json","2924","0","Critical"
"type","json-key","C:\DoAnTotNghiep\V-Shield-2.0\View\package-lock.json","2926","0","Critical"
"url","json-key","C:\DoAnTotNghiep\V-Shield-2.0\View\package-lock.json","2927","0","Critical"
"type","json-key","C:\DoAnTotNghiep\V-Shield-2.0\View\package-lock.json","2930","0","Critical"
"url","json-key","C:\DoAnTotNghiep\V-Shield-2.0\View\package-lock.json","2931","0","Critical"
"type","json-key","C:\DoAnTotNghiep\V-Shield-2.0\View\package-lock.json","2934","0","Critical"
"url","json-key","C:\DoAnTotNghiep\V-Shield-2.0\View\package-lock.json","2935","0","Critical"
"license","json-key","C:\DoAnTotNghiep\V-Shield-2.0\View\package-lock.json","2938","0","Critical"
"dependencies","json-key","C:\DoAnTotNghiep\V-Shield-2.0\View\package-lock.json","2939","0","Critical"
"escalade","json-key","C:\DoAnTotNghiep\V-Shield-2.0\View\package-lock.json","2940","0","Critical"
"picocolors","json-key","C:\DoAnTotNghiep\V-Shield-2.0\View\package-lock.json","2941","0","Critical"
"bin","json-key","C:\DoAnTotNghiep\V-Shield-2.0\View\package-lock.json","2943","0","Critical"
"peerDependencies","json-key","C:\DoAnTotNghiep\V-Shield-2.0\View\package-lock.json","2946","0","Critical"
"browserslist","json-key","C:\DoAnTotNghiep\V-Shield-2.0\View\package-lock.json","2947","0","Critical"
"version","json-key","C:\DoAnTotNghiep\V-Shield-2.0\View\package-lock.json","2951","0","Critical"
"resolved","json-key","C:\DoAnTotNghiep\V-Shield-2.0\View\package-lock.json","2952","0","Critical"
"integrity","json-key","C:\DoAnTotNghiep\V-Shield-2.0\View\package-lock.json","2953","0","Critical"
"dev","json-key","C:\DoAnTotNghiep\V-Shield-2.0\View\package-lock.json","2954","0","Critical"
"license","json-key","C:\DoAnTotNghiep\V-Shield-2.0\View\package-lock.json","2955","0","Critical"
"version","json-key","C:\DoAnTotNghiep\V-Shield-2.0\View\package-lock.json","2958","0","Critical"
"resolved","json-key","C:\DoAnTotNghiep\V-Shield-2.0\View\package-lock.json","2959","0","Critical"
"integrity","json-key","C:\DoAnTotNghiep\V-Shield-2.0\View\package-lock.json","2960","0","Critical"
"dev","json-key","C:\DoAnTotNghiep\V-Shield-2.0\View\package-lock.json","2961","0","Critical"
"license","json-key","C:\DoAnTotNghiep\V-Shield-2.0\View\package-lock.json","2962","0","Critical"
"dependencies","json-key","C:\DoAnTotNghiep\V-Shield-2.0\View\package-lock.json","2963","0","Critical"
"esbuild","json-key","C:\DoAnTotNghiep\V-Shield-2.0\View\package-lock.json","2964","0","Critical"
"fdir","json-key","C:\DoAnTotNghiep\V-Shield-2.0\View\package-lock.json","2965","0","Critical"
"picomatch","json-key","C:\DoAnTotNghiep\V-Shield-2.0\View\package-lock.json","2966","0","Critical"
"postcss","json-key","C:\DoAnTotNghiep\V-Shield-2.0\View\package-lock.json","2967","0","Critical"
"rollup","json-key","C:\DoAnTotNghiep\V-Shield-2.0\View\package-lock.json","2968","0","Critical"
"tinyglobby","json-key","C:\DoAnTotNghiep\V-Shield-2.0\View\package-lock.json","2969","0","Critical"
"bin","json-key","C:\DoAnTotNghiep\V-Shield-2.0\View\package-lock.json","2971","0","Critical"
"vite","json-key","C:\DoAnTotNghiep\V-Shield-2.0\View\package-lock.json","2972","0","Critical"
"engines","json-key","C:\DoAnTotNghiep\V-Shield-2.0\View\package-lock.json","2974","0","Critical"
"node","json-key","C:\DoAnTotNghiep\V-Shield-2.0\View\package-lock.json","2975","0","Critical"
"funding","json-key","C:\DoAnTotNghiep\V-Shield-2.0\View\package-lock.json","2977","0","Critical"
"url","json-key","C:\DoAnTotNghiep\V-Shield-2.0\View\package-lock.json","2978","0","Critical"
"optionalDependencies","json-key","C:\DoAnTotNghiep\V-Shield-2.0\View\package-lock.json","2980","0","Critical"
"fsevents","json-key","C:\DoAnTotNghiep\V-Shield-2.0\View\package-lock.json","2981","0","Critical"
"peerDependencies","json-key","C:\DoAnTotNghiep\V-Shield-2.0\View\package-lock.json","2983","0","Critical"
"jiti","json-key","C:\DoAnTotNghiep\V-Shield-2.0\View\package-lock.json","2985","0","Critical"
"less","json-key","C:\DoAnTotNghiep\V-Shield-2.0\View\package-lock.json","2986","0","Critical"
"lightningcss","json-key","C:\DoAnTotNghiep\V-Shield-2.0\View\package-lock.json","2987","0","Critical"
"sass","json-key","C:\DoAnTotNghiep\V-Shield-2.0\View\package-lock.json","2988","0","Critical"
"stylus","json-key","C:\DoAnTotNghiep\V-Shield-2.0\View\package-lock.json","2990","0","Critical"
"sugarss","json-key","C:\DoAnTotNghiep\V-Shield-2.0\View\package-lock.json","2991","0","Critical"
"terser","json-key","C:\DoAnTotNghiep\V-Shield-2.0\View\package-lock.json","2992","0","Critical"
"tsx","json-key","C:\DoAnTotNghiep\V-Shield-2.0\View\package-lock.json","2993","0","Critical"
"yaml","json-key","C:\DoAnTotNghiep\V-Shield-2.0\View\package-lock.json","2994","0","Critical"
"peerDependenciesMeta","json-key","C:\DoAnTotNghiep\V-Shield-2.0\View\package-lock.json","2996","0","Critical"
"optional","json-key","C:\DoAnTotNghiep\V-Shield-2.0\View\package-lock.json","2998","0","Critical"
"jiti","json-key","C:\DoAnTotNghiep\V-Shield-2.0\View\package-lock.json","3000","0","Critical"
"optional","json-key","C:\DoAnTotNghiep\V-Shield-2.0\View\package-lock.json","3001","0","Critical"
"less","json-key","C:\DoAnTotNghiep\V-Shield-2.0\View\package-lock.json","3003","0","Critical"
"optional","json-key","C:\DoAnTotNghiep\V-Shield-2.0\View\package-lock.json","3004","0","Critical"
"lightningcss","json-key","C:\DoAnTotNghiep\V-Shield-2.0\View\package-lock.json","3006","0","Critical"
"optional","json-key","C:\DoAnTotNghiep\V-Shield-2.0\View\package-lock.json","3007","0","Critical"
"sass","json-key","C:\DoAnTotNghiep\V-Shield-2.0\View\package-lock.json","3009","0","Critical"
"optional","json-key","C:\DoAnTotNghiep\V-Shield-2.0\View\package-lock.json","3010","0","Critical"
"optional","json-key","C:\DoAnTotNghiep\V-Shield-2.0\View\package-lock.json","3013","0","Critical"
"stylus","json-key","C:\DoAnTotNghiep\V-Shield-2.0\View\package-lock.json","3015","0","Critical"
"optional","json-key","C:\DoAnTotNghiep\V-Shield-2.0\View\package-lock.json","3016","0","Critical"
"sugarss","json-key","C:\DoAnTotNghiep\V-Shield-2.0\View\package-lock.json","3018","0","Critical"
"optional","json-key","C:\DoAnTotNghiep\V-Shield-2.0\View\package-lock.json","3019","0","Critical"
"terser","json-key","C:\DoAnTotNghiep\V-Shield-2.0\View\package-lock.json","3021","0","Critical"
"optional","json-key","C:\DoAnTotNghiep\V-Shield-2.0\View\package-lock.json","3022","0","Critical"
"tsx","json-key","C:\DoAnTotNghiep\V-Shield-2.0\View\package-lock.json","3024","0","Critical"
"optional","json-key","C:\DoAnTotNghiep\V-Shield-2.0\View\package-lock.json","3025","0","Critical"
"yaml","json-key","C:\DoAnTotNghiep\V-Shield-2.0\View\package-lock.json","3027","0","Critical"
"optional","json-key","C:\DoAnTotNghiep\V-Shield-2.0\View\package-lock.json","3028","0","Critical"
"version","json-key","C:\DoAnTotNghiep\V-Shield-2.0\View\package-lock.json","3033","0","Critical"
"resolved","json-key","C:\DoAnTotNghiep\V-Shield-2.0\View\package-lock.json","3034","0","Critical"
"integrity","json-key","C:\DoAnTotNghiep\V-Shield-2.0\View\package-lock.json","3035","0","Critical"
"license","json-key","C:\DoAnTotNghiep\V-Shield-2.0\View\package-lock.json","3036","0","Critical"
"dependencies","json-key","C:\DoAnTotNghiep\V-Shield-2.0\View\package-lock.json","3037","0","Critical"
"peerDependencies","json-key","C:\DoAnTotNghiep\V-Shield-2.0\View\package-lock.json","3044","0","Critical"
"typescript","json-key","C:\DoAnTotNghiep\V-Shield-2.0\View\package-lock.json","3045","0","Critical"
"peerDependenciesMeta","json-key","C:\DoAnTotNghiep\V-Shield-2.0\View\package-lock.json","3047","0","Critical"
"typescript","json-key","C:\DoAnTotNghiep\V-Shield-2.0\View\package-lock.json","3048","0","Critical"
"optional","json-key","C:\DoAnTotNghiep\V-Shield-2.0\View\package-lock.json","3049","0","Critical"
"version","json-key","C:\DoAnTotNghiep\V-Shield-2.0\View\package-lock.json","3054","0","Critical"
"resolved","json-key","C:\DoAnTotNghiep\V-Shield-2.0\View\package-lock.json","3055","0","Critical"
"integrity","json-key","C:\DoAnTotNghiep\V-Shield-2.0\View\package-lock.json","3056","0","Critical"
"license","json-key","C:\DoAnTotNghiep\V-Shield-2.0\View\package-lock.json","3057","0","Critical"
"dependencies","json-key","C:\DoAnTotNghiep\V-Shield-2.0\View\package-lock.json","3058","0","Critical"
"funding","json-key","C:\DoAnTotNghiep\V-Shield-2.0\View\package-lock.json","3061","0","Critical"
"url","json-key","C:\DoAnTotNghiep\V-Shield-2.0\View\package-lock.json","3062","0","Critical"
"peerDependencies","json-key","C:\DoAnTotNghiep\V-Shield-2.0\View\package-lock.json","3064","0","Critical"
"vue","json-key","C:\DoAnTotNghiep\V-Shield-2.0\View\package-lock.json","3065","0","Critical"
"version","json-key","C:\DoAnTotNghiep\V-Shield-2.0\View\package-lock.json","3069","0","Critical"
"resolved","json-key","C:\DoAnTotNghiep\V-Shield-2.0\View\package-lock.json","3070","0","Critical"
"integrity","json-key","C:\DoAnTotNghiep\V-Shield-2.0\View\package-lock.json","3071","0","Critical"
"license","json-key","C:\DoAnTotNghiep\V-Shield-2.0\View\package-lock.json","3072","0","Critical"
"version","json-key","C:\DoAnTotNghiep\V-Shield-2.0\View\package-lock.json","3075","0","Critical"
"resolved","json-key","C:\DoAnTotNghiep\V-Shield-2.0\View\package-lock.json","3076","0","Critical"
"integrity","json-key","C:\DoAnTotNghiep\V-Shield-2.0\View\package-lock.json","3077","0","Critical"
"license","json-key","C:\DoAnTotNghiep\V-Shield-2.0\View\package-lock.json","3078","0","Critical"
"dependencies","json-key","C:\DoAnTotNghiep\V-Shield-2.0\View\package-lock.json","3079","0","Critical"
"engines","json-key","C:\DoAnTotNghiep\V-Shield-2.0\View\package-lock.json","3084","0","Critical"
"node","json-key","C:\DoAnTotNghiep\V-Shield-2.0\View\package-lock.json","3085","0","Critical"
"version","json-key","C:\DoAnTotNghiep\V-Shield-2.0\View\package-lock.json","3089","0","Critical"
"resolved","json-key","C:\DoAnTotNghiep\V-Shield-2.0\View\package-lock.json","3090","0","Critical"
"integrity","json-key","C:\DoAnTotNghiep\V-Shield-2.0\View\package-lock.json","3091","0","Critical"
"license","json-key","C:\DoAnTotNghiep\V-Shield-2.0\View\package-lock.json","3092","0","Critical"
"version","json-key","C:\DoAnTotNghiep\V-Shield-2.0\View\package-lock.json","3095","0","Critical"
"resolved","json-key","C:\DoAnTotNghiep\V-Shield-2.0\View\package-lock.json","3096","0","Critical"
"integrity","json-key","C:\DoAnTotNghiep\V-Shield-2.0\View\package-lock.json","3097","0","Critical"
"license","json-key","C:\DoAnTotNghiep\V-Shield-2.0\View\package-lock.json","3098","0","Critical"
"dependencies","json-key","C:\DoAnTotNghiep\V-Shield-2.0\View\package-lock.json","3099","0","Critical"
"cliui","json-key","C:\DoAnTotNghiep\V-Shield-2.0\View\package-lock.json","3100","0","Critical"
"decamelize","json-key","C:\DoAnTotNghiep\V-Shield-2.0\View\package-lock.json","3101","0","Critical"
"y18n","json-key","C:\DoAnTotNghiep\V-Shield-2.0\View\package-lock.json","3109","0","Critical"
"engines","json-key","C:\DoAnTotNghiep\V-Shield-2.0\View\package-lock.json","3112","0","Critical"
"node","json-key","C:\DoAnTotNghiep\V-Shield-2.0\View\package-lock.json","3113","0","Critical"
"version","json-key","C:\DoAnTotNghiep\V-Shield-2.0\View\package-lock.json","3117","0","Critical"
"resolved","json-key","C:\DoAnTotNghiep\V-Shield-2.0\View\package-lock.json","3118","0","Critical"
"integrity","json-key","C:\DoAnTotNghiep\V-Shield-2.0\View\package-lock.json","3119","0","Critical"
"license","json-key","C:\DoAnTotNghiep\V-Shield-2.0\View\package-lock.json","3120","0","Critical"
"dependencies","json-key","C:\DoAnTotNghiep\V-Shield-2.0\View\package-lock.json","3121","0","Critical"
"camelcase","json-key","C:\DoAnTotNghiep\V-Shield-2.0\View\package-lock.json","3122","0","Critical"
"decamelize","json-key","C:\DoAnTotNghiep\V-Shield-2.0\View\package-lock.json","3123","0","Critical"
"engines","json-key","C:\DoAnTotNghiep\V-Shield-2.0\View\package-lock.json","3125","0","Critical"
"node","json-key","C:\DoAnTotNghiep\V-Shield-2.0\View\package-lock.json","3126","0","Critical"
"name","json-key","C:\DoAnTotNghiep\V-Shield-2.0\View\package.json","2","113","Critical"
"private","json-key","C:\DoAnTotNghiep\V-Shield-2.0\View\package.json","3","0","Critical"
"version","json-key","C:\DoAnTotNghiep\V-Shield-2.0\View\package.json","4","0","Critical"
"type","json-key","C:\DoAnTotNghiep\V-Shield-2.0\View\package.json","5","0","Critical"
"scripts","json-key","C:\DoAnTotNghiep\V-Shield-2.0\View\package.json","6","0","Critical"
"dev","json-key","C:\DoAnTotNghiep\V-Shield-2.0\View\package.json","7","0","Critical"
"build","json-key","C:\DoAnTotNghiep\V-Shield-2.0\View\package.json","8","0","Critical"
"preview","json-key","C:\DoAnTotNghiep\V-Shield-2.0\View\package.json","9","0","Critical"
"dependencies","json-key","C:\DoAnTotNghiep\V-Shield-2.0\View\package.json","11","0","Critical"
"axios","json-key","C:\DoAnTotNghiep\V-Shield-2.0\View\package.json","13","0","Critical"
"jsqr","json-key","C:\DoAnTotNghiep\V-Shield-2.0\View\package.json","15","0","Critical"
"qrcode","json-key","C:\DoAnTotNghiep\V-Shield-2.0\View\package.json","16","0","Critical"
"vue","json-key","C:\DoAnTotNghiep\V-Shield-2.0\View\package.json","17","0","Critical"
"devDependencies","json-key","C:\DoAnTotNghiep\V-Shield-2.0\View\package.json","20","0","Critical"
"autoprefixer","json-key","C:\DoAnTotNghiep\V-Shield-2.0\View\package.json","22","0","Critical"
"postcss","json-key","C:\DoAnTotNghiep\V-Shield-2.0\View\package.json","23","0","Critical"
"tailwindcss","json-key","C:\DoAnTotNghiep\V-Shield-2.0\View\package.json","24","0","Critical"
"vite","json-key","C:\DoAnTotNghiep\V-Shield-2.0\View\package.json","25","0","Critical"
"walk","js-func","C:\DoAnTotNghiep\V-Shield-2.0\View\replace_colors_br.js","4","9","Medium Risk"
"page","html-class","C:\DoAnTotNghiep\V-Shield-2.0\View\src\components\AccessPermissionManager.vue","2","0","Medium Risk"
"topbar","html-class","C:\DoAnTotNghiep\V-Shield-2.0\View\src\components\AccessPermissionManager.vue","3","0","Medium Risk"
"lane-grid","html-class","C:\DoAnTotNghiep\V-Shield-2.0\View\src\components\AccessPermissionManager.vue","10","0","Medium Risk"
"lane-card","html-class","C:\DoAnTotNghiep\V-Shield-2.0\View\src\components\AccessPermissionManager.vue","11","0","Medium Risk"
"lane-head","html-class","C:\DoAnTotNghiep\V-Shield-2.0\View\src\components\AccessPermissionManager.vue","12","0","Medium Risk"
"ip-row","html-class","C:\DoAnTotNghiep\V-Shield-2.0\View\src\components\AccessPermissionManager.vue","19","0","Medium Risk"
"ip-box","html-class","C:\DoAnTotNghiep\V-Shield-2.0\View\src\components\AccessPermissionManager.vue","20","0","Medium Risk"
"ip-box","html-class","C:\DoAnTotNghiep\V-Shield-2.0\View\src\components\AccessPermissionManager.vue","32","0","Medium Risk"
"ip-box","html-class","C:\DoAnTotNghiep\V-Shield-2.0\View\src\components\AccessPermissionManager.vue","37","0","Medium Risk"
"ip-box","html-class","C:\DoAnTotNghiep\V-Shield-2.0\View\src\components\AccessPermissionManager.vue","42","0","Medium Risk"
"radio","json-key","C:\DoAnTotNghiep\V-Shield-2.0\View\src\components\AccessPermissionManager.vue","46","0","Critical"
"radio","json-key","C:\DoAnTotNghiep\V-Shield-2.0\View\src\components\AccessPermissionManager.vue","49","0","Critical"
"lane-actions","html-class","C:\DoAnTotNghiep\V-Shield-2.0\View\src\components\AccessPermissionManager.vue","55","0","Medium Risk"
"btn btn-main","html-class","C:\DoAnTotNghiep\V-Shield-2.0\View\src\components\AccessPermissionManager.vue","57","0","Medium Risk"
"message","json-key","C:\DoAnTotNghiep\V-Shield-2.0\View\src\components\AccessPermissionManager.vue","66","68","Critical"
"bottom-note","html-class","C:\DoAnTotNghiep\V-Shield-2.0\View\src\components\AccessPermissionManager.vue","66","0","Medium Risk"
"AccessPermissionManager","vue-component-name","C:\DoAnTotNghiep\V-Shield-2.0\View\src\components\AccessPermissionManager.vue","79","3","Medium Risk"
"security-container","html-class","C:\DoAnTotNghiep\V-Shield-2.0\View\src\components\BienSoSecurity.vue","2","0","Medium Risk"
"title","html-class","C:\DoAnTotNghiep\V-Shield-2.0\View\src\components\BienSoSecurity.vue","3","0","Medium Risk"
"source-panel","html-class","C:\DoAnTotNghiep\V-Shield-2.0\View\src\components\BienSoSecurity.vue","5","0","Medium Risk"
"source-field","html-class","C:\DoAnTotNghiep\V-Shield-2.0\View\src\components\BienSoSecurity.vue","6","0","Medium Risk"
"source-label","html-class","C:\DoAnTotNghiep\V-Shield-2.0\View\src\components\BienSoSecurity.vue","7","0","Medium Risk"
"ip-input source-select","html-class","C:\DoAnTotNghiep\V-Shield-2.0\View\src\components\BienSoSecurity.vue","10","0","Medium Risk"
"btn btn-config","html-class","C:\DoAnTotNghiep\V-Shield-2.0\View\src\components\BienSoSecurity.vue","26","0","Medium Risk"
"source-hint","html-class","C:\DoAnTotNghiep\V-Shield-2.0\View\src\components\BienSoSecurity.vue","34","0","Medium Risk"
"control-panel","html-class","C:\DoAnTotNghiep\V-Shield-2.0\View\src\components\BienSoSecurity.vue","38","0","Medium Risk"
"ip-input","html-class","C:\DoAnTotNghiep\V-Shield-2.0\View\src\components\BienSoSecurity.vue","42","0","Medium Risk"
"ip-input","html-class","C:\DoAnTotNghiep\V-Shield-2.0\View\src\components\BienSoSecurity.vue","50","0","Medium Risk"
"handleTurnOnPreview","json-key","C:\DoAnTotNghiep\V-Shield-2.0\View\src\components\BienSoSecurity.vue","55","0","Critical"
"btn btn-on","html-class","C:\DoAnTotNghiep\V-Shield-2.0\View\src\components\BienSoSecurity.vue","55","0","Medium Risk"
"btn btn-reset","html-class","C:\DoAnTotNghiep\V-Shield-2.0\View\src\components\BienSoSecurity.vue","60","0","Medium Risk"
"handleTurnOff","json-key","C:\DoAnTotNghiep\V-Shield-2.0\View\src\components\BienSoSecurity.vue","67","0","Critical"
"btn btn-off","html-class","C:\DoAnTotNghiep\V-Shield-2.0\View\src\components\BienSoSecurity.vue","67","0","Medium Risk"
"status-bar","html-class","C:\DoAnTotNghiep\V-Shield-2.0\View\src\components\BienSoSecurity.vue","72","0","Medium Risk"
"OK","json-key","C:\DoAnTotNghiep\V-Shield-2.0\View\src\components\BienSoSecurity.vue","81","0","Critical"
"video-wrapper","html-class","C:\DoAnTotNghiep\V-Shield-2.0\View\src\components\BienSoSecurity.vue","84","0","Medium Risk"
"video-stream","html-class","C:\DoAnTotNghiep\V-Shield-2.0\View\src\components\BienSoSecurity.vue","88","0","Medium Risk"
"video-off","html-class","C:\DoAnTotNghiep\V-Shield-2.0\View\src\components\BienSoSecurity.vue","95","0","Medium Risk"
"plate-panel","html-class","C:\DoAnTotNghiep\V-Shield-2.0\View\src\components\BienSoSecurity.vue","100","0","Medium Risk"
"plate-box","html-class","C:\DoAnTotNghiep\V-Shield-2.0\View\src\components\BienSoSecurity.vue","101","0","Medium Risk"
"plate-label","html-class","C:\DoAnTotNghiep\V-Shield-2.0\View\src\components\BienSoSecurity.vue","102","0","Medium Risk"
"plate-number confirmed","html-class","C:\DoAnTotNghiep\V-Shield-2.0\View\src\components\BienSoSecurity.vue","103","0","Medium Risk"
"plate-box","html-class","C:\DoAnTotNghiep\V-Shield-2.0\View\src\components\BienSoSecurity.vue","108","0","Medium Risk"
"plate-label","html-class","C:\DoAnTotNghiep\V-Shield-2.0\View\src\components\BienSoSecurity.vue","109","0","Medium Risk"
"plate-number raw","html-class","C:\DoAnTotNghiep\V-Shield-2.0\View\src\components\BienSoSecurity.vue","110","0","Medium Risk"
"lock-banner","html-class","C:\DoAnTotNghiep\V-Shield-2.0\View\src\components\BienSoSecurity.vue","116","0","Medium Risk"
"evidence-panel","html-class","C:\DoAnTotNghiep\V-Shield-2.0\View\src\components\BienSoSecurity.vue","120","0","Medium Risk"
"evidence-card","html-class","C:\DoAnTotNghiep\V-Shield-2.0\View\src\components\BienSoSecurity.vue","121","0","Medium Risk"
"evidence-title","html-class","C:\DoAnTotNghiep\V-Shield-2.0\View\src\components\BienSoSecurity.vue","122","0","Medium Risk"
"evidence-image","html-class","C:\DoAnTotNghiep\V-Shield-2.0\View\src\components\BienSoSecurity.vue","126","0","Medium Risk"
"evidence-empty","html-class","C:\DoAnTotNghiep\V-Shield-2.0\View\src\components\BienSoSecurity.vue","129","0","Medium Risk"
"evidence-card","html-class","C:\DoAnTotNghiep\V-Shield-2.0\View\src\components\BienSoSecurity.vue","132","0","Medium Risk"
"evidence-title","html-class","C:\DoAnTotNghiep\V-Shield-2.0\View\src\components\BienSoSecurity.vue","133","0","Medium Risk"
"evidence-image","html-class","C:\DoAnTotNghiep\V-Shield-2.0\View\src\components\BienSoSecurity.vue","137","0","Medium Risk"
"evidence-empty","html-class","C:\DoAnTotNghiep\V-Shield-2.0\View\src\components\BienSoSecurity.vue","140","0","Medium Risk"
"live-panel","html-class","C:\DoAnTotNghiep\V-Shield-2.0\View\src\components\BienSoSecurity.vue","144","0","Medium Risk"
"live-title","html-class","C:\DoAnTotNghiep\V-Shield-2.0\View\src\components\BienSoSecurity.vue","145","0","Medium Risk"
"candidate-list","html-class","C:\DoAnTotNghiep\V-Shield-2.0\View\src\components\BienSoSecurity.vue","147","0","Medium Risk"
"candidate-item","html-class","C:\DoAnTotNghiep\V-Shield-2.0\View\src\components\BienSoSecurity.vue","151","0","Medium Risk"
"candidate-text","html-class","C:\DoAnTotNghiep\V-Shield-2.0\View\src\components\BienSoSecurity.vue","153","0","Medium Risk"
"candidate-meta","html-class","C:\DoAnTotNghiep\V-Shield-2.0\View\src\components\BienSoSecurity.vue","154","0","Medium Risk"
"valid","json-key","C:\DoAnTotNghiep\V-Shield-2.0\View\src\components\BienSoSecurity.vue","155","0","Critical"
"candidate-empty","html-class","C:\DoAnTotNghiep\V-Shield-2.0\View\src\components\BienSoSecurity.vue","160","0","Medium Risk"
"result-panel","html-class","C:\DoAnTotNghiep\V-Shield-2.0\View\src\components\BienSoSecurity.vue","165","0","Medium Risk"
"Yes","json-key","C:\DoAnTotNghiep\V-Shield-2.0\View\src\components\BienSoSecurity.vue","168","0","Critical"
"BienSoSecurity","vue-component-name","C:\DoAnTotNghiep\V-Shield-2.0\View\src\components\BienSoSecurity.vue","190","2","Medium Risk"
"security-container","html-class","C:\DoAnTotNghiep\V-Shield-2.0\View\src\components\FaceCamera.vue","2","0","Medium Risk"
"title","html-class","C:\DoAnTotNghiep\V-Shield-2.0\View\src\components\FaceCamera.vue","3","0","Medium Risk"
"control-panel","html-class","C:\DoAnTotNghiep\V-Shield-2.0\View\src\components\FaceCamera.vue","5","0","Medium Risk"
"ip-input","html-class","C:\DoAnTotNghiep\V-Shield-2.0\View\src\components\FaceCamera.vue","9","0","Medium Risk"
"handleTurnOnPreview","json-key","C:\DoAnTotNghiep\V-Shield-2.0\View\src\components\FaceCamera.vue","14","0","Critical"
"btn btn-on","html-class","C:\DoAnTotNghiep\V-Shield-2.0\View\src\components\FaceCamera.vue","14","0","Medium Risk"
"btn btn-reset","html-class","C:\DoAnTotNghiep\V-Shield-2.0\View\src\components\FaceCamera.vue","19","0","Medium Risk"
"handleTurnOff","json-key","C:\DoAnTotNghiep\V-Shield-2.0\View\src\components\FaceCamera.vue","26","0","Critical"
"btn btn-off","html-class","C:\DoAnTotNghiep\V-Shield-2.0\View\src\components\FaceCamera.vue","26","0","Medium Risk"
"status-bar","html-class","C:\DoAnTotNghiep\V-Shield-2.0\View\src\components\FaceCamera.vue","31","0","Medium Risk"
"OK","json-key","C:\DoAnTotNghiep\V-Shield-2.0\View\src\components\FaceCamera.vue","39","0","Critical"
"video-wrapper","html-class","C:\DoAnTotNghiep\V-Shield-2.0\View\src\components\FaceCamera.vue","42","0","Medium Risk"
"video","html-class","C:\DoAnTotNghiep\V-Shield-2.0\View\src\components\FaceCamera.vue","47","0","Medium Risk"
"video-off","html-class","C:\DoAnTotNghiep\V-Shield-2.0\View\src\components\FaceCamera.vue","53","0","Medium Risk"
"face-panel","html-class","C:\DoAnTotNghiep\V-Shield-2.0\View\src\components\FaceCamera.vue","58","0","Medium Risk"
"face-box","html-class","C:\DoAnTotNghiep\V-Shield-2.0\View\src\components\FaceCamera.vue","59","0","Medium Risk"
"face-label","html-class","C:\DoAnTotNghiep\V-Shield-2.0\View\src\components\FaceCamera.vue","60","0","Medium Risk"
"face-number confirmed","html-class","C:\DoAnTotNghiep\V-Shield-2.0\View\src\components\FaceCamera.vue","61","0","Medium Risk"
"face-box","html-class","C:\DoAnTotNghiep\V-Shield-2.0\View\src\components\FaceCamera.vue","66","0","Medium Risk"
"face-label","html-class","C:\DoAnTotNghiep\V-Shield-2.0\View\src\components\FaceCamera.vue","67","0","Medium Risk"
"face-number raw","html-class","C:\DoAnTotNghiep\V-Shield-2.0\View\src\components\FaceCamera.vue","68","0","Medium Risk"
"lock-banner","html-class","C:\DoAnTotNghiep\V-Shield-2.0\View\src\components\FaceCamera.vue","74","0","Medium Risk"
"alert-banner","html-class","C:\DoAnTotNghiep\V-Shield-2.0\View\src\components\FaceCamera.vue","78","0","Medium Risk"
"evidence-panel","html-class","C:\DoAnTotNghiep\V-Shield-2.0\View\src\components\FaceCamera.vue","82","0","Medium Risk"
"evidence-card","html-class","C:\DoAnTotNghiep\V-Shield-2.0\View\src\components\FaceCamera.vue","83","0","Medium Risk"
"evidence-title","html-class","C:\DoAnTotNghiep\V-Shield-2.0\View\src\components\FaceCamera.vue","84","0","Medium Risk"
"evidence-image","html-class","C:\DoAnTotNghiep\V-Shield-2.0\View\src\components\FaceCamera.vue","88","0","Medium Risk"
"evidence-empty","html-class","C:\DoAnTotNghiep\V-Shield-2.0\View\src\components\FaceCamera.vue","91","0","Medium Risk"
"evidence-card","html-class","C:\DoAnTotNghiep\V-Shield-2.0\View\src\components\FaceCamera.vue","94","0","Medium Risk"
"evidence-title","html-class","C:\DoAnTotNghiep\V-Shield-2.0\View\src\components\FaceCamera.vue","95","0","Medium Risk"
"evidence-image","html-class","C:\DoAnTotNghiep\V-Shield-2.0\View\src\components\FaceCamera.vue","99","0","Medium Risk"
"evidence-empty","html-class","C:\DoAnTotNghiep\V-Shield-2.0\View\src\components\FaceCamera.vue","102","0","Medium Risk"
"live-panel","html-class","C:\DoAnTotNghiep\V-Shield-2.0\View\src\components\FaceCamera.vue","106","0","Medium Risk"
"live-title","html-class","C:\DoAnTotNghiep\V-Shield-2.0\View\src\components\FaceCamera.vue","107","0","Medium Risk"
"candidate-list","html-class","C:\DoAnTotNghiep\V-Shield-2.0\View\src\components\FaceCamera.vue","109","0","Medium Risk"
"candidate-item","html-class","C:\DoAnTotNghiep\V-Shield-2.0\View\src\components\FaceCamera.vue","110","0","Medium Risk"
"candidate-text","html-class","C:\DoAnTotNghiep\V-Shield-2.0\View\src\components\FaceCamera.vue","111","0","Medium Risk"
"Yes","json-key","C:\DoAnTotNghiep\V-Shield-2.0\View\src\components\FaceCamera.vue","112","0","Critical"
"candidate-meta","html-class","C:\DoAnTotNghiep\V-Shield-2.0\View\src\components\FaceCamera.vue","112","0","Medium Risk"
"candidate-item","html-class","C:\DoAnTotNghiep\V-Shield-2.0\View\src\components\FaceCamera.vue","115","0","Medium Risk"
"candidate-text","html-class","C:\DoAnTotNghiep\V-Shield-2.0\View\src\components\FaceCamera.vue","116","0","Medium Risk"
"Yes","json-key","C:\DoAnTotNghiep\V-Shield-2.0\View\src\components\FaceCamera.vue","117","0","Critical"
"candidate-meta","html-class","C:\DoAnTotNghiep\V-Shield-2.0\View\src\components\FaceCamera.vue","117","0","Medium Risk"
"candidate-item","html-class","C:\DoAnTotNghiep\V-Shield-2.0\View\src\components\FaceCamera.vue","120","0","Medium Risk"
"candidate-text","html-class","C:\DoAnTotNghiep\V-Shield-2.0\View\src\components\FaceCamera.vue","121","0","Medium Risk"
"candidate-meta","html-class","C:\DoAnTotNghiep\V-Shield-2.0\View\src\components\FaceCamera.vue","122","0","Medium Risk"
"candidate-item","html-class","C:\DoAnTotNghiep\V-Shield-2.0\View\src\components\FaceCamera.vue","125","0","Medium Risk"
"candidate-text","html-class","C:\DoAnTotNghiep\V-Shield-2.0\View\src\components\FaceCamera.vue","126","0","Medium Risk"
"candidate-meta","html-class","C:\DoAnTotNghiep\V-Shield-2.0\View\src\components\FaceCamera.vue","127","0","Medium Risk"
"candidate-item","html-class","C:\DoAnTotNghiep\V-Shield-2.0\View\src\components\FaceCamera.vue","130","0","Medium Risk"
"candidate-text","html-class","C:\DoAnTotNghiep\V-Shield-2.0\View\src\components\FaceCamera.vue","131","0","Medium Risk"
"candidate-meta","html-class","C:\DoAnTotNghiep\V-Shield-2.0\View\src\components\FaceCamera.vue","132","0","Medium Risk"
"result-panel","html-class","C:\DoAnTotNghiep\V-Shield-2.0\View\src\components\FaceCamera.vue","137","0","Medium Risk"
"Yes","json-key","C:\DoAnTotNghiep\V-Shield-2.0\View\src\components\FaceCamera.vue","140","0","Critical"
"Yes","json-key","C:\DoAnTotNghiep\V-Shield-2.0\View\src\components\FaceCamera.vue","141","0","Critical"
"Yes","json-key","C:\DoAnTotNghiep\V-Shield-2.0\View\src\components\FaceCamera.vue","142","0","Critical"
"Yes","json-key","C:\DoAnTotNghiep\V-Shield-2.0\View\src\components\FaceCamera.vue","143","0","Critical"
"Yes","json-key","C:\DoAnTotNghiep\V-Shield-2.0\View\src\components\FaceCamera.vue","144","0","Critical"
"FaceIdSecurity","vue-component-name","C:\DoAnTotNghiep\V-Shield-2.0\View\src\components\FaceCamera.vue","162","1","Medium Risk"
"container","html-class","C:\DoAnTotNghiep\V-Shield-2.0\View\src\components\FaceVideo.vue","3","0","Medium Risk"
"card","html-class","C:\DoAnTotNghiep\V-Shield-2.0\View\src\components\FaceVideo.vue","5","0","Medium Risk"
"field","html-class","C:\DoAnTotNghiep\V-Shield-2.0\View\src\components\FaceVideo.vue","10","0","Medium Risk"
"preview","html-class","C:\DoAnTotNghiep\V-Shield-2.0\View\src\components\FaceVideo.vue","42","0","Medium Risk"
"progress","html-class","C:\DoAnTotNghiep\V-Shield-2.0\View\src\components\FaceVideo.vue","52","0","Medium Risk"
"bar","html-class","C:\DoAnTotNghiep\V-Shield-2.0\View\src\components\FaceVideo.vue","55","0","Medium Risk"
"video-item","html-class","C:\DoAnTotNghiep\V-Shield-2.0\View\src\components\FaceVideo.vue","81","0","Medium Risk"
"delete","html-class","C:\DoAnTotNghiep\V-Shield-2.0\View\src\components\FaceVideo.vue","90","22","Medium Risk"
"card","html-class","C:\DoAnTotNghiep\V-Shield-2.0\View\src\components\HelloWorld.vue","14","0","Medium Risk"
"read-the-docs","html-class","C:\DoAnTotNghiep\V-Shield-2.0\View\src\components\HelloWorld.vue","36","0","Medium Risk"
"ThS. Phan HoÃ ng Kháº£i","vue-component-name","C:\DoAnTotNghiep\V-Shield-2.0\View\src\components\ProjectTeamOverview.vue","14","0","Medium Risk"
"Pháº¡m VÄƒn ThÃ nh","vue-component-name","C:\DoAnTotNghiep\V-Shield-2.0\View\src\components\ProjectTeamOverview.vue","48","0","Medium Risk"
"HÃ  Máº¡nh HÃ¹ng","vue-component-name","C:\DoAnTotNghiep\V-Shield-2.0\View\src\components\ProjectTeamOverview.vue","55","0","Medium Risk"
"Pháº¡m Ngá»c HoÃ i Anh","vue-component-name","C:\DoAnTotNghiep\V-Shield-2.0\View\src\components\ProjectTeamOverview.vue","62","0","Medium Risk"
"VÅ© Tiáº¿n Äáº¡t","vue-component-name","C:\DoAnTotNghiep\V-Shield-2.0\View\src\components\ProjectTeamOverview.vue","69","0","Medium Risk"
"Nguyá»…n Quá»‘c Viá»‡t","vue-component-name","C:\DoAnTotNghiep\V-Shield-2.0\View\src\components\ProjectTeamOverview.vue","80","0","Medium Risk"
"page-container animate-in","html-class","C:\DoAnTotNghiep\V-Shield-2.0\View\src\components\ProjectTeamOverview.vue","137","0","Medium Risk"
"profile-header","html-class","C:\DoAnTotNghiep\V-Shield-2.0\View\src\components\ProjectTeamOverview.vue","138","0","Medium Risk"
"logo-wrapper","html-class","C:\DoAnTotNghiep\V-Shield-2.0\View\src\components\ProjectTeamOverview.vue","139","0","Medium Risk"
"logo-img","html-class","C:\DoAnTotNghiep\V-Shield-2.0\View\src\components\ProjectTeamOverview.vue","144","0","Medium Risk"
"logo-fallback","html-class","C:\DoAnTotNghiep\V-Shield-2.0\View\src\components\ProjectTeamOverview.vue","148","0","Medium Risk"
"header-text","html-class","C:\DoAnTotNghiep\V-Shield-2.0\View\src\components\ProjectTeamOverview.vue","151","0","Medium Risk"
"page-title","html-class","C:\DoAnTotNghiep\V-Shield-2.0\View\src\components\ProjectTeamOverview.vue","152","0","Medium Risk"
"page-subtitle","html-class","C:\DoAnTotNghiep\V-Shield-2.0\View\src\components\ProjectTeamOverview.vue","153","0","Medium Risk"
"bento-grid profile-grid","html-class","C:\DoAnTotNghiep\V-Shield-2.0\View\src\components\ProjectTeamOverview.vue","163","0","Medium Risk"
"bento-card col-span-4 project-intro","html-class","C:\DoAnTotNghiep\V-Shield-2.0\View\src\components\ProjectTeamOverview.vue","164","0","Medium Risk"
"section-title","html-class","C:\DoAnTotNghiep\V-Shield-2.0\View\src\components\ProjectTeamOverview.vue","165","0","Medium Risk"
"core-description","html-class","C:\DoAnTotNghiep\V-Shield-2.0\View\src\components\ProjectTeamOverview.vue","167","0","Medium Risk"
"three-col-grid","html-class","C:\DoAnTotNghiep\V-Shield-2.0\View\src\components\ProjectTeamOverview.vue","175","0","Medium Risk"
"feature-card","html-class","C:\DoAnTotNghiep\V-Shield-2.0\View\src\components\ProjectTeamOverview.vue","179","0","Medium Risk"
"feature-icon","html-class","C:\DoAnTotNghiep\V-Shield-2.0\View\src\components\ProjectTeamOverview.vue","181","0","Medium Risk"
"pulse-dot","html-class","C:\DoAnTotNghiep\V-Shield-2.0\View\src\components\ProjectTeamOverview.vue","182","0","Medium Risk"
"bento-card col-span-4 team-card","html-class","C:\DoAnTotNghiep\V-Shield-2.0\View\src\components\ProjectTeamOverview.vue","190","0","Medium Risk"
"card-header card-header-center","html-class","C:\DoAnTotNghiep\V-Shield-2.0\View\src\components\ProjectTeamOverview.vue","191","0","Medium Risk"
"section-title section-title-no-margin","html-class","C:\DoAnTotNghiep\V-Shield-2.0\View\src\components\ProjectTeamOverview.vue","192","0","Medium Risk"
"advisor-row","html-class","C:\DoAnTotNghiep\V-Shield-2.0\View\src\components\ProjectTeamOverview.vue","197","0","Medium Risk"
"team-member advisor-card","html-class","C:\DoAnTotNghiep\V-Shield-2.0\View\src\components\ProjectTeamOverview.vue","198","0","Medium Risk"
"member-avatar advisor-avatar","html-class","C:\DoAnTotNghiep\V-Shield-2.0\View\src\components\ProjectTeamOverview.vue","199","0","Medium Risk"
"avatar-fallback","html-class","C:\DoAnTotNghiep\V-Shield-2.0\View\src\components\ProjectTeamOverview.vue","207","0","Medium Risk"
"member-name","html-class","C:\DoAnTotNghiep\V-Shield-2.0\View\src\components\ProjectTeamOverview.vue","211","0","Medium Risk"
"badge","html-class","C:\DoAnTotNghiep\V-Shield-2.0\View\src\components\ProjectTeamOverview.vue","213","0","Medium Risk"
"advisor.badgeClass","html-class","C:\DoAnTotNghiep\V-Shield-2.0\View\src\components\ProjectTeamOverview.vue","214","0","Medium Risk"
"team-row","html-class","C:\DoAnTotNghiep\V-Shield-2.0\View\src\components\ProjectTeamOverview.vue","222","0","Medium Risk"
"team-member","html-class","C:\DoAnTotNghiep\V-Shield-2.0\View\src\components\ProjectTeamOverview.vue","226","0","Medium Risk"
"{ 'leader-card': member.role.includes('Leader') }","html-class","C:\DoAnTotNghiep\V-Shield-2.0\View\src\components\ProjectTeamOverview.vue","227","0","Medium Risk"
"member-avatar","html-class","C:\DoAnTotNghiep\V-Shield-2.0\View\src\components\ProjectTeamOverview.vue","229","0","Medium Risk"
"avatar-fallback","html-class","C:\DoAnTotNghiep\V-Shield-2.0\View\src\components\ProjectTeamOverview.vue","237","0","Medium Risk"
"member-name","html-class","C:\DoAnTotNghiep\V-Shield-2.0\View\src\components\ProjectTeamOverview.vue","241","0","Medium Risk"
"badge","html-class","C:\DoAnTotNghiep\V-Shield-2.0\View\src\components\ProjectTeamOverview.vue","243","0","Medium Risk"
"member.badgeClass","html-class","C:\DoAnTotNghiep\V-Shield-2.0\View\src\components\ProjectTeamOverview.vue","244","0","Medium Risk"
"bento-card col-span-4 roadmap-section","html-class","C:\DoAnTotNghiep\V-Shield-2.0\View\src\components\ProjectTeamOverview.vue","253","0","Medium Risk"
"section-title","html-class","C:\DoAnTotNghiep\V-Shield-2.0\View\src\components\ProjectTeamOverview.vue","254","0","Medium Risk"
"three-col-grid","html-class","C:\DoAnTotNghiep\V-Shield-2.0\View\src\components\ProjectTeamOverview.vue","256","0","Medium Risk"
"feature-card roadmap","html-class","C:\DoAnTotNghiep\V-Shield-2.0\View\src\components\ProjectTeamOverview.vue","260","0","Medium Risk"
"bento-card col-span-4 interactive-card action-primary cta-card","html-class","C:\DoAnTotNghiep\V-Shield-2.0\View\src\components\ProjectTeamOverview.vue","270","0","Medium Risk"
"cta-title","html-class","C:\DoAnTotNghiep\V-Shield-2.0\View\src\components\ProjectTeamOverview.vue","273","0","Medium Risk"
"cta-subtitle","html-class","C:\DoAnTotNghiep\V-Shield-2.0\View\src\components\ProjectTeamOverview.vue","274","0","Medium Risk"
"btn btn-secondary cta-button","html-class","C:\DoAnTotNghiep\V-Shield-2.0\View\src\components\ProjectTeamOverview.vue","277","0","Medium Risk"
"page","html-class","C:\DoAnTotNghiep\V-Shield-2.0\View\src\components\QrAccessMonitor.vue","2","0","Medium Risk"
"topbar","html-class","C:\DoAnTotNghiep\V-Shield-2.0\View\src\components\QrAccessMonitor.vue","3","0","Medium Risk"
"lane-grid","html-class","C:\DoAnTotNghiep\V-Shield-2.0\View\src\components\QrAccessMonitor.vue","10","0","Medium Risk"
"lane-card","html-class","C:\DoAnTotNghiep\V-Shield-2.0\View\src\components\QrAccessMonitor.vue","14","0","Medium Risk"
"{ ready: term.sessionLocked }","html-class","C:\DoAnTotNghiep\V-Shield-2.0\View\src\components\QrAccessMonitor.vue","15","0","Medium Risk"
"lane-head","html-class","C:\DoAnTotNghiep\V-Shield-2.0\View\src\components\QrAccessMonitor.vue","17","0","Medium Risk"
"lane-final-status","html-class","C:\DoAnTotNghiep\V-Shield-2.0\View\src\components\QrAccessMonitor.vue","22","0","Medium Risk"
"lane-actions","html-class","C:\DoAnTotNghiep\V-Shield-2.0\View\src\components\QrAccessMonitor.vue","27","0","Medium Risk"
"btn btn-main","html-class","C:\DoAnTotNghiep\V-Shield-2.0\View\src\components\QrAccessMonitor.vue","28","0","Medium Risk"
"btn btn-off","html-class","C:\DoAnTotNghiep\V-Shield-2.0\View\src\components\QrAccessMonitor.vue","31","0","Medium Risk"
"ip-row","html-class","C:\DoAnTotNghiep\V-Shield-2.0\View\src\components\QrAccessMonitor.vue","36","0","Medium Risk"
"ip-box","html-class","C:\DoAnTotNghiep\V-Shield-2.0\View\src\components\QrAccessMonitor.vue","37","0","Medium Risk"
"search-box","html-class","C:\DoAnTotNghiep\V-Shield-2.0\View\src\components\QrAccessMonitor.vue","39","0","Medium Risk"
"dropdown","html-class","C:\DoAnTotNghiep\V-Shield-2.0\View\src\components\QrAccessMonitor.vue","41","0","Medium Risk"
"dropdown-item","html-class","C:\DoAnTotNghiep\V-Shield-2.0\View\src\components\QrAccessMonitor.vue","43","0","Medium Risk"
"ip-box","html-class","C:\DoAnTotNghiep\V-Shield-2.0\View\src\components\QrAccessMonitor.vue","49","0","Medium Risk"
"summary-bar","html-class","C:\DoAnTotNghiep\V-Shield-2.0\View\src\components\QrAccessMonitor.vue","55","0","Medium Risk"
"summary-item","html-class","C:\DoAnTotNghiep\V-Shield-2.0\View\src\components\QrAccessMonitor.vue","56","0","Medium Risk"
"label","html-class","C:\DoAnTotNghiep\V-Shield-2.0\View\src\components\QrAccessMonitor.vue","57","0","Medium Risk"
"value strong","html-class","C:\DoAnTotNghiep\V-Shield-2.0\View\src\components\QrAccessMonitor.vue","58","0","Medium Risk"
"summary-item","html-class","C:\DoAnTotNghiep\V-Shield-2.0\View\src\components\QrAccessMonitor.vue","60","0","Medium Risk"
"label","html-class","C:\DoAnTotNghiep\V-Shield-2.0\View\src\components\QrAccessMonitor.vue","61","0","Medium Risk"
"value","json-key","C:\DoAnTotNghiep\V-Shield-2.0\View\src\components\QrAccessMonitor.vue","62","0","Critical"
"value","html-class","C:\DoAnTotNghiep\V-Shield-2.0\View\src\components\QrAccessMonitor.vue","62","0","Medium Risk"
"camera-stack","html-class","C:\DoAnTotNghiep\V-Shield-2.0\View\src\components\QrAccessMonitor.vue","68","0","Medium Risk"
"cam-block","html-class","C:\DoAnTotNghiep\V-Shield-2.0\View\src\components\QrAccessMonitor.vue","69","0","Medium Risk"
"cam-head","html-class","C:\DoAnTotNghiep\V-Shield-2.0\View\src\components\QrAccessMonitor.vue","70","0","Medium Risk"
"cam-preview","html-class","C:\DoAnTotNghiep\V-Shield-2.0\View\src\components\QrAccessMonitor.vue","74","0","Medium Risk"
"preview-image","html-class","C:\DoAnTotNghiep\V-Shield-2.0\View\src\components\QrAccessMonitor.vue","79","0","Medium Risk"
"cam-off","html-class","C:\DoAnTotNghiep\V-Shield-2.0\View\src\components\QrAccessMonitor.vue","83","0","Medium Risk"
"bottom-note","html-class","C:\DoAnTotNghiep\V-Shield-2.0\View\src\components\QrAccessMonitor.vue","88","0","Medium Risk"
"QrAccessMonitor","vue-component-name","C:\DoAnTotNghiep\V-Shield-2.0\View\src\components\QrAccessMonitor.vue","104","3","Medium Risk"
"Chá»‘t Äi Bá»™ 1","vue-component-name","C:\DoAnTotNghiep\V-Shield-2.0\View\src\components\QrAccessMonitor.vue","114","0","Medium Risk"
"danger","json-key","C:\DoAnTotNghiep\V-Shield-2.0\View\src\components\QrAccessMonitor.vue","287","0","Critical"
"scanner-page","html-class","C:\DoAnTotNghiep\V-Shield-2.0\View\src\components\Scan_QR_D.vue","2","0","Medium Risk"
"scanner-card","html-class","C:\DoAnTotNghiep\V-Shield-2.0\View\src\components\Scan_QR_D.vue","3","0","Medium Risk"
"source-panel","html-class","C:\DoAnTotNghiep\V-Shield-2.0\View\src\components\Scan_QR_D.vue","6","0","Medium Risk"
"source-field","html-class","C:\DoAnTotNghiep\V-Shield-2.0\View\src\components\Scan_QR_D.vue","7","0","Medium Risk"
"ip-input","html-class","C:\DoAnTotNghiep\V-Shield-2.0\View\src\components\Scan_QR_D.vue","11","0","Medium Risk"
"btn btn-config","html-class","C:\DoAnTotNghiep\V-Shield-2.0\View\src\components\Scan_QR_D.vue","27","0","Medium Risk"
"source-hint","html-class","C:\DoAnTotNghiep\V-Shield-2.0\View\src\components\Scan_QR_D.vue","35","0","Medium Risk"
"form-group","html-class","C:\DoAnTotNghiep\V-Shield-2.0\View\src\components\Scan_QR_D.vue","39","0","Medium Risk"
"ip-input","html-class","C:\DoAnTotNghiep\V-Shield-2.0\View\src\components\Scan_QR_D.vue","44","0","Medium Risk"
"form-row","html-class","C:\DoAnTotNghiep\V-Shield-2.0\View\src\components\Scan_QR_D.vue","49","0","Medium Risk"
"form-group","html-class","C:\DoAnTotNghiep\V-Shield-2.0\View\src\components\Scan_QR_D.vue","50","0","Medium Risk"
"ip-input","html-class","C:\DoAnTotNghiep\V-Shield-2.0\View\src\components\Scan_QR_D.vue","52","0","Medium Risk"
"form-group","html-class","C:\DoAnTotNghiep\V-Shield-2.0\View\src\components\Scan_QR_D.vue","55","0","Medium Risk"
"ip-input","html-class","C:\DoAnTotNghiep\V-Shield-2.0\View\src\components\Scan_QR_D.vue","57","0","Medium Risk"
"form-group","html-class","C:\DoAnTotNghiep\V-Shield-2.0\View\src\components\Scan_QR_D.vue","60","0","Medium Risk"
"ip-input","html-class","C:\DoAnTotNghiep\V-Shield-2.0\View\src\components\Scan_QR_D.vue","62","0","Medium Risk"
"button-row","html-class","C:\DoAnTotNghiep\V-Shield-2.0\View\src\components\Scan_QR_D.vue","66","0","Medium Risk"
"startCamera","json-key","C:\DoAnTotNghiep\V-Shield-2.0\View\src\components\Scan_QR_D.vue","67","1","Critical"
"btn btn-primary","html-class","C:\DoAnTotNghiep\V-Shield-2.0\View\src\components\Scan_QR_D.vue","67","0","Medium Risk"
"stopCamera","json-key","C:\DoAnTotNghiep\V-Shield-2.0\View\src\components\Scan_QR_D.vue","71","1","Critical"
"btn btn-danger","html-class","C:\DoAnTotNghiep\V-Shield-2.0\View\src\components\Scan_QR_D.vue","71","0","Medium Risk"
"btn btn-reset","html-class","C:\DoAnTotNghiep\V-Shield-2.0\View\src\components\Scan_QR_D.vue","75","0","Medium Risk"
"preview-wrap","html-class","C:\DoAnTotNghiep\V-Shield-2.0\View\src\components\Scan_QR_D.vue","80","0","Medium Risk"
"video","html-class","C:\DoAnTotNghiep\V-Shield-2.0\View\src\components\Scan_QR_D.vue","85","0","Medium Risk"
"video","html-class","C:\DoAnTotNghiep\V-Shield-2.0\View\src\components\Scan_QR_D.vue","95","0","Medium Risk"
"preview-placeholder preview-note","html-class","C:\DoAnTotNghiep\V-Shield-2.0\View\src\components\Scan_QR_D.vue","106","0","Medium Risk"
"preview-placeholder preview-note","html-class","C:\DoAnTotNghiep\V-Shield-2.0\View\src\components\Scan_QR_D.vue","110","0","Medium Risk"
"preview-placeholder","html-class","C:\DoAnTotNghiep\V-Shield-2.0\View\src\components\Scan_QR_D.vue","114","0","Medium Risk"
"hidden-canvas","html-class","C:\DoAnTotNghiep\V-Shield-2.0\View\src\components\Scan_QR_D.vue","118","0","Medium Risk"
"status-grid","html-class","C:\DoAnTotNghiep\V-Shield-2.0\View\src\components\Scan_QR_D.vue","121","0","Medium Risk"
"Yes","json-key","C:\DoAnTotNghiep\V-Shield-2.0\View\src\components\Scan_QR_D.vue","123","0","Critical"
"Yes","json-key","C:\DoAnTotNghiep\V-Shield-2.0\View\src\components\Scan_QR_D.vue","124","0","Critical"
"verify-box","html-class","C:\DoAnTotNghiep\V-Shield-2.0\View\src\components\Scan_QR_D.vue","143","0","Medium Risk"
"verify-message","html-class","C:\DoAnTotNghiep\V-Shield-2.0\View\src\components\Scan_QR_D.vue","144","0","Medium Risk"
"verify-data","html-class","C:\DoAnTotNghiep\V-Shield-2.0\View\src\components\Scan_QR_D.vue","145","0","Medium Risk"
"manual-panel","html-class","C:\DoAnTotNghiep\V-Shield-2.0\View\src\components\Scan_QR_D.vue","155","0","Medium Risk"
"form-group","html-class","C:\DoAnTotNghiep\V-Shield-2.0\View\src\components\Scan_QR_D.vue","158","0","Medium Risk"
"ip-input","html-class","C:\DoAnTotNghiep\V-Shield-2.0\View\src\components\Scan_QR_D.vue","163","0","Medium Risk"
"form-group","html-class","C:\DoAnTotNghiep\V-Shield-2.0\View\src\components\Scan_QR_D.vue","168","0","Medium Risk"
"text-area","html-class","C:\DoAnTotNghiep\V-Shield-2.0\View\src\components\Scan_QR_D.vue","173","0","Medium Risk"
"verifyManual","json-key","C:\DoAnTotNghiep\V-Shield-2.0\View\src\components\Scan_QR_D.vue","178","0","Critical"
"btn btn-reset","html-class","C:\DoAnTotNghiep\V-Shield-2.0\View\src\components\Scan_QR_D.vue","178","0","Medium Risk"
"DynamicQrIpScanner","vue-component-name","C:\DoAnTotNghiep\V-Shield-2.0\View\src\components\Scan_QR_D.vue","212","1","Medium Risk"
"stream-preview","html-class","C:\DoAnTotNghiep\V-Shield-2.0\View\src\components\StreamPreview.vue","3","0","Medium Risk"
"[`mode-${playerMode}`, { loading: isLoading }]","html-class","C:\DoAnTotNghiep\V-Shield-2.0\View\src\components\StreamPreview.vue","4","0","Medium Risk"
"stream-media","html-class","C:\DoAnTotNghiep\V-Shield-2.0\View\src\components\StreamPreview.vue","14","0","Medium Risk"
"stream-media","html-class","C:\DoAnTotNghiep\V-Shield-2.0\View\src\components\StreamPreview.vue","22","0","Medium Risk"
"preview-message","html-class","C:\DoAnTotNghiep\V-Shield-2.0\View\src\components\StreamPreview.vue","34","0","Medium Risk"
"preview-message","html-class","C:\DoAnTotNghiep\V-Shield-2.0\View\src\components\StreamPreview.vue","39","0","Medium Risk"
"preview-message","html-class","C:\DoAnTotNghiep\V-Shield-2.0\View\src\components\StreamPreview.vue","44","0","Medium Risk"
"preview-overlay","html-class","C:\DoAnTotNghiep\V-Shield-2.0\View\src\components\StreamPreview.vue","49","0","Medium Risk"
"preview-overlay error","html-class","C:\DoAnTotNghiep\V-Shield-2.0\View\src\components\StreamPreview.vue","50","0","Medium Risk"
"page-container qr-page animate-in","html-class","C:\DoAnTotNghiep\V-Shield-2.0\View\src\components\Tao_QR_D.vue","2","0","Medium Risk"
"qr-layout","html-class","C:\DoAnTotNghiep\V-Shield-2.0\View\src\components\Tao_QR_D.vue","5","0","Medium Risk"
"ops-panel command-panel","html-class","C:\DoAnTotNghiep\V-Shield-2.0\View\src\components\Tao_QR_D.vue","6","0","Medium Risk"
"panel-head","html-class","C:\DoAnTotNghiep\V-Shield-2.0\View\src\components\Tao_QR_D.vue","7","0","Medium Risk"
"panel-kicker","html-class","C:\DoAnTotNghiep\V-Shield-2.0\View\src\components\Tao_QR_D.vue","9","0","Medium Risk"
"panel-title","html-class","C:\DoAnTotNghiep\V-Shield-2.0\View\src\components\Tao_QR_D.vue","10","0","Medium Risk"
"panel-copy","html-class","C:\DoAnTotNghiep\V-Shield-2.0\View\src\components\Tao_QR_D.vue","11","0","Medium Risk"
"mode-pill","html-class","C:\DoAnTotNghiep\V-Shield-2.0\View\src\components\Tao_QR_D.vue","14","0","Medium Risk"
"form-stack","html-class","C:\DoAnTotNghiep\V-Shield-2.0\View\src\components\Tao_QR_D.vue","21","0","Medium Risk"
"form-field","html-class","C:\DoAnTotNghiep\V-Shield-2.0\View\src\components\Tao_QR_D.vue","22","0","Medium Risk"
"field-label","html-class","C:\DoAnTotNghiep\V-Shield-2.0\View\src\components\Tao_QR_D.vue","23","0","Medium Risk"
"input-shell","html-class","C:\DoAnTotNghiep\V-Shield-2.0\View\src\components\Tao_QR_D.vue","24","0","Medium Risk"
"filter-select qr-input","html-class","C:\DoAnTotNghiep\V-Shield-2.0\View\src\components\Tao_QR_D.vue","29","0","Medium Risk"
"input-hint","html-class","C:\DoAnTotNghiep\V-Shield-2.0\View\src\components\Tao_QR_D.vue","33","0","Medium Risk"
"account-card","html-class","C:\DoAnTotNghiep\V-Shield-2.0\View\src\components\Tao_QR_D.vue","39","0","Medium Risk"
"metric-eyebrow","html-class","C:\DoAnTotNghiep\V-Shield-2.0\View\src\components\Tao_QR_D.vue","40","0","Medium Risk"
"action-row","html-class","C:\DoAnTotNghiep\V-Shield-2.0\View\src\components\Tao_QR_D.vue","48","0","Medium Risk"
"btn btn-primary","html-class","C:\DoAnTotNghiep\V-Shield-2.0\View\src\components\Tao_QR_D.vue","49","0","Medium Risk"
"btn btn-secondary","html-class","C:\DoAnTotNghiep\V-Shield-2.0\View\src\components\Tao_QR_D.vue","53","0","Medium Risk"
"btn btn-secondary subtle","html-class","C:\DoAnTotNghiep\V-Shield-2.0\View\src\components\Tao_QR_D.vue","57","0","Medium Risk"
"feedback-stack","html-class","C:\DoAnTotNghiep\V-Shield-2.0\View\src\components\Tao_QR_D.vue","63","0","Medium Risk"
"feedback-card danger","html-class","C:\DoAnTotNghiep\V-Shield-2.0\View\src\components\Tao_QR_D.vue","64","0","Medium Risk"
"feedback-card success","html-class","C:\DoAnTotNghiep\V-Shield-2.0\View\src\components\Tao_QR_D.vue","65","0","Medium Risk"
"feedback-card info","html-class","C:\DoAnTotNghiep\V-Shield-2.0\View\src\components\Tao_QR_D.vue","66","0","Medium Risk"
"preview-stack","html-class","C:\DoAnTotNghiep\V-Shield-2.0\View\src\components\Tao_QR_D.vue","72","0","Medium Risk"
"ops-panel live-panel","html-class","C:\DoAnTotNghiep\V-Shield-2.0\View\src\components\Tao_QR_D.vue","73","0","Medium Risk"
"panel-head","html-class","C:\DoAnTotNghiep\V-Shield-2.0\View\src\components\Tao_QR_D.vue","74","0","Medium Risk"
"panel-kicker","html-class","C:\DoAnTotNghiep\V-Shield-2.0\View\src\components\Tao_QR_D.vue","76","0","Medium Risk"
"panel-title","html-class","C:\DoAnTotNghiep\V-Shield-2.0\View\src\components\Tao_QR_D.vue","77","0","Medium Risk"
"panel-copy","html-class","C:\DoAnTotNghiep\V-Shield-2.0\View\src\components\Tao_QR_D.vue","78","0","Medium Risk"
"soft-chip","html-class","C:\DoAnTotNghiep\V-Shield-2.0\View\src\components\Tao_QR_D.vue","83","0","Medium Risk"
"live-layout","html-class","C:\DoAnTotNghiep\V-Shield-2.0\View\src\components\Tao_QR_D.vue","86","0","Medium Risk"
"qr-stage","html-class","C:\DoAnTotNghiep\V-Shield-2.0\View\src\components\Tao_QR_D.vue","87","0","Medium Risk"
"stage-head","html-class","C:\DoAnTotNghiep\V-Shield-2.0\View\src\components\Tao_QR_D.vue","88","0","Medium Risk"
"metric-eyebrow inverse","html-class","C:\DoAnTotNghiep\V-Shield-2.0\View\src\components\Tao_QR_D.vue","90","0","Medium Risk"
"stage-pill","html-class","C:\DoAnTotNghiep\V-Shield-2.0\View\src\components\Tao_QR_D.vue","94","0","Medium Risk"
"qr-frame","html-class","C:\DoAnTotNghiep\V-Shield-2.0\View\src\components\Tao_QR_D.vue","97","0","Medium Risk"
"qr-frame-glow","html-class","C:\DoAnTotNghiep\V-Shield-2.0\View\src\components\Tao_QR_D.vue","98","0","Medium Risk"
"qrImage","json-key","C:\DoAnTotNghiep\V-Shield-2.0\View\src\components\Tao_QR_D.vue","99","0","Critical"
"stage-foot","html-class","C:\DoAnTotNghiep\V-Shield-2.0\View\src\components\Tao_QR_D.vue","102","0","Medium Risk"
"stage-stat","html-class","C:\DoAnTotNghiep\V-Shield-2.0\View\src\components\Tao_QR_D.vue","103","0","Medium Risk"
"ghost-copy","html-class","C:\DoAnTotNghiep\V-Shield-2.0\View\src\components\Tao_QR_D.vue","108","0","Medium Risk"
"live-sidebar","html-class","C:\DoAnTotNghiep\V-Shield-2.0\View\src\components\Tao_QR_D.vue","114","0","Medium Risk"
"countdown-card","html-class","C:\DoAnTotNghiep\V-Shield-2.0\View\src\components\Tao_QR_D.vue","115","0","Medium Risk"
"metric-eyebrow","html-class","C:\DoAnTotNghiep\V-Shield-2.0\View\src\components\Tao_QR_D.vue","116","0","Medium Risk"
"countdown-track","html-class","C:\DoAnTotNghiep\V-Shield-2.0\View\src\components\Tao_QR_D.vue","120","0","Medium Risk"
"info-grid","html-class","C:\DoAnTotNghiep\V-Shield-2.0\View\src\components\Tao_QR_D.vue","125","0","Medium Risk"
"info-card","html-class","C:\DoAnTotNghiep\V-Shield-2.0\View\src\components\Tao_QR_D.vue","126","0","Medium Risk"
"info-card","html-class","C:\DoAnTotNghiep\V-Shield-2.0\View\src\components\Tao_QR_D.vue","132","0","Medium Risk"
"info-card","html-class","C:\DoAnTotNghiep\V-Shield-2.0\View\src\components\Tao_QR_D.vue","138","0","Medium Risk"
"info-card","html-class","C:\DoAnTotNghiep\V-Shield-2.0\View\src\components\Tao_QR_D.vue","144","0","Medium Risk"
"payload-card","html-class","C:\DoAnTotNghiep\V-Shield-2.0\View\src\components\Tao_QR_D.vue","151","0","Medium Risk"
"payload-head","html-class","C:\DoAnTotNghiep\V-Shield-2.0\View\src\components\Tao_QR_D.vue","152","0","Medium Risk"
"metric-eyebrow","html-class","C:\DoAnTotNghiep\V-Shield-2.0\View\src\components\Tao_QR_D.vue","154","0","Medium Risk"
"ghost-copy secondary","html-class","C:\DoAnTotNghiep\V-Shield-2.0\View\src\components\Tao_QR_D.vue","158","0","Medium Risk"
"payload-box","html-class","C:\DoAnTotNghiep\V-Shield-2.0\View\src\components\Tao_QR_D.vue","163","0","Medium Risk"
"empty-shell","html-class","C:\DoAnTotNghiep\V-Shield-2.0\View\src\components\Tao_QR_D.vue","168","0","Medium Risk"
"empty-orb","html-class","C:\DoAnTotNghiep\V-Shield-2.0\View\src\components\Tao_QR_D.vue","169","0","Medium Risk"
"empty-steps","html-class","C:\DoAnTotNghiep\V-Shield-2.0\View\src\components\Tao_QR_D.vue","175","0","Medium Risk"
"page","html-class","C:\DoAnTotNghiep\V-Shield-2.0\View\src\components\ThongHanh.vue","2","0","Medium Risk"
"topbar","html-class","C:\DoAnTotNghiep\V-Shield-2.0\View\src\components\ThongHanh.vue","3","0","Medium Risk"
"lane-grid","html-class","C:\DoAnTotNghiep\V-Shield-2.0\View\src\components\ThongHanh.vue","10","0","Medium Risk"
"lane-card","html-class","C:\DoAnTotNghiep\V-Shield-2.0\View\src\components\ThongHanh.vue","14","0","Medium Risk"
"{ ready: isLaneReady(lane) }","html-class","C:\DoAnTotNghiep\V-Shield-2.0\View\src\components\ThongHanh.vue","15","0","Medium Risk"
"lane-head","html-class","C:\DoAnTotNghiep\V-Shield-2.0\View\src\components\ThongHanh.vue","17","0","Medium Risk"
"lane-final-status","html-class","C:\DoAnTotNghiep\V-Shield-2.0\View\src\components\ThongHanh.vue","23","0","Medium Risk"
"lane-actions","html-class","C:\DoAnTotNghiep\V-Shield-2.0\View\src\components\ThongHanh.vue","28","0","Medium Risk"
"btn btn-preview","html-class","C:\DoAnTotNghiep\V-Shield-2.0\View\src\components\ThongHanh.vue","29","0","Medium Risk"
"btn btn-main","html-class","C:\DoAnTotNghiep\V-Shield-2.0\View\src\components\ThongHanh.vue","34","0","Medium Risk"
"btn btn-sub","html-class","C:\DoAnTotNghiep\V-Shield-2.0\View\src\components\ThongHanh.vue","42","0","Medium Risk"
"btn btn-sub","html-class","C:\DoAnTotNghiep\V-Shield-2.0\View\src\components\ThongHanh.vue","50","0","Medium Risk"
"btn btn-off","html-class","C:\DoAnTotNghiep\V-Shield-2.0\View\src\components\ThongHanh.vue","57","0","Medium Risk"
"btn btn-confirm","html-class","C:\DoAnTotNghiep\V-Shield-2.0\View\src\components\ThongHanh.vue","62","0","Medium Risk"
"ip-row","html-class","C:\DoAnTotNghiep\V-Shield-2.0\View\src\components\ThongHanh.vue","70","0","Medium Risk"
"ip-box","html-class","C:\DoAnTotNghiep\V-Shield-2.0\View\src\components\ThongHanh.vue","71","0","Medium Risk"
"ip-box","html-class","C:\DoAnTotNghiep\V-Shield-2.0\View\src\components\ThongHanh.vue","81","0","Medium Risk"
"summary-bar","html-class","C:\DoAnTotNghiep\V-Shield-2.0\View\src\components\ThongHanh.vue","92","0","Medium Risk"
"summary-item","html-class","C:\DoAnTotNghiep\V-Shield-2.0\View\src\components\ThongHanh.vue","93","0","Medium Risk"
"label","html-class","C:\DoAnTotNghiep\V-Shield-2.0\View\src\components\ThongHanh.vue","94","0","Medium Risk"
"value strong","html-class","C:\DoAnTotNghiep\V-Shield-2.0\View\src\components\ThongHanh.vue","95","0","Medium Risk"
"summary-item","html-class","C:\DoAnTotNghiep\V-Shield-2.0\View\src\components\ThongHanh.vue","98","0","Medium Risk"
"label","html-class","C:\DoAnTotNghiep\V-Shield-2.0\View\src\components\ThongHanh.vue","99","0","Medium Risk"
"value","json-key","C:\DoAnTotNghiep\V-Shield-2.0\View\src\components\ThongHanh.vue","100","0","Critical"
"value","html-class","C:\DoAnTotNghiep\V-Shield-2.0\View\src\components\ThongHanh.vue","100","0","Medium Risk"
"summary-item","html-class","C:\DoAnTotNghiep\V-Shield-2.0\View\src\components\ThongHanh.vue","105","0","Medium Risk"
"label","html-class","C:\DoAnTotNghiep\V-Shield-2.0\View\src\components\ThongHanh.vue","106","0","Medium Risk"
"value strong plate","html-class","C:\DoAnTotNghiep\V-Shield-2.0\View\src\components\ThongHanh.vue","107","0","Medium Risk"
"summary-item","html-class","C:\DoAnTotNghiep\V-Shield-2.0\View\src\components\ThongHanh.vue","110","0","Medium Risk"
"label","html-class","C:\DoAnTotNghiep\V-Shield-2.0\View\src\components\ThongHanh.vue","111","0","Medium Risk"
"value","json-key","C:\DoAnTotNghiep\V-Shield-2.0\View\src\components\ThongHanh.vue","112","0","Critical"
"value","html-class","C:\DoAnTotNghiep\V-Shield-2.0\View\src\components\ThongHanh.vue","112","0","Medium Risk"
"camera-stack","html-class","C:\DoAnTotNghiep\V-Shield-2.0\View\src\components\ThongHanh.vue","118","0","Medium Risk"
"cam-block","html-class","C:\DoAnTotNghiep\V-Shield-2.0\View\src\components\ThongHanh.vue","120","0","Medium Risk"
"cam-head","html-class","C:\DoAnTotNghiep\V-Shield-2.0\View\src\components\ThongHanh.vue","121","0","Medium Risk"
"mini-status","html-class","C:\DoAnTotNghiep\V-Shield-2.0\View\src\components\ThongHanh.vue","123","0","Medium Risk"
"cam-preview","html-class","C:\DoAnTotNghiep\V-Shield-2.0\View\src\components\ThongHanh.vue","128","0","Medium Risk"
"preview-image","html-class","C:\DoAnTotNghiep\V-Shield-2.0\View\src\components\ThongHanh.vue","133","0","Medium Risk"
"cam-off","html-class","C:\DoAnTotNghiep\V-Shield-2.0\View\src\components\ThongHanh.vue","138","0","Medium Risk"
"quick-result","html-class","C:\DoAnTotNghiep\V-Shield-2.0\View\src\components\ThongHanh.vue","141","0","Medium Risk"
"result-pill","html-class","C:\DoAnTotNghiep\V-Shield-2.0\View\src\components\ThongHanh.vue","142","0","Medium Risk"
"RUNNING","json-key","C:\DoAnTotNghiep\V-Shield-2.0\View\src\components\ThongHanh.vue","143","5","Critical"
"result-pill","html-class","C:\DoAnTotNghiep\V-Shield-2.0\View\src\components\ThongHanh.vue","145","0","Medium Risk"
"LOCKED","json-key","C:\DoAnTotNghiep\V-Shield-2.0\View\src\components\ThongHanh.vue","146","0","Critical"
"result-pill","html-class","C:\DoAnTotNghiep\V-Shield-2.0\View\src\components\ThongHanh.vue","148","0","Medium Risk"
"ALERT","json-key","C:\DoAnTotNghiep\V-Shield-2.0\View\src\components\ThongHanh.vue","149","0","Critical"
"evidence-row","html-class","C:\DoAnTotNghiep\V-Shield-2.0\View\src\components\ThongHanh.vue","153","0","Medium Risk"
"evidence-box","html-class","C:\DoAnTotNghiep\V-Shield-2.0\View\src\components\ThongHanh.vue","154","0","Medium Risk"
"evidence-image","html-class","C:\DoAnTotNghiep\V-Shield-2.0\View\src\components\ThongHanh.vue","158","0","Medium Risk"
"evidence-empty","html-class","C:\DoAnTotNghiep\V-Shield-2.0\View\src\components\ThongHanh.vue","161","0","Medium Risk"
"evidence-box","html-class","C:\DoAnTotNghiep\V-Shield-2.0\View\src\components\ThongHanh.vue","164","0","Medium Risk"
"evidence-image","html-class","C:\DoAnTotNghiep\V-Shield-2.0\View\src\components\ThongHanh.vue","168","0","Medium Risk"
"evidence-empty","html-class","C:\DoAnTotNghiep\V-Shield-2.0\View\src\components\ThongHanh.vue","171","0","Medium Risk"
"cam-block","html-class","C:\DoAnTotNghiep\V-Shield-2.0\View\src\components\ThongHanh.vue","177","0","Medium Risk"
"cam-head","html-class","C:\DoAnTotNghiep\V-Shield-2.0\View\src\components\ThongHanh.vue","178","0","Medium Risk"
"mini-status","html-class","C:\DoAnTotNghiep\V-Shield-2.0\View\src\components\ThongHanh.vue","180","0","Medium Risk"
"cam-preview","html-class","C:\DoAnTotNghiep\V-Shield-2.0\View\src\components\ThongHanh.vue","185","0","Medium Risk"
"preview-image","html-class","C:\DoAnTotNghiep\V-Shield-2.0\View\src\components\ThongHanh.vue","190","0","Medium Risk"
"cam-off","html-class","C:\DoAnTotNghiep\V-Shield-2.0\View\src\components\ThongHanh.vue","195","0","Medium Risk"
"cam-off","html-class","C:\DoAnTotNghiep\V-Shield-2.0\View\src\components\ThongHanh.vue","196","0","Medium Risk"
"quick-result","html-class","C:\DoAnTotNghiep\V-Shield-2.0\View\src\components\ThongHanh.vue","199","0","Medium Risk"
"result-pill","html-class","C:\DoAnTotNghiep\V-Shield-2.0\View\src\components\ThongHanh.vue","200","0","Medium Risk"
"RUNNING","json-key","C:\DoAnTotNghiep\V-Shield-2.0\View\src\components\ThongHanh.vue","201","5","Critical"
"result-pill","html-class","C:\DoAnTotNghiep\V-Shield-2.0\View\src\components\ThongHanh.vue","203","0","Medium Risk"
"LOCKED","json-key","C:\DoAnTotNghiep\V-Shield-2.0\View\src\components\ThongHanh.vue","204","0","Critical"
"result-pill neutral","html-class","C:\DoAnTotNghiep\V-Shield-2.0\View\src\components\ThongHanh.vue","206","0","Medium Risk"
"evidence-row","html-class","C:\DoAnTotNghiep\V-Shield-2.0\View\src\components\ThongHanh.vue","211","0","Medium Risk"
"evidence-box","html-class","C:\DoAnTotNghiep\V-Shield-2.0\View\src\components\ThongHanh.vue","212","0","Medium Risk"
"evidence-image","html-class","C:\DoAnTotNghiep\V-Shield-2.0\View\src\components\ThongHanh.vue","216","0","Medium Risk"
"evidence-empty","html-class","C:\DoAnTotNghiep\V-Shield-2.0\View\src\components\ThongHanh.vue","219","0","Medium Risk"
"evidence-box","html-class","C:\DoAnTotNghiep\V-Shield-2.0\View\src\components\ThongHanh.vue","222","0","Medium Risk"
"evidence-image","html-class","C:\DoAnTotNghiep\V-Shield-2.0\View\src\components\ThongHanh.vue","226","0","Medium Risk"
"evidence-empty","html-class","C:\DoAnTotNghiep\V-Shield-2.0\View\src\components\ThongHanh.vue","229","0","Medium Risk"
"bottom-note","html-class","C:\DoAnTotNghiep\V-Shield-2.0\View\src\components\ThongHanh.vue","235","0","Medium Risk"
"VShieldGateMinimal","vue-component-name","C:\DoAnTotNghiep\V-Shield-2.0\View\src\components\ThongHanh.vue","338","1","Medium Risk"
"LÃ n 1","vue-component-name","C:\DoAnTotNghiep\V-Shield-2.0\View\src\components\ThongHanh.vue","345","0","Medium Risk"
"LÃ n 2","vue-component-name","C:\DoAnTotNghiep\V-Shield-2.0\View\src\components\ThongHanh.vue","355","0","Medium Risk"
"ok","json-key","C:\DoAnTotNghiep\V-Shield-2.0\View\src\components\ThongHanh.vue","487","0","Critical"
"page","html-class","C:\DoAnTotNghiep\V-Shield-2.0\View\src\components\ThongHanhQR.vue","2","0","Medium Risk"
"topbar","json-key","C:\DoAnTotNghiep\V-Shield-2.0\View\src\components\ThongHanhQR.vue","3","0","Critical"
"topbar","html-class","C:\DoAnTotNghiep\V-Shield-2.0\View\src\components\ThongHanhQR.vue","3","0","Medium Risk"
"topbar-main","html-class","C:\DoAnTotNghiep\V-Shield-2.0\View\src\components\ThongHanhQR.vue","4","0","Medium Risk"
"topbar-desc","html-class","C:\DoAnTotNghiep\V-Shield-2.0\View\src\components\ThongHanhQR.vue","6","0","Medium Risk"
"topbar-toggle","html-class","C:\DoAnTotNghiep\V-Shield-2.0\View\src\components\ThongHanhQR.vue","12","0","Medium Risk"
"gate-layout","html-class","C:\DoAnTotNghiep\V-Shield-2.0\View\src\components\ThongHanhQR.vue","20","0","Medium Risk"
"cam-wall","html-class","C:\DoAnTotNghiep\V-Shield-2.0\View\src\components\ThongHanhQR.vue","21","0","Medium Risk"
"cam-cell","html-class","C:\DoAnTotNghiep\V-Shield-2.0\View\src\components\ThongHanhQR.vue","23","0","Medium Risk"
"cam-block cam-block--hero","html-class","C:\DoAnTotNghiep\V-Shield-2.0\View\src\components\ThongHanhQR.vue","24","0","Medium Risk"
"cam-head","html-class","C:\DoAnTotNghiep\V-Shield-2.0\View\src\components\ThongHanhQR.vue","25","0","Medium Risk"
"cam-head-titles","html-class","C:\DoAnTotNghiep\V-Shield-2.0\View\src\components\ThongHanhQR.vue","26","0","Medium Risk"
"cam-lane-tag","html-class","C:\DoAnTotNghiep\V-Shield-2.0\View\src\components\ThongHanhQR.vue","27","0","Medium Risk"
"cam-kind","html-class","C:\DoAnTotNghiep\V-Shield-2.0\View\src\components\ThongHanhQR.vue","28","0","Medium Risk"
"mini-status","html-class","C:\DoAnTotNghiep\V-Shield-2.0\View\src\components\ThongHanhQR.vue","30","0","Medium Risk"
"cam-preview","html-class","C:\DoAnTotNghiep\V-Shield-2.0\View\src\components\ThongHanhQR.vue","41","0","Medium Risk"
"preview-image","html-class","C:\DoAnTotNghiep\V-Shield-2.0\View\src\components\ThongHanhQR.vue","46","0","Medium Risk"
"cam-off","html-class","C:\DoAnTotNghiep\V-Shield-2.0\View\src\components\ThongHanhQR.vue","49","0","Medium Risk"
"cam-overlay","html-class","C:\DoAnTotNghiep\V-Shield-2.0\View\src\components\ThongHanhQR.vue","50","0","Medium Risk"
"bbox-box","html-class","C:\DoAnTotNghiep\V-Shield-2.0\View\src\components\ThongHanhQR.vue","53","0","Medium Risk"
"overlay-tag","html-class","C:\DoAnTotNghiep\V-Shield-2.0\View\src\components\ThongHanhQR.vue","58","0","Medium Risk"
"cam-preview-toolbar","html-class","C:\DoAnTotNghiep\V-Shield-2.0\View\src\components\ThongHanhQR.vue","64","0","Medium Risk"
"cam-refresh-btn","html-class","C:\DoAnTotNghiep\V-Shield-2.0\View\src\components\ThongHanhQR.vue","67","0","Medium Risk"
"cam-refresh-icon cam-refresh-icon--spin","html-class","C:\DoAnTotNghiep\V-Shield-2.0\View\src\components\ThongHanhQR.vue","76","0","Medium Risk"
"cam-refresh-icon","html-class","C:\DoAnTotNghiep\V-Shield-2.0\View\src\components\ThongHanhQR.vue","95","0","Medium Risk"
"{ 'cam-refresh-icon--rerun': lane.qr.cameraRunning }","html-class","C:\DoAnTotNghiep\V-Shield-2.0\View\src\components\ThongHanhQR.vue","96","0","Medium Risk"
"quick-result","html-class","C:\DoAnTotNghiep\V-Shield-2.0\View\src\components\ThongHanhQR.vue","116","0","Medium Risk"
"result-pill","html-class","C:\DoAnTotNghiep\V-Shield-2.0\View\src\components\ThongHanhQR.vue","117","0","Medium Risk"
"cam-cell","html-class","C:\DoAnTotNghiep\V-Shield-2.0\View\src\components\ThongHanhQR.vue","124","0","Medium Risk"
"cam-block cam-block--hero","html-class","C:\DoAnTotNghiep\V-Shield-2.0\View\src\components\ThongHanhQR.vue","125","0","Medium Risk"
"cam-head","html-class","C:\DoAnTotNghiep\V-Shield-2.0\View\src\components\ThongHanhQR.vue","126","0","Medium Risk"
"cam-head-titles","html-class","C:\DoAnTotNghiep\V-Shield-2.0\View\src\components\ThongHanhQR.vue","127","0","Medium Risk"
"cam-lane-tag","html-class","C:\DoAnTotNghiep\V-Shield-2.0\View\src\components\ThongHanhQR.vue","128","0","Medium Risk"
"cam-kind","html-class","C:\DoAnTotNghiep\V-Shield-2.0\View\src\components\ThongHanhQR.vue","129","0","Medium Risk"
"mini-status","html-class","C:\DoAnTotNghiep\V-Shield-2.0\View\src\components\ThongHanhQR.vue","131","0","Medium Risk"
"cam-preview","html-class","C:\DoAnTotNghiep\V-Shield-2.0\View\src\components\ThongHanhQR.vue","136","0","Medium Risk"
"preview-image","html-class","C:\DoAnTotNghiep\V-Shield-2.0\View\src\components\ThongHanhQR.vue","141","0","Medium Risk"
"cam-off","html-class","C:\DoAnTotNghiep\V-Shield-2.0\View\src\components\ThongHanhQR.vue","144","0","Medium Risk"
"cam-overlay","html-class","C:\DoAnTotNghiep\V-Shield-2.0\View\src\components\ThongHanhQR.vue","145","0","Medium Risk"
"bbox-box","html-class","C:\DoAnTotNghiep\V-Shield-2.0\View\src\components\ThongHanhQR.vue","148","0","Medium Risk"
"overlay-tag","html-class","C:\DoAnTotNghiep\V-Shield-2.0\View\src\components\ThongHanhQR.vue","153","0","Medium Risk"
"cam-preview-toolbar","html-class","C:\DoAnTotNghiep\V-Shield-2.0\View\src\components\ThongHanhQR.vue","159","0","Medium Risk"
"cam-refresh-btn","html-class","C:\DoAnTotNghiep\V-Shield-2.0\View\src\components\ThongHanhQR.vue","162","0","Medium Risk"
"cam-refresh-icon cam-refresh-icon--spin","html-class","C:\DoAnTotNghiep\V-Shield-2.0\View\src\components\ThongHanhQR.vue","175","0","Medium Risk"
"cam-refresh-icon","html-class","C:\DoAnTotNghiep\V-Shield-2.0\View\src\components\ThongHanhQR.vue","194","0","Medium Risk"
"{ 'cam-refresh-icon--rerun': lane.plate.cameraRunning }","html-class","C:\DoAnTotNghiep\V-Shield-2.0\View\src\components\ThongHanhQR.vue","195","0","Medium Risk"
"quick-result","html-class","C:\DoAnTotNghiep\V-Shield-2.0\View\src\components\ThongHanhQR.vue","214","0","Medium Risk"
"result-pill","html-class","C:\DoAnTotNghiep\V-Shield-2.0\View\src\components\ThongHanhQR.vue","215","0","Medium Risk"
"ops-dock","html-class","C:\DoAnTotNghiep\V-Shield-2.0\View\src\components\ThongHanhQR.vue","225","0","Medium Risk"
"ops-dock-grid","html-class","C:\DoAnTotNghiep\V-Shield-2.0\View\src\components\ThongHanhQR.vue","226","0","Medium Risk"
"ops-dock-spacer","html-class","C:\DoAnTotNghiep\V-Shield-2.0\View\src\components\ThongHanhQR.vue","227","0","Medium Risk"
"ops-dock-center","html-class","C:\DoAnTotNghiep\V-Shield-2.0\View\src\components\ThongHanhQR.vue","229","0","Medium Risk"
"lane-action-group","html-class","C:\DoAnTotNghiep\V-Shield-2.0\View\src\components\ThongHanhQR.vue","233","0","Medium Risk"
"lane-action-title","html-class","C:\DoAnTotNghiep\V-Shield-2.0\View\src\components\ThongHanhQR.vue","235","0","Medium Risk"
"group","json-key","C:\DoAnTotNghiep\V-Shield-2.0\View\src\components\ThongHanhQR.vue","236","0","Critical"
"lane-action-btns","html-class","C:\DoAnTotNghiep\V-Shield-2.0\View\src\components\ThongHanhQR.vue","236","0","Medium Risk"
"btn btn-dock btn-main","html-class","C:\DoAnTotNghiep\V-Shield-2.0\View\src\components\ThongHanhQR.vue","238","0","Medium Risk"
"btn btn-dock btn-confirm","html-class","C:\DoAnTotNghiep\V-Shield-2.0\View\src\components\ThongHanhQR.vue","248","0","Medium Risk"
"ops-dock-side","html-class","C:\DoAnTotNghiep\V-Shield-2.0\View\src\components\ThongHanhQR.vue","262","0","Medium Risk"
"btn-open-drawer","html-class","C:\DoAnTotNghiep\V-Shield-2.0\View\src\components\ThongHanhQR.vue","263","0","Medium Risk"
"ops-drawer-root","html-class","C:\DoAnTotNghiep\V-Shield-2.0\View\src\components\ThongHanhQR.vue","270","0","Medium Risk"
"ops-drawer-backdrop","html-class","C:\DoAnTotNghiep\V-Shield-2.0\View\src\components\ThongHanhQR.vue","271","0","Medium Risk"
"ops-drawer-panel","html-class","C:\DoAnTotNghiep\V-Shield-2.0\View\src\components\ThongHanhQR.vue","272","0","Medium Risk"
"ops-drawer-head","html-class","C:\DoAnTotNghiep\V-Shield-2.0\View\src\components\ThongHanhQR.vue","273","0","Medium Risk"
"ops-drawer-title","html-class","C:\DoAnTotNghiep\V-Shield-2.0\View\src\components\ThongHanhQR.vue","274","0","Medium Risk"
"ops-drawer-close","html-class","C:\DoAnTotNghiep\V-Shield-2.0\View\src\components\ThongHanhQR.vue","275","0","Medium Risk"
"ops-drawer-tabs","html-class","C:\DoAnTotNghiep\V-Shield-2.0\View\src\components\ThongHanhQR.vue","278","0","Medium Risk"
"ops-drawer-tab","html-class","C:\DoAnTotNghiep\V-Shield-2.0\View\src\components\ThongHanhQR.vue","283","0","Medium Risk"
"{ active: opsActiveLaneId === lane.id }","html-class","C:\DoAnTotNghiep\V-Shield-2.0\View\src\components\ThongHanhQR.vue","284","0","Medium Risk"
"ops-drawer-body","html-class","C:\DoAnTotNghiep\V-Shield-2.0\View\src\components\ThongHanhQR.vue","293","0","Medium Risk"
"drawer-settings-panel","html-class","C:\DoAnTotNghiep\V-Shield-2.0\View\src\components\ThongHanhQR.vue","294","0","Medium Risk"
"drawer-settings-title","html-class","C:\DoAnTotNghiep\V-Shield-2.0\View\src\components\ThongHanhQR.vue","295","0","Medium Risk"
"drawer-settings-meta","html-class","C:\DoAnTotNghiep\V-Shield-2.0\View\src\components\ThongHanhQR.vue","296","0","Medium Risk"
"drawer-settings-meta-sep","html-class","C:\DoAnTotNghiep\V-Shield-2.0\View\src\components\ThongHanhQR.vue","298","0","Medium Risk"
"drawer-settings-hint","html-class","C:\DoAnTotNghiep\V-Shield-2.0\View\src\components\ThongHanhQR.vue","301","0","Medium Risk"
"settings-toggle-row","html-class","C:\DoAnTotNghiep\V-Shield-2.0\View\src\components\ThongHanhQR.vue","306","0","Medium Risk"
"settings-toggle-text","html-class","C:\DoAnTotNghiep\V-Shield-2.0\View\src\components\ThongHanhQR.vue","307","0","Medium Risk"
"settings-toggle-name","html-class","C:\DoAnTotNghiep\V-Shield-2.0\View\src\components\ThongHanhQR.vue","308","0","Medium Risk"
"settings-toggle-desc","html-class","C:\DoAnTotNghiep\V-Shield-2.0\View\src\components\ThongHanhQR.vue","309","0","Medium Risk"
"toggle-switch","html-class","C:\DoAnTotNghiep\V-Shield-2.0\View\src\components\ThongHanhQR.vue","313","0","Medium Risk"
"toggleSwitchClass('python_qr', qrPythonServiceOn)","html-class","C:\DoAnTotNghiep\V-Shield-2.0\View\src\components\ThongHanhQR.vue","314","0","Medium Risk"
"toggle-switch-knob","html-class","C:\DoAnTotNghiep\V-Shield-2.0\View\src\components\ThongHanhQR.vue","320","0","Medium Risk"
"auto-start-btn","html-class","C:\DoAnTotNghiep\V-Shield-2.0\View\src\components\ThongHanhQR.vue","324","0","Medium Risk"
"settings-toggle-row","html-class","C:\DoAnTotNghiep\V-Shield-2.0\View\src\components\ThongHanhQR.vue","332","0","Medium Risk"
"settings-toggle-text","html-class","C:\DoAnTotNghiep\V-Shield-2.0\View\src\components\ThongHanhQR.vue","333","0","Medium Risk"
"settings-toggle-name","html-class","C:\DoAnTotNghiep\V-Shield-2.0\View\src\components\ThongHanhQR.vue","334","0","Medium Risk"
"settings-toggle-desc","html-class","C:\DoAnTotNghiep\V-Shield-2.0\View\src\components\ThongHanhQR.vue","335","0","Medium Risk"
"toggle-switch","html-class","C:\DoAnTotNghiep\V-Shield-2.0\View\src\components\ThongHanhQR.vue","339","0","Medium Risk"
"toggleSwitchClass('python_plate', platePythonServiceOn)","html-class","C:\DoAnTotNghiep\V-Shield-2.0\View\src\components\ThongHanhQR.vue","340","0","Medium Risk"
"toggle-switch-knob","html-class","C:\DoAnTotNghiep\V-Shield-2.0\View\src\components\ThongHanhQR.vue","346","0","Medium Risk"
"auto-start-btn","html-class","C:\DoAnTotNghiep\V-Shield-2.0\View\src\components\ThongHanhQR.vue","350","0","Medium Risk"
"settings-toggle-row","html-class","C:\DoAnTotNghiep\V-Shield-2.0\View\src\components\ThongHanhQR.vue","358","0","Medium Risk"
"settings-toggle-text","html-class","C:\DoAnTotNghiep\V-Shield-2.0\View\src\components\ThongHanhQR.vue","359","0","Medium Risk"
"settings-toggle-name","html-class","C:\DoAnTotNghiep\V-Shield-2.0\View\src\components\ThongHanhQR.vue","360","0","Medium Risk"
"settings-toggle-desc","html-class","C:\DoAnTotNghiep\V-Shield-2.0\View\src\components\ThongHanhQR.vue","361","0","Medium Risk"
"toggle-switch","html-class","C:\DoAnTotNghiep\V-Shield-2.0\View\src\components\ThongHanhQR.vue","365","0","Medium Risk"
"toggleSwitchClass('python_cam_gia_lap', camGiaLapServiceOn)","html-class","C:\DoAnTotNghiep\V-Shield-2.0\View\src\components\ThongHanhQR.vue","366","0","Medium Risk"
"toggle-switch-knob","html-class","C:\DoAnTotNghiep\V-Shield-2.0\View\src\components\ThongHanhQR.vue","372","0","Medium Risk"
"auto-start-btn","html-class","C:\DoAnTotNghiep\V-Shield-2.0\View\src\components\ThongHanhQR.vue","376","0","Medium Risk"
"settings-toggle-row","html-class","C:\DoAnTotNghiep\V-Shield-2.0\View\src\components\ThongHanhQR.vue","384","0","Medium Risk"
"settings-toggle-text","html-class","C:\DoAnTotNghiep\V-Shield-2.0\View\src\components\ThongHanhQR.vue","385","0","Medium Risk"
"settings-toggle-name","html-class","C:\DoAnTotNghiep\V-Shield-2.0\View\src\components\ThongHanhQR.vue","386","0","Medium Risk"
"settings-toggle-desc","html-class","C:\DoAnTotNghiep\V-Shield-2.0\View\src\components\ThongHanhQR.vue","387","0","Medium Risk"
"toggle-switch","html-class","C:\DoAnTotNghiep\V-Shield-2.0\View\src\components\ThongHanhQR.vue","391","0","Medium Risk"
"toggleSwitchClass('go2rtc', runtimeRunning('go2rtc'))","html-class","C:\DoAnTotNghiep\V-Shield-2.0\View\src\components\ThongHanhQR.vue","392","0","Medium Risk"
"toggle-switch-knob","html-class","C:\DoAnTotNghiep\V-Shield-2.0\View\src\components\ThongHanhQR.vue","398","0","Medium Risk"
"auto-start-btn","html-class","C:\DoAnTotNghiep\V-Shield-2.0\View\src\components\ThongHanhQR.vue","402","0","Medium Risk"
"settings-toggle-row","html-class","C:\DoAnTotNghiep\V-Shield-2.0\View\src\components\ThongHanhQR.vue","410","0","Medium Risk"
"settings-toggle-text","html-class","C:\DoAnTotNghiep\V-Shield-2.0\View\src\components\ThongHanhQR.vue","411","0","Medium Risk"
"settings-toggle-name","html-class","C:\DoAnTotNghiep\V-Shield-2.0\View\src\components\ThongHanhQR.vue","412","0","Medium Risk"
"settings-toggle-desc","html-class","C:\DoAnTotNghiep\V-Shield-2.0\View\src\components\ThongHanhQR.vue","413","0","Medium Risk"
"toggle-switch","html-class","C:\DoAnTotNghiep\V-Shield-2.0\View\src\components\ThongHanhQR.vue","417","0","Medium Risk"
"toggleSwitchClass('cloudflared', runtimeRunning('cloudflared'))","html-class","C:\DoAnTotNghiep\V-Shield-2.0\View\src\components\ThongHanhQR.vue","418","0","Medium Risk"
"toggle-switch-knob","html-class","C:\DoAnTotNghiep\V-Shield-2.0\View\src\components\ThongHanhQR.vue","424","0","Medium Risk"
"auto-start-btn","html-class","C:\DoAnTotNghiep\V-Shield-2.0\View\src\components\ThongHanhQR.vue","428","0","Medium Risk"
"lane-controls lane-controls--drawer","html-class","C:\DoAnTotNghiep\V-Shield-2.0\View\src\components\ThongHanhQR.vue","438","0","Medium Risk"
"{ ready: isLaneReady(activeOpsLane) }","html-class","C:\DoAnTotNghiep\V-Shield-2.0\View\src\components\ThongHanhQR.vue","439","0","Medium Risk"
"lane-head","html-class","C:\DoAnTotNghiep\V-Shield-2.0\View\src\components\ThongHanhQR.vue","441","0","Medium Risk"
"lane-final-status","html-class","C:\DoAnTotNghiep\V-Shield-2.0\View\src\components\ThongHanhQR.vue","447","0","Medium Risk"
"ip-row","html-class","C:\DoAnTotNghiep\V-Shield-2.0\View\src\components\ThongHanhQR.vue","452","0","Medium Risk"
"ip-box","html-class","C:\DoAnTotNghiep\V-Shield-2.0\View\src\components\ThongHanhQR.vue","453","0","Medium Risk"
"search-box","html-class","C:\DoAnTotNghiep\V-Shield-2.0\View\src\components\ThongHanhQR.vue","455","0","Medium Risk"
"dropdown","html-class","C:\DoAnTotNghiep\V-Shield-2.0\View\src\components\ThongHanhQR.vue","462","0","Medium Risk"
"dropdown-item","html-class","C:\DoAnTotNghiep\V-Shield-2.0\View\src\components\ThongHanhQR.vue","467","0","Medium Risk"
"ip-box","html-class","C:\DoAnTotNghiep\V-Shield-2.0\View\src\components\ThongHanhQR.vue","475","0","Medium Risk"
"search-box","html-class","C:\DoAnTotNghiep\V-Shield-2.0\View\src\components\ThongHanhQR.vue","477","0","Medium Risk"
"dropdown","html-class","C:\DoAnTotNghiep\V-Shield-2.0\View\src\components\ThongHanhQR.vue","484","0","Medium Risk"
"dropdown-item","html-class","C:\DoAnTotNghiep\V-Shield-2.0\View\src\components\ThongHanhQR.vue","489","0","Medium Risk"
"summary-bar","html-class","C:\DoAnTotNghiep\V-Shield-2.0\View\src\components\ThongHanhQR.vue","498","0","Medium Risk"
"summary-item","html-class","C:\DoAnTotNghiep\V-Shield-2.0\View\src\components\ThongHanhQR.vue","499","0","Medium Risk"
"label","html-class","C:\DoAnTotNghiep\V-Shield-2.0\View\src\components\ThongHanhQR.vue","500","0","Medium Risk"
"value strong","html-class","C:\DoAnTotNghiep\V-Shield-2.0\View\src\components\ThongHanhQR.vue","501","0","Medium Risk"
"summary-item","html-class","C:\DoAnTotNghiep\V-Shield-2.0\View\src\components\ThongHanhQR.vue","504","0","Medium Risk"
"label","html-class","C:\DoAnTotNghiep\V-Shield-2.0\View\src\components\ThongHanhQR.vue","505","0","Medium Risk"
"value","json-key","C:\DoAnTotNghiep\V-Shield-2.0\View\src\components\ThongHanhQR.vue","506","0","Critical"
"value","html-class","C:\DoAnTotNghiep\V-Shield-2.0\View\src\components\ThongHanhQR.vue","506","0","Medium Risk"
"summary-item","html-class","C:\DoAnTotNghiep\V-Shield-2.0\View\src\components\ThongHanhQR.vue","511","0","Medium Risk"
"label","html-class","C:\DoAnTotNghiep\V-Shield-2.0\View\src\components\ThongHanhQR.vue","512","0","Medium Risk"
"value strong plate","html-class","C:\DoAnTotNghiep\V-Shield-2.0\View\src\components\ThongHanhQR.vue","513","0","Medium Risk"
"drawer-secondary-actions","html-class","C:\DoAnTotNghiep\V-Shield-2.0\View\src\components\ThongHanhQR.vue","519","0","Medium Risk"
"btn btn-drawer-secondary btn-preview","html-class","C:\DoAnTotNghiep\V-Shield-2.0\View\src\components\ThongHanhQR.vue","522","0","Medium Risk"
"btn btn-drawer-secondary btn-off","html-class","C:\DoAnTotNghiep\V-Shield-2.0\View\src\components\ThongHanhQR.vue","530","0","Medium Risk"
"VShieldGateMinimalQr","vue-component-name","C:\DoAnTotNghiep\V-Shield-2.0\View\src\components\ThongHanhQR.vue","658","2","Medium Risk"
"Làn 1","vue-component-name","C:\DoAnTotNghiep\V-Shield-2.0\View\src\components\ThongHanhQR.vue","668","0","Medium Risk"
"Làn 2","vue-component-name","C:\DoAnTotNghiep\V-Shield-2.0\View\src\components\ThongHanhQR.vue","679","0","Medium Risk"
"px","json-key","C:\DoAnTotNghiep\V-Shield-2.0\View\src\components\ThongHanhQR.vue","1333","0","Critical"
"px","json-key","C:\DoAnTotNghiep\V-Shield-2.0\View\src\components\ThongHanhQR.vue","1343","0","Critical"
"ok","json-key","C:\DoAnTotNghiep\V-Shield-2.0\View\src\components\ThongHanhQR.vue","1581","0","Critical"
"app-header","html-class","C:\DoAnTotNghiep\V-Shield-2.0\View\src\components\Layout\Header.vue","2","0","Medium Risk"
"header-left","html-class","C:\DoAnTotNghiep\V-Shield-2.0\View\src\components\Layout\Header.vue","3","0","Medium Risk"
"menu-toggle","html-class","C:\DoAnTotNghiep\V-Shield-2.0\View\src\components\Layout\Header.vue","6","0","Medium Risk"
"header-intro","html-class","C:\DoAnTotNghiep\V-Shield-2.0\View\src\components\Layout\Header.vue","17","0","Medium Risk"
"header-eyebrow","html-class","C:\DoAnTotNghiep\V-Shield-2.0\View\src\components\Layout\Header.vue","18","0","Medium Risk"
"header-copy","html-class","C:\DoAnTotNghiep\V-Shield-2.0\View\src\components\Layout\Header.vue","19","0","Medium Risk"
"header-right","html-class","C:\DoAnTotNghiep\V-Shield-2.0\View\src\components\Layout\Header.vue","26","0","Medium Risk"
"header-chip status-chip","html-class","C:\DoAnTotNghiep\V-Shield-2.0\View\src\components\Layout\Header.vue","27","0","Medium Risk"
"chip-dot","html-class","C:\DoAnTotNghiep\V-Shield-2.0\View\src\components\Layout\Header.vue","28","0","Medium Risk"
"header-chip time-chip","html-class","C:\DoAnTotNghiep\V-Shield-2.0\View\src\components\Layout\Header.vue","32","0","Medium Risk"
"header-action","html-class","C:\DoAnTotNghiep\V-Shield-2.0\View\src\components\Layout\Header.vue","45","0","Medium Risk"
"notification-count","html-class","C:\DoAnTotNghiep\V-Shield-2.0\View\src\components\Layout\Header.vue","53","0","Medium Risk"
"header-user-wrap","html-class","C:\DoAnTotNghiep\V-Shield-2.0\View\src\components\Layout\Header.vue","56","0","Medium Risk"
"header-user","html-class","C:\DoAnTotNghiep\V-Shield-2.0\View\src\components\Layout\Header.vue","57","0","Medium Risk"
"user-avatar","html-class","C:\DoAnTotNghiep\V-Shield-2.0\View\src\components\Layout\Header.vue","58","0","Medium Risk"
"user-info","html-class","C:\DoAnTotNghiep\V-Shield-2.0\View\src\components\Layout\Header.vue","59","0","Medium Risk"
"user-name","html-class","C:\DoAnTotNghiep\V-Shield-2.0\View\src\components\Layout\Header.vue","60","0","Medium Risk"
"user-role","html-class","C:\DoAnTotNghiep\V-Shield-2.0\View\src\components\Layout\Header.vue","61","0","Medium Risk"
"user-chevron","html-class","C:\DoAnTotNghiep\V-Shield-2.0\View\src\components\Layout\Header.vue","63","0","Medium Risk"
"dropdown user-dropdown","html-class","C:\DoAnTotNghiep\V-Shield-2.0\View\src\components\Layout\Header.vue","69","0","Medium Risk"
"dropdown-user-info","html-class","C:\DoAnTotNghiep\V-Shield-2.0\View\src\components\Layout\Header.vue","70","0","Medium Risk"
"user-avatar large","html-class","C:\DoAnTotNghiep\V-Shield-2.0\View\src\components\Layout\Header.vue","71","0","Medium Risk"
"dropdown-user-name","html-class","C:\DoAnTotNghiep\V-Shield-2.0\View\src\components\Layout\Header.vue","73","0","Medium Risk"
"dropdown-user-role","html-class","C:\DoAnTotNghiep\V-Shield-2.0\View\src\components\Layout\Header.vue","74","0","Medium Risk"
"dropdown-list simple","html-class","C:\DoAnTotNghiep\V-Shield-2.0\View\src\components\Layout\Header.vue","78","0","Medium Risk"
"dropdown-summary","html-class","C:\DoAnTotNghiep\V-Shield-2.0\View\src\components\Layout\Header.vue","79","0","Medium Risk"
"dropdown-item","html-class","C:\DoAnTotNghiep\V-Shield-2.0\View\src\components\Layout\Header.vue","84","0","Medium Risk"
"dropdown notification-dropdown","html-class","C:\DoAnTotNghiep\V-Shield-2.0\View\src\components\Layout\Header.vue","98","0","Medium Risk"
"dropdown-header","html-class","C:\DoAnTotNghiep\V-Shield-2.0\View\src\components\Layout\Header.vue","99","0","Medium Risk"
"btn-link","html-class","C:\DoAnTotNghiep\V-Shield-2.0\View\src\components\Layout\Header.vue","104","0","Medium Risk"
"notification-list","html-class","C:\DoAnTotNghiep\V-Shield-2.0\View\src\components\Layout\Header.vue","107","0","Medium Risk"
"notification-item","html-class","C:\DoAnTotNghiep\V-Shield-2.0\View\src\components\Layout\Header.vue","111","0","Medium Risk"
"{ unread: !notification.read }","html-class","C:\DoAnTotNghiep\V-Shield-2.0\View\src\components\Layout\Header.vue","112","0","Medium Risk"
"notification-icon","html-class","C:\DoAnTotNghiep\V-Shield-2.0\View\src\components\Layout\Header.vue","114","0","Medium Risk"
"notification-content","html-class","C:\DoAnTotNghiep\V-Shield-2.0\View\src\components\Layout\Header.vue","130","0","Medium Risk"
"notification-time","html-class","C:\DoAnTotNghiep\V-Shield-2.0\View\src\components\Layout\Header.vue","132","0","Medium Risk"
"ops-shell","html-class","C:\DoAnTotNghiep\V-Shield-2.0\View\src\components\Layout\MainLayout.vue","3","0","Medium Risk"
"shell-background","html-class","C:\DoAnTotNghiep\V-Shield-2.0\View\src\components\Layout\MainLayout.vue","10","0","Medium Risk"
"shell-glow shell-glow-a","html-class","C:\DoAnTotNghiep\V-Shield-2.0\View\src\components\Layout\MainLayout.vue","11","0","Medium Risk"
"shell-glow shell-glow-b","html-class","C:\DoAnTotNghiep\V-Shield-2.0\View\src\components\Layout\MainLayout.vue","12","0","Medium Risk"
"shell-grid","html-class","C:\DoAnTotNghiep\V-Shield-2.0\View\src\components\Layout\MainLayout.vue","13","0","Medium Risk"
"shell-scrim","html-class","C:\DoAnTotNghiep\V-Shield-2.0\View\src\components\Layout\MainLayout.vue","26","0","Medium Risk"
"shell-main","html-class","C:\DoAnTotNghiep\V-Shield-2.0\View\src\components\Layout\MainLayout.vue","32","0","Medium Risk"
"main-content","html-class","C:\DoAnTotNghiep\V-Shield-2.0\View\src\components\Layout\MainLayout.vue","39","0","Medium Risk"
"content-shell","html-class","C:\DoAnTotNghiep\V-Shield-2.0\View\src\components\Layout\MainLayout.vue","40","0","Medium Risk"
"Component","json-key","C:\DoAnTotNghiep\V-Shield-2.0\View\src\components\Layout\MainLayout.vue","43","0","Critical"
"Component","json-key","C:\DoAnTotNghiep\V-Shield-2.0\View\src\components\Layout\MainLayout.vue","45","0","Critical"
"sidebar","html-class","C:\DoAnTotNghiep\V-Shield-2.0\View\src\components\Layout\Sidebar.vue","3","0","Medium Risk"
"sidebar-panel","html-class","C:\DoAnTotNghiep\V-Shield-2.0\View\src\components\Layout\Sidebar.vue","10","0","Medium Risk"
"sidebar-top","html-class","C:\DoAnTotNghiep\V-Shield-2.0\View\src\components\Layout\Sidebar.vue","11","0","Medium Risk"
"sidebar-logo","html-class","C:\DoAnTotNghiep\V-Shield-2.0\View\src\components\Layout\Sidebar.vue","12","0","Medium Risk"
"logo-icon","html-class","C:\DoAnTotNghiep\V-Shield-2.0\View\src\components\Layout\Sidebar.vue","13","0","Medium Risk"
"logo-copy","html-class","C:\DoAnTotNghiep\V-Shield-2.0\View\src\components\Layout\Sidebar.vue","36","0","Medium Risk"
"logo-title","html-class","C:\DoAnTotNghiep\V-Shield-2.0\View\src\components\Layout\Sidebar.vue","37","0","Medium Risk"
"logo-subtitle","html-class","C:\DoAnTotNghiep\V-Shield-2.0\View\src\components\Layout\Sidebar.vue","38","0","Medium Risk"
"sidebar-mobile-close","html-class","C:\DoAnTotNghiep\V-Shield-2.0\View\src\components\Layout\Sidebar.vue","46","0","Medium Risk"
"sidebar-status","html-class","C:\DoAnTotNghiep\V-Shield-2.0\View\src\components\Layout\Sidebar.vue","57","0","Medium Risk"
"status-dot","html-class","C:\DoAnTotNghiep\V-Shield-2.0\View\src\components\Layout\Sidebar.vue","58","0","Medium Risk"
"sidebar-nav","html-class","C:\DoAnTotNghiep\V-Shield-2.0\View\src\components\Layout\Sidebar.vue","64","0","Medium Risk"
"sidebar-search","html-class","C:\DoAnTotNghiep\V-Shield-2.0\View\src\components\Layout\Sidebar.vue","66","0","Medium Risk"
"search-label","html-class","C:\DoAnTotNghiep\V-Shield-2.0\View\src\components\Layout\Sidebar.vue","67","0","Medium Risk"
"search-shell","html-class","C:\DoAnTotNghiep\V-Shield-2.0\View\src\components\Layout\Sidebar.vue","68","0","Medium Risk"
"search-icon","html-class","C:\DoAnTotNghiep\V-Shield-2.0\View\src\components\Layout\Sidebar.vue","69","0","Medium Risk"
"sidebar-search","html-id","C:\DoAnTotNghiep\V-Shield-2.0\View\src\components\Layout\Sidebar.vue","74","0","Medium Risk"
"search-dropdown","html-class","C:\DoAnTotNghiep\V-Shield-2.0\View\src\components\Layout\Sidebar.vue","85","0","Medium Risk"
"dropdown-msg","html-class","C:\DoAnTotNghiep\V-Shield-2.0\View\src\components\Layout\Sidebar.vue","87","0","Medium Risk"
"dropdown-msg","html-class","C:\DoAnTotNghiep\V-Shield-2.0\View\src\components\Layout\Sidebar.vue","88","0","Medium Risk"
"dropdown-list","html-class","C:\DoAnTotNghiep\V-Shield-2.0\View\src\components\Layout\Sidebar.vue","89","0","Medium Risk"
"dropdown-item","html-class","C:\DoAnTotNghiep\V-Shield-2.0\View\src\components\Layout\Sidebar.vue","94","0","Medium Risk"
"result-icon","html-class","C:\DoAnTotNghiep\V-Shield-2.0\View\src\components\Layout\Sidebar.vue","97","0","Medium Risk"
"result-info","html-class","C:\DoAnTotNghiep\V-Shield-2.0\View\src\components\Layout\Sidebar.vue","103","0","Medium Risk"
"result-name","html-class","C:\DoAnTotNghiep\V-Shield-2.0\View\src\components\Layout\Sidebar.vue","104","0","Medium Risk"
"result-sub","html-class","C:\DoAnTotNghiep\V-Shield-2.0\View\src\components\Layout\Sidebar.vue","105","0","Medium Risk"
"result-badge","html-class","C:\DoAnTotNghiep\V-Shield-2.0\View\src\components\Layout\Sidebar.vue","107","0","Medium Risk"
"nav-group","html-class","C:\DoAnTotNghiep\V-Shield-2.0\View\src\components\Layout\Sidebar.vue","116","0","Medium Risk"
"nav-label-toggle","html-class","C:\DoAnTotNghiep\V-Shield-2.0\View\src\components\Layout\Sidebar.vue","120","0","Medium Risk"
"nav-label-text","html-class","C:\DoAnTotNghiep\V-Shield-2.0\View\src\components\Layout\Sidebar.vue","123","0","Medium Risk"
"nav-label-chevron","html-class","C:\DoAnTotNghiep\V-Shield-2.0\View\src\components\Layout\Sidebar.vue","125","0","Medium Risk"
"{ 'chevron-collapsed': collapsedGroups[group.label] }","html-class","C:\DoAnTotNghiep\V-Shield-2.0\View\src\components\Layout\Sidebar.vue","126","0","Safe"
"nav-label sr-only","html-class","C:\DoAnTotNghiep\V-Shield-2.0\View\src\components\Layout\Sidebar.vue","135","0","Medium Risk"
"nav-group-items","html-class","C:\DoAnTotNghiep\V-Shield-2.0\View\src\components\Layout\Sidebar.vue","138","0","Medium Risk"
"{ 'group-collapsed': collapsedGroups[group.label] && !collapsed }","html-class","C:\DoAnTotNghiep\V-Shield-2.0\View\src\components\Layout\Sidebar.vue","139","0","Safe"
"nav-item","html-class","C:\DoAnTotNghiep\V-Shield-2.0\View\src\components\Layout\Sidebar.vue","145","0","Medium Risk"
"{ active: route.path === item.path }","html-class","C:\DoAnTotNghiep\V-Shield-2.0\View\src\components\Layout\Sidebar.vue","146","0","Medium Risk"
"nav-icon","html-class","C:\DoAnTotNghiep\V-Shield-2.0\View\src\components\Layout\Sidebar.vue","149","0","Medium Risk"
"nav-copy","html-class","C:\DoAnTotNghiep\V-Shield-2.0\View\src\components\Layout\Sidebar.vue","151","0","Medium Risk"
"nav-text","html-class","C:\DoAnTotNghiep\V-Shield-2.0\View\src\components\Layout\Sidebar.vue","152","0","Medium Risk"
"nav-hint","html-class","C:\DoAnTotNghiep\V-Shield-2.0\View\src\components\Layout\Sidebar.vue","153","0","Medium Risk"
"nav-badge","html-class","C:\DoAnTotNghiep\V-Shield-2.0\View\src\components\Layout\Sidebar.vue","157","0","Medium Risk"
"nav-group","html-class","C:\DoAnTotNghiep\V-Shield-2.0\View\src\components\Layout\Sidebar.vue","163","0","Medium Risk"
"nav-label-toggle","html-class","C:\DoAnTotNghiep\V-Shield-2.0\View\src\components\Layout\Sidebar.vue","167","0","Medium Risk"
"nav-label-text","html-class","C:\DoAnTotNghiep\V-Shield-2.0\View\src\components\Layout\Sidebar.vue","170","0","Medium Risk"
"nav-label-chevron","html-class","C:\DoAnTotNghiep\V-Shield-2.0\View\src\components\Layout\Sidebar.vue","172","0","Medium Risk"
"{ 'chevron-collapsed': collapsedGroups['ThÃ´ng hÃ nh'] }","html-class","C:\DoAnTotNghiep\V-Shield-2.0\View\src\components\Layout\Sidebar.vue","173","0","Medium Risk"
"nav-label sr-only","html-class","C:\DoAnTotNghiep\V-Shield-2.0\View\src\components\Layout\Sidebar.vue","182","0","Medium Risk"
"nav-group-items","html-class","C:\DoAnTotNghiep\V-Shield-2.0\View\src\components\Layout\Sidebar.vue","185","0","Medium Risk"
"{ 'group-collapsed': collapsedGroups['ThÃ´ng hÃ nh'] && !collapsed }","html-class","C:\DoAnTotNghiep\V-Shield-2.0\View\src\components\Layout\Sidebar.vue","186","0","Medium Risk"
"nav-item","html-class","C:\DoAnTotNghiep\V-Shield-2.0\View\src\components\Layout\Sidebar.vue","192","0","Medium Risk"
"{ active: route.path === item.path }","html-class","C:\DoAnTotNghiep\V-Shield-2.0\View\src\components\Layout\Sidebar.vue","193","0","Medium Risk"
"nav-icon","html-class","C:\DoAnTotNghiep\V-Shield-2.0\View\src\components\Layout\Sidebar.vue","196","0","Medium Risk"
"nav-copy","html-class","C:\DoAnTotNghiep\V-Shield-2.0\View\src\components\Layout\Sidebar.vue","198","0","Medium Risk"
"nav-text","html-class","C:\DoAnTotNghiep\V-Shield-2.0\View\src\components\Layout\Sidebar.vue","199","0","Medium Risk"
"nav-hint","html-class","C:\DoAnTotNghiep\V-Shield-2.0\View\src\components\Layout\Sidebar.vue","200","0","Medium Risk"
"nav-badge","html-class","C:\DoAnTotNghiep\V-Shield-2.0\View\src\components\Layout\Sidebar.vue","204","0","Medium Risk"
"sidebar-footer","html-class","C:\DoAnTotNghiep\V-Shield-2.0\View\src\components\Layout\Sidebar.vue","211","0","Medium Risk"
"footer-card","html-class","C:\DoAnTotNghiep\V-Shield-2.0\View\src\components\Layout\Sidebar.vue","213","0","Medium Risk"
"footer-chip","html-class","C:\DoAnTotNghiep\V-Shield-2.0\View\src\components\Layout\Sidebar.vue","214","0","Medium Risk"
"chip-ping","html-class","C:\DoAnTotNghiep\V-Shield-2.0\View\src\components\Layout\Sidebar.vue","215","0","Medium Risk"
"footer-metrics","html-class","C:\DoAnTotNghiep\V-Shield-2.0\View\src\components\Layout\Sidebar.vue","218","0","Medium Risk"
"sidebar-toggle","html-class","C:\DoAnTotNghiep\V-Shield-2.0\View\src\components\Layout\Sidebar.vue","234","0","Medium Risk"
"{ rotated: collapsed }","html-class","C:\DoAnTotNghiep\V-Shield-2.0\View\src\components\Layout\Sidebar.vue","238","0","Safe"
"page-container ops-page animate-in","html-class","C:\DoAnTotNghiep\V-Shield-2.0\View\src\pages\AccessLogs.vue","2","0","Medium Risk"
"page-header-bar","html-class","C:\DoAnTotNghiep\V-Shield-2.0\View\src\pages\AccessLogs.vue","3","0","Medium Risk"
"panel-kicker","html-class","C:\DoAnTotNghiep\V-Shield-2.0\View\src\pages\AccessLogs.vue","5","0","Medium Risk"
"page-title","html-class","C:\DoAnTotNghiep\V-Shield-2.0\View\src\pages\AccessLogs.vue","6","0","Medium Risk"
"metric-grid","html-class","C:\DoAnTotNghiep\V-Shield-2.0\View\src\pages\AccessLogs.vue","10","0","Medium Risk"
"metric-tile","html-class","C:\DoAnTotNghiep\V-Shield-2.0\View\src\pages\AccessLogs.vue","11","0","Medium Risk"
"metric-label","html-class","C:\DoAnTotNghiep\V-Shield-2.0\View\src\pages\AccessLogs.vue","12","0","Medium Risk"
"metric-value","html-class","C:\DoAnTotNghiep\V-Shield-2.0\View\src\pages\AccessLogs.vue","13","0","Medium Risk"
"metric-note","html-class","C:\DoAnTotNghiep\V-Shield-2.0\View\src\pages\AccessLogs.vue","14","0","Medium Risk"
"metric-tile","html-class","C:\DoAnTotNghiep\V-Shield-2.0\View\src\pages\AccessLogs.vue","16","0","Medium Risk"
"metric-label","html-class","C:\DoAnTotNghiep\V-Shield-2.0\View\src\pages\AccessLogs.vue","17","0","Medium Risk"
"metric-value","html-class","C:\DoAnTotNghiep\V-Shield-2.0\View\src\pages\AccessLogs.vue","18","0","Medium Risk"
"metric-note","html-class","C:\DoAnTotNghiep\V-Shield-2.0\View\src\pages\AccessLogs.vue","19","0","Medium Risk"
"metric-tile","html-class","C:\DoAnTotNghiep\V-Shield-2.0\View\src\pages\AccessLogs.vue","21","0","Medium Risk"
"metric-label","html-class","C:\DoAnTotNghiep\V-Shield-2.0\View\src\pages\AccessLogs.vue","22","0","Medium Risk"
"metric-value","html-class","C:\DoAnTotNghiep\V-Shield-2.0\View\src\pages\AccessLogs.vue","23","0","Medium Risk"
"metric-note","html-class","C:\DoAnTotNghiep\V-Shield-2.0\View\src\pages\AccessLogs.vue","24","0","Medium Risk"
"metric-tile","html-class","C:\DoAnTotNghiep\V-Shield-2.0\View\src\pages\AccessLogs.vue","26","0","Medium Risk"
"metric-label","html-class","C:\DoAnTotNghiep\V-Shield-2.0\View\src\pages\AccessLogs.vue","27","0","Medium Risk"
"metric-value","html-class","C:\DoAnTotNghiep\V-Shield-2.0\View\src\pages\AccessLogs.vue","28","0","Medium Risk"
"metric-note","html-class","C:\DoAnTotNghiep\V-Shield-2.0\View\src\pages\AccessLogs.vue","29","0","Medium Risk"
"ops-panel","html-class","C:\DoAnTotNghiep\V-Shield-2.0\View\src\pages\AccessLogs.vue","33","0","Medium Risk"
"panel-head","html-class","C:\DoAnTotNghiep\V-Shield-2.0\View\src\pages\AccessLogs.vue","34","0","Medium Risk"
"panel-kicker","html-class","C:\DoAnTotNghiep\V-Shield-2.0\View\src\pages\AccessLogs.vue","36","0","Medium Risk"
"panel-title","html-class","C:\DoAnTotNghiep\V-Shield-2.0\View\src\pages\AccessLogs.vue","37","0","Medium Risk"
"panel-copy","html-class","C:\DoAnTotNghiep\V-Shield-2.0\View\src\pages\AccessLogs.vue","38","0","Medium Risk"
"filter-summary","html-class","C:\DoAnTotNghiep\V-Shield-2.0\View\src\pages\AccessLogs.vue","42","0","Medium Risk"
"soft-chip success","html-class","C:\DoAnTotNghiep\V-Shield-2.0\View\src\pages\AccessLogs.vue","43","0","Medium Risk"
"soft-chip","html-class","C:\DoAnTotNghiep\V-Shield-2.0\View\src\pages\AccessLogs.vue","44","0","Medium Risk"
"filter-card","html-class","C:\DoAnTotNghiep\V-Shield-2.0\View\src\pages\AccessLogs.vue","48","0","Medium Risk"
"filter-grid access-filter-grid","html-class","C:\DoAnTotNghiep\V-Shield-2.0\View\src\pages\AccessLogs.vue","49","0","Medium Risk"
"filter-field filter-field-query","html-class","C:\DoAnTotNghiep\V-Shield-2.0\View\src\pages\AccessLogs.vue","50","0","Medium Risk"
"field-label","html-class","C:\DoAnTotNghiep\V-Shield-2.0\View\src\pages\AccessLogs.vue","51","0","Medium Risk"
"search-bar","html-class","C:\DoAnTotNghiep\V-Shield-2.0\View\src\pages\AccessLogs.vue","52","0","Medium Risk"
"search-icon","html-class","C:\DoAnTotNghiep\V-Shield-2.0\View\src\pages\AccessLogs.vue","53","0","Medium Risk"
"filter-field filter-field-direction","html-class","C:\DoAnTotNghiep\V-Shield-2.0\View\src\pages\AccessLogs.vue","66","0","Medium Risk"
"field-label","html-class","C:\DoAnTotNghiep\V-Shield-2.0\View\src\pages\AccessLogs.vue","67","0","Medium Risk"
"filter-select","html-class","C:\DoAnTotNghiep\V-Shield-2.0\View\src\pages\AccessLogs.vue","68","0","Medium Risk"
"filter-field filter-field-gate","html-class","C:\DoAnTotNghiep\V-Shield-2.0\View\src\pages\AccessLogs.vue","75","0","Medium Risk"
"field-label","html-class","C:\DoAnTotNghiep\V-Shield-2.0\View\src\pages\AccessLogs.vue","76","0","Medium Risk"
"filter-select","html-class","C:\DoAnTotNghiep\V-Shield-2.0\View\src\pages\AccessLogs.vue","77","0","Medium Risk"
"filter-field filter-field-status","html-class","C:\DoAnTotNghiep\V-Shield-2.0\View\src\pages\AccessLogs.vue","83","0","Medium Risk"
"field-label","html-class","C:\DoAnTotNghiep\V-Shield-2.0\View\src\pages\AccessLogs.vue","84","0","Medium Risk"
"filter-select","html-class","C:\DoAnTotNghiep\V-Shield-2.0\View\src\pages\AccessLogs.vue","85","0","Medium Risk"
"status","json-key","C:\DoAnTotNghiep\V-Shield-2.0\View\src\pages\AccessLogs.vue","87","85","Critical"
"filter-field filter-field-date","html-class","C:\DoAnTotNghiep\V-Shield-2.0\View\src\pages\AccessLogs.vue","91","0","Medium Risk"
"field-label","html-class","C:\DoAnTotNghiep\V-Shield-2.0\View\src\pages\AccessLogs.vue","92","0","Medium Risk"
"filter-select","html-class","C:\DoAnTotNghiep\V-Shield-2.0\View\src\pages\AccessLogs.vue","93","0","Medium Risk"
"filter-field filter-field-date","html-class","C:\DoAnTotNghiep\V-Shield-2.0\View\src\pages\AccessLogs.vue","96","0","Medium Risk"
"field-label","html-class","C:\DoAnTotNghiep\V-Shield-2.0\View\src\pages\AccessLogs.vue","97","0","Medium Risk"
"filter-select","html-class","C:\DoAnTotNghiep\V-Shield-2.0\View\src\pages\AccessLogs.vue","98","0","Medium Risk"
"filter-footer","html-class","C:\DoAnTotNghiep\V-Shield-2.0\View\src\pages\AccessLogs.vue","102","0","Medium Risk"
"filter-hint","html-class","C:\DoAnTotNghiep\V-Shield-2.0\View\src\pages\AccessLogs.vue","104","0","Medium Risk"
"filter-notice","html-class","C:\DoAnTotNghiep\V-Shield-2.0\View\src\pages\AccessLogs.vue","105","0","Medium Risk"
"filter-actions","html-class","C:\DoAnTotNghiep\V-Shield-2.0\View\src\pages\AccessLogs.vue","107","0","Medium Risk"
"btn btn-secondary btn-sm","html-class","C:\DoAnTotNghiep\V-Shield-2.0\View\src\pages\AccessLogs.vue","108","0","Medium Risk"
"btn btn-primary btn-sm","html-class","C:\DoAnTotNghiep\V-Shield-2.0\View\src\pages\AccessLogs.vue","111","0","Medium Risk"
"empty-card","html-class","C:\DoAnTotNghiep\V-Shield-2.0\View\src\pages\AccessLogs.vue","118","0","Medium Risk"
"empty-card","html-class","C:\DoAnTotNghiep\V-Shield-2.0\View\src\pages\AccessLogs.vue","119","0","Medium Risk"
"table-container","html-class","C:\DoAnTotNghiep\V-Shield-2.0\View\src\pages\AccessLogs.vue","122","0","Medium Risk"
"data-table","html-class","C:\DoAnTotNghiep\V-Shield-2.0\View\src\pages\AccessLogs.vue","123","0","Medium Risk"
"table-main","html-class","C:\DoAnTotNghiep\V-Shield-2.0\View\src\pages\AccessLogs.vue","139","0","Medium Risk"
"table-main","html-class","C:\DoAnTotNghiep\V-Shield-2.0\View\src\pages\AccessLogs.vue","142","0","Medium Risk"
"table-sub","html-class","C:\DoAnTotNghiep\V-Shield-2.0\View\src\pages\AccessLogs.vue","143","0","Medium Risk"
"badge","json-key","C:\DoAnTotNghiep\V-Shield-2.0\View\src\pages\AccessLogs.vue","146","0","Critical"
"badge","html-class","C:\DoAnTotNghiep\V-Shield-2.0\View\src\pages\AccessLogs.vue","146","0","Medium Risk"
"table-main","html-class","C:\DoAnTotNghiep\V-Shield-2.0\View\src\pages\AccessLogs.vue","151","0","Medium Risk"
"table-sub","html-class","C:\DoAnTotNghiep\V-Shield-2.0\View\src\pages\AccessLogs.vue","152","0","Medium Risk"
"plate-pill","html-class","C:\DoAnTotNghiep\V-Shield-2.0\View\src\pages\AccessLogs.vue","155","0","Medium Risk"
"table-sub","html-class","C:\DoAnTotNghiep\V-Shield-2.0\View\src\pages\AccessLogs.vue","156","0","Medium Risk"
"soft-chip","html-class","C:\DoAnTotNghiep\V-Shield-2.0\View\src\pages\AccessLogs.vue","159","0","Medium Risk"
"chip-row","html-class","C:\DoAnTotNghiep\V-Shield-2.0\View\src\pages\AccessLogs.vue","162","0","Medium Risk"
"soft-chip","html-class","C:\DoAnTotNghiep\V-Shield-2.0\View\src\pages\AccessLogs.vue","163","0","Medium Risk"
"soft-chip danger","html-class","C:\DoAnTotNghiep\V-Shield-2.0\View\src\pages\AccessLogs.vue","164","0","Medium Risk"
"soft-chip warn","html-class","C:\DoAnTotNghiep\V-Shield-2.0\View\src\pages\AccessLogs.vue","165","0","Medium Risk"
"table-sub note-cell","html-class","C:\DoAnTotNghiep\V-Shield-2.0\View\src\pages\AccessLogs.vue","169","0","Medium Risk"
"pagination","html-class","C:\DoAnTotNghiep\V-Shield-2.0\View\src\pages\AccessLogs.vue","178","0","Medium Risk"
"pagination-info","html-class","C:\DoAnTotNghiep\V-Shield-2.0\View\src\pages\AccessLogs.vue","179","0","Medium Risk"
"pagination-buttons","html-class","C:\DoAnTotNghiep\V-Shield-2.0\View\src\pages\AccessLogs.vue","180","0","Medium Risk"
"pagination-btn","html-class","C:\DoAnTotNghiep\V-Shield-2.0\View\src\pages\AccessLogs.vue","181","0","Medium Risk"
"pagination-btn","html-class","C:\DoAnTotNghiep\V-Shield-2.0\View\src\pages\AccessLogs.vue","185","0","Medium Risk"
"{ active: current === page }","html-class","C:\DoAnTotNghiep\V-Shield-2.0\View\src\pages\AccessLogs.vue","186","0","Medium Risk"
"pagination-btn","html-class","C:\DoAnTotNghiep\V-Shield-2.0\View\src\pages\AccessLogs.vue","191","0","Medium Risk"
"page-container ops-page animate-in","html-class","C:\DoAnTotNghiep\V-Shield-2.0\View\src\pages\Biometrics.vue","2","0","Medium Risk"
"page-header-bar","html-class","C:\DoAnTotNghiep\V-Shield-2.0\View\src\pages\Biometrics.vue","3","0","Medium Risk"
"panel-kicker","html-class","C:\DoAnTotNghiep\V-Shield-2.0\View\src\pages\Biometrics.vue","5","0","Medium Risk"
"page-title","html-class","C:\DoAnTotNghiep\V-Shield-2.0\View\src\pages\Biometrics.vue","6","0","Medium Risk"
"header-actions","html-class","C:\DoAnTotNghiep\V-Shield-2.0\View\src\pages\Biometrics.vue","8","0","Medium Risk"
"btn btn-primary","html-class","C:\DoAnTotNghiep\V-Shield-2.0\View\src\pages\Biometrics.vue","9","0","Medium Risk"
"btn btn-secondary","html-class","C:\DoAnTotNghiep\V-Shield-2.0\View\src\pages\Biometrics.vue","10","0","Medium Risk"
"metric-grid","html-class","C:\DoAnTotNghiep\V-Shield-2.0\View\src\pages\Biometrics.vue","14","0","Medium Risk"
"metric-tile","html-class","C:\DoAnTotNghiep\V-Shield-2.0\View\src\pages\Biometrics.vue","15","0","Medium Risk"
"metric-label","html-class","C:\DoAnTotNghiep\V-Shield-2.0\View\src\pages\Biometrics.vue","16","0","Medium Risk"
"metric-value","html-class","C:\DoAnTotNghiep\V-Shield-2.0\View\src\pages\Biometrics.vue","17","0","Medium Risk"
"metric-note","html-class","C:\DoAnTotNghiep\V-Shield-2.0\View\src\pages\Biometrics.vue","18","0","Medium Risk"
"metric-tile","html-class","C:\DoAnTotNghiep\V-Shield-2.0\View\src\pages\Biometrics.vue","20","0","Medium Risk"
"metric-label","html-class","C:\DoAnTotNghiep\V-Shield-2.0\View\src\pages\Biometrics.vue","21","0","Medium Risk"
"metric-value","html-class","C:\DoAnTotNghiep\V-Shield-2.0\View\src\pages\Biometrics.vue","22","0","Medium Risk"
"metric-note","html-class","C:\DoAnTotNghiep\V-Shield-2.0\View\src\pages\Biometrics.vue","23","0","Medium Risk"
"metric-tile","html-class","C:\DoAnTotNghiep\V-Shield-2.0\View\src\pages\Biometrics.vue","25","0","Medium Risk"
"metric-label","html-class","C:\DoAnTotNghiep\V-Shield-2.0\View\src\pages\Biometrics.vue","26","0","Medium Risk"
"metric-value","html-class","C:\DoAnTotNghiep\V-Shield-2.0\View\src\pages\Biometrics.vue","27","0","Medium Risk"
"metric-note","html-class","C:\DoAnTotNghiep\V-Shield-2.0\View\src\pages\Biometrics.vue","28","0","Medium Risk"
"metric-tile","html-class","C:\DoAnTotNghiep\V-Shield-2.0\View\src\pages\Biometrics.vue","30","0","Medium Risk"
"metric-label","html-class","C:\DoAnTotNghiep\V-Shield-2.0\View\src\pages\Biometrics.vue","31","0","Medium Risk"
"metric-value","html-class","C:\DoAnTotNghiep\V-Shield-2.0\View\src\pages\Biometrics.vue","32","0","Medium Risk"
"metric-note","html-class","C:\DoAnTotNghiep\V-Shield-2.0\View\src\pages\Biometrics.vue","33","0","Medium Risk"
"ops-panel","html-class","C:\DoAnTotNghiep\V-Shield-2.0\View\src\pages\Biometrics.vue","37","0","Medium Risk"
"toolbar-shell","html-class","C:\DoAnTotNghiep\V-Shield-2.0\View\src\pages\Biometrics.vue","38","0","Medium Risk"
"search-bar","html-class","C:\DoAnTotNghiep\V-Shield-2.0\View\src\pages\Biometrics.vue","39","0","Medium Risk"
"search-icon","html-class","C:\DoAnTotNghiep\V-Shield-2.0\View\src\pages\Biometrics.vue","40","0","Medium Risk"
"empty-card","html-class","C:\DoAnTotNghiep\V-Shield-2.0\View\src\pages\Biometrics.vue","48","0","Medium Risk"
"empty-card","html-class","C:\DoAnTotNghiep\V-Shield-2.0\View\src\pages\Biometrics.vue","49","0","Medium Risk"
"table-container","html-class","C:\DoAnTotNghiep\V-Shield-2.0\View\src\pages\Biometrics.vue","50","0","Medium Risk"
"data-table","html-class","C:\DoAnTotNghiep\V-Shield-2.0\View\src\pages\Biometrics.vue","51","0","Medium Risk"
"table-main","html-class","C:\DoAnTotNghiep\V-Shield-2.0\View\src\pages\Biometrics.vue","64","0","Medium Risk"
"table-sub","html-class","C:\DoAnTotNghiep\V-Shield-2.0\View\src\pages\Biometrics.vue","65","0","Medium Risk"
"chip-row","html-class","C:\DoAnTotNghiep\V-Shield-2.0\View\src\pages\Biometrics.vue","69","0","Medium Risk"
"soft-chip","html-class","C:\DoAnTotNghiep\V-Shield-2.0\View\src\pages\Biometrics.vue","70","0","Medium Risk"
"chip-row","html-class","C:\DoAnTotNghiep\V-Shield-2.0\View\src\pages\Biometrics.vue","76","0","Medium Risk"
"soft-chip","html-class","C:\DoAnTotNghiep\V-Shield-2.0\View\src\pages\Biometrics.vue","77","0","Medium Risk"
"pagination-bar","html-class","C:\DoAnTotNghiep\V-Shield-2.0\View\src\pages\Biometrics.vue","88","0","Medium Risk"
"page-buttons","html-class","C:\DoAnTotNghiep\V-Shield-2.0\View\src\pages\Biometrics.vue","90","0","Medium Risk"
"page-btn","html-class","C:\DoAnTotNghiep\V-Shield-2.0\View\src\pages\Biometrics.vue","91","0","Medium Risk"
"page-btn","html-class","C:\DoAnTotNghiep\V-Shield-2.0\View\src\pages\Biometrics.vue","92","0","Medium Risk"
"page-btn","html-class","C:\DoAnTotNghiep\V-Shield-2.0\View\src\pages\Biometrics.vue","93","0","Medium Risk"
"ops-grid two","html-class","C:\DoAnTotNghiep\V-Shield-2.0\View\src\pages\Biometrics.vue","98","0","Medium Risk"
"ops-panel","html-class","C:\DoAnTotNghiep\V-Shield-2.0\View\src\pages\Biometrics.vue","99","0","Medium Risk"
"panel-head","html-class","C:\DoAnTotNghiep\V-Shield-2.0\View\src\pages\Biometrics.vue","100","0","Medium Risk"
"panel-kicker","html-class","C:\DoAnTotNghiep\V-Shield-2.0\View\src\pages\Biometrics.vue","102","0","Medium Risk"
"panel-title","html-class","C:\DoAnTotNghiep\V-Shield-2.0\View\src\pages\Biometrics.vue","103","0","Medium Risk"
"surface-list","html-class","C:\DoAnTotNghiep\V-Shield-2.0\View\src\pages\Biometrics.vue","107","0","Medium Risk"
"surface-item","html-class","C:\DoAnTotNghiep\V-Shield-2.0\View\src\pages\Biometrics.vue","108","0","Medium Risk"
"surface-item-title","html-class","C:\DoAnTotNghiep\V-Shield-2.0\View\src\pages\Biometrics.vue","109","0","Medium Risk"
"surface-item-sub","html-class","C:\DoAnTotNghiep\V-Shield-2.0\View\src\pages\Biometrics.vue","110","0","Medium Risk"
"chip-row","html-class","C:\DoAnTotNghiep\V-Shield-2.0\View\src\pages\Biometrics.vue","111","0","Medium Risk"
"soft-chip","html-class","C:\DoAnTotNghiep\V-Shield-2.0\View\src\pages\Biometrics.vue","112","0","Medium Risk"
"soft-chip success","html-class","C:\DoAnTotNghiep\V-Shield-2.0\View\src\pages\Biometrics.vue","113","0","Medium Risk"
"empty-card","html-class","C:\DoAnTotNghiep\V-Shield-2.0\View\src\pages\Biometrics.vue","117","0","Medium Risk"
"ops-panel","html-class","C:\DoAnTotNghiep\V-Shield-2.0\View\src\pages\Biometrics.vue","120","0","Medium Risk"
"panel-head","html-class","C:\DoAnTotNghiep\V-Shield-2.0\View\src\pages\Biometrics.vue","121","0","Medium Risk"
"panel-kicker","html-class","C:\DoAnTotNghiep\V-Shield-2.0\View\src\pages\Biometrics.vue","123","0","Medium Risk"
"panel-title","html-class","C:\DoAnTotNghiep\V-Shield-2.0\View\src\pages\Biometrics.vue","124","0","Medium Risk"
"surface-list","html-class","C:\DoAnTotNghiep\V-Shield-2.0\View\src\pages\Biometrics.vue","128","0","Medium Risk"
"surface-item","html-class","C:\DoAnTotNghiep\V-Shield-2.0\View\src\pages\Biometrics.vue","129","0","Medium Risk"
"surface-item-title","html-class","C:\DoAnTotNghiep\V-Shield-2.0\View\src\pages\Biometrics.vue","130","0","Medium Risk"
"surface-item-sub","html-class","C:\DoAnTotNghiep\V-Shield-2.0\View\src\pages\Biometrics.vue","131","0","Medium Risk"
"chip-row","html-class","C:\DoAnTotNghiep\V-Shield-2.0\View\src\pages\Biometrics.vue","132","0","Medium Risk"
"soft-chip","html-class","C:\DoAnTotNghiep\V-Shield-2.0\View\src\pages\Biometrics.vue","133","0","Medium Risk"
"soft-chip success","html-class","C:\DoAnTotNghiep\V-Shield-2.0\View\src\pages\Biometrics.vue","134","0","Medium Risk"
"empty-card","html-class","C:\DoAnTotNghiep\V-Shield-2.0\View\src\pages\Biometrics.vue","138","0","Medium Risk"
"page-container ops-page animate-in","html-class","C:\DoAnTotNghiep\V-Shield-2.0\View\src\pages\Dashboard.vue","2","0","Medium Risk"
"page-header-bar","html-class","C:\DoAnTotNghiep\V-Shield-2.0\View\src\pages\Dashboard.vue","3","0","Medium Risk"
"panel-kicker","html-class","C:\DoAnTotNghiep\V-Shield-2.0\View\src\pages\Dashboard.vue","5","0","Medium Risk"
"page-title","html-class","C:\DoAnTotNghiep\V-Shield-2.0\View\src\pages\Dashboard.vue","6","0","Medium Risk"
"header-actions","html-class","C:\DoAnTotNghiep\V-Shield-2.0\View\src\pages\Dashboard.vue","8","0","Medium Risk"
"btn btn-primary","html-class","C:\DoAnTotNghiep\V-Shield-2.0\View\src\pages\Dashboard.vue","9","0","Medium Risk"
"btn btn-secondary","html-class","C:\DoAnTotNghiep\V-Shield-2.0\View\src\pages\Dashboard.vue","10","0","Medium Risk"
"btn btn-secondary","html-class","C:\DoAnTotNghiep\V-Shield-2.0\View\src\pages\Dashboard.vue","11","0","Medium Risk"
"metric-grid","html-class","C:\DoAnTotNghiep\V-Shield-2.0\View\src\pages\Dashboard.vue","15","0","Medium Risk"
"metric-tile","html-class","C:\DoAnTotNghiep\V-Shield-2.0\View\src\pages\Dashboard.vue","16","0","Medium Risk"
"metric-label","html-class","C:\DoAnTotNghiep\V-Shield-2.0\View\src\pages\Dashboard.vue","17","0","Medium Risk"
"metric-value","html-class","C:\DoAnTotNghiep\V-Shield-2.0\View\src\pages\Dashboard.vue","18","0","Medium Risk"
"metric-note","html-class","C:\DoAnTotNghiep\V-Shield-2.0\View\src\pages\Dashboard.vue","19","0","Medium Risk"
"metric-tile","html-class","C:\DoAnTotNghiep\V-Shield-2.0\View\src\pages\Dashboard.vue","21","0","Medium Risk"
"metric-label","html-class","C:\DoAnTotNghiep\V-Shield-2.0\View\src\pages\Dashboard.vue","22","0","Medium Risk"
"metric-value","html-class","C:\DoAnTotNghiep\V-Shield-2.0\View\src\pages\Dashboard.vue","23","0","Medium Risk"
"metric-note","html-class","C:\DoAnTotNghiep\V-Shield-2.0\View\src\pages\Dashboard.vue","24","0","Medium Risk"
"metric-tile","html-class","C:\DoAnTotNghiep\V-Shield-2.0\View\src\pages\Dashboard.vue","26","0","Medium Risk"
"metric-label","html-class","C:\DoAnTotNghiep\V-Shield-2.0\View\src\pages\Dashboard.vue","27","0","Medium Risk"
"metric-value","html-class","C:\DoAnTotNghiep\V-Shield-2.0\View\src\pages\Dashboard.vue","28","0","Medium Risk"
"metric-note","html-class","C:\DoAnTotNghiep\V-Shield-2.0\View\src\pages\Dashboard.vue","29","0","Medium Risk"
"metric-tile","html-class","C:\DoAnTotNghiep\V-Shield-2.0\View\src\pages\Dashboard.vue","31","0","Medium Risk"
"metric-label","html-class","C:\DoAnTotNghiep\V-Shield-2.0\View\src\pages\Dashboard.vue","32","0","Medium Risk"
"metric-value","html-class","C:\DoAnTotNghiep\V-Shield-2.0\View\src\pages\Dashboard.vue","33","0","Medium Risk"
"metric-note","html-class","C:\DoAnTotNghiep\V-Shield-2.0\View\src\pages\Dashboard.vue","34","0","Medium Risk"
"ops-grid two","html-class","C:\DoAnTotNghiep\V-Shield-2.0\View\src\pages\Dashboard.vue","38","0","Medium Risk"
"ops-panel","html-class","C:\DoAnTotNghiep\V-Shield-2.0\View\src\pages\Dashboard.vue","39","0","Medium Risk"
"panel-head","html-class","C:\DoAnTotNghiep\V-Shield-2.0\View\src\pages\Dashboard.vue","40","0","Medium Risk"
"panel-kicker","html-class","C:\DoAnTotNghiep\V-Shield-2.0\View\src\pages\Dashboard.vue","42","0","Medium Risk"
"panel-title","html-class","C:\DoAnTotNghiep\V-Shield-2.0\View\src\pages\Dashboard.vue","43","0","Medium Risk"
"chip-row","html-class","C:\DoAnTotNghiep\V-Shield-2.0\View\src\pages\Dashboard.vue","45","0","Medium Risk"
"soft-chip","html-class","C:\DoAnTotNghiep\V-Shield-2.0\View\src\pages\Dashboard.vue","46","0","Medium Risk"
"soft-chip warn","html-class","C:\DoAnTotNghiep\V-Shield-2.0\View\src\pages\Dashboard.vue","47","0","Medium Risk"
"traffic-chart","html-class","C:\DoAnTotNghiep\V-Shield-2.0\View\src\pages\Dashboard.vue","51","0","Medium Risk"
"chart-day","html-class","C:\DoAnTotNghiep\V-Shield-2.0\View\src\pages\Dashboard.vue","52","0","Medium Risk"
"chart-stack","html-class","C:\DoAnTotNghiep\V-Shield-2.0\View\src\pages\Dashboard.vue","53","0","Medium Risk"
"chart-bar in","html-class","C:\DoAnTotNghiep\V-Shield-2.0\View\src\pages\Dashboard.vue","54","0","Medium Risk"
"chart-bar out","html-class","C:\DoAnTotNghiep\V-Shield-2.0\View\src\pages\Dashboard.vue","57","0","Medium Risk"
"empty-card","html-class","C:\DoAnTotNghiep\V-Shield-2.0\View\src\pages\Dashboard.vue","64","0","Medium Risk"
"ops-panel","html-class","C:\DoAnTotNghiep\V-Shield-2.0\View\src\pages\Dashboard.vue","67","0","Medium Risk"
"panel-head","html-class","C:\DoAnTotNghiep\V-Shield-2.0\View\src\pages\Dashboard.vue","68","0","Medium Risk"
"panel-kicker","html-class","C:\DoAnTotNghiep\V-Shield-2.0\View\src\pages\Dashboard.vue","70","0","Medium Risk"
"panel-title","html-class","C:\DoAnTotNghiep\V-Shield-2.0\View\src\pages\Dashboard.vue","71","0","Medium Risk"
"btn btn-secondary btn-sm","html-class","C:\DoAnTotNghiep\V-Shield-2.0\View\src\pages\Dashboard.vue","73","0","Medium Risk"
"surface-list scrollable-panel","html-class","C:\DoAnTotNghiep\V-Shield-2.0\View\src\pages\Dashboard.vue","76","0","Medium Risk"
"activity-item","html-class","C:\DoAnTotNghiep\V-Shield-2.0\View\src\pages\Dashboard.vue","77","0","Medium Risk"
"activity-dot","html-class","C:\DoAnTotNghiep\V-Shield-2.0\View\src\pages\Dashboard.vue","78","0","Medium Risk"
"activity-meta","html-class","C:\DoAnTotNghiep\V-Shield-2.0\View\src\pages\Dashboard.vue","79","0","Medium Risk"
"activity-copy","html-class","C:\DoAnTotNghiep\V-Shield-2.0\View\src\pages\Dashboard.vue","83","0","Medium Risk"
"chip-row","html-class","C:\DoAnTotNghiep\V-Shield-2.0\View\src\pages\Dashboard.vue","90","0","Medium Risk"
"soft-chip danger","html-class","C:\DoAnTotNghiep\V-Shield-2.0\View\src\pages\Dashboard.vue","91","0","Medium Risk"
"soft-chip warn","html-class","C:\DoAnTotNghiep\V-Shield-2.0\View\src\pages\Dashboard.vue","92","0","Medium Risk"
"soft-chip","html-class","C:\DoAnTotNghiep\V-Shield-2.0\View\src\pages\Dashboard.vue","93","0","Medium Risk"
"empty-card","html-class","C:\DoAnTotNghiep\V-Shield-2.0\View\src\pages\Dashboard.vue","98","0","Medium Risk"
"ops-grid three","html-class","C:\DoAnTotNghiep\V-Shield-2.0\View\src\pages\Dashboard.vue","102","0","Medium Risk"
"ops-panel","html-class","C:\DoAnTotNghiep\V-Shield-2.0\View\src\pages\Dashboard.vue","103","0","Medium Risk"
"panel-head compact","html-class","C:\DoAnTotNghiep\V-Shield-2.0\View\src\pages\Dashboard.vue","104","0","Medium Risk"
"panel-kicker","html-class","C:\DoAnTotNghiep\V-Shield-2.0\View\src\pages\Dashboard.vue","106","0","Medium Risk"
"panel-title","html-class","C:\DoAnTotNghiep\V-Shield-2.0\View\src\pages\Dashboard.vue","107","0","Medium Risk"
"surface-list","html-class","C:\DoAnTotNghiep\V-Shield-2.0\View\src\pages\Dashboard.vue","110","0","Medium Risk"
"surface-item","html-class","C:\DoAnTotNghiep\V-Shield-2.0\View\src\pages\Dashboard.vue","111","0","Medium Risk"
"inline-stat","html-class","C:\DoAnTotNghiep\V-Shield-2.0\View\src\pages\Dashboard.vue","112","0","Medium Risk"
"surface-item","html-class","C:\DoAnTotNghiep\V-Shield-2.0\View\src\pages\Dashboard.vue","117","0","Medium Risk"
"inline-stat","html-class","C:\DoAnTotNghiep\V-Shield-2.0\View\src\pages\Dashboard.vue","118","0","Medium Risk"
"ops-panel","html-class","C:\DoAnTotNghiep\V-Shield-2.0\View\src\pages\Dashboard.vue","126","0","Medium Risk"
"panel-head compact","html-class","C:\DoAnTotNghiep\V-Shield-2.0\View\src\pages\Dashboard.vue","127","0","Medium Risk"
"panel-kicker","html-class","C:\DoAnTotNghiep\V-Shield-2.0\View\src\pages\Dashboard.vue","129","0","Medium Risk"
"panel-title","html-class","C:\DoAnTotNghiep\V-Shield-2.0\View\src\pages\Dashboard.vue","130","0","Medium Risk"
"surface-list","html-class","C:\DoAnTotNghiep\V-Shield-2.0\View\src\pages\Dashboard.vue","133","0","Medium Risk"
"surface-item","html-class","C:\DoAnTotNghiep\V-Shield-2.0\View\src\pages\Dashboard.vue","134","0","Medium Risk"
"inline-stat","html-class","C:\DoAnTotNghiep\V-Shield-2.0\View\src\pages\Dashboard.vue","135","0","Medium Risk"
"surface-item","html-class","C:\DoAnTotNghiep\V-Shield-2.0\View\src\pages\Dashboard.vue","140","0","Medium Risk"
"inline-stat","html-class","C:\DoAnTotNghiep\V-Shield-2.0\View\src\pages\Dashboard.vue","141","0","Medium Risk"
"ops-panel","html-class","C:\DoAnTotNghiep\V-Shield-2.0\View\src\pages\Dashboard.vue","149","0","Medium Risk"
"panel-head compact","html-class","C:\DoAnTotNghiep\V-Shield-2.0\View\src\pages\Dashboard.vue","150","0","Medium Risk"
"panel-kicker","html-class","C:\DoAnTotNghiep\V-Shield-2.0\View\src\pages\Dashboard.vue","152","0","Medium Risk"
"panel-title","html-class","C:\DoAnTotNghiep\V-Shield-2.0\View\src\pages\Dashboard.vue","153","0","Medium Risk"
"surface-list","html-class","C:\DoAnTotNghiep\V-Shield-2.0\View\src\pages\Dashboard.vue","156","0","Medium Risk"
"surface-item","html-class","C:\DoAnTotNghiep\V-Shield-2.0\View\src\pages\Dashboard.vue","157","0","Medium Risk"
"inline-stat","html-class","C:\DoAnTotNghiep\V-Shield-2.0\View\src\pages\Dashboard.vue","158","0","Medium Risk"
"surface-item","html-class","C:\DoAnTotNghiep\V-Shield-2.0\View\src\pages\Dashboard.vue","163","0","Medium Risk"
"inline-stat","html-class","C:\DoAnTotNghiep\V-Shield-2.0\View\src\pages\Dashboard.vue","164","0","Medium Risk"
"page-container animate-in","html-class","C:\DoAnTotNghiep\V-Shield-2.0\View\src\pages\DepartmentPosition.vue","2","0","Medium Risk"
"page-header bento-header","html-class","C:\DoAnTotNghiep\V-Shield-2.0\View\src\pages\DepartmentPosition.vue","4","0","Medium Risk"
"greeting","html-class","C:\DoAnTotNghiep\V-Shield-2.0\View\src\pages\DepartmentPosition.vue","5","0","Medium Risk"
"page-title","html-class","C:\DoAnTotNghiep\V-Shield-2.0\View\src\pages\DepartmentPosition.vue","6","0","Medium Risk"
"page-subtitle","html-class","C:\DoAnTotNghiep\V-Shield-2.0\View\src\pages\DepartmentPosition.vue","7","0","Medium Risk"
"bento-grid-2col","html-class","C:\DoAnTotNghiep\V-Shield-2.0\View\src\pages\DepartmentPosition.vue","12","0","Medium Risk"
"bento-card table-section","html-class","C:\DoAnTotNghiep\V-Shield-2.0\View\src\pages\DepartmentPosition.vue","14","0","Medium Risk"
"card-header-mini","html-class","C:\DoAnTotNghiep\V-Shield-2.0\View\src\pages\DepartmentPosition.vue","15","0","Medium Risk"
"bento-title flex-center gap-2","html-class","C:\DoAnTotNghiep\V-Shield-2.0\View\src\pages\DepartmentPosition.vue","16","0","Medium Risk"
"title-icon","html-class","C:\DoAnTotNghiep\V-Shield-2.0\View\src\pages\DepartmentPosition.vue","17","0","Medium Risk"
"btn btn-primary btn-sm rounded-btn","html-class","C:\DoAnTotNghiep\V-Shield-2.0\View\src\pages\DepartmentPosition.vue","23","0","Medium Risk"
"empty-layout","html-class","C:\DoAnTotNghiep\V-Shield-2.0\View\src\pages\DepartmentPosition.vue","32","0","Medium Risk"
"spinner-lg","html-class","C:\DoAnTotNghiep\V-Shield-2.0\View\src\pages\DepartmentPosition.vue","33","0","Medium Risk"
"sleek-table-container","html-class","C:\DoAnTotNghiep\V-Shield-2.0\View\src\pages\DepartmentPosition.vue","35","0","Medium Risk"
"sleek-table","html-class","C:\DoAnTotNghiep\V-Shield-2.0\View\src\pages\DepartmentPosition.vue","36","0","Medium Risk"
"table-row","html-class","C:\DoAnTotNghiep\V-Shield-2.0\View\src\pages\DepartmentPosition.vue","46","0","Medium Risk"
"text-muted font-mono","html-class","C:\DoAnTotNghiep\V-Shield-2.0\View\src\pages\DepartmentPosition.vue","47","0","Medium Risk"
"font-medium text-primary","html-class","C:\DoAnTotNghiep\V-Shield-2.0\View\src\pages\DepartmentPosition.vue","48","0","Medium Risk"
"text-center","html-class","C:\DoAnTotNghiep\V-Shield-2.0\View\src\pages\DepartmentPosition.vue","49","0","Medium Risk"
"badge minimal","html-class","C:\DoAnTotNghiep\V-Shield-2.0\View\src\pages\DepartmentPosition.vue","50","0","Medium Risk"
"action-menu","html-class","C:\DoAnTotNghiep\V-Shield-2.0\View\src\pages\DepartmentPosition.vue","53","0","Medium Risk"
"icon-btn","html-class","C:\DoAnTotNghiep\V-Shield-2.0\View\src\pages\DepartmentPosition.vue","54","0","Medium Risk"
"icon-btn action-reject","html-class","C:\DoAnTotNghiep\V-Shield-2.0\View\src\pages\DepartmentPosition.vue","59","0","Medium Risk"
"py-8","html-class","C:\DoAnTotNghiep\V-Shield-2.0\View\src\pages\DepartmentPosition.vue","70","0","Medium Risk"
"empty-layout","html-class","C:\DoAnTotNghiep\V-Shield-2.0\View\src\pages\DepartmentPosition.vue","71","0","Medium Risk"
"text-muted","html-class","C:\DoAnTotNghiep\V-Shield-2.0\View\src\pages\DepartmentPosition.vue","72","0","Medium Risk"
"bento-card table-section","html-class","C:\DoAnTotNghiep\V-Shield-2.0\View\src\pages\DepartmentPosition.vue","82","0","Medium Risk"
"card-header-mini","html-class","C:\DoAnTotNghiep\V-Shield-2.0\View\src\pages\DepartmentPosition.vue","83","0","Medium Risk"
"bento-title flex-center gap-2","html-class","C:\DoAnTotNghiep\V-Shield-2.0\View\src\pages\DepartmentPosition.vue","84","0","Medium Risk"
"title-icon","html-class","C:\DoAnTotNghiep\V-Shield-2.0\View\src\pages\DepartmentPosition.vue","85","0","Medium Risk"
"btn btn-primary btn-sm rounded-btn","html-class","C:\DoAnTotNghiep\V-Shield-2.0\View\src\pages\DepartmentPosition.vue","91","0","Medium Risk"
"empty-layout","html-class","C:\DoAnTotNghiep\V-Shield-2.0\View\src\pages\DepartmentPosition.vue","100","0","Medium Risk"
"spinner-lg","html-class","C:\DoAnTotNghiep\V-Shield-2.0\View\src\pages\DepartmentPosition.vue","101","0","Medium Risk"
"sleek-table-container","html-class","C:\DoAnTotNghiep\V-Shield-2.0\View\src\pages\DepartmentPosition.vue","103","0","Medium Risk"
"sleek-table","html-class","C:\DoAnTotNghiep\V-Shield-2.0\View\src\pages\DepartmentPosition.vue","104","0","Medium Risk"
"table-row","html-class","C:\DoAnTotNghiep\V-Shield-2.0\View\src\pages\DepartmentPosition.vue","114","0","Medium Risk"
"text-muted font-mono","html-class","C:\DoAnTotNghiep\V-Shield-2.0\View\src\pages\DepartmentPosition.vue","115","0","Medium Risk"
"font-medium text-primary","html-class","C:\DoAnTotNghiep\V-Shield-2.0\View\src\pages\DepartmentPosition.vue","116","0","Medium Risk"
"text-center","html-class","C:\DoAnTotNghiep\V-Shield-2.0\View\src\pages\DepartmentPosition.vue","117","0","Medium Risk"
"badge minimal","html-class","C:\DoAnTotNghiep\V-Shield-2.0\View\src\pages\DepartmentPosition.vue","118","0","Medium Risk"
"action-menu","html-class","C:\DoAnTotNghiep\V-Shield-2.0\View\src\pages\DepartmentPosition.vue","121","0","Medium Risk"
"icon-btn","html-class","C:\DoAnTotNghiep\V-Shield-2.0\View\src\pages\DepartmentPosition.vue","122","0","Medium Risk"
"icon-btn action-reject","html-class","C:\DoAnTotNghiep\V-Shield-2.0\View\src\pages\DepartmentPosition.vue","127","0","Medium Risk"
"py-8","html-class","C:\DoAnTotNghiep\V-Shield-2.0\View\src\pages\DepartmentPosition.vue","138","0","Medium Risk"
"empty-layout","html-class","C:\DoAnTotNghiep\V-Shield-2.0\View\src\pages\DepartmentPosition.vue","139","0","Medium Risk"
"text-muted","html-class","C:\DoAnTotNghiep\V-Shield-2.0\View\src\pages\DepartmentPosition.vue","140","0","Medium Risk"
"modern-toast","html-class","C:\DoAnTotNghiep\V-Shield-2.0\View\src\pages\DepartmentPosition.vue","152","0","Medium Risk"
"toast-icon","html-class","C:\DoAnTotNghiep\V-Shield-2.0\View\src\pages\DepartmentPosition.vue","153","0","Medium Risk"
"modal-backdrop","html-class","C:\DoAnTotNghiep\V-Shield-2.0\View\src\pages\DepartmentPosition.vue","171","0","Medium Risk"
"modern-modal mini","html-class","C:\DoAnTotNghiep\V-Shield-2.0\View\src\pages\DepartmentPosition.vue","172","0","Medium Risk"
"modal-top","html-class","C:\DoAnTotNghiep\V-Shield-2.0\View\src\pages\DepartmentPosition.vue","173","0","Medium Risk"
"icon-close","html-class","C:\DoAnTotNghiep\V-Shield-2.0\View\src\pages\DepartmentPosition.vue","175","0","Medium Risk"
"modal-body","html-class","C:\DoAnTotNghiep\V-Shield-2.0\View\src\pages\DepartmentPosition.vue","181","0","Medium Risk"
"input-pane mb-4","html-class","C:\DoAnTotNghiep\V-Shield-2.0\View\src\pages\DepartmentPosition.vue","182","0","Medium Risk"
"req","html-class","C:\DoAnTotNghiep\V-Shield-2.0\View\src\pages\DepartmentPosition.vue","183","0","Medium Risk"
"sleek-input","html-class","C:\DoAnTotNghiep\V-Shield-2.0\View\src\pages\DepartmentPosition.vue","184","0","Medium Risk"
"error-box mb-4","html-class","C:\DoAnTotNghiep\V-Shield-2.0\View\src\pages\DepartmentPosition.vue","187","0","Medium Risk"
"modal-actions","html-class","C:\DoAnTotNghiep\V-Shield-2.0\View\src\pages\DepartmentPosition.vue","193","0","Medium Risk"
"btn btn-secondary","html-class","C:\DoAnTotNghiep\V-Shield-2.0\View\src\pages\DepartmentPosition.vue","194","0","Medium Risk"
"btn btn-primary","html-class","C:\DoAnTotNghiep\V-Shield-2.0\View\src\pages\DepartmentPosition.vue","195","0","Medium Risk"
"spinner-sm","html-class","C:\DoAnTotNghiep\V-Shield-2.0\View\src\pages\DepartmentPosition.vue","196","0","Medium Risk"
"modal-backdrop","html-class","C:\DoAnTotNghiep\V-Shield-2.0\View\src\pages\DepartmentPosition.vue","207","0","Medium Risk"
"modern-modal mini","html-class","C:\DoAnTotNghiep\V-Shield-2.0\View\src\pages\DepartmentPosition.vue","208","0","Medium Risk"
"modal-top","html-class","C:\DoAnTotNghiep\V-Shield-2.0\View\src\pages\DepartmentPosition.vue","209","0","Medium Risk"
"icon-close","html-class","C:\DoAnTotNghiep\V-Shield-2.0\View\src\pages\DepartmentPosition.vue","211","0","Medium Risk"
"modal-body","html-class","C:\DoAnTotNghiep\V-Shield-2.0\View\src\pages\DepartmentPosition.vue","217","0","Medium Risk"
"input-pane mb-4","html-class","C:\DoAnTotNghiep\V-Shield-2.0\View\src\pages\DepartmentPosition.vue","218","0","Medium Risk"
"req","html-class","C:\DoAnTotNghiep\V-Shield-2.0\View\src\pages\DepartmentPosition.vue","219","0","Medium Risk"
"sleek-input","html-class","C:\DoAnTotNghiep\V-Shield-2.0\View\src\pages\DepartmentPosition.vue","220","0","Medium Risk"
"error-box mb-4","html-class","C:\DoAnTotNghiep\V-Shield-2.0\View\src\pages\DepartmentPosition.vue","223","0","Medium Risk"
"modal-actions","html-class","C:\DoAnTotNghiep\V-Shield-2.0\View\src\pages\DepartmentPosition.vue","229","0","Medium Risk"
"btn btn-secondary","html-class","C:\DoAnTotNghiep\V-Shield-2.0\View\src\pages\DepartmentPosition.vue","230","0","Medium Risk"
"btn btn-primary","html-class","C:\DoAnTotNghiep\V-Shield-2.0\View\src\pages\DepartmentPosition.vue","231","0","Medium Risk"
"spinner-sm","html-class","C:\DoAnTotNghiep\V-Shield-2.0\View\src\pages\DepartmentPosition.vue","232","0","Medium Risk"
"modal-backdrop","html-class","C:\DoAnTotNghiep\V-Shield-2.0\View\src\pages\DepartmentPosition.vue","243","0","Medium Risk"
"modern-modal mini","html-class","C:\DoAnTotNghiep\V-Shield-2.0\View\src\pages\DepartmentPosition.vue","244","0","Medium Risk"
"modal-body text-center","html-class","C:\DoAnTotNghiep\V-Shield-2.0\View\src\pages\DepartmentPosition.vue","245","0","Medium Risk"
"warning-icon","html-class","C:\DoAnTotNghiep\V-Shield-2.0\View\src\pages\DepartmentPosition.vue","246","0","Medium Risk"
"error-box text-left mb-4","html-class","C:\DoAnTotNghiep\V-Shield-2.0\View\src\pages\DepartmentPosition.vue","258","0","Medium Risk"
"modal-actions centered","html-class","C:\DoAnTotNghiep\V-Shield-2.0\View\src\pages\DepartmentPosition.vue","259","0","Medium Risk"
"btn btn-secondary","html-class","C:\DoAnTotNghiep\V-Shield-2.0\View\src\pages\DepartmentPosition.vue","260","0","Medium Risk"
"handleDelete","json-key","C:\DoAnTotNghiep\V-Shield-2.0\View\src\pages\DepartmentPosition.vue","261","0","Critical"
"btn btn-danger","html-class","C:\DoAnTotNghiep\V-Shield-2.0\View\src\pages\DepartmentPosition.vue","261","0","Medium Risk"
"spinner-sm","html-class","C:\DoAnTotNghiep\V-Shield-2.0\View\src\pages\DepartmentPosition.vue","262","0","Medium Risk"
"page-container ops-page animate-in","html-class","C:\DoAnTotNghiep\V-Shield-2.0\View\src\pages\DeviceManagement.vue","2","0","Medium Risk"
"page-header-bar","html-class","C:\DoAnTotNghiep\V-Shield-2.0\View\src\pages\DeviceManagement.vue","3","0","Medium Risk"
"panel-kicker","html-class","C:\DoAnTotNghiep\V-Shield-2.0\View\src\pages\DeviceManagement.vue","5","0","Medium Risk"
"page-title","html-class","C:\DoAnTotNghiep\V-Shield-2.0\View\src\pages\DeviceManagement.vue","6","0","Medium Risk"
"header-actions","html-class","C:\DoAnTotNghiep\V-Shield-2.0\View\src\pages\DeviceManagement.vue","8","0","Medium Risk"
"btn btn-primary","html-class","C:\DoAnTotNghiep\V-Shield-2.0\View\src\pages\DeviceManagement.vue","9","0","Medium Risk"
"btn btn-secondary","html-class","C:\DoAnTotNghiep\V-Shield-2.0\View\src\pages\DeviceManagement.vue","10","0","Medium Risk"
"ops-grid two","html-class","C:\DoAnTotNghiep\V-Shield-2.0\View\src\pages\DeviceManagement.vue","14","0","Medium Risk"
"ops-panel","html-class","C:\DoAnTotNghiep\V-Shield-2.0\View\src\pages\DeviceManagement.vue","15","0","Medium Risk"
"panel-head","html-class","C:\DoAnTotNghiep\V-Shield-2.0\View\src\pages\DeviceManagement.vue","16","0","Medium Risk"
"panel-kicker","html-class","C:\DoAnTotNghiep\V-Shield-2.0\View\src\pages\DeviceManagement.vue","18","0","Medium Risk"
"panel-title","html-class","C:\DoAnTotNghiep\V-Shield-2.0\View\src\pages\DeviceManagement.vue","19","0","Medium Risk"
"btn btn-secondary btn-sm","html-class","C:\DoAnTotNghiep\V-Shield-2.0\View\src\pages\DeviceManagement.vue","21","0","Medium Risk"
"empty-card","html-class","C:\DoAnTotNghiep\V-Shield-2.0\View\src\pages\DeviceManagement.vue","24","0","Medium Risk"
"empty-card","html-class","C:\DoAnTotNghiep\V-Shield-2.0\View\src\pages\DeviceManagement.vue","25","0","Medium Risk"
"table-container","html-class","C:\DoAnTotNghiep\V-Shield-2.0\View\src\pages\DeviceManagement.vue","26","0","Medium Risk"
"data-table","html-class","C:\DoAnTotNghiep\V-Shield-2.0\View\src\pages\DeviceManagement.vue","27","0","Medium Risk"
"plate-pill","html-class","C:\DoAnTotNghiep\V-Shield-2.0\View\src\pages\DeviceManagement.vue","43","0","Medium Risk"
"table-sub","html-class","C:\DoAnTotNghiep\V-Shield-2.0\View\src\pages\DeviceManagement.vue","44","0","Medium Risk"
"panel-actions","html-class","C:\DoAnTotNghiep\V-Shield-2.0\View\src\pages\DeviceManagement.vue","47","0","Medium Risk"
"btn btn-secondary btn-sm","html-class","C:\DoAnTotNghiep\V-Shield-2.0\View\src\pages\DeviceManagement.vue","48","0","Medium Risk"
"btn btn-danger btn-sm","html-class","C:\DoAnTotNghiep\V-Shield-2.0\View\src\pages\DeviceManagement.vue","49","0","Medium Risk"
"pagination-bar","html-class","C:\DoAnTotNghiep\V-Shield-2.0\View\src\pages\DeviceManagement.vue","57","0","Medium Risk"
"page-buttons","html-class","C:\DoAnTotNghiep\V-Shield-2.0\View\src\pages\DeviceManagement.vue","59","0","Medium Risk"
"page-btn","html-class","C:\DoAnTotNghiep\V-Shield-2.0\View\src\pages\DeviceManagement.vue","60","0","Medium Risk"
"page-btn","html-class","C:\DoAnTotNghiep\V-Shield-2.0\View\src\pages\DeviceManagement.vue","61","0","Medium Risk"
"page-btn","html-class","C:\DoAnTotNghiep\V-Shield-2.0\View\src\pages\DeviceManagement.vue","62","0","Medium Risk"
"ops-panel","html-class","C:\DoAnTotNghiep\V-Shield-2.0\View\src\pages\DeviceManagement.vue","67","0","Medium Risk"
"panel-head","html-class","C:\DoAnTotNghiep\V-Shield-2.0\View\src\pages\DeviceManagement.vue","68","0","Medium Risk"
"panel-kicker","html-class","C:\DoAnTotNghiep\V-Shield-2.0\View\src\pages\DeviceManagement.vue","70","0","Medium Risk"
"panel-title","html-class","C:\DoAnTotNghiep\V-Shield-2.0\View\src\pages\DeviceManagement.vue","71","0","Medium Risk"
"btn btn-secondary btn-sm","html-class","C:\DoAnTotNghiep\V-Shield-2.0\View\src\pages\DeviceManagement.vue","73","0","Medium Risk"
"empty-card","html-class","C:\DoAnTotNghiep\V-Shield-2.0\View\src\pages\DeviceManagement.vue","76","0","Medium Risk"
"empty-card","html-class","C:\DoAnTotNghiep\V-Shield-2.0\View\src\pages\DeviceManagement.vue","77","0","Medium Risk"
"table-container","html-class","C:\DoAnTotNghiep\V-Shield-2.0\View\src\pages\DeviceManagement.vue","78","0","Medium Risk"
"data-table","html-class","C:\DoAnTotNghiep\V-Shield-2.0\View\src\pages\DeviceManagement.vue","79","0","Medium Risk"
"panel-actions","html-class","C:\DoAnTotNghiep\V-Shield-2.0\View\src\pages\DeviceManagement.vue","96","0","Medium Risk"
"btn btn-secondary btn-sm","html-class","C:\DoAnTotNghiep\V-Shield-2.0\View\src\pages\DeviceManagement.vue","97","0","Medium Risk"
"btn btn-danger btn-sm","html-class","C:\DoAnTotNghiep\V-Shield-2.0\View\src\pages\DeviceManagement.vue","98","0","Medium Risk"
"pagination-bar","html-class","C:\DoAnTotNghiep\V-Shield-2.0\View\src\pages\DeviceManagement.vue","106","0","Medium Risk"
"page-buttons","html-class","C:\DoAnTotNghiep\V-Shield-2.0\View\src\pages\DeviceManagement.vue","108","0","Medium Risk"
"page-btn","html-class","C:\DoAnTotNghiep\V-Shield-2.0\View\src\pages\DeviceManagement.vue","109","0","Medium Risk"
"page-btn","html-class","C:\DoAnTotNghiep\V-Shield-2.0\View\src\pages\DeviceManagement.vue","110","0","Medium Risk"
"page-btn","html-class","C:\DoAnTotNghiep\V-Shield-2.0\View\src\pages\DeviceManagement.vue","111","0","Medium Risk"
"modal-overlay","html-class","C:\DoAnTotNghiep\V-Shield-2.0\View\src\pages\DeviceManagement.vue","118","0","Medium Risk"
"modal","html-class","C:\DoAnTotNghiep\V-Shield-2.0\View\src\pages\DeviceManagement.vue","119","0","Medium Risk"
"modal-header","html-class","C:\DoAnTotNghiep\V-Shield-2.0\View\src\pages\DeviceManagement.vue","120","0","Medium Risk"
"modal-title","html-class","C:\DoAnTotNghiep\V-Shield-2.0\View\src\pages\DeviceManagement.vue","121","0","Medium Risk"
"modal-close","html-class","C:\DoAnTotNghiep\V-Shield-2.0\View\src\pages\DeviceManagement.vue","122","0","Medium Risk"
"form-row","html-class","C:\DoAnTotNghiep\V-Shield-2.0\View\src\pages\DeviceManagement.vue","125","0","Medium Risk"
"form-group","html-class","C:\DoAnTotNghiep\V-Shield-2.0\View\src\pages\DeviceManagement.vue","126","0","Medium Risk"
"form-group","html-class","C:\DoAnTotNghiep\V-Shield-2.0\View\src\pages\DeviceManagement.vue","130","0","Medium Risk"
"form-group","html-class","C:\DoAnTotNghiep\V-Shield-2.0\View\src\pages\DeviceManagement.vue","136","0","Medium Risk"
"form-group","html-class","C:\DoAnTotNghiep\V-Shield-2.0\View\src\pages\DeviceManagement.vue","141","0","Medium Risk"
"filter-select","html-class","C:\DoAnTotNghiep\V-Shield-2.0\View\src\pages\DeviceManagement.vue","143","0","Medium Risk"
"empty-card error-card","html-class","C:\DoAnTotNghiep\V-Shield-2.0\View\src\pages\DeviceManagement.vue","149","0","Medium Risk"
"modal-footer","html-class","C:\DoAnTotNghiep\V-Shield-2.0\View\src\pages\DeviceManagement.vue","151","0","Medium Risk"
"btn btn-secondary","html-class","C:\DoAnTotNghiep\V-Shield-2.0\View\src\pages\DeviceManagement.vue","152","0","Medium Risk"
"btn btn-primary","html-class","C:\DoAnTotNghiep\V-Shield-2.0\View\src\pages\DeviceManagement.vue","153","0","Medium Risk"
"modal-overlay","html-class","C:\DoAnTotNghiep\V-Shield-2.0\View\src\pages\DeviceManagement.vue","162","0","Medium Risk"
"modal","html-class","C:\DoAnTotNghiep\V-Shield-2.0\View\src\pages\DeviceManagement.vue","163","0","Medium Risk"
"modal-header","html-class","C:\DoAnTotNghiep\V-Shield-2.0\View\src\pages\DeviceManagement.vue","164","0","Medium Risk"
"modal-title","html-class","C:\DoAnTotNghiep\V-Shield-2.0\View\src\pages\DeviceManagement.vue","165","0","Medium Risk"
"modal-close","html-class","C:\DoAnTotNghiep\V-Shield-2.0\View\src\pages\DeviceManagement.vue","166","0","Medium Risk"
"form-row","html-class","C:\DoAnTotNghiep\V-Shield-2.0\View\src\pages\DeviceManagement.vue","169","0","Medium Risk"
"form-group","html-class","C:\DoAnTotNghiep\V-Shield-2.0\View\src\pages\DeviceManagement.vue","170","0","Medium Risk"
"form-group","html-class","C:\DoAnTotNghiep\V-Shield-2.0\View\src\pages\DeviceManagement.vue","174","0","Medium Risk"
"empty-card error-card","html-class","C:\DoAnTotNghiep\V-Shield-2.0\View\src\pages\DeviceManagement.vue","180","0","Medium Risk"
"modal-footer","html-class","C:\DoAnTotNghiep\V-Shield-2.0\View\src\pages\DeviceManagement.vue","182","0","Medium Risk"
"btn btn-secondary","html-class","C:\DoAnTotNghiep\V-Shield-2.0\View\src\pages\DeviceManagement.vue","183","0","Medium Risk"
"btn btn-primary","html-class","C:\DoAnTotNghiep\V-Shield-2.0\View\src\pages\DeviceManagement.vue","184","0","Medium Risk"
"page-container animate-in","html-class","C:\DoAnTotNghiep\V-Shield-2.0\View\src\pages\Employees.vue","2","0","Medium Risk"
"page-header bento-header","html-class","C:\DoAnTotNghiep\V-Shield-2.0\View\src\pages\Employees.vue","4","0","Medium Risk"
"greeting","html-class","C:\DoAnTotNghiep\V-Shield-2.0\View\src\pages\Employees.vue","5","0","Medium Risk"
"page-title","html-class","C:\DoAnTotNghiep\V-Shield-2.0\View\src\pages\Employees.vue","6","0","Medium Risk"
"page-subtitle","html-class","C:\DoAnTotNghiep\V-Shield-2.0\View\src\pages\Employees.vue","7","0","Medium Risk"
"header-actions","html-class","C:\DoAnTotNghiep\V-Shield-2.0\View\src\pages\Employees.vue","9","0","Medium Risk"
"btn btn-primary","html-class","C:\DoAnTotNghiep\V-Shield-2.0\View\src\pages\Employees.vue","10","0","Medium Risk"
"bento-grid-mini","html-class","C:\DoAnTotNghiep\V-Shield-2.0\View\src\pages\Employees.vue","21","0","Medium Risk"
"bento-card stat-card","html-class","C:\DoAnTotNghiep\V-Shield-2.0\View\src\pages\Employees.vue","22","0","Medium Risk"
"stat-icon-wrapper blue","html-class","C:\DoAnTotNghiep\V-Shield-2.0\View\src\pages\Employees.vue","23","0","Medium Risk"
"stat-details","html-class","C:\DoAnTotNghiep\V-Shield-2.0\View\src\pages\Employees.vue","26","0","Medium Risk"
"stat-val","html-class","C:\DoAnTotNghiep\V-Shield-2.0\View\src\pages\Employees.vue","27","0","Medium Risk"
"stat-lbl","html-class","C:\DoAnTotNghiep\V-Shield-2.0\View\src\pages\Employees.vue","28","0","Medium Risk"
"bento-card stat-card","html-class","C:\DoAnTotNghiep\V-Shield-2.0\View\src\pages\Employees.vue","31","0","Medium Risk"
"stat-icon-wrapper green","html-class","C:\DoAnTotNghiep\V-Shield-2.0\View\src\pages\Employees.vue","32","0","Medium Risk"
"stat-details","html-class","C:\DoAnTotNghiep\V-Shield-2.0\View\src\pages\Employees.vue","35","0","Medium Risk"
"stat-val green","html-class","C:\DoAnTotNghiep\V-Shield-2.0\View\src\pages\Employees.vue","36","0","Medium Risk"
"stat-lbl","html-class","C:\DoAnTotNghiep\V-Shield-2.0\View\src\pages\Employees.vue","37","0","Medium Risk"
"bento-card stat-card","html-class","C:\DoAnTotNghiep\V-Shield-2.0\View\src\pages\Employees.vue","40","0","Medium Risk"
"stat-icon-wrapper red","html-class","C:\DoAnTotNghiep\V-Shield-2.0\View\src\pages\Employees.vue","41","0","Medium Risk"
"stat-details","html-class","C:\DoAnTotNghiep\V-Shield-2.0\View\src\pages\Employees.vue","44","0","Medium Risk"
"stat-val red","html-class","C:\DoAnTotNghiep\V-Shield-2.0\View\src\pages\Employees.vue","45","0","Medium Risk"
"stat-lbl","html-class","C:\DoAnTotNghiep\V-Shield-2.0\View\src\pages\Employees.vue","46","0","Medium Risk"
"bento-card table-section","html-class","C:\DoAnTotNghiep\V-Shield-2.0\View\src\pages\Employees.vue","52","0","Medium Risk"
"table-toolbar","html-class","C:\DoAnTotNghiep\V-Shield-2.0\View\src\pages\Employees.vue","53","0","Medium Risk"
"search-box","html-class","C:\DoAnTotNghiep\V-Shield-2.0\View\src\pages\Employees.vue","54","0","Medium Risk"
"search-icon","html-class","C:\DoAnTotNghiep\V-Shield-2.0\View\src\pages\Employees.vue","55","0","Medium Risk"
"filter-box","html-class","C:\DoAnTotNghiep\V-Shield-2.0\View\src\pages\Employees.vue","61","0","Medium Risk"
"minimal-select","html-class","C:\DoAnTotNghiep\V-Shield-2.0\View\src\pages\Employees.vue","62","0","Medium Risk"
"empty-layout","html-class","C:\DoAnTotNghiep\V-Shield-2.0\View\src\pages\Employees.vue","71","0","Medium Risk"
"spinner-lg","html-class","C:\DoAnTotNghiep\V-Shield-2.0\View\src\pages\Employees.vue","72","0","Medium Risk"
"empty-layout error-layout","html-class","C:\DoAnTotNghiep\V-Shield-2.0\View\src\pages\Employees.vue","75","0","Medium Risk"
"btn btn-primary","html-class","C:\DoAnTotNghiep\V-Shield-2.0\View\src\pages\Employees.vue","77","0","Medium Risk"
"sleek-table-container","html-class","C:\DoAnTotNghiep\V-Shield-2.0\View\src\pages\Employees.vue","86","0","Medium Risk"
"sleek-table","html-class","C:\DoAnTotNghiep\V-Shield-2.0\View\src\pages\Employees.vue","87","0","Medium Risk"
"text-right","html-class","C:\DoAnTotNghiep\V-Shield-2.0\View\src\pages\Employees.vue","94","0","Medium Risk"
"table-row","html-class","C:\DoAnTotNghiep\V-Shield-2.0\View\src\pages\Employees.vue","98","0","Medium Risk"
"user-cell","html-class","C:\DoAnTotNghiep\V-Shield-2.0\View\src\pages\Employees.vue","100","0","Medium Risk"
"avatar","html-class","C:\DoAnTotNghiep\V-Shield-2.0\View\src\pages\Employees.vue","101","0","Medium Risk"
"avatar-img","html-class","C:\DoAnTotNghiep\V-Shield-2.0\View\src\pages\Employees.vue","104","0","Medium Risk"
"user-info","html-class","C:\DoAnTotNghiep\V-Shield-2.0\View\src\pages\Employees.vue","105","0","Medium Risk"
"user-name","html-class","C:\DoAnTotNghiep\V-Shield-2.0\View\src\pages\Employees.vue","106","0","Medium Risk"
"user-id","html-class","C:\DoAnTotNghiep\V-Shield-2.0\View\src\pages\Employees.vue","107","0","Medium Risk"
"contact-cell","html-class","C:\DoAnTotNghiep\V-Shield-2.0\View\src\pages\Employees.vue","112","0","Medium Risk"
"contact-item","html-class","C:\DoAnTotNghiep\V-Shield-2.0\View\src\pages\Employees.vue","113","0","Medium Risk"
"contact-item","html-class","C:\DoAnTotNghiep\V-Shield-2.0\View\src\pages\Employees.vue","114","0","Medium Risk"
"role-cell","html-class","C:\DoAnTotNghiep\V-Shield-2.0\View\src\pages\Employees.vue","118","0","Medium Risk"
"dept","html-class","C:\DoAnTotNghiep\V-Shield-2.0\View\src\pages\Employees.vue","119","0","Medium Risk"
"pos","html-class","C:\DoAnTotNghiep\V-Shield-2.0\View\src\pages\Employees.vue","120","0","Medium Risk"
"status-pill","html-class","C:\DoAnTotNghiep\V-Shield-2.0\View\src\pages\Employees.vue","124","0","Medium Risk"
"pill-dot","html-class","C:\DoAnTotNghiep\V-Shield-2.0\View\src\pages\Employees.vue","125","0","Medium Risk"
"text-right","html-class","C:\DoAnTotNghiep\V-Shield-2.0\View\src\pages\Employees.vue","129","0","Medium Risk"
"action-menu","html-class","C:\DoAnTotNghiep\V-Shield-2.0\View\src\pages\Employees.vue","130","0","Medium Risk"
"icon-btn","html-class","C:\DoAnTotNghiep\V-Shield-2.0\View\src\pages\Employees.vue","131","0","Medium Risk"
"icon-btn","html-class","C:\DoAnTotNghiep\V-Shield-2.0\View\src\pages\Employees.vue","134","0","Medium Risk"
"icon-btn danger","html-class","C:\DoAnTotNghiep\V-Shield-2.0\View\src\pages\Employees.vue","138","0","Medium Risk"
"empty-state","html-class","C:\DoAnTotNghiep\V-Shield-2.0\View\src\pages\Employees.vue","145","0","Medium Risk"
"pagination-bar","html-class","C:\DoAnTotNghiep\V-Shield-2.0\View\src\pages\Employees.vue","151","0","Medium Risk"
"page-buttons","html-class","C:\DoAnTotNghiep\V-Shield-2.0\View\src\pages\Employees.vue","153","0","Medium Risk"
"page-btn","html-class","C:\DoAnTotNghiep\V-Shield-2.0\View\src\pages\Employees.vue","154","0","Medium Risk"
"page-btn","html-class","C:\DoAnTotNghiep\V-Shield-2.0\View\src\pages\Employees.vue","155","0","Medium Risk"
"page-btn","html-class","C:\DoAnTotNghiep\V-Shield-2.0\View\src\pages\Employees.vue","156","0","Medium Risk"
"modal-backdrop","html-class","C:\DoAnTotNghiep\V-Shield-2.0\View\src\pages\Employees.vue","163","0","Medium Risk"
"modern-modal","html-class","C:\DoAnTotNghiep\V-Shield-2.0\View\src\pages\Employees.vue","164","0","Medium Risk"
"modal-top","html-class","C:\DoAnTotNghiep\V-Shield-2.0\View\src\pages\Employees.vue","165","0","Medium Risk"
"icon-close","html-class","C:\DoAnTotNghiep\V-Shield-2.0\View\src\pages\Employees.vue","167","0","Medium Risk"
"modal-body","html-class","C:\DoAnTotNghiep\V-Shield-2.0\View\src\pages\Employees.vue","170","0","Medium Risk"
"input-pane","html-class","C:\DoAnTotNghiep\V-Shield-2.0\View\src\pages\Employees.vue","171","0","Medium Risk"
"req","html-class","C:\DoAnTotNghiep\V-Shield-2.0\View\src\pages\Employees.vue","172","0","Medium Risk"
"sleek-input","html-class","C:\DoAnTotNghiep\V-Shield-2.0\View\src\pages\Employees.vue","173","0","Medium Risk"
"{ 'input-error': empNameValidation.touched && !empNameValidation.isValid && modalForm.fullName.length >= 2, 'input-success': empNameValidation.isValid }","html-class","C:\DoAnTotNghiep\V-Shield-2.0\View\src\pages\Employees.vue","176","0","Medium Risk"
"name-feedback","html-class","C:\DoAnTotNghiep\V-Shield-2.0\View\src\pages\Employees.vue","177","0","Medium Risk"
"feedback-success","html-class","C:\DoAnTotNghiep\V-Shield-2.0\View\src\pages\Employees.vue","178","0","Medium Risk"
"feedback-error","html-class","C:\DoAnTotNghiep\V-Shield-2.0\View\src\pages\Employees.vue","182","0","Medium Risk"
"grid-2","html-class","C:\DoAnTotNghiep\V-Shield-2.0\View\src\pages\Employees.vue","188","0","Medium Risk"
"input-pane","html-class","C:\DoAnTotNghiep\V-Shield-2.0\View\src\pages\Employees.vue","189","0","Medium Risk"
"sleek-input","html-class","C:\DoAnTotNghiep\V-Shield-2.0\View\src\pages\Employees.vue","191","0","Medium Risk"
"input-pane","html-class","C:\DoAnTotNghiep\V-Shield-2.0\View\src\pages\Employees.vue","193","0","Medium Risk"
"sleek-input","html-class","C:\DoAnTotNghiep\V-Shield-2.0\View\src\pages\Employees.vue","195","0","Medium Risk"
"grid-2","html-class","C:\DoAnTotNghiep\V-Shield-2.0\View\src\pages\Employees.vue","198","0","Medium Risk"
"input-pane","html-class","C:\DoAnTotNghiep\V-Shield-2.0\View\src\pages\Employees.vue","199","0","Medium Risk"
"sleek-select","html-class","C:\DoAnTotNghiep\V-Shield-2.0\View\src\pages\Employees.vue","201","0","Medium Risk"
"input-pane","html-class","C:\DoAnTotNghiep\V-Shield-2.0\View\src\pages\Employees.vue","206","0","Medium Risk"
"sleek-select","html-class","C:\DoAnTotNghiep\V-Shield-2.0\View\src\pages\Employees.vue","208","0","Medium Risk"
"input-pane","html-class","C:\DoAnTotNghiep\V-Shield-2.0\View\src\pages\Employees.vue","214","0","Medium Risk"
"sleek-select","html-class","C:\DoAnTotNghiep\V-Shield-2.0\View\src\pages\Employees.vue","216","0","Medium Risk"
"input-pane","html-class","C:\DoAnTotNghiep\V-Shield-2.0\View\src\pages\Employees.vue","223","0","Medium Risk"
"face-input-tabs","html-class","C:\DoAnTotNghiep\V-Shield-2.0\View\src\pages\Employees.vue","226","0","Medium Risk"
"pill-btn","html-class","C:\DoAnTotNghiep\V-Shield-2.0\View\src\pages\Employees.vue","227","0","Medium Risk"
"pill-btn","html-class","C:\DoAnTotNghiep\V-Shield-2.0\View\src\pages\Employees.vue","228","0","Medium Risk"
"face-dropzone","html-class","C:\DoAnTotNghiep\V-Shield-2.0\View\src\pages\Employees.vue","232","0","Medium Risk"
"facePreview","json-key","C:\DoAnTotNghiep\V-Shield-2.0\View\src\pages\Employees.vue","233","0","Critical"
"face-preview-img","html-class","C:\DoAnTotNghiep\V-Shield-2.0\View\src\pages\Employees.vue","233","0","Medium Risk"
"dropzone-text","html-class","C:\DoAnTotNghiep\V-Shield-2.0\View\src\pages\Employees.vue","234","0","Medium Risk"
"text-right","html-class","C:\DoAnTotNghiep\V-Shield-2.0\View\src\pages\Employees.vue","241","0","Medium Risk"
"btn-text danger","html-class","C:\DoAnTotNghiep\V-Shield-2.0\View\src\pages\Employees.vue","242","0","Medium Risk"
"url-input-pane","html-class","C:\DoAnTotNghiep\V-Shield-2.0\View\src\pages\Employees.vue","246","0","Medium Risk"
"sleek-input","html-class","C:\DoAnTotNghiep\V-Shield-2.0\View\src\pages\Employees.vue","247","0","Medium Risk"
"face-dropzone url-preview","html-class","C:\DoAnTotNghiep\V-Shield-2.0\View\src\pages\Employees.vue","248","0","Medium Risk"
"face-preview-img","html-class","C:\DoAnTotNghiep\V-Shield-2.0\View\src\pages\Employees.vue","249","0","Medium Risk"
"dropzone-text","html-class","C:\DoAnTotNghiep\V-Shield-2.0\View\src\pages\Employees.vue","250","0","Medium Risk"
"text-right","html-class","C:\DoAnTotNghiep\V-Shield-2.0\View\src\pages\Employees.vue","255","0","Medium Risk"
"btn-text danger","html-class","C:\DoAnTotNghiep\V-Shield-2.0\View\src\pages\Employees.vue","256","0","Medium Risk"
"alert-box error","html-class","C:\DoAnTotNghiep\V-Shield-2.0\View\src\pages\Employees.vue","261","0","Medium Risk"
"modal-actions","html-class","C:\DoAnTotNghiep\V-Shield-2.0\View\src\pages\Employees.vue","263","0","Medium Risk"
"btn btn-secondary","html-class","C:\DoAnTotNghiep\V-Shield-2.0\View\src\pages\Employees.vue","264","0","Medium Risk"
"btn btn-primary","html-class","C:\DoAnTotNghiep\V-Shield-2.0\View\src\pages\Employees.vue","265","0","Medium Risk"
"spinner-sm","html-class","C:\DoAnTotNghiep\V-Shield-2.0\View\src\pages\Employees.vue","266","0","Medium Risk"
"modal-backdrop","html-class","C:\DoAnTotNghiep\V-Shield-2.0\View\src\pages\Employees.vue","276","0","Medium Risk"
"modern-modal mini","html-class","C:\DoAnTotNghiep\V-Shield-2.0\View\src\pages\Employees.vue","277","0","Medium Risk"
"modal-top borderless","html-class","C:\DoAnTotNghiep\V-Shield-2.0\View\src\pages\Employees.vue","278","0","Medium Risk"
"modal-body text-center","html-class","C:\DoAnTotNghiep\V-Shield-2.0\View\src\pages\Employees.vue","281","0","Medium Risk"
"warning-icon","html-class","C:\DoAnTotNghiep\V-Shield-2.0\View\src\pages\Employees.vue","282","0","Medium Risk"
"text-danger mt-1","html-class","C:\DoAnTotNghiep\V-Shield-2.0\View\src\pages\Employees.vue","284","0","Medium Risk"
"modal-actions mt-4","html-class","C:\DoAnTotNghiep\V-Shield-2.0\View\src\pages\Employees.vue","286","0","Medium Risk"
"btn btn-secondary","html-class","C:\DoAnTotNghiep\V-Shield-2.0\View\src\pages\Employees.vue","287","0","Medium Risk"
"handleDelete","json-key","C:\DoAnTotNghiep\V-Shield-2.0\View\src\pages\Employees.vue","288","0","Critical"
"btn btn-danger","html-class","C:\DoAnTotNghiep\V-Shield-2.0\View\src\pages\Employees.vue","288","0","Medium Risk"
"spinner-sm","html-class","C:\DoAnTotNghiep\V-Shield-2.0\View\src\pages\Employees.vue","289","0","Medium Risk"
"toast-card","html-class","C:\DoAnTotNghiep\V-Shield-2.0\View\src\pages\Employees.vue","299","0","Medium Risk"
"page-container ops-page animate-in","html-class","C:\DoAnTotNghiep\V-Shield-2.0\View\src\pages\Exceptions.vue","2","0","Medium Risk"
"page-header-bar","html-class","C:\DoAnTotNghiep\V-Shield-2.0\View\src\pages\Exceptions.vue","3","0","Medium Risk"
"panel-kicker","html-class","C:\DoAnTotNghiep\V-Shield-2.0\View\src\pages\Exceptions.vue","5","0","Medium Risk"
"page-title","html-class","C:\DoAnTotNghiep\V-Shield-2.0\View\src\pages\Exceptions.vue","6","0","Medium Risk"
"ops-panel","html-class","C:\DoAnTotNghiep\V-Shield-2.0\View\src\pages\Exceptions.vue","10","0","Medium Risk"
"panel-head","html-class","C:\DoAnTotNghiep\V-Shield-2.0\View\src\pages\Exceptions.vue","11","0","Medium Risk"
"panel-kicker","html-class","C:\DoAnTotNghiep\V-Shield-2.0\View\src\pages\Exceptions.vue","13","0","Medium Risk"
"panel-title","html-class","C:\DoAnTotNghiep\V-Shield-2.0\View\src\pages\Exceptions.vue","14","0","Medium Risk"
"panel-copy","html-class","C:\DoAnTotNghiep\V-Shield-2.0\View\src\pages\Exceptions.vue","15","0","Medium Risk"
"filter-summary","html-class","C:\DoAnTotNghiep\V-Shield-2.0\View\src\pages\Exceptions.vue","19","0","Medium Risk"
"soft-chip warn","html-class","C:\DoAnTotNghiep\V-Shield-2.0\View\src\pages\Exceptions.vue","20","0","Medium Risk"
"soft-chip","html-class","C:\DoAnTotNghiep\V-Shield-2.0\View\src\pages\Exceptions.vue","21","0","Medium Risk"
"filter-card","html-class","C:\DoAnTotNghiep\V-Shield-2.0\View\src\pages\Exceptions.vue","25","0","Medium Risk"
"filter-grid exception-filter-grid","html-class","C:\DoAnTotNghiep\V-Shield-2.0\View\src\pages\Exceptions.vue","26","0","Medium Risk"
"filter-field filter-field-query","html-class","C:\DoAnTotNghiep\V-Shield-2.0\View\src\pages\Exceptions.vue","27","0","Medium Risk"
"field-label","html-class","C:\DoAnTotNghiep\V-Shield-2.0\View\src\pages\Exceptions.vue","28","0","Medium Risk"
"search-bar","html-class","C:\DoAnTotNghiep\V-Shield-2.0\View\src\pages\Exceptions.vue","29","0","Medium Risk"
"search-icon","html-class","C:\DoAnTotNghiep\V-Shield-2.0\View\src\pages\Exceptions.vue","30","0","Medium Risk"
"filter-field filter-field-reason","html-class","C:\DoAnTotNghiep\V-Shield-2.0\View\src\pages\Exceptions.vue","43","0","Medium Risk"
"field-label","html-class","C:\DoAnTotNghiep\V-Shield-2.0\View\src\pages\Exceptions.vue","44","0","Medium Risk"
"filter-select","html-class","C:\DoAnTotNghiep\V-Shield-2.0\View\src\pages\Exceptions.vue","45","0","Medium Risk"
"filter-field filter-field-date","html-class","C:\DoAnTotNghiep\V-Shield-2.0\View\src\pages\Exceptions.vue","53","0","Medium Risk"
"field-label","html-class","C:\DoAnTotNghiep\V-Shield-2.0\View\src\pages\Exceptions.vue","54","0","Medium Risk"
"filter-select","html-class","C:\DoAnTotNghiep\V-Shield-2.0\View\src\pages\Exceptions.vue","55","0","Medium Risk"
"filter-field filter-field-date","html-class","C:\DoAnTotNghiep\V-Shield-2.0\View\src\pages\Exceptions.vue","58","0","Medium Risk"
"field-label","html-class","C:\DoAnTotNghiep\V-Shield-2.0\View\src\pages\Exceptions.vue","59","0","Medium Risk"
"filter-select","html-class","C:\DoAnTotNghiep\V-Shield-2.0\View\src\pages\Exceptions.vue","60","0","Medium Risk"
"filter-footer","html-class","C:\DoAnTotNghiep\V-Shield-2.0\View\src\pages\Exceptions.vue","64","0","Medium Risk"
"filter-hint","html-class","C:\DoAnTotNghiep\V-Shield-2.0\View\src\pages\Exceptions.vue","66","0","Medium Risk"
"filter-notice","html-class","C:\DoAnTotNghiep\V-Shield-2.0\View\src\pages\Exceptions.vue","67","0","Medium Risk"
"filter-actions","html-class","C:\DoAnTotNghiep\V-Shield-2.0\View\src\pages\Exceptions.vue","69","0","Medium Risk"
"btn btn-secondary btn-sm","html-class","C:\DoAnTotNghiep\V-Shield-2.0\View\src\pages\Exceptions.vue","70","0","Medium Risk"
"btn btn-primary btn-sm","html-class","C:\DoAnTotNghiep\V-Shield-2.0\View\src\pages\Exceptions.vue","73","0","Medium Risk"
"empty-card","html-class","C:\DoAnTotNghiep\V-Shield-2.0\View\src\pages\Exceptions.vue","80","0","Medium Risk"
"empty-card","html-class","C:\DoAnTotNghiep\V-Shield-2.0\View\src\pages\Exceptions.vue","81","0","Medium Risk"
"table-container","html-class","C:\DoAnTotNghiep\V-Shield-2.0\View\src\pages\Exceptions.vue","84","0","Medium Risk"
"data-table","html-class","C:\DoAnTotNghiep\V-Shield-2.0\View\src\pages\Exceptions.vue","85","0","Medium Risk"
"table-main","html-class","C:\DoAnTotNghiep\V-Shield-2.0\View\src\pages\Exceptions.vue","101","0","Medium Risk"
"table-sub","html-class","C:\DoAnTotNghiep\V-Shield-2.0\View\src\pages\Exceptions.vue","102","0","Medium Risk"
"plate-pill","html-class","C:\DoAnTotNghiep\V-Shield-2.0\View\src\pages\Exceptions.vue","106","0","Medium Risk"
"table-sub","html-class","C:\DoAnTotNghiep\V-Shield-2.0\View\src\pages\Exceptions.vue","107","0","Medium Risk"
"chip-row","html-class","C:\DoAnTotNghiep\V-Shield-2.0\View\src\pages\Exceptions.vue","110","0","Medium Risk"
"soft-chip warn","html-class","C:\DoAnTotNghiep\V-Shield-2.0\View\src\pages\Exceptions.vue","111","0","Medium Risk"
"soft-chip warn","html-class","C:\DoAnTotNghiep\V-Shield-2.0\View\src\pages\Exceptions.vue","112","0","Medium Risk"
"table-sub","html-class","C:\DoAnTotNghiep\V-Shield-2.0\View\src\pages\Exceptions.vue","114","0","Medium Risk"
"chip-row","html-class","C:\DoAnTotNghiep\V-Shield-2.0\View\src\pages\Exceptions.vue","117","0","Medium Risk"
"soft-chip danger","html-class","C:\DoAnTotNghiep\V-Shield-2.0\View\src\pages\Exceptions.vue","118","0","Medium Risk"
"soft-chip","html-class","C:\DoAnTotNghiep\V-Shield-2.0\View\src\pages\Exceptions.vue","119","0","Medium Risk"
"note-cell","html-class","C:\DoAnTotNghiep\V-Shield-2.0\View\src\pages\Exceptions.vue","122","0","Medium Risk"
"pagination","html-class","C:\DoAnTotNghiep\V-Shield-2.0\View\src\pages\Exceptions.vue","128","0","Medium Risk"
"pagination-info","html-class","C:\DoAnTotNghiep\V-Shield-2.0\View\src\pages\Exceptions.vue","129","0","Medium Risk"
"pagination-buttons","html-class","C:\DoAnTotNghiep\V-Shield-2.0\View\src\pages\Exceptions.vue","130","0","Medium Risk"
"pagination-btn","html-class","C:\DoAnTotNghiep\V-Shield-2.0\View\src\pages\Exceptions.vue","131","0","Medium Risk"
"pagination-btn","html-class","C:\DoAnTotNghiep\V-Shield-2.0\View\src\pages\Exceptions.vue","135","0","Medium Risk"
"{ active: current === page }","html-class","C:\DoAnTotNghiep\V-Shield-2.0\View\src\pages\Exceptions.vue","136","0","Medium Risk"
"pagination-btn","html-class","C:\DoAnTotNghiep\V-Shield-2.0\View\src\pages\Exceptions.vue","141","0","Medium Risk"
"page-container ops-page animate-in","html-class","C:\DoAnTotNghiep\V-Shield-2.0\View\src\pages\GuestProfiles.vue","2","0","Medium Risk"
"page-header-bar","html-class","C:\DoAnTotNghiep\V-Shield-2.0\View\src\pages\GuestProfiles.vue","3","0","Medium Risk"
"panel-kicker","html-class","C:\DoAnTotNghiep\V-Shield-2.0\View\src\pages\GuestProfiles.vue","5","0","Medium Risk"
"page-title","html-class","C:\DoAnTotNghiep\V-Shield-2.0\View\src\pages\GuestProfiles.vue","6","0","Medium Risk"
"header-actions","html-class","C:\DoAnTotNghiep\V-Shield-2.0\View\src\pages\GuestProfiles.vue","8","0","Medium Risk"
"btn btn-primary","html-class","C:\DoAnTotNghiep\V-Shield-2.0\View\src\pages\GuestProfiles.vue","9","0","Medium Risk"
"btn btn-secondary","html-class","C:\DoAnTotNghiep\V-Shield-2.0\View\src\pages\GuestProfiles.vue","10","0","Medium Risk"
"ops-panel","html-class","C:\DoAnTotNghiep\V-Shield-2.0\View\src\pages\GuestProfiles.vue","14","0","Medium Risk"
"toolbar-shell","html-class","C:\DoAnTotNghiep\V-Shield-2.0\View\src\pages\GuestProfiles.vue","15","0","Medium Risk"
"search-bar","html-class","C:\DoAnTotNghiep\V-Shield-2.0\View\src\pages\GuestProfiles.vue","16","0","Medium Risk"
"search-icon","html-class","C:\DoAnTotNghiep\V-Shield-2.0\View\src\pages\GuestProfiles.vue","17","0","Medium Risk"
"empty-card","html-class","C:\DoAnTotNghiep\V-Shield-2.0\View\src\pages\GuestProfiles.vue","25","0","Medium Risk"
"empty-card","html-class","C:\DoAnTotNghiep\V-Shield-2.0\View\src\pages\GuestProfiles.vue","26","0","Medium Risk"
"table-container","html-class","C:\DoAnTotNghiep\V-Shield-2.0\View\src\pages\GuestProfiles.vue","27","0","Medium Risk"
"data-table","html-class","C:\DoAnTotNghiep\V-Shield-2.0\View\src\pages\GuestProfiles.vue","28","0","Medium Risk"
"table-main","html-class","C:\DoAnTotNghiep\V-Shield-2.0\View\src\pages\GuestProfiles.vue","42","0","Medium Risk"
"chip-row","html-class","C:\DoAnTotNghiep\V-Shield-2.0\View\src\pages\GuestProfiles.vue","43","0","Medium Risk"
"soft-chip success","html-class","C:\DoAnTotNghiep\V-Shield-2.0\View\src\pages\GuestProfiles.vue","44","0","Medium Risk"
"plate-pill","html-class","C:\DoAnTotNghiep\V-Shield-2.0\View\src\pages\GuestProfiles.vue","49","0","Medium Risk"
"table-sub","html-class","C:\DoAnTotNghiep\V-Shield-2.0\View\src\pages\GuestProfiles.vue","50","0","Medium Risk"
"panel-actions","html-class","C:\DoAnTotNghiep\V-Shield-2.0\View\src\pages\GuestProfiles.vue","55","0","Medium Risk"
"btn btn-secondary btn-sm","html-class","C:\DoAnTotNghiep\V-Shield-2.0\View\src\pages\GuestProfiles.vue","56","0","Medium Risk"
"btn btn-danger btn-sm","html-class","C:\DoAnTotNghiep\V-Shield-2.0\View\src\pages\GuestProfiles.vue","57","0","Medium Risk"
"pagination-bar","html-class","C:\DoAnTotNghiep\V-Shield-2.0\View\src\pages\GuestProfiles.vue","65","0","Medium Risk"
"page-buttons","html-class","C:\DoAnTotNghiep\V-Shield-2.0\View\src\pages\GuestProfiles.vue","67","0","Medium Risk"
"page-btn","html-class","C:\DoAnTotNghiep\V-Shield-2.0\View\src\pages\GuestProfiles.vue","68","0","Medium Risk"
"page-btn","html-class","C:\DoAnTotNghiep\V-Shield-2.0\View\src\pages\GuestProfiles.vue","69","0","Medium Risk"
"page-btn","html-class","C:\DoAnTotNghiep\V-Shield-2.0\View\src\pages\GuestProfiles.vue","70","0","Medium Risk"
"modal-overlay","html-class","C:\DoAnTotNghiep\V-Shield-2.0\View\src\pages\GuestProfiles.vue","76","0","Medium Risk"
"modal","html-class","C:\DoAnTotNghiep\V-Shield-2.0\View\src\pages\GuestProfiles.vue","77","0","Medium Risk"
"modal-header","html-class","C:\DoAnTotNghiep\V-Shield-2.0\View\src\pages\GuestProfiles.vue","78","0","Medium Risk"
"modal-title","html-class","C:\DoAnTotNghiep\V-Shield-2.0\View\src\pages\GuestProfiles.vue","79","0","Medium Risk"
"modal-close","html-class","C:\DoAnTotNghiep\V-Shield-2.0\View\src\pages\GuestProfiles.vue","80","0","Medium Risk"
"form-row","html-class","C:\DoAnTotNghiep\V-Shield-2.0\View\src\pages\GuestProfiles.vue","83","0","Medium Risk"
"form-group","html-class","C:\DoAnTotNghiep\V-Shield-2.0\View\src\pages\GuestProfiles.vue","84","0","Medium Risk"
"form-group","html-class","C:\DoAnTotNghiep\V-Shield-2.0\View\src\pages\GuestProfiles.vue","88","0","Medium Risk"
"form-row","html-class","C:\DoAnTotNghiep\V-Shield-2.0\View\src\pages\GuestProfiles.vue","94","0","Medium Risk"
"form-group","html-class","C:\DoAnTotNghiep\V-Shield-2.0\View\src\pages\GuestProfiles.vue","95","0","Medium Risk"
"form-group","html-class","C:\DoAnTotNghiep\V-Shield-2.0\View\src\pages\GuestProfiles.vue","99","0","Medium Risk"
"empty-card error-card","html-class","C:\DoAnTotNghiep\V-Shield-2.0\View\src\pages\GuestProfiles.vue","105","0","Medium Risk"
"modal-footer","html-class","C:\DoAnTotNghiep\V-Shield-2.0\View\src\pages\GuestProfiles.vue","107","0","Medium Risk"
"btn btn-secondary","html-class","C:\DoAnTotNghiep\V-Shield-2.0\View\src\pages\GuestProfiles.vue","108","0","Medium Risk"
"btn btn-primary","html-class","C:\DoAnTotNghiep\V-Shield-2.0\View\src\pages\GuestProfiles.vue","109","0","Medium Risk"
"guest-register","html-class","C:\DoAnTotNghiep\V-Shield-2.0\View\src\pages\GuestRegister.vue","2","0","Medium Risk"
"bg-decoration","html-class","C:\DoAnTotNghiep\V-Shield-2.0\View\src\pages\GuestRegister.vue","3","0","Medium Risk"
"bg-circle c1","html-class","C:\DoAnTotNghiep\V-Shield-2.0\View\src\pages\GuestRegister.vue","4","0","Medium Risk"
"bg-circle c2","html-class","C:\DoAnTotNghiep\V-Shield-2.0\View\src\pages\GuestRegister.vue","5","0","Medium Risk"
"bg-circle c3","html-class","C:\DoAnTotNghiep\V-Shield-2.0\View\src\pages\GuestRegister.vue","6","0","Medium Risk"
"register-container","html-class","C:\DoAnTotNghiep\V-Shield-2.0\View\src\pages\GuestRegister.vue","9","0","Medium Risk"
"register-logo","html-class","C:\DoAnTotNghiep\V-Shield-2.0\View\src\pages\GuestRegister.vue","10","0","Medium Risk"
"logo-icon","html-class","C:\DoAnTotNghiep\V-Shield-2.0\View\src\pages\GuestRegister.vue","11","0","Medium Risk"
"logo-text","html-class","C:\DoAnTotNghiep\V-Shield-2.0\View\src\pages\GuestRegister.vue","20","0","Medium Risk"
"register-card error-card animate-in","html-class","C:\DoAnTotNghiep\V-Shield-2.0\View\src\pages\GuestRegister.vue","23","0","Medium Risk"
"state-icon error","html-class","C:\DoAnTotNghiep\V-Shield-2.0\View\src\pages\GuestRegister.vue","24","0","Medium Risk"
"state-msg","html-class","C:\DoAnTotNghiep\V-Shield-2.0\View\src\pages\GuestRegister.vue","32","0","Medium Risk"
"btn btn-secondary","html-class","C:\DoAnTotNghiep\V-Shield-2.0\View\src\pages\GuestRegister.vue","33","0","Medium Risk"
"register-card animate-in","html-class","C:\DoAnTotNghiep\V-Shield-2.0\View\src\pages\GuestRegister.vue","36","0","Medium Risk"
"loading-state","html-class","C:\DoAnTotNghiep\V-Shield-2.0\View\src\pages\GuestRegister.vue","37","0","Medium Risk"
"spinner","html-class","C:\DoAnTotNghiep\V-Shield-2.0\View\src\pages\GuestRegister.vue","38","0","Medium Risk"
"register-card success-card animate-in","html-class","C:\DoAnTotNghiep\V-Shield-2.0\View\src\pages\GuestRegister.vue","43","0","Medium Risk"
"state-icon success","html-class","C:\DoAnTotNghiep\V-Shield-2.0\View\src\pages\GuestRegister.vue","44","0","Medium Risk"
"state-msg","html-class","C:\DoAnTotNghiep\V-Shield-2.0\View\src\pages\GuestRegister.vue","51","0","Medium Risk"
"success-details","html-class","C:\DoAnTotNghiep\V-Shield-2.0\View\src\pages\GuestRegister.vue","52","0","Medium Risk"
"success-item","html-class","C:\DoAnTotNghiep\V-Shield-2.0\View\src\pages\GuestRegister.vue","53","0","Medium Risk"
"s-label","html-class","C:\DoAnTotNghiep\V-Shield-2.0\View\src\pages\GuestRegister.vue","54","0","Medium Risk"
"s-value","html-class","C:\DoAnTotNghiep\V-Shield-2.0\View\src\pages\GuestRegister.vue","55","0","Medium Risk"
"success-item","html-class","C:\DoAnTotNghiep\V-Shield-2.0\View\src\pages\GuestRegister.vue","57","0","Medium Risk"
"s-label","html-class","C:\DoAnTotNghiep\V-Shield-2.0\View\src\pages\GuestRegister.vue","58","0","Medium Risk"
"s-value","html-class","C:\DoAnTotNghiep\V-Shield-2.0\View\src\pages\GuestRegister.vue","59","0","Medium Risk"
"redirect-note","html-class","C:\DoAnTotNghiep\V-Shield-2.0\View\src\pages\GuestRegister.vue","62","0","Medium Risk"
"register-card animate-in","html-class","C:\DoAnTotNghiep\V-Shield-2.0\View\src\pages\GuestRegister.vue","65","0","Medium Risk"
"card-header-info","html-class","C:\DoAnTotNghiep\V-Shield-2.0\View\src\pages\GuestRegister.vue","66","0","Medium Risk"
"host-info-card","html-class","C:\DoAnTotNghiep\V-Shield-2.0\View\src\pages\GuestRegister.vue","68","0","Medium Risk"
"host-avatar avatar-img","html-class","C:\DoAnTotNghiep\V-Shield-2.0\View\src\pages\GuestRegister.vue","70","0","Medium Risk"
"host-avatar","html-class","C:\DoAnTotNghiep\V-Shield-2.0\View\src\pages\GuestRegister.vue","73","0","Medium Risk"
"host-details","html-class","C:\DoAnTotNghiep\V-Shield-2.0\View\src\pages\GuestRegister.vue","77","0","Medium Risk"
"host-name","html-class","C:\DoAnTotNghiep\V-Shield-2.0\View\src\pages\GuestRegister.vue","78","0","Medium Risk"
"host-role","html-class","C:\DoAnTotNghiep\V-Shield-2.0\View\src\pages\GuestRegister.vue","79","0","Medium Risk"
"host-contact","html-class","C:\DoAnTotNghiep\V-Shield-2.0\View\src\pages\GuestRegister.vue","82","0","Medium Risk"
"host-contact-item","html-class","C:\DoAnTotNghiep\V-Shield-2.0\View\src\pages\GuestRegister.vue","83","0","Medium Risk"
"host-contact-item","html-class","C:\DoAnTotNghiep\V-Shield-2.0\View\src\pages\GuestRegister.vue","87","0","Medium Risk"
"expiry-note","html-class","C:\DoAnTotNghiep\V-Shield-2.0\View\src\pages\GuestRegister.vue","94","0","Medium Risk"
"steps","html-class","C:\DoAnTotNghiep\V-Shield-2.0\View\src\pages\GuestRegister.vue","97","0","Medium Risk"
"step","json-key","C:\DoAnTotNghiep\V-Shield-2.0\View\src\pages\GuestRegister.vue","98","0","Critical"
"step","html-class","C:\DoAnTotNghiep\V-Shield-2.0\View\src\pages\GuestRegister.vue","98","0","Medium Risk"
"step-num","html-class","C:\DoAnTotNghiep\V-Shield-2.0\View\src\pages\GuestRegister.vue","99","0","Medium Risk"
"step-line","html-class","C:\DoAnTotNghiep\V-Shield-2.0\View\src\pages\GuestRegister.vue","102","0","Medium Risk"
"step","json-key","C:\DoAnTotNghiep\V-Shield-2.0\View\src\pages\GuestRegister.vue","103","0","Critical"
"step","html-class","C:\DoAnTotNghiep\V-Shield-2.0\View\src\pages\GuestRegister.vue","103","0","Medium Risk"
"step-num","html-class","C:\DoAnTotNghiep\V-Shield-2.0\View\src\pages\GuestRegister.vue","104","0","Medium Risk"
"step-content","html-class","C:\DoAnTotNghiep\V-Shield-2.0\View\src\pages\GuestRegister.vue","109","0","Medium Risk"
"form-row","html-class","C:\DoAnTotNghiep\V-Shield-2.0\View\src\pages\GuestRegister.vue","110","0","Medium Risk"
"form-group","html-class","C:\DoAnTotNghiep\V-Shield-2.0\View\src\pages\GuestRegister.vue","111","0","Medium Risk"
"{ 'input-error': nameValidation.touched && !nameValidation.isValid && form.fullName.length >= 2, 'input-success': nameValidation.isValid }","html-class","C:\DoAnTotNghiep\V-Shield-2.0\View\src\pages\GuestRegister.vue","116","0","Medium Risk"
"name-feedback","html-class","C:\DoAnTotNghiep\V-Shield-2.0\View\src\pages\GuestRegister.vue","117","0","Medium Risk"
"feedback-success","html-class","C:\DoAnTotNghiep\V-Shield-2.0\View\src\pages\GuestRegister.vue","118","0","Medium Risk"
"feedback-error","html-class","C:\DoAnTotNghiep\V-Shield-2.0\View\src\pages\GuestRegister.vue","122","0","Medium Risk"
"form-group","html-class","C:\DoAnTotNghiep\V-Shield-2.0\View\src\pages\GuestRegister.vue","128","0","Medium Risk"
"form-row","html-class","C:\DoAnTotNghiep\V-Shield-2.0\View\src\pages\GuestRegister.vue","134","0","Medium Risk"
"form-group","html-class","C:\DoAnTotNghiep\V-Shield-2.0\View\src\pages\GuestRegister.vue","135","0","Medium Risk"
"form-group","html-class","C:\DoAnTotNghiep\V-Shield-2.0\View\src\pages\GuestRegister.vue","139","0","Medium Risk"
"form-group","html-class","C:\DoAnTotNghiep\V-Shield-2.0\View\src\pages\GuestRegister.vue","145","0","Medium Risk"
"form-actions","html-class","C:\DoAnTotNghiep\V-Shield-2.0\View\src\pages\GuestRegister.vue","150","0","Medium Risk"
"btn btn-primary","html-class","C:\DoAnTotNghiep\V-Shield-2.0\View\src\pages\GuestRegister.vue","151","0","Medium Risk"
"step-content","html-class","C:\DoAnTotNghiep\V-Shield-2.0\View\src\pages\GuestRegister.vue","163","0","Medium Risk"
"step-desc","html-class","C:\DoAnTotNghiep\V-Shield-2.0\View\src\pages\GuestRegister.vue","164","0","Medium Risk"
"visitor-form-card","html-class","C:\DoAnTotNghiep\V-Shield-2.0\View\src\pages\GuestRegister.vue","166","0","Medium Risk"
"visitor-form-header","html-class","C:\DoAnTotNghiep\V-Shield-2.0\View\src\pages\GuestRegister.vue","167","0","Medium Risk"
"visitor-num","html-class","C:\DoAnTotNghiep\V-Shield-2.0\View\src\pages\GuestRegister.vue","168","0","Medium Risk"
"btn-remove","html-class","C:\DoAnTotNghiep\V-Shield-2.0\View\src\pages\GuestRegister.vue","169","0","Medium Risk"
"form-row","html-class","C:\DoAnTotNghiep\V-Shield-2.0\View\src\pages\GuestRegister.vue","177","0","Medium Risk"
"form-group","html-class","C:\DoAnTotNghiep\V-Shield-2.0\View\src\pages\GuestRegister.vue","178","0","Medium Risk"
"{ 'input-error': v._nameError, 'input-success': v.fullName && !v._nameError }","html-class","C:\DoAnTotNghiep\V-Shield-2.0\View\src\pages\GuestRegister.vue","182","0","Medium Risk"
"name-feedback","html-class","C:\DoAnTotNghiep\V-Shield-2.0\View\src\pages\GuestRegister.vue","183","0","Medium Risk"
"feedback-error","html-class","C:\DoAnTotNghiep\V-Shield-2.0\View\src\pages\GuestRegister.vue","184","0","Medium Risk"
"form-group","html-class","C:\DoAnTotNghiep\V-Shield-2.0\View\src\pages\GuestRegister.vue","190","0","Medium Risk"
"btn-add-visitor","html-class","C:\DoAnTotNghiep\V-Shield-2.0\View\src\pages\GuestRegister.vue","197","0","Medium Risk"
"form-actions step2-actions","html-class","C:\DoAnTotNghiep\V-Shield-2.0\View\src\pages\GuestRegister.vue","207","0","Medium Risk"
"btn btn-secondary","html-class","C:\DoAnTotNghiep\V-Shield-2.0\View\src\pages\GuestRegister.vue","208","0","Medium Risk"
"handleSubmit","json-key","C:\DoAnTotNghiep\V-Shield-2.0\View\src\pages\GuestRegister.vue","216","0","Critical"
"btn btn-primary","html-class","C:\DoAnTotNghiep\V-Shield-2.0\View\src\pages\GuestRegister.vue","216","0","Medium Risk"
"register-footer","html-class","C:\DoAnTotNghiep\V-Shield-2.0\View\src\pages\GuestRegister.vue","223","0","Medium Risk"
"login-page","html-class","C:\DoAnTotNghiep\V-Shield-2.0\View\src\pages\Login.vue","2","0","Medium Risk"
"login-bg","html-class","C:\DoAnTotNghiep\V-Shield-2.0\View\src\pages\Login.vue","3","0","Medium Risk"
"bg-orb orb-a","html-class","C:\DoAnTotNghiep\V-Shield-2.0\View\src\pages\Login.vue","4","0","Medium Risk"
"bg-orb orb-b","html-class","C:\DoAnTotNghiep\V-Shield-2.0\View\src\pages\Login.vue","5","0","Medium Risk"
"bg-orb orb-c","html-class","C:\DoAnTotNghiep\V-Shield-2.0\View\src\pages\Login.vue","6","0","Medium Risk"
"bg-grid","html-class","C:\DoAnTotNghiep\V-Shield-2.0\View\src\pages\Login.vue","7","0","Medium Risk"
"login-shell animate-in","html-class","C:\DoAnTotNghiep\V-Shield-2.0\View\src\pages\Login.vue","10","0","Medium Risk"
"login-story","html-class","C:\DoAnTotNghiep\V-Shield-2.0\View\src\pages\Login.vue","11","0","Medium Risk"
"story-eyebrow","html-class","C:\DoAnTotNghiep\V-Shield-2.0\View\src\pages\Login.vue","12","0","Medium Risk"
"story-copy","html-class","C:\DoAnTotNghiep\V-Shield-2.0\View\src\pages\Login.vue","14","0","Medium Risk"
"story-metrics","html-class","C:\DoAnTotNghiep\V-Shield-2.0\View\src\pages\Login.vue","19","0","Medium Risk"
"metric-card","html-class","C:\DoAnTotNghiep\V-Shield-2.0\View\src\pages\Login.vue","20","0","Medium Risk"
"metric-card","html-class","C:\DoAnTotNghiep\V-Shield-2.0\View\src\pages\Login.vue","24","0","Medium Risk"
"metric-card","html-class","C:\DoAnTotNghiep\V-Shield-2.0\View\src\pages\Login.vue","28","0","Medium Risk"
"story-panel","html-class","C:\DoAnTotNghiep\V-Shield-2.0\View\src\pages\Login.vue","34","0","Medium Risk"
"panel-heading","html-class","C:\DoAnTotNghiep\V-Shield-2.0\View\src\pages\Login.vue","35","0","Medium Risk"
"panel-chip","html-class","C:\DoAnTotNghiep\V-Shield-2.0\View\src\pages\Login.vue","36","0","Medium Risk"
"panel-status","html-class","C:\DoAnTotNghiep\V-Shield-2.0\View\src\pages\Login.vue","37","0","Medium Risk"
"panel-dot","html-class","C:\DoAnTotNghiep\V-Shield-2.0\View\src\pages\Login.vue","38","0","Medium Risk"
"panel-steps","html-class","C:\DoAnTotNghiep\V-Shield-2.0\View\src\pages\Login.vue","43","0","Medium Risk"
"panel-step","html-class","C:\DoAnTotNghiep\V-Shield-2.0\View\src\pages\Login.vue","44","0","Medium Risk"
"panel-step","html-class","C:\DoAnTotNghiep\V-Shield-2.0\View\src\pages\Login.vue","51","0","Medium Risk"
"panel-step","html-class","C:\DoAnTotNghiep\V-Shield-2.0\View\src\pages\Login.vue","58","0","Medium Risk"
"login-card","html-class","C:\DoAnTotNghiep\V-Shield-2.0\View\src\pages\Login.vue","69","0","Medium Risk"
"brand-lockup","html-class","C:\DoAnTotNghiep\V-Shield-2.0\View\src\pages\Login.vue","70","0","Medium Risk"
"brand-mark","html-class","C:\DoAnTotNghiep\V-Shield-2.0\View\src\pages\Login.vue","71","0","Medium Risk"
"brand-kicker","html-class","C:\DoAnTotNghiep\V-Shield-2.0\View\src\pages\Login.vue","79","0","Medium Risk"
"login-intro","html-class","C:\DoAnTotNghiep\V-Shield-2.0\View\src\pages\Login.vue","84","0","Medium Risk"
"login-badges","html-class","C:\DoAnTotNghiep\V-Shield-2.0\View\src\pages\Login.vue","89","0","Medium Risk"
"login-form","html-class","C:\DoAnTotNghiep\V-Shield-2.0\View\src\pages\Login.vue","95","0","Medium Risk"
"form-group","html-class","C:\DoAnTotNghiep\V-Shield-2.0\View\src\pages\Login.vue","96","0","Medium Risk"
"input-shell","html-class","C:\DoAnTotNghiep\V-Shield-2.0\View\src\pages\Login.vue","98","0","Medium Risk"
"input-icon","html-class","C:\DoAnTotNghiep\V-Shield-2.0\View\src\pages\Login.vue","99","0","Medium Risk"
"username","html-id","C:\DoAnTotNghiep\V-Shield-2.0\View\src\pages\Login.vue","104","34","Medium Risk"
"form-group","html-class","C:\DoAnTotNghiep\V-Shield-2.0\View\src\pages\Login.vue","114","0","Medium Risk"
"label-row","html-class","C:\DoAnTotNghiep\V-Shield-2.0\View\src\pages\Login.vue","115","0","Medium Risk"
"field-hint","html-class","C:\DoAnTotNghiep\V-Shield-2.0\View\src\pages\Login.vue","117","0","Medium Risk"
"input-shell","html-class","C:\DoAnTotNghiep\V-Shield-2.0\View\src\pages\Login.vue","119","0","Medium Risk"
"input-icon","html-class","C:\DoAnTotNghiep\V-Shield-2.0\View\src\pages\Login.vue","120","0","Medium Risk"
"password","html-id","C:\DoAnTotNghiep\V-Shield-2.0\View\src\pages\Login.vue","125","13","Medium Risk"
"toggle-password","html-class","C:\DoAnTotNghiep\V-Shield-2.0\View\src\pages\Login.vue","134","0","Medium Risk"
"login-alert","html-class","C:\DoAnTotNghiep\V-Shield-2.0\View\src\pages\Login.vue","153","0","Medium Risk"
"btn-login","html-class","C:\DoAnTotNghiep\V-Shield-2.0\View\src\pages\Login.vue","163","0","Medium Risk"
"spinner","html-class","C:\DoAnTotNghiep\V-Shield-2.0\View\src\pages\Login.vue","164","0","Medium Risk"
"login-footer","html-class","C:\DoAnTotNghiep\V-Shield-2.0\View\src\pages\Login.vue","169","0","Medium Risk"
"footer-item","html-class","C:\DoAnTotNghiep\V-Shield-2.0\View\src\pages\Login.vue","170","0","Medium Risk"
"footer-item","html-class","C:\DoAnTotNghiep\V-Shield-2.0\View\src\pages\Login.vue","174","0","Medium Risk"
"page","html-class","C:\DoAnTotNghiep\V-Shield-2.0\View\src\pages\Monitoring.vue","2","0","Medium Risk"
"topbar","html-class","C:\DoAnTotNghiep\V-Shield-2.0\View\src\pages\Monitoring.vue","4","0","Medium Risk"
"gear-btn","html-class","C:\DoAnTotNghiep\V-Shield-2.0\View\src\pages\Monitoring.vue","11","0","Medium Risk"
"settings-panel","html-class","C:\DoAnTotNghiep\V-Shield-2.0\View\src\pages\Monitoring.vue","18","0","Medium Risk"
"cam-list","html-class","C:\DoAnTotNghiep\V-Shield-2.0\View\src\pages\Monitoring.vue","21","0","Medium Risk"
"cam-item","html-class","C:\DoAnTotNghiep\V-Shield-2.0\View\src\pages\Monitoring.vue","25","0","Medium Risk"
"switch","html-class","C:\DoAnTotNghiep\V-Shield-2.0\View\src\pages\Monitoring.vue","30","0","Medium Risk"
"slider","html-class","C:\DoAnTotNghiep\V-Shield-2.0\View\src\pages\Monitoring.vue","35","0","Medium Risk"
"grid","html-class","C:\DoAnTotNghiep\V-Shield-2.0\View\src\pages\Monitoring.vue","43","0","Medium Risk"
"cam-card","html-class","C:\DoAnTotNghiep\V-Shield-2.0\View\src\pages\Monitoring.vue","47","0","Medium Risk"
"cam-head","html-class","C:\DoAnTotNghiep\V-Shield-2.0\View\src\pages\Monitoring.vue","49","0","Medium Risk"
"status","html-class","C:\DoAnTotNghiep\V-Shield-2.0\View\src\pages\Monitoring.vue","53","85","Medium Risk"
"cam.previewHealthy ? 'ok' : 'wait'","html-class","C:\DoAnTotNghiep\V-Shield-2.0\View\src\pages\Monitoring.vue","54","0","Medium Risk"
"LIVE","json-key","C:\DoAnTotNghiep\V-Shield-2.0\View\src\pages\Monitoring.vue","56","0","Critical"
"cam-preview","html-class","C:\DoAnTotNghiep\V-Shield-2.0\View\src\pages\Monitoring.vue","60","0","Medium Risk"
"preview","html-class","C:\DoAnTotNghiep\V-Shield-2.0\View\src\pages\Monitoring.vue","65","0","Medium Risk"
"cam-off","html-class","C:\DoAnTotNghiep\V-Shield-2.0\View\src\pages\Monitoring.vue","70","0","Medium Risk"
"empty","html-class","C:\DoAnTotNghiep\V-Shield-2.0\View\src\pages\Monitoring.vue","77","0","Medium Risk"
"page-container animate-in","html-class","C:\DoAnTotNghiep\V-Shield-2.0\View\src\pages\PreRegistration.vue","2","0","Medium Risk"
"page-header bento-header","html-class","C:\DoAnTotNghiep\V-Shield-2.0\View\src\pages\PreRegistration.vue","3","0","Medium Risk"
"greeting","html-class","C:\DoAnTotNghiep\V-Shield-2.0\View\src\pages\PreRegistration.vue","4","0","Medium Risk"
"page-title","html-class","C:\DoAnTotNghiep\V-Shield-2.0\View\src\pages\PreRegistration.vue","5","0","Medium Risk"
"page-subtitle","html-class","C:\DoAnTotNghiep\V-Shield-2.0\View\src\pages\PreRegistration.vue","6","0","Medium Risk"
"header-actions","html-class","C:\DoAnTotNghiep\V-Shield-2.0\View\src\pages\PreRegistration.vue","8","0","Medium Risk"
"btn btn-primary","html-class","C:\DoAnTotNghiep\V-Shield-2.0\View\src\pages\PreRegistration.vue","9","0","Medium Risk"
"bento-grid-mini","html-class","C:\DoAnTotNghiep\V-Shield-2.0\View\src\pages\PreRegistration.vue","19","0","Medium Risk"
"bento-card stat-card","html-class","C:\DoAnTotNghiep\V-Shield-2.0\View\src\pages\PreRegistration.vue","20","0","Medium Risk"
"stat-icon-wrapper blue","html-class","C:\DoAnTotNghiep\V-Shield-2.0\View\src\pages\PreRegistration.vue","21","0","Medium Risk"
"stat-details","html-class","C:\DoAnTotNghiep\V-Shield-2.0\View\src\pages\PreRegistration.vue","24","0","Medium Risk"
"stat-val blue","html-class","C:\DoAnTotNghiep\V-Shield-2.0\View\src\pages\PreRegistration.vue","25","0","Medium Risk"
"stat-lbl","html-class","C:\DoAnTotNghiep\V-Shield-2.0\View\src\pages\PreRegistration.vue","26","0","Medium Risk"
"bento-card stat-card","html-class","C:\DoAnTotNghiep\V-Shield-2.0\View\src\pages\PreRegistration.vue","29","0","Medium Risk"
"stat-icon-wrapper orange","html-class","C:\DoAnTotNghiep\V-Shield-2.0\View\src\pages\PreRegistration.vue","30","0","Medium Risk"
"stat-details","html-class","C:\DoAnTotNghiep\V-Shield-2.0\View\src\pages\PreRegistration.vue","33","0","Medium Risk"
"stat-val","html-class","C:\DoAnTotNghiep\V-Shield-2.0\View\src\pages\PreRegistration.vue","34","0","Medium Risk"
"stat-lbl","html-class","C:\DoAnTotNghiep\V-Shield-2.0\View\src\pages\PreRegistration.vue","35","0","Medium Risk"
"bento-card stat-card","html-class","C:\DoAnTotNghiep\V-Shield-2.0\View\src\pages\PreRegistration.vue","38","0","Medium Risk"
"stat-icon-wrapper green","html-class","C:\DoAnTotNghiep\V-Shield-2.0\View\src\pages\PreRegistration.vue","39","0","Medium Risk"
"stat-details","html-class","C:\DoAnTotNghiep\V-Shield-2.0\View\src\pages\PreRegistration.vue","42","0","Medium Risk"
"stat-val green","html-class","C:\DoAnTotNghiep\V-Shield-2.0\View\src\pages\PreRegistration.vue","43","0","Medium Risk"
"stat-lbl","html-class","C:\DoAnTotNghiep\V-Shield-2.0\View\src\pages\PreRegistration.vue","44","0","Medium Risk"
"bento-card stat-card","html-class","C:\DoAnTotNghiep\V-Shield-2.0\View\src\pages\PreRegistration.vue","47","0","Medium Risk"
"stat-icon-wrapper red","html-class","C:\DoAnTotNghiep\V-Shield-2.0\View\src\pages\PreRegistration.vue","48","0","Medium Risk"
"stat-details","html-class","C:\DoAnTotNghiep\V-Shield-2.0\View\src\pages\PreRegistration.vue","51","0","Medium Risk"
"stat-val red","html-class","C:\DoAnTotNghiep\V-Shield-2.0\View\src\pages\PreRegistration.vue","52","0","Medium Risk"
"stat-lbl","html-class","C:\DoAnTotNghiep\V-Shield-2.0\View\src\pages\PreRegistration.vue","53","0","Medium Risk"
"bento-card table-section","html-class","C:\DoAnTotNghiep\V-Shield-2.0\View\src\pages\PreRegistration.vue","58","0","Medium Risk"
"table-toolbar","html-class","C:\DoAnTotNghiep\V-Shield-2.0\View\src\pages\PreRegistration.vue","59","0","Medium Risk"
"search-box","html-class","C:\DoAnTotNghiep\V-Shield-2.0\View\src\pages\PreRegistration.vue","60","0","Medium Risk"
"search-icon","html-class","C:\DoAnTotNghiep\V-Shield-2.0\View\src\pages\PreRegistration.vue","61","0","Medium Risk"
"filter-box","html-class","C:\DoAnTotNghiep\V-Shield-2.0\View\src\pages\PreRegistration.vue","64","0","Medium Risk"
"minimal-select","html-class","C:\DoAnTotNghiep\V-Shield-2.0\View\src\pages\PreRegistration.vue","65","0","Medium Risk"
"minimal-select","html-class","C:\DoAnTotNghiep\V-Shield-2.0\View\src\pages\PreRegistration.vue","71","0","Medium Risk"
"empty-layout","html-class","C:\DoAnTotNghiep\V-Shield-2.0\View\src\pages\PreRegistration.vue","75","0","Medium Risk"
"spinner-lg","html-class","C:\DoAnTotNghiep\V-Shield-2.0\View\src\pages\PreRegistration.vue","76","0","Medium Risk"
"empty-layout","html-class","C:\DoAnTotNghiep\V-Shield-2.0\View\src\pages\PreRegistration.vue","79","0","Medium Risk"
"sleek-table-container","html-class","C:\DoAnTotNghiep\V-Shield-2.0\View\src\pages\PreRegistration.vue","85","0","Medium Risk"
"sleek-table","html-class","C:\DoAnTotNghiep\V-Shield-2.0\View\src\pages\PreRegistration.vue","86","0","Medium Risk"
"text-right","html-class","C:\DoAnTotNghiep\V-Shield-2.0\View\src\pages\PreRegistration.vue","93","0","Medium Risk"
"table-row","html-class","C:\DoAnTotNghiep\V-Shield-2.0\View\src\pages\PreRegistration.vue","97","0","Medium Risk"
"user-cell","html-class","C:\DoAnTotNghiep\V-Shield-2.0\View\src\pages\PreRegistration.vue","99","0","Medium Risk"
"avatar","json-key","C:\DoAnTotNghiep\V-Shield-2.0\View\src\pages\PreRegistration.vue","100","0","Critical"
"avatar","html-class","C:\DoAnTotNghiep\V-Shield-2.0\View\src\pages\PreRegistration.vue","100","0","Medium Risk"
"user-info","html-class","C:\DoAnTotNghiep\V-Shield-2.0\View\src\pages\PreRegistration.vue","103","0","Medium Risk"
"user-name","html-class","C:\DoAnTotNghiep\V-Shield-2.0\View\src\pages\PreRegistration.vue","104","0","Medium Risk"
"user-id","html-class","C:\DoAnTotNghiep\V-Shield-2.0\View\src\pages\PreRegistration.vue","105","0","Medium Risk"
"host-cell","html-class","C:\DoAnTotNghiep\V-Shield-2.0\View\src\pages\PreRegistration.vue","110","0","Medium Risk"
"host-name","html-class","C:\DoAnTotNghiep\V-Shield-2.0\View\src\pages\PreRegistration.vue","111","0","Medium Risk"
"time-range-txt","html-class","C:\DoAnTotNghiep\V-Shield-2.0\View\src\pages\PreRegistration.vue","112","0","Medium Risk"
"visitors-count","html-class","C:\DoAnTotNghiep\V-Shield-2.0\View\src\pages\PreRegistration.vue","120","0","Medium Risk"
"status-pill minimal","html-class","C:\DoAnTotNghiep\V-Shield-2.0\View\src\pages\PreRegistration.vue","125","0","Medium Risk"
"pill-dot","html-class","C:\DoAnTotNghiep\V-Shield-2.0\View\src\pages\PreRegistration.vue","126","0","Medium Risk"
"text-right","html-class","C:\DoAnTotNghiep\V-Shield-2.0\View\src\pages\PreRegistration.vue","130","0","Medium Risk"
"action-menu","html-class","C:\DoAnTotNghiep\V-Shield-2.0\View\src\pages\PreRegistration.vue","131","0","Medium Risk"
"icon-btn","html-class","C:\DoAnTotNghiep\V-Shield-2.0\View\src\pages\PreRegistration.vue","132","0","Medium Risk"
"icon-btn action-approve","html-class","C:\DoAnTotNghiep\V-Shield-2.0\View\src\pages\PreRegistration.vue","135","0","Medium Risk"
"icon-btn action-reject","html-class","C:\DoAnTotNghiep\V-Shield-2.0\View\src\pages\PreRegistration.vue","138","0","Medium Risk"
"pagination-footer","html-class","C:\DoAnTotNghiep\V-Shield-2.0\View\src\pages\PreRegistration.vue","148","0","Medium Risk"
"showing-txt","html-class","C:\DoAnTotNghiep\V-Shield-2.0\View\src\pages\PreRegistration.vue","149","0","Medium Risk"
"pg-controls","html-class","C:\DoAnTotNghiep\V-Shield-2.0\View\src\pages\PreRegistration.vue","150","0","Medium Risk"
"pg-btn","html-class","C:\DoAnTotNghiep\V-Shield-2.0\View\src\pages\PreRegistration.vue","151","0","Medium Risk"
"pg-btn","html-class","C:\DoAnTotNghiep\V-Shield-2.0\View\src\pages\PreRegistration.vue","152","0","Medium Risk"
"pg-btn","html-class","C:\DoAnTotNghiep\V-Shield-2.0\View\src\pages\PreRegistration.vue","153","0","Medium Risk"
"modal-backdrop","html-class","C:\DoAnTotNghiep\V-Shield-2.0\View\src\pages\PreRegistration.vue","159","0","Medium Risk"
"modern-modal","html-class","C:\DoAnTotNghiep\V-Shield-2.0\View\src\pages\PreRegistration.vue","160","0","Medium Risk"
"modal-top","html-class","C:\DoAnTotNghiep\V-Shield-2.0\View\src\pages\PreRegistration.vue","161","0","Medium Risk"
"icon-close","html-class","C:\DoAnTotNghiep\V-Shield-2.0\View\src\pages\PreRegistration.vue","163","0","Medium Risk"
"empty-layout","html-class","C:\DoAnTotNghiep\V-Shield-2.0\View\src\pages\PreRegistration.vue","166","0","Medium Risk"
"spinner-lg","html-class","C:\DoAnTotNghiep\V-Shield-2.0\View\src\pages\PreRegistration.vue","167","0","Medium Risk"
"modal-body scrollable-body","html-class","C:\DoAnTotNghiep\V-Shield-2.0\View\src\pages\PreRegistration.vue","170","0","Medium Risk"
"detail-section-bento","html-class","C:\DoAnTotNghiep\V-Shield-2.0\View\src\pages\PreRegistration.vue","171","0","Medium Risk"
"bento-subtitle","html-class","C:\DoAnTotNghiep\V-Shield-2.0\View\src\pages\PreRegistration.vue","172","0","Medium Risk"
"mini-grid-info","html-class","C:\DoAnTotNghiep\V-Shield-2.0\View\src\pages\PreRegistration.vue","173","0","Medium Risk"
"info-block","html-class","C:\DoAnTotNghiep\V-Shield-2.0\View\src\pages\PreRegistration.vue","174","0","Medium Risk"
"lbl","html-class","C:\DoAnTotNghiep\V-Shield-2.0\View\src\pages\PreRegistration.vue","175","0","Medium Risk"
"val","html-class","C:\DoAnTotNghiep\V-Shield-2.0\View\src\pages\PreRegistration.vue","176","0","Medium Risk"
"info-block","html-class","C:\DoAnTotNghiep\V-Shield-2.0\View\src\pages\PreRegistration.vue","178","0","Medium Risk"
"lbl","html-class","C:\DoAnTotNghiep\V-Shield-2.0\View\src\pages\PreRegistration.vue","179","0","Medium Risk"
"val","html-class","C:\DoAnTotNghiep\V-Shield-2.0\View\src\pages\PreRegistration.vue","180","0","Medium Risk"
"info-block","html-class","C:\DoAnTotNghiep\V-Shield-2.0\View\src\pages\PreRegistration.vue","182","0","Medium Risk"
"lbl","html-class","C:\DoAnTotNghiep\V-Shield-2.0\View\src\pages\PreRegistration.vue","183","0","Medium Risk"
"val text-primary","html-class","C:\DoAnTotNghiep\V-Shield-2.0\View\src\pages\PreRegistration.vue","184","0","Medium Risk"
"info-block","html-class","C:\DoAnTotNghiep\V-Shield-2.0\View\src\pages\PreRegistration.vue","186","0","Medium Risk"
"lbl","html-class","C:\DoAnTotNghiep\V-Shield-2.0\View\src\pages\PreRegistration.vue","187","0","Medium Risk"
"val","html-class","C:\DoAnTotNghiep\V-Shield-2.0\View\src\pages\PreRegistration.vue","188","0","Medium Risk"
"info-block","html-class","C:\DoAnTotNghiep\V-Shield-2.0\View\src\pages\PreRegistration.vue","190","0","Medium Risk"
"lbl","html-class","C:\DoAnTotNghiep\V-Shield-2.0\View\src\pages\PreRegistration.vue","191","0","Medium Risk"
"status-pill minimal","html-class","C:\DoAnTotNghiep\V-Shield-2.0\View\src\pages\PreRegistration.vue","192","0","Medium Risk"
"pill-dot","html-class","C:\DoAnTotNghiep\V-Shield-2.0\View\src\pages\PreRegistration.vue","193","0","Medium Risk"
"detail-section-bento mt-2","html-class","C:\DoAnTotNghiep\V-Shield-2.0\View\src\pages\PreRegistration.vue","200","0","Medium Risk"
"bento-subtitle","html-class","C:\DoAnTotNghiep\V-Shield-2.0\View\src\pages\PreRegistration.vue","201","0","Medium Risk"
"pill-list mt-1","html-class","C:\DoAnTotNghiep\V-Shield-2.0\View\src\pages\PreRegistration.vue","202","0","Medium Risk"
"visitor-card visitor-card-qr","html-class","C:\DoAnTotNghiep\V-Shield-2.0\View\src\pages\PreRegistration.vue","206","0","Medium Risk"
"visitor-left","html-class","C:\DoAnTotNghiep\V-Shield-2.0\View\src\pages\PreRegistration.vue","209","0","Medium Risk"
"avatar mini","html-class","C:\DoAnTotNghiep\V-Shield-2.0\View\src\pages\PreRegistration.vue","210","0","Medium Risk"
"v-details","html-class","C:\DoAnTotNghiep\V-Shield-2.0\View\src\pages\PreRegistration.vue","213","0","Medium Risk"
"v-name","html-class","C:\DoAnTotNghiep\V-Shield-2.0\View\src\pages\PreRegistration.vue","214","0","Medium Risk"
"v-id","html-class","C:\DoAnTotNghiep\V-Shield-2.0\View\src\pages\PreRegistration.vue","215","0","Medium Risk"
"visitor-right","html-class","C:\DoAnTotNghiep\V-Shield-2.0\View\src\pages\PreRegistration.vue","219","0","Medium Risk"
"qr-meta","html-class","C:\DoAnTotNghiep\V-Shield-2.0\View\src\pages\PreRegistration.vue","222","0","Medium Risk"
"qr-label","html-class","C:\DoAnTotNghiep\V-Shield-2.0\View\src\pages\PreRegistration.vue","223","0","Medium Risk"
"qr-text","html-class","C:\DoAnTotNghiep\V-Shield-2.0\View\src\pages\PreRegistration.vue","224","0","Medium Risk"
"qr-actions","html-class","C:\DoAnTotNghiep\V-Shield-2.0\View\src\pages\PreRegistration.vue","226","0","Medium Risk"
"btn btn-secondary","html-class","C:\DoAnTotNghiep\V-Shield-2.0\View\src\pages\PreRegistration.vue","227","0","Medium Risk"
"btn btn-primary","html-class","C:\DoAnTotNghiep\V-Shield-2.0\View\src\pages\PreRegistration.vue","230","0","Medium Risk"
"detail-section-bento mt-2","html-class","C:\DoAnTotNghiep\V-Shield-2.0\View\src\pages\PreRegistration.vue","240","0","Medium Risk"
"bento-subtitle","html-class","C:\DoAnTotNghiep\V-Shield-2.0\View\src\pages\PreRegistration.vue","241","0","Medium Risk"
"timeline-box mt-1","html-class","C:\DoAnTotNghiep\V-Shield-2.0\View\src\pages\PreRegistration.vue","242","0","Medium Risk"
"timeline-row","html-class","C:\DoAnTotNghiep\V-Shield-2.0\View\src\pages\PreRegistration.vue","243","0","Medium Risk"
"tl-chip","html-class","C:\DoAnTotNghiep\V-Shield-2.0\View\src\pages\PreRegistration.vue","244","0","Medium Risk"
"tl-time","html-class","C:\DoAnTotNghiep\V-Shield-2.0\View\src\pages\PreRegistration.vue","245","0","Medium Risk"
"tl-plate","html-class","C:\DoAnTotNghiep\V-Shield-2.0\View\src\pages\PreRegistration.vue","246","0","Medium Risk"
"tl-note","html-class","C:\DoAnTotNghiep\V-Shield-2.0\View\src\pages\PreRegistration.vue","247","0","Medium Risk"
"action-footer mt-4","html-class","C:\DoAnTotNghiep\V-Shield-2.0\View\src\pages\PreRegistration.vue","252","0","Medium Risk"
"btn btn-danger","html-class","C:\DoAnTotNghiep\V-Shield-2.0\View\src\pages\PreRegistration.vue","253","0","Medium Risk"
"btn btn-primary","html-class","C:\DoAnTotNghiep\V-Shield-2.0\View\src\pages\PreRegistration.vue","256","0","Medium Risk"
"modal-backdrop","html-class","C:\DoAnTotNghiep\V-Shield-2.0\View\src\pages\PreRegistration.vue","266","0","Medium Risk"
"modern-modal","html-class","C:\DoAnTotNghiep\V-Shield-2.0\View\src\pages\PreRegistration.vue","267","0","Medium Risk"
"modal-top","html-class","C:\DoAnTotNghiep\V-Shield-2.0\View\src\pages\PreRegistration.vue","268","0","Medium Risk"
"icon-close","html-class","C:\DoAnTotNghiep\V-Shield-2.0\View\src\pages\PreRegistration.vue","270","0","Medium Risk"
"modal-body","html-class","C:\DoAnTotNghiep\V-Shield-2.0\View\src\pages\PreRegistration.vue","273","0","Medium Risk"
"input-pane relative","html-class","C:\DoAnTotNghiep\V-Shield-2.0\View\src\pages\PreRegistration.vue","275","0","Medium Risk"
"req","html-class","C:\DoAnTotNghiep\V-Shield-2.0\View\src\pages\PreRegistration.vue","276","0","Medium Risk"
"combobox-wrapper","html-class","C:\DoAnTotNghiep\V-Shield-2.0\View\src\pages\PreRegistration.vue","277","0","Medium Risk"
"input-with-avatar","html-class","C:\DoAnTotNghiep\V-Shield-2.0\View\src\pages\PreRegistration.vue","278","0","Medium Risk"
"selected-avatar-preview","html-class","C:\DoAnTotNghiep\V-Shield-2.0\View\src\pages\PreRegistration.vue","279","0","Medium Risk"
"avatar-img avatar-mini-inline","html-class","C:\DoAnTotNghiep\V-Shield-2.0\View\src\pages\PreRegistration.vue","283","0","Medium Risk"
"avatar mini avatar-mini-inline","html-class","C:\DoAnTotNghiep\V-Shield-2.0\View\src\pages\PreRegistration.vue","288","0","Medium Risk"
"sleek-input combobox-input","html-class","C:\DoAnTotNghiep\V-Shield-2.0\View\src\pages\PreRegistration.vue","299","0","Medium Risk"
"{ 'has-avatar': linkForm.hostEmployeeId && !showHostDropdown }","html-class","C:\DoAnTotNghiep\V-Shield-2.0\View\src\pages\PreRegistration.vue","300","0","Medium Risk"
"dropdown-icon","html-class","C:\DoAnTotNghiep\V-Shield-2.0\View\src\pages\PreRegistration.vue","303","0","Medium Risk"
"combobox-dropdown","html-class","C:\DoAnTotNghiep\V-Shield-2.0\View\src\pages\PreRegistration.vue","305","0","Medium Risk"
"no-results","html-class","C:\DoAnTotNghiep\V-Shield-2.0\View\src\pages\PreRegistration.vue","306","0","Medium Risk"
"combobox-item","html-class","C:\DoAnTotNghiep\V-Shield-2.0\View\src\pages\PreRegistration.vue","313","0","Medium Risk"
"{ 'selected': linkForm.hostEmployeeId === emp.employeeId }","html-class","C:\DoAnTotNghiep\V-Shield-2.0\View\src\pages\PreRegistration.vue","314","0","Medium Risk"
"avatar-img avatar-img-mini","html-class","C:\DoAnTotNghiep\V-Shield-2.0\View\src\pages\PreRegistration.vue","320","0","Medium Risk"
"avatar mini","html-class","C:\DoAnTotNghiep\V-Shield-2.0\View\src\pages\PreRegistration.vue","323","0","Medium Risk"
"emp-details","html-class","C:\DoAnTotNghiep\V-Shield-2.0\View\src\pages\PreRegistration.vue","326","0","Medium Risk"
"emp-name","html-class","C:\DoAnTotNghiep\V-Shield-2.0\View\src\pages\PreRegistration.vue","327","0","Medium Risk"
"emp-dept","html-class","C:\DoAnTotNghiep\V-Shield-2.0\View\src\pages\PreRegistration.vue","328","0","Medium Risk"
"input-pane mt-2","html-class","C:\DoAnTotNghiep\V-Shield-2.0\View\src\pages\PreRegistration.vue","334","0","Medium Risk"
"sleek-input","html-class","C:\DoAnTotNghiep\V-Shield-2.0\View\src\pages\PreRegistration.vue","336","0","Medium Risk"
"note-txt","html-class","C:\DoAnTotNghiep\V-Shield-2.0\View\src\pages\PreRegistration.vue","337","0","Medium Risk"
"modal-actions mt-4","html-class","C:\DoAnTotNghiep\V-Shield-2.0\View\src\pages\PreRegistration.vue","339","0","Medium Risk"
"btn btn-secondary","html-class","C:\DoAnTotNghiep\V-Shield-2.0\View\src\pages\PreRegistration.vue","340","0","Medium Risk"
"handleCreateLink","json-key","C:\DoAnTotNghiep\V-Shield-2.0\View\src\pages\PreRegistration.vue","341","0","Critical"
"btn btn-primary","html-class","C:\DoAnTotNghiep\V-Shield-2.0\View\src\pages\PreRegistration.vue","341","0","Medium Risk"
"spinner-sm","html-class","C:\DoAnTotNghiep\V-Shield-2.0\View\src\pages\PreRegistration.vue","342","0","Medium Risk"
"success-box","html-class","C:\DoAnTotNghiep\V-Shield-2.0\View\src\pages\PreRegistration.vue","348","0","Medium Risk"
"success-icon lg","html-class","C:\DoAnTotNghiep\V-Shield-2.0\View\src\pages\PreRegistration.vue","349","0","Medium Risk"
"mb-1","html-class","C:\DoAnTotNghiep\V-Shield-2.0\View\src\pages\PreRegistration.vue","352","0","Medium Risk"
"text-secondary text-sm","html-class","C:\DoAnTotNghiep\V-Shield-2.0\View\src\pages\PreRegistration.vue","353","0","Medium Risk"
"copy-box mt-3","html-class","C:\DoAnTotNghiep\V-Shield-2.0\View\src\pages\PreRegistration.vue","355","0","Medium Risk"
"sleek-input","html-class","C:\DoAnTotNghiep\V-Shield-2.0\View\src\pages\PreRegistration.vue","356","0","Medium Risk"
"flex gap-2 mt-2","html-class","C:\DoAnTotNghiep\V-Shield-2.0\View\src\pages\PreRegistration.vue","357","0","Medium Risk"
"btn btn-primary flex-1","html-class","C:\DoAnTotNghiep\V-Shield-2.0\View\src\pages\PreRegistration.vue","358","0","Medium Risk"
"btn btn-secondary flex-1 text-center","html-class","C:\DoAnTotNghiep\V-Shield-2.0\View\src\pages\PreRegistration.vue","361","0","Medium Risk"
"modal-actions mt-4 centered","html-class","C:\DoAnTotNghiep\V-Shield-2.0\View\src\pages\PreRegistration.vue","367","0","Medium Risk"
"btn btn-secondary","html-class","C:\DoAnTotNghiep\V-Shield-2.0\View\src\pages\PreRegistration.vue","368","0","Medium Risk"
"page-container ops-page animate-in","html-class","C:\DoAnTotNghiep\V-Shield-2.0\View\src\pages\RegistrationLinks.vue","2","0","Medium Risk"
"page-header-bar","html-class","C:\DoAnTotNghiep\V-Shield-2.0\View\src\pages\RegistrationLinks.vue","3","0","Medium Risk"
"panel-kicker","html-class","C:\DoAnTotNghiep\V-Shield-2.0\View\src\pages\RegistrationLinks.vue","5","0","Medium Risk"
"page-title","html-class","C:\DoAnTotNghiep\V-Shield-2.0\View\src\pages\RegistrationLinks.vue","6","0","Medium Risk"
"header-actions","html-class","C:\DoAnTotNghiep\V-Shield-2.0\View\src\pages\RegistrationLinks.vue","8","0","Medium Risk"
"btn btn-primary","html-class","C:\DoAnTotNghiep\V-Shield-2.0\View\src\pages\RegistrationLinks.vue","9","0","Medium Risk"
"btn btn-secondary","html-class","C:\DoAnTotNghiep\V-Shield-2.0\View\src\pages\RegistrationLinks.vue","10","0","Medium Risk"
"ops-panel","html-class","C:\DoAnTotNghiep\V-Shield-2.0\View\src\pages\RegistrationLinks.vue","14","0","Medium Risk"
"toolbar-shell","html-class","C:\DoAnTotNghiep\V-Shield-2.0\View\src\pages\RegistrationLinks.vue","15","0","Medium Risk"
"search-bar","html-class","C:\DoAnTotNghiep\V-Shield-2.0\View\src\pages\RegistrationLinks.vue","16","0","Medium Risk"
"search-icon","html-class","C:\DoAnTotNghiep\V-Shield-2.0\View\src\pages\RegistrationLinks.vue","17","0","Medium Risk"
"empty-card","html-class","C:\DoAnTotNghiep\V-Shield-2.0\View\src\pages\RegistrationLinks.vue","25","0","Medium Risk"
"empty-card","html-class","C:\DoAnTotNghiep\V-Shield-2.0\View\src\pages\RegistrationLinks.vue","26","0","Medium Risk"
"table-container","html-class","C:\DoAnTotNghiep\V-Shield-2.0\View\src\pages\RegistrationLinks.vue","27","0","Medium Risk"
"data-table","html-class","C:\DoAnTotNghiep\V-Shield-2.0\View\src\pages\RegistrationLinks.vue","28","0","Medium Risk"
"token-pill","html-class","C:\DoAnTotNghiep\V-Shield-2.0\View\src\pages\RegistrationLinks.vue","42","0","Medium Risk"
"chip-row","html-class","C:\DoAnTotNghiep\V-Shield-2.0\View\src\pages\RegistrationLinks.vue","44","0","Medium Risk"
"soft-chip warn","html-class","C:\DoAnTotNghiep\V-Shield-2.0\View\src\pages\RegistrationLinks.vue","45","0","Medium Risk"
"soft-chip danger","html-class","C:\DoAnTotNghiep\V-Shield-2.0\View\src\pages\RegistrationLinks.vue","46","0","Medium Risk"
"soft-chip success","html-class","C:\DoAnTotNghiep\V-Shield-2.0\View\src\pages\RegistrationLinks.vue","47","0","Medium Risk"
"btn btn-secondary btn-sm","html-class","C:\DoAnTotNghiep\V-Shield-2.0\View\src\pages\RegistrationLinks.vue","53","0","Medium Risk"
"modal-overlay","html-class","C:\DoAnTotNghiep\V-Shield-2.0\View\src\pages\RegistrationLinks.vue","64","0","Medium Risk"
"modal","html-class","C:\DoAnTotNghiep\V-Shield-2.0\View\src\pages\RegistrationLinks.vue","65","0","Medium Risk"
"modal-header","html-class","C:\DoAnTotNghiep\V-Shield-2.0\View\src\pages\RegistrationLinks.vue","66","0","Medium Risk"
"modal-title","html-class","C:\DoAnTotNghiep\V-Shield-2.0\View\src\pages\RegistrationLinks.vue","67","0","Medium Risk"
"modal-close","html-class","C:\DoAnTotNghiep\V-Shield-2.0\View\src\pages\RegistrationLinks.vue","68","0","Medium Risk"
"form-group","html-class","C:\DoAnTotNghiep\V-Shield-2.0\View\src\pages\RegistrationLinks.vue","71","0","Medium Risk"
"req","html-class","C:\DoAnTotNghiep\V-Shield-2.0\View\src\pages\RegistrationLinks.vue","72","0","Medium Risk"
"combobox-wrapper","html-class","C:\DoAnTotNghiep\V-Shield-2.0\View\src\pages\RegistrationLinks.vue","73","0","Medium Risk"
"input-with-avatar","html-class","C:\DoAnTotNghiep\V-Shield-2.0\View\src\pages\RegistrationLinks.vue","74","0","Medium Risk"
"selected-avatar-preview","html-class","C:\DoAnTotNghiep\V-Shield-2.0\View\src\pages\RegistrationLinks.vue","75","0","Medium Risk"
"avatar-img avatar-mini-inline","html-class","C:\DoAnTotNghiep\V-Shield-2.0\View\src\pages\RegistrationLinks.vue","79","0","Medium Risk"
"avatar mini avatar-mini-inline","html-class","C:\DoAnTotNghiep\V-Shield-2.0\View\src\pages\RegistrationLinks.vue","84","0","Medium Risk"
"sleek-input combobox-input","html-class","C:\DoAnTotNghiep\V-Shield-2.0\View\src\pages\RegistrationLinks.vue","96","0","Medium Risk"
"{ 'has-avatar': selectedHostEmployee && !showHostDropdown }","html-class","C:\DoAnTotNghiep\V-Shield-2.0\View\src\pages\RegistrationLinks.vue","97","0","Safe"
"dropdown-icon","html-class","C:\DoAnTotNghiep\V-Shield-2.0\View\src\pages\RegistrationLinks.vue","100","0","Medium Risk"
"combobox-dropdown","html-class","C:\DoAnTotNghiep\V-Shield-2.0\View\src\pages\RegistrationLinks.vue","102","0","Medium Risk"
"no-results","html-class","C:\DoAnTotNghiep\V-Shield-2.0\View\src\pages\RegistrationLinks.vue","103","0","Medium Risk"
"combobox-item","html-class","C:\DoAnTotNghiep\V-Shield-2.0\View\src\pages\RegistrationLinks.vue","107","0","Medium Risk"
"{ selected: form.hostEmployeeId === emp.employeeId }","html-class","C:\DoAnTotNghiep\V-Shield-2.0\View\src\pages\RegistrationLinks.vue","108","0","Medium Risk"
"avatar-img avatar-img-mini","html-class","C:\DoAnTotNghiep\V-Shield-2.0\View\src\pages\RegistrationLinks.vue","114","0","Medium Risk"
"avatar mini","html-class","C:\DoAnTotNghiep\V-Shield-2.0\View\src\pages\RegistrationLinks.vue","117","0","Medium Risk"
"emp-details","html-class","C:\DoAnTotNghiep\V-Shield-2.0\View\src\pages\RegistrationLinks.vue","120","0","Medium Risk"
"emp-name","html-class","C:\DoAnTotNghiep\V-Shield-2.0\View\src\pages\RegistrationLinks.vue","121","0","Medium Risk"
"emp-dept","html-class","C:\DoAnTotNghiep\V-Shield-2.0\View\src\pages\RegistrationLinks.vue","122","0","Medium Risk"
"form-group","html-class","C:\DoAnTotNghiep\V-Shield-2.0\View\src\pages\RegistrationLinks.vue","129","0","Medium Risk"
"filter-select","html-class","C:\DoAnTotNghiep\V-Shield-2.0\View\src\pages\RegistrationLinks.vue","131","0","Medium Risk"
"empty-card error-card","html-class","C:\DoAnTotNghiep\V-Shield-2.0\View\src\pages\RegistrationLinks.vue","139","0","Medium Risk"
"modal-footer","html-class","C:\DoAnTotNghiep\V-Shield-2.0\View\src\pages\RegistrationLinks.vue","141","0","Medium Risk"
"btn btn-secondary","html-class","C:\DoAnTotNghiep\V-Shield-2.0\View\src\pages\RegistrationLinks.vue","142","0","Medium Risk"
"btn btn-primary","html-class","C:\DoAnTotNghiep\V-Shield-2.0\View\src\pages\RegistrationLinks.vue","143","0","Medium Risk"
"page-container animate-in","html-class","C:\DoAnTotNghiep\V-Shield-2.0\View\src\pages\Settings.vue","2","0","Medium Risk"
"page-header","html-class","C:\DoAnTotNghiep\V-Shield-2.0\View\src\pages\Settings.vue","3","0","Medium Risk"
"page-title","html-class","C:\DoAnTotNghiep\V-Shield-2.0\View\src\pages\Settings.vue","5","0","Medium Risk"
"page-subtitle","html-class","C:\DoAnTotNghiep\V-Shield-2.0\View\src\pages\Settings.vue","6","0","Medium Risk"
"save-btn","html-class","C:\DoAnTotNghiep\V-Shield-2.0\View\src\pages\Settings.vue","10","0","Medium Risk"
"settings-layout","html-class","C:\DoAnTotNghiep\V-Shield-2.0\View\src\pages\Settings.vue","13","0","Medium Risk"
"settings-nav bento-card","html-class","C:\DoAnTotNghiep\V-Shield-2.0\View\src\pages\Settings.vue","14","0","Medium Risk"
"settings-tab","html-class","C:\DoAnTotNghiep\V-Shield-2.0\View\src\pages\Settings.vue","18","0","Medium Risk"
"{ active: activeTab === tab.id }","html-class","C:\DoAnTotNghiep\V-Shield-2.0\View\src\pages\Settings.vue","19","0","Medium Risk"
"settings-content","html-class","C:\DoAnTotNghiep\V-Shield-2.0\View\src\pages\Settings.vue","26","0","Medium Risk"
"bento-card section-card","html-class","C:\DoAnTotNghiep\V-Shield-2.0\View\src\pages\Settings.vue","27","0","Medium Risk"
"section-title","html-class","C:\DoAnTotNghiep\V-Shield-2.0\View\src\pages\Settings.vue","28","0","Medium Risk"
"form-grid","html-class","C:\DoAnTotNghiep\V-Shield-2.0\View\src\pages\Settings.vue","29","0","Medium Risk"
"input-group","html-class","C:\DoAnTotNghiep\V-Shield-2.0\View\src\pages\Settings.vue","30","0","Medium Risk"
"field","html-class","C:\DoAnTotNghiep\V-Shield-2.0\View\src\pages\Settings.vue","32","0","Medium Risk"
"two-col","html-class","C:\DoAnTotNghiep\V-Shield-2.0\View\src\pages\Settings.vue","34","0","Medium Risk"
"input-group","html-class","C:\DoAnTotNghiep\V-Shield-2.0\View\src\pages\Settings.vue","35","0","Medium Risk"
"field","html-class","C:\DoAnTotNghiep\V-Shield-2.0\View\src\pages\Settings.vue","37","0","Medium Risk"
"input-group","html-class","C:\DoAnTotNghiep\V-Shield-2.0\View\src\pages\Settings.vue","39","0","Medium Risk"
"field","html-class","C:\DoAnTotNghiep\V-Shield-2.0\View\src\pages\Settings.vue","41","0","Medium Risk"
"two-col","html-class","C:\DoAnTotNghiep\V-Shield-2.0\View\src\pages\Settings.vue","44","0","Medium Risk"
"input-group","html-class","C:\DoAnTotNghiep\V-Shield-2.0\View\src\pages\Settings.vue","45","0","Medium Risk"
"field","html-class","C:\DoAnTotNghiep\V-Shield-2.0\View\src\pages\Settings.vue","47","0","Medium Risk"
"input-group","html-class","C:\DoAnTotNghiep\V-Shield-2.0\View\src\pages\Settings.vue","52","0","Medium Risk"
"field","html-class","C:\DoAnTotNghiep\V-Shield-2.0\View\src\pages\Settings.vue","54","0","Medium Risk"
"camera-panel","html-class","C:\DoAnTotNghiep\V-Shield-2.0\View\src\pages\Settings.vue","64","0","Medium Risk"
"bento-card section-card","html-class","C:\DoAnTotNghiep\V-Shield-2.0\View\src\pages\Settings.vue","65","0","Medium Risk"
"section-head","html-class","C:\DoAnTotNghiep\V-Shield-2.0\View\src\pages\Settings.vue","66","0","Medium Risk"
"section-title","html-class","C:\DoAnTotNghiep\V-Shield-2.0\View\src\pages\Settings.vue","68","0","Medium Risk"
"muted","html-class","C:\DoAnTotNghiep\V-Shield-2.0\View\src\pages\Settings.vue","69","0","Medium Risk"
"link-btn","html-class","C:\DoAnTotNghiep\V-Shield-2.0\View\src\pages\Settings.vue","73","0","Medium Risk"
"camera-summary","html-class","C:\DoAnTotNghiep\V-Shield-2.0\View\src\pages\Settings.vue","75","0","Medium Risk"
"summary-chip","html-class","C:\DoAnTotNghiep\V-Shield-2.0\View\src\pages\Settings.vue","76","0","Medium Risk"
"summary-chip","html-class","C:\DoAnTotNghiep\V-Shield-2.0\View\src\pages\Settings.vue","77","0","Medium Risk"
"summary-chip","html-class","C:\DoAnTotNghiep\V-Shield-2.0\View\src\pages\Settings.vue","78","0","Medium Risk"
"toolbar-grid","html-class","C:\DoAnTotNghiep\V-Shield-2.0\View\src\pages\Settings.vue","81","0","Medium Risk"
"field","html-class","C:\DoAnTotNghiep\V-Shield-2.0\View\src\pages\Settings.vue","82","0","Medium Risk"
"field","html-class","C:\DoAnTotNghiep\V-Shield-2.0\View\src\pages\Settings.vue","83","0","Medium Risk"
"field","html-class","C:\DoAnTotNghiep\V-Shield-2.0\View\src\pages\Settings.vue","84","0","Medium Risk"
"ghost-btn","html-class","C:\DoAnTotNghiep\V-Shield-2.0\View\src\pages\Settings.vue","90","0","Medium Risk"
"primary-btn","html-class","C:\DoAnTotNghiep\V-Shield-2.0\View\src\pages\Settings.vue","93","0","Medium Risk"
"secondary-btn","html-class","C:\DoAnTotNghiep\V-Shield-2.0\View\src\pages\Settings.vue","96","0","Medium Risk"
"muted inline-note","html-class","C:\DoAnTotNghiep\V-Shield-2.0\View\src\pages\Settings.vue","101","0","Medium Risk"
"message success","html-class","C:\DoAnTotNghiep\V-Shield-2.0\View\src\pages\Settings.vue","104","0","Medium Risk"
"message danger","html-class","C:\DoAnTotNghiep\V-Shield-2.0\View\src\pages\Settings.vue","105","0","Medium Risk"
"message success","html-class","C:\DoAnTotNghiep\V-Shield-2.0\View\src\pages\Settings.vue","106","0","Medium Risk"
"message danger","html-class","C:\DoAnTotNghiep\V-Shield-2.0\View\src\pages\Settings.vue","107","0","Medium Risk"
"discovery-list","html-class","C:\DoAnTotNghiep\V-Shield-2.0\View\src\pages\Settings.vue","109","0","Medium Risk"
"discovery-card","html-class","C:\DoAnTotNghiep\V-Shield-2.0\View\src\pages\Settings.vue","110","0","Medium Risk"
"muted small","html-class","C:\DoAnTotNghiep\V-Shield-2.0\View\src\pages\Settings.vue","113","0","Medium Risk"
"small","html-class","C:\DoAnTotNghiep\V-Shield-2.0\View\src\pages\Settings.vue","114","0","Medium Risk"
"discovery-actions","html-class","C:\DoAnTotNghiep\V-Shield-2.0\View\src\pages\Settings.vue","116","0","Medium Risk"
"field mini-field","html-class","C:\DoAnTotNghiep\V-Shield-2.0\View\src\pages\Settings.vue","117","0","Medium Risk"
"primary-btn small-btn","html-class","C:\DoAnTotNghiep\V-Shield-2.0\View\src\pages\Settings.vue","123","0","Medium Risk"
"camera-grid","html-class","C:\DoAnTotNghiep\V-Shield-2.0\View\src\pages\Settings.vue","129","0","Medium Risk"
"bento-card camera-card","html-class","C:\DoAnTotNghiep\V-Shield-2.0\View\src\pages\Settings.vue","130","0","Medium Risk"
"camera-card-head","html-class","C:\DoAnTotNghiep\V-Shield-2.0\View\src\pages\Settings.vue","131","0","Medium Risk"
"muted","html-class","C:\DoAnTotNghiep\V-Shield-2.0\View\src\pages\Settings.vue","134","0","Medium Risk"
"toggle","html-class","C:\DoAnTotNghiep\V-Shield-2.0\View\src\pages\Settings.vue","136","0","Medium Risk"
"status-line","html-class","C:\DoAnTotNghiep\V-Shield-2.0\View\src\pages\Settings.vue","142","0","Medium Risk"
"status-pill","html-class","C:\DoAnTotNghiep\V-Shield-2.0\View\src\pages\Settings.vue","143","0","Medium Risk"
"form-grid","html-class","C:\DoAnTotNghiep\V-Shield-2.0\View\src\pages\Settings.vue","148","0","Medium Risk"
"input-group","html-class","C:\DoAnTotNghiep\V-Shield-2.0\View\src\pages\Settings.vue","149","0","Medium Risk"
"field","html-class","C:\DoAnTotNghiep\V-Shield-2.0\View\src\pages\Settings.vue","151","0","Medium Risk"
"input-group","html-class","C:\DoAnTotNghiep\V-Shield-2.0\View\src\pages\Settings.vue","153","0","Medium Risk"
"field mono","html-class","C:\DoAnTotNghiep\V-Shield-2.0\View\src\pages\Settings.vue","155","0","Medium Risk"
"muted","html-class","C:\DoAnTotNghiep\V-Shield-2.0\View\src\pages\Settings.vue","156","0","Medium Risk"
"camera-card-actions","html-class","C:\DoAnTotNghiep\V-Shield-2.0\View\src\pages\Settings.vue","160","0","Medium Risk"
"ghost-btn small-btn","html-class","C:\DoAnTotNghiep\V-Shield-2.0\View\src\pages\Settings.vue","161","0","Medium Risk"
"danger-btn small-btn","html-class","C:\DoAnTotNghiep\V-Shield-2.0\View\src\pages\Settings.vue","164","0","Medium Risk"
"bento-card section-card","html-class","C:\DoAnTotNghiep\V-Shield-2.0\View\src\pages\Settings.vue","170","0","Medium Risk"
"section-title","html-class","C:\DoAnTotNghiep\V-Shield-2.0\View\src\pages\Settings.vue","171","0","Medium Risk"
"toggle-list","html-class","C:\DoAnTotNghiep\V-Shield-2.0\View\src\pages\Settings.vue","172","0","Medium Risk"
"toggle-row","html-class","C:\DoAnTotNghiep\V-Shield-2.0\View\src\pages\Settings.vue","173","0","Medium Risk"
"toggle-row","html-class","C:\DoAnTotNghiep\V-Shield-2.0\View\src\pages\Settings.vue","174","0","Medium Risk"
"toggle-row","html-class","C:\DoAnTotNghiep\V-Shield-2.0\View\src\pages\Settings.vue","175","0","Medium Risk"
"input-group","html-class","C:\DoAnTotNghiep\V-Shield-2.0\View\src\pages\Settings.vue","176","0","Medium Risk"
"input-group","html-class","C:\DoAnTotNghiep\V-Shield-2.0\View\src\pages\Settings.vue","180","0","Medium Risk"
"bento-card section-card","html-class","C:\DoAnTotNghiep\V-Shield-2.0\View\src\pages\Settings.vue","187","0","Medium Risk"
"section-title","html-class","C:\DoAnTotNghiep\V-Shield-2.0\View\src\pages\Settings.vue","188","0","Medium Risk"
"toggle-list","html-class","C:\DoAnTotNghiep\V-Shield-2.0\View\src\pages\Settings.vue","189","0","Medium Risk"
"toggle-row","html-class","C:\DoAnTotNghiep\V-Shield-2.0\View\src\pages\Settings.vue","190","0","Medium Risk"
"toggle-row","html-class","C:\DoAnTotNghiep\V-Shield-2.0\View\src\pages\Settings.vue","191","0","Medium Risk"
"toggle-row","html-class","C:\DoAnTotNghiep\V-Shield-2.0\View\src\pages\Settings.vue","192","0","Medium Risk"
"toggle-row","html-class","C:\DoAnTotNghiep\V-Shield-2.0\View\src\pages\Settings.vue","193","0","Medium Risk"
"toast","html-class","C:\DoAnTotNghiep\V-Shield-2.0\View\src\pages\Settings.vue","200","0","Medium Risk"
"success","json-key","C:\DoAnTotNghiep\V-Shield-2.0\View\src\pages\Settings.vue","444","16","Critical"
"auto","html-id","C:\DoAnTotNghiep\V-Shield-2.0\View\src\pages\Settings.vue","469","0","Medium Risk"
"auto","html-id","C:\DoAnTotNghiep\V-Shield-2.0\View\src\pages\Settings.vue","484","0","Medium Risk"
"page-container ops-page animate-in","html-class","C:\DoAnTotNghiep\V-Shield-2.0\View\src\pages\SystemCatalog.vue","2","0","Medium Risk"
"page-header-bar","html-class","C:\DoAnTotNghiep\V-Shield-2.0\View\src\pages\SystemCatalog.vue","3","0","Medium Risk"
"panel-kicker","html-class","C:\DoAnTotNghiep\V-Shield-2.0\View\src\pages\SystemCatalog.vue","5","0","Medium Risk"
"page-title","html-class","C:\DoAnTotNghiep\V-Shield-2.0\View\src\pages\SystemCatalog.vue","6","0","Medium Risk"
"ops-grid three","html-class","C:\DoAnTotNghiep\V-Shield-2.0\View\src\pages\SystemCatalog.vue","10","0","Medium Risk"
"ops-panel","html-class","C:\DoAnTotNghiep\V-Shield-2.0\View\src\pages\SystemCatalog.vue","11","0","Medium Risk"
"panel-head","html-class","C:\DoAnTotNghiep\V-Shield-2.0\View\src\pages\SystemCatalog.vue","12","0","Medium Risk"
"panel-kicker","html-class","C:\DoAnTotNghiep\V-Shield-2.0\View\src\pages\SystemCatalog.vue","14","0","Medium Risk"
"panel-title","html-class","C:\DoAnTotNghiep\V-Shield-2.0\View\src\pages\SystemCatalog.vue","15","0","Medium Risk"
"btn btn-secondary btn-sm","html-class","C:\DoAnTotNghiep\V-Shield-2.0\View\src\pages\SystemCatalog.vue","17","0","Medium Risk"
"empty-card","html-class","C:\DoAnTotNghiep\V-Shield-2.0\View\src\pages\SystemCatalog.vue","20","0","Medium Risk"
"empty-card","html-class","C:\DoAnTotNghiep\V-Shield-2.0\View\src\pages\SystemCatalog.vue","21","0","Medium Risk"
"surface-list","html-class","C:\DoAnTotNghiep\V-Shield-2.0\View\src\pages\SystemCatalog.vue","22","0","Medium Risk"
"surface-item","html-class","C:\DoAnTotNghiep\V-Shield-2.0\View\src\pages\SystemCatalog.vue","23","0","Medium Risk"
"surface-item-title","html-class","C:\DoAnTotNghiep\V-Shield-2.0\View\src\pages\SystemCatalog.vue","24","0","Medium Risk"
"surface-item-sub","html-class","C:\DoAnTotNghiep\V-Shield-2.0\View\src\pages\SystemCatalog.vue","25","0","Medium Risk"
"ops-panel","html-class","C:\DoAnTotNghiep\V-Shield-2.0\View\src\pages\SystemCatalog.vue","30","0","Medium Risk"
"panel-head","html-class","C:\DoAnTotNghiep\V-Shield-2.0\View\src\pages\SystemCatalog.vue","31","0","Medium Risk"
"panel-kicker","html-class","C:\DoAnTotNghiep\V-Shield-2.0\View\src\pages\SystemCatalog.vue","33","0","Medium Risk"
"panel-title","html-class","C:\DoAnTotNghiep\V-Shield-2.0\View\src\pages\SystemCatalog.vue","34","0","Medium Risk"
"btn btn-secondary btn-sm","html-class","C:\DoAnTotNghiep\V-Shield-2.0\View\src\pages\SystemCatalog.vue","36","0","Medium Risk"
"empty-card","html-class","C:\DoAnTotNghiep\V-Shield-2.0\View\src\pages\SystemCatalog.vue","39","0","Medium Risk"
"empty-card","html-class","C:\DoAnTotNghiep\V-Shield-2.0\View\src\pages\SystemCatalog.vue","40","0","Medium Risk"
"surface-list","html-class","C:\DoAnTotNghiep\V-Shield-2.0\View\src\pages\SystemCatalog.vue","41","0","Medium Risk"
"surface-item","html-class","C:\DoAnTotNghiep\V-Shield-2.0\View\src\pages\SystemCatalog.vue","42","0","Medium Risk"
"surface-item-title","html-class","C:\DoAnTotNghiep\V-Shield-2.0\View\src\pages\SystemCatalog.vue","43","0","Medium Risk"
"surface-item-sub","html-class","C:\DoAnTotNghiep\V-Shield-2.0\View\src\pages\SystemCatalog.vue","44","0","Medium Risk"
"ops-panel","html-class","C:\DoAnTotNghiep\V-Shield-2.0\View\src\pages\SystemCatalog.vue","49","0","Medium Risk"
"panel-head","html-class","C:\DoAnTotNghiep\V-Shield-2.0\View\src\pages\SystemCatalog.vue","50","0","Medium Risk"
"panel-kicker","html-class","C:\DoAnTotNghiep\V-Shield-2.0\View\src\pages\SystemCatalog.vue","52","0","Medium Risk"
"panel-title","html-class","C:\DoAnTotNghiep\V-Shield-2.0\View\src\pages\SystemCatalog.vue","53","0","Medium Risk"
"btn btn-secondary btn-sm","html-class","C:\DoAnTotNghiep\V-Shield-2.0\View\src\pages\SystemCatalog.vue","55","0","Medium Risk"
"empty-card","html-class","C:\DoAnTotNghiep\V-Shield-2.0\View\src\pages\SystemCatalog.vue","58","0","Medium Risk"
"empty-card","html-class","C:\DoAnTotNghiep\V-Shield-2.0\View\src\pages\SystemCatalog.vue","59","0","Medium Risk"
"surface-list","html-class","C:\DoAnTotNghiep\V-Shield-2.0\View\src\pages\SystemCatalog.vue","60","0","Medium Risk"
"surface-item","html-class","C:\DoAnTotNghiep\V-Shield-2.0\View\src\pages\SystemCatalog.vue","61","0","Medium Risk"
"surface-item-title","html-class","C:\DoAnTotNghiep\V-Shield-2.0\View\src\pages\SystemCatalog.vue","62","0","Medium Risk"
"surface-item-sub","html-class","C:\DoAnTotNghiep\V-Shield-2.0\View\src\pages\SystemCatalog.vue","63","0","Medium Risk"
"panel-actions top-gap","html-class","C:\DoAnTotNghiep\V-Shield-2.0\View\src\pages\SystemCatalog.vue","64","0","Medium Risk"
"soft-chip","html-class","C:\DoAnTotNghiep\V-Shield-2.0\View\src\pages\SystemCatalog.vue","65","0","Medium Risk"
"btn btn-secondary btn-sm","html-class","C:\DoAnTotNghiep\V-Shield-2.0\View\src\pages\SystemCatalog.vue","66","0","Medium Risk"
"btn btn-danger btn-sm","html-class","C:\DoAnTotNghiep\V-Shield-2.0\View\src\pages\SystemCatalog.vue","67","0","Medium Risk"
"modal-overlay","html-class","C:\DoAnTotNghiep\V-Shield-2.0\View\src\pages\SystemCatalog.vue","75","0","Medium Risk"
"modal","html-class","C:\DoAnTotNghiep\V-Shield-2.0\View\src\pages\SystemCatalog.vue","76","0","Medium Risk"
"modal-header","html-class","C:\DoAnTotNghiep\V-Shield-2.0\View\src\pages\SystemCatalog.vue","77","0","Medium Risk"
"modal-title","html-class","C:\DoAnTotNghiep\V-Shield-2.0\View\src\pages\SystemCatalog.vue","78","0","Medium Risk"
"modal-close","html-class","C:\DoAnTotNghiep\V-Shield-2.0\View\src\pages\SystemCatalog.vue","79","0","Medium Risk"
"form-row","html-class","C:\DoAnTotNghiep\V-Shield-2.0\View\src\pages\SystemCatalog.vue","82","0","Medium Risk"
"form-group","html-class","C:\DoAnTotNghiep\V-Shield-2.0\View\src\pages\SystemCatalog.vue","83","0","Medium Risk"
"form-group","html-class","C:\DoAnTotNghiep\V-Shield-2.0\View\src\pages\SystemCatalog.vue","87","0","Medium Risk"
"empty-card error-card","html-class","C:\DoAnTotNghiep\V-Shield-2.0\View\src\pages\SystemCatalog.vue","93","0","Medium Risk"
"modal-footer","html-class","C:\DoAnTotNghiep\V-Shield-2.0\View\src\pages\SystemCatalog.vue","95","0","Medium Risk"
"btn btn-secondary","html-class","C:\DoAnTotNghiep\V-Shield-2.0\View\src\pages\SystemCatalog.vue","96","0","Medium Risk"
"btn btn-primary","html-class","C:\DoAnTotNghiep\V-Shield-2.0\View\src\pages\SystemCatalog.vue","97","0","Medium Risk"
"page-container animate-in","html-class","C:\DoAnTotNghiep\V-Shield-2.0\View\src\pages\UserManagement.vue","2","0","Medium Risk"
"page-header bento-header","html-class","C:\DoAnTotNghiep\V-Shield-2.0\View\src\pages\UserManagement.vue","4","0","Medium Risk"
"greeting","html-class","C:\DoAnTotNghiep\V-Shield-2.0\View\src\pages\UserManagement.vue","5","0","Medium Risk"
"page-title","html-class","C:\DoAnTotNghiep\V-Shield-2.0\View\src\pages\UserManagement.vue","6","0","Medium Risk"
"page-subtitle","html-class","C:\DoAnTotNghiep\V-Shield-2.0\View\src\pages\UserManagement.vue","7","0","Medium Risk"
"header-actions","html-class","C:\DoAnTotNghiep\V-Shield-2.0\View\src\pages\UserManagement.vue","9","0","Medium Risk"
"btn btn-primary","html-class","C:\DoAnTotNghiep\V-Shield-2.0\View\src\pages\UserManagement.vue","10","0","Medium Risk"
"bento-grid-mini","html-class","C:\DoAnTotNghiep\V-Shield-2.0\View\src\pages\UserManagement.vue","21","0","Medium Risk"
"bento-card stat-card","html-class","C:\DoAnTotNghiep\V-Shield-2.0\View\src\pages\UserManagement.vue","22","0","Medium Risk"
"stat-icon-wrapper blue","html-class","C:\DoAnTotNghiep\V-Shield-2.0\View\src\pages\UserManagement.vue","23","0","Medium Risk"
"stat-details","html-class","C:\DoAnTotNghiep\V-Shield-2.0\View\src\pages\UserManagement.vue","26","0","Medium Risk"
"stat-val blue","html-class","C:\DoAnTotNghiep\V-Shield-2.0\View\src\pages\UserManagement.vue","27","0","Medium Risk"
"stat-lbl","html-class","C:\DoAnTotNghiep\V-Shield-2.0\View\src\pages\UserManagement.vue","28","0","Medium Risk"
"bento-card stat-card","html-class","C:\DoAnTotNghiep\V-Shield-2.0\View\src\pages\UserManagement.vue","31","0","Medium Risk"
"stat-icon-wrapper green","html-class","C:\DoAnTotNghiep\V-Shield-2.0\View\src\pages\UserManagement.vue","32","0","Medium Risk"
"stat-details","html-class","C:\DoAnTotNghiep\V-Shield-2.0\View\src\pages\UserManagement.vue","35","0","Medium Risk"
"stat-val green","html-class","C:\DoAnTotNghiep\V-Shield-2.0\View\src\pages\UserManagement.vue","36","0","Medium Risk"
"stat-lbl","html-class","C:\DoAnTotNghiep\V-Shield-2.0\View\src\pages\UserManagement.vue","37","0","Medium Risk"
"bento-card stat-card","html-class","C:\DoAnTotNghiep\V-Shield-2.0\View\src\pages\UserManagement.vue","40","0","Medium Risk"
"stat-icon-wrapper red","html-class","C:\DoAnTotNghiep\V-Shield-2.0\View\src\pages\UserManagement.vue","41","0","Medium Risk"
"stat-details","html-class","C:\DoAnTotNghiep\V-Shield-2.0\View\src\pages\UserManagement.vue","44","0","Medium Risk"
"stat-val red","html-class","C:\DoAnTotNghiep\V-Shield-2.0\View\src\pages\UserManagement.vue","45","0","Medium Risk"
"stat-lbl","html-class","C:\DoAnTotNghiep\V-Shield-2.0\View\src\pages\UserManagement.vue","46","0","Medium Risk"
"bento-card table-section","html-class","C:\DoAnTotNghiep\V-Shield-2.0\View\src\pages\UserManagement.vue","52","0","Medium Risk"
"table-toolbar","html-class","C:\DoAnTotNghiep\V-Shield-2.0\View\src\pages\UserManagement.vue","53","0","Medium Risk"
"search-box","html-class","C:\DoAnTotNghiep\V-Shield-2.0\View\src\pages\UserManagement.vue","54","0","Medium Risk"
"search-icon","html-class","C:\DoAnTotNghiep\V-Shield-2.0\View\src\pages\UserManagement.vue","55","0","Medium Risk"
"filter-box","html-class","C:\DoAnTotNghiep\V-Shield-2.0\View\src\pages\UserManagement.vue","58","0","Medium Risk"
"minimal-select","html-class","C:\DoAnTotNghiep\V-Shield-2.0\View\src\pages\UserManagement.vue","59","0","Medium Risk"
"minimal-select","html-class","C:\DoAnTotNghiep\V-Shield-2.0\View\src\pages\UserManagement.vue","65","0","Medium Risk"
"empty-layout","html-class","C:\DoAnTotNghiep\V-Shield-2.0\View\src\pages\UserManagement.vue","74","0","Medium Risk"
"spinner-lg","html-class","C:\DoAnTotNghiep\V-Shield-2.0\View\src\pages\UserManagement.vue","75","0","Medium Risk"
"empty-layout","html-class","C:\DoAnTotNghiep\V-Shield-2.0\View\src\pages\UserManagement.vue","78","0","Medium Risk"
"btn btn-primary","html-class","C:\DoAnTotNghiep\V-Shield-2.0\View\src\pages\UserManagement.vue","81","0","Medium Risk"
"sleek-table-container","html-class","C:\DoAnTotNghiep\V-Shield-2.0\View\src\pages\UserManagement.vue","85","0","Medium Risk"
"sleek-table","html-class","C:\DoAnTotNghiep\V-Shield-2.0\View\src\pages\UserManagement.vue","86","0","Medium Risk"
"text-right","html-class","C:\DoAnTotNghiep\V-Shield-2.0\View\src\pages\UserManagement.vue","95","0","Medium Risk"
"table-row","html-class","C:\DoAnTotNghiep\V-Shield-2.0\View\src\pages\UserManagement.vue","99","0","Medium Risk"
"text-muted","html-class","C:\DoAnTotNghiep\V-Shield-2.0\View\src\pages\UserManagement.vue","100","0","Medium Risk"
"user-cell","html-class","C:\DoAnTotNghiep\V-Shield-2.0\View\src\pages\UserManagement.vue","102","0","Medium Risk"
"avatar","json-key","C:\DoAnTotNghiep\V-Shield-2.0\View\src\pages\UserManagement.vue","103","0","Critical"
"avatar","html-class","C:\DoAnTotNghiep\V-Shield-2.0\View\src\pages\UserManagement.vue","103","0","Medium Risk"
"user-info","html-class","C:\DoAnTotNghiep\V-Shield-2.0\View\src\pages\UserManagement.vue","104","0","Medium Risk"
"user-name","html-class","C:\DoAnTotNghiep\V-Shield-2.0\View\src\pages\UserManagement.vue","105","0","Medium Risk"
"text-primary","html-class","C:\DoAnTotNghiep\V-Shield-2.0\View\src\pages\UserManagement.vue","109","0","Medium Risk"
"badge-role","html-class","C:\DoAnTotNghiep\V-Shield-2.0\View\src\pages\UserManagement.vue","111","0","Medium Risk"
"status-pill minimal","html-class","C:\DoAnTotNghiep\V-Shield-2.0\View\src\pages\UserManagement.vue","116","0","Medium Risk"
"pill-dot","html-class","C:\DoAnTotNghiep\V-Shield-2.0\View\src\pages\UserManagement.vue","117","0","Medium Risk"
"text-muted","html-class","C:\DoAnTotNghiep\V-Shield-2.0\View\src\pages\UserManagement.vue","121","0","Medium Risk"
"text-right","html-class","C:\DoAnTotNghiep\V-Shield-2.0\View\src\pages\UserManagement.vue","122","0","Medium Risk"
"action-menu","html-class","C:\DoAnTotNghiep\V-Shield-2.0\View\src\pages\UserManagement.vue","123","0","Medium Risk"
"icon-btn","html-class","C:\DoAnTotNghiep\V-Shield-2.0\View\src\pages\UserManagement.vue","124","0","Medium Risk"
"icon-btn action-reject","html-class","C:\DoAnTotNghiep\V-Shield-2.0\View\src\pages\UserManagement.vue","127","0","Medium Risk"
"empty-layout","html-class","C:\DoAnTotNghiep\V-Shield-2.0\View\src\pages\UserManagement.vue","134","0","Medium Risk"
"modal-backdrop","html-class","C:\DoAnTotNghiep\V-Shield-2.0\View\src\pages\UserManagement.vue","146","0","Medium Risk"
"modern-modal","html-class","C:\DoAnTotNghiep\V-Shield-2.0\View\src\pages\UserManagement.vue","147","0","Medium Risk"
"modal-top","html-class","C:\DoAnTotNghiep\V-Shield-2.0\View\src\pages\UserManagement.vue","148","0","Medium Risk"
"icon-close","html-class","C:\DoAnTotNghiep\V-Shield-2.0\View\src\pages\UserManagement.vue","150","0","Medium Risk"
"modal-body","html-class","C:\DoAnTotNghiep\V-Shield-2.0\View\src\pages\UserManagement.vue","153","0","Medium Risk"
"modal-form-grid","html-class","C:\DoAnTotNghiep\V-Shield-2.0\View\src\pages\UserManagement.vue","154","0","Medium Risk"
"input-pane","html-class","C:\DoAnTotNghiep\V-Shield-2.0\View\src\pages\UserManagement.vue","155","0","Medium Risk"
"req","html-class","C:\DoAnTotNghiep\V-Shield-2.0\View\src\pages\UserManagement.vue","156","0","Medium Risk"
"sleek-input","html-class","C:\DoAnTotNghiep\V-Shield-2.0\View\src\pages\UserManagement.vue","157","0","Medium Risk"
"input-pane","html-class","C:\DoAnTotNghiep\V-Shield-2.0\View\src\pages\UserManagement.vue","160","0","Medium Risk"
"req","html-class","C:\DoAnTotNghiep\V-Shield-2.0\View\src\pages\UserManagement.vue","161","0","Medium Risk"
"sleek-input","html-class","C:\DoAnTotNghiep\V-Shield-2.0\View\src\pages\UserManagement.vue","162","0","Medium Risk"
"input-pane employee-search-pane","html-class","C:\DoAnTotNghiep\V-Shield-2.0\View\src\pages\UserManagement.vue","165","0","Medium Risk"
"combo-box-wrapper","html-class","C:\DoAnTotNghiep\V-Shield-2.0\View\src\pages\UserManagement.vue","167","0","Medium Risk"
"combo-input-row","html-class","C:\DoAnTotNghiep\V-Shield-2.0\View\src\pages\UserManagement.vue","168","0","Medium Risk"
"combo-search-icon","html-class","C:\DoAnTotNghiep\V-Shield-2.0\View\src\pages\UserManagement.vue","169","0","Medium Risk"
"sleek-input combo-input","html-class","C:\DoAnTotNghiep\V-Shield-2.0\View\src\pages\UserManagement.vue","173","0","Medium Risk"
"combo-clear-btn","html-class","C:\DoAnTotNghiep\V-Shield-2.0\View\src\pages\UserManagement.vue","179","0","Medium Risk"
"combo-dropdown","html-class","C:\DoAnTotNghiep\V-Shield-2.0\View\src\pages\UserManagement.vue","184","0","Medium Risk"
"combo-loading","html-class","C:\DoAnTotNghiep\V-Shield-2.0\View\src\pages\UserManagement.vue","185","0","Medium Risk"
"spinner-sm","html-class","C:\DoAnTotNghiep\V-Shield-2.0\View\src\pages\UserManagement.vue","186","0","Medium Risk"
"combo-empty","html-class","C:\DoAnTotNghiep\V-Shield-2.0\View\src\pages\UserManagement.vue","189","0","Medium Risk"
"combo-option","html-class","C:\DoAnTotNghiep\V-Shield-2.0\View\src\pages\UserManagement.vue","195","0","Medium Risk"
"{ selected: modalForm.fullName === emp.fullName }","html-class","C:\DoAnTotNghiep\V-Shield-2.0\View\src\pages\UserManagement.vue","196","0","Safe"
"combo-opt-avatar","html-class","C:\DoAnTotNghiep\V-Shield-2.0\View\src\pages\UserManagement.vue","199","0","Medium Risk"
"combo-opt-info","html-class","C:\DoAnTotNghiep\V-Shield-2.0\View\src\pages\UserManagement.vue","200","0","Medium Risk"
"combo-opt-name","html-class","C:\DoAnTotNghiep\V-Shield-2.0\View\src\pages\UserManagement.vue","201","0","Medium Risk"
"combo-opt-detail","html-class","C:\DoAnTotNghiep\V-Shield-2.0\View\src\pages\UserManagement.vue","202","0","Medium Risk"
"grid-2","html-class","C:\DoAnTotNghiep\V-Shield-2.0\View\src\pages\UserManagement.vue","211","0","Medium Risk"
"input-pane","html-class","C:\DoAnTotNghiep\V-Shield-2.0\View\src\pages\UserManagement.vue","212","0","Medium Risk"
"req","html-class","C:\DoAnTotNghiep\V-Shield-2.0\View\src\pages\UserManagement.vue","213","0","Medium Risk"
"sleek-select","html-class","C:\DoAnTotNghiep\V-Shield-2.0\View\src\pages\UserManagement.vue","214","0","Medium Risk"
"input-pane","html-class","C:\DoAnTotNghiep\V-Shield-2.0\View\src\pages\UserManagement.vue","220","0","Medium Risk"
"sleek-select","html-class","C:\DoAnTotNghiep\V-Shield-2.0\View\src\pages\UserManagement.vue","222","0","Medium Risk"
"error-box","html-class","C:\DoAnTotNghiep\V-Shield-2.0\View\src\pages\UserManagement.vue","230","0","Medium Risk"
"modal-actions mt-4","html-class","C:\DoAnTotNghiep\V-Shield-2.0\View\src\pages\UserManagement.vue","235","0","Medium Risk"
"btn btn-secondary","html-class","C:\DoAnTotNghiep\V-Shield-2.0\View\src\pages\UserManagement.vue","236","0","Medium Risk"
"btn btn-primary","html-class","C:\DoAnTotNghiep\V-Shield-2.0\View\src\pages\UserManagement.vue","237","0","Medium Risk"
"spinner-sm","html-class","C:\DoAnTotNghiep\V-Shield-2.0\View\src\pages\UserManagement.vue","238","0","Medium Risk"
"modal-backdrop","html-class","C:\DoAnTotNghiep\V-Shield-2.0\View\src\pages\UserManagement.vue","250","0","Medium Risk"
"modern-modal mini","html-class","C:\DoAnTotNghiep\V-Shield-2.0\View\src\pages\UserManagement.vue","251","0","Medium Risk"
"modal-body text-center","html-class","C:\DoAnTotNghiep\V-Shield-2.0\View\src\pages\UserManagement.vue","252","0","Medium Risk"
"warning-icon","html-class","C:\DoAnTotNghiep\V-Shield-2.0\View\src\pages\UserManagement.vue","253","0","Medium Risk"
"error-box text-left","html-class","C:\DoAnTotNghiep\V-Shield-2.0\View\src\pages\UserManagement.vue","259","0","Medium Risk"
"modal-actions centered","html-class","C:\DoAnTotNghiep\V-Shield-2.0\View\src\pages\UserManagement.vue","263","0","Medium Risk"
"btn btn-secondary","html-class","C:\DoAnTotNghiep\V-Shield-2.0\View\src\pages\UserManagement.vue","264","0","Medium Risk"
"handleDelete","json-key","C:\DoAnTotNghiep\V-Shield-2.0\View\src\pages\UserManagement.vue","265","0","Critical"
"btn btn-danger","html-class","C:\DoAnTotNghiep\V-Shield-2.0\View\src\pages\UserManagement.vue","265","0","Medium Risk"
"spinner-sm","html-class","C:\DoAnTotNghiep\V-Shield-2.0\View\src\pages\UserManagement.vue","266","0","Medium Risk"
"page-container animate-in","html-class","C:\DoAnTotNghiep\V-Shield-2.0\View\src\pages\Vehicles.vue","2","0","Medium Risk"
"page-header bento-header","html-class","C:\DoAnTotNghiep\V-Shield-2.0\View\src\pages\Vehicles.vue","4","0","Medium Risk"
"greeting","html-class","C:\DoAnTotNghiep\V-Shield-2.0\View\src\pages\Vehicles.vue","5","0","Medium Risk"
"page-title","html-class","C:\DoAnTotNghiep\V-Shield-2.0\View\src\pages\Vehicles.vue","6","0","Medium Risk"
"page-subtitle","html-class","C:\DoAnTotNghiep\V-Shield-2.0\View\src\pages\Vehicles.vue","7","0","Medium Risk"
"header-actions","html-class","C:\DoAnTotNghiep\V-Shield-2.0\View\src\pages\Vehicles.vue","9","0","Medium Risk"
"btn btn-primary","html-class","C:\DoAnTotNghiep\V-Shield-2.0\View\src\pages\Vehicles.vue","10","0","Medium Risk"
"bento-grid-mini","html-class","C:\DoAnTotNghiep\V-Shield-2.0\View\src\pages\Vehicles.vue","21","0","Medium Risk"
"bento-card stat-card","html-class","C:\DoAnTotNghiep\V-Shield-2.0\View\src\pages\Vehicles.vue","22","0","Medium Risk"
"stat-icon-wrapper green","html-class","C:\DoAnTotNghiep\V-Shield-2.0\View\src\pages\Vehicles.vue","23","0","Medium Risk"
"stat-details","html-class","C:\DoAnTotNghiep\V-Shield-2.0\View\src\pages\Vehicles.vue","26","0","Medium Risk"
"stat-val","html-class","C:\DoAnTotNghiep\V-Shield-2.0\View\src\pages\Vehicles.vue","27","0","Medium Risk"
"stat-lbl","html-class","C:\DoAnTotNghiep\V-Shield-2.0\View\src\pages\Vehicles.vue","28","0","Medium Risk"
"bento-card stat-card","html-class","C:\DoAnTotNghiep\V-Shield-2.0\View\src\pages\Vehicles.vue","31","0","Medium Risk"
"stat-icon-wrapper blue","html-class","C:\DoAnTotNghiep\V-Shield-2.0\View\src\pages\Vehicles.vue","32","0","Medium Risk"
"stat-details","html-class","C:\DoAnTotNghiep\V-Shield-2.0\View\src\pages\Vehicles.vue","35","0","Medium Risk"
"stat-val blue","html-class","C:\DoAnTotNghiep\V-Shield-2.0\View\src\pages\Vehicles.vue","36","0","Medium Risk"
"stat-lbl","html-class","C:\DoAnTotNghiep\V-Shield-2.0\View\src\pages\Vehicles.vue","37","0","Medium Risk"
"bento-card stat-card","html-class","C:\DoAnTotNghiep\V-Shield-2.0\View\src\pages\Vehicles.vue","40","0","Medium Risk"
"stat-icon-wrapper cyan","html-class","C:\DoAnTotNghiep\V-Shield-2.0\View\src\pages\Vehicles.vue","41","0","Medium Risk"
"stat-details","html-class","C:\DoAnTotNghiep\V-Shield-2.0\View\src\pages\Vehicles.vue","44","0","Medium Risk"
"stat-val","html-class","C:\DoAnTotNghiep\V-Shield-2.0\View\src\pages\Vehicles.vue","45","0","Medium Risk"
"stat-lbl","html-class","C:\DoAnTotNghiep\V-Shield-2.0\View\src\pages\Vehicles.vue","46","0","Medium Risk"
"bento-card table-section","html-class","C:\DoAnTotNghiep\V-Shield-2.0\View\src\pages\Vehicles.vue","52","0","Medium Risk"
"table-toolbar","html-class","C:\DoAnTotNghiep\V-Shield-2.0\View\src\pages\Vehicles.vue","53","0","Medium Risk"
"search-box","html-class","C:\DoAnTotNghiep\V-Shield-2.0\View\src\pages\Vehicles.vue","54","0","Medium Risk"
"search-icon","html-class","C:\DoAnTotNghiep\V-Shield-2.0\View\src\pages\Vehicles.vue","55","0","Medium Risk"
"filter-box","html-class","C:\DoAnTotNghiep\V-Shield-2.0\View\src\pages\Vehicles.vue","58","0","Medium Risk"
"minimal-select","html-class","C:\DoAnTotNghiep\V-Shield-2.0\View\src\pages\Vehicles.vue","59","0","Medium Risk"
"empty-layout","html-class","C:\DoAnTotNghiep\V-Shield-2.0\View\src\pages\Vehicles.vue","67","0","Medium Risk"
"spinner-lg","html-class","C:\DoAnTotNghiep\V-Shield-2.0\View\src\pages\Vehicles.vue","68","0","Medium Risk"
"empty-layout error-layout","html-class","C:\DoAnTotNghiep\V-Shield-2.0\View\src\pages\Vehicles.vue","73","0","Medium Risk"
"btn btn-primary","html-class","C:\DoAnTotNghiep\V-Shield-2.0\View\src\pages\Vehicles.vue","78","0","Medium Risk"
"sleek-table-container","html-class","C:\DoAnTotNghiep\V-Shield-2.0\View\src\pages\Vehicles.vue","87","0","Medium Risk"
"sleek-table","html-class","C:\DoAnTotNghiep\V-Shield-2.0\View\src\pages\Vehicles.vue","88","0","Medium Risk"
"text-right","html-class","C:\DoAnTotNghiep\V-Shield-2.0\View\src\pages\Vehicles.vue","95","0","Medium Risk"
"table-row","html-class","C:\DoAnTotNghiep\V-Shield-2.0\View\src\pages\Vehicles.vue","99","0","Medium Risk"
"plate-number","html-class","C:\DoAnTotNghiep\V-Shield-2.0\View\src\pages\Vehicles.vue","101","0","Medium Risk"
"vehicle-info-cell","html-class","C:\DoAnTotNghiep\V-Shield-2.0\View\src\pages\Vehicles.vue","104","0","Medium Risk"
"v-type","html-class","C:\DoAnTotNghiep\V-Shield-2.0\View\src\pages\Vehicles.vue","105","0","Medium Risk"
"v-icon","html-class","C:\DoAnTotNghiep\V-Shield-2.0\View\src\pages\Vehicles.vue","106","0","Medium Risk"
"user-cell","html-class","C:\DoAnTotNghiep\V-Shield-2.0\View\src\pages\Vehicles.vue","112","0","Medium Risk"
"avatar-img","html-class","C:\DoAnTotNghiep\V-Shield-2.0\View\src\pages\Vehicles.vue","114","0","Medium Risk"
"avatar","json-key","C:\DoAnTotNghiep\V-Shield-2.0\View\src\pages\Vehicles.vue","117","0","Critical"
"avatar","html-class","C:\DoAnTotNghiep\V-Shield-2.0\View\src\pages\Vehicles.vue","117","0","Medium Risk"
"user-info","html-class","C:\DoAnTotNghiep\V-Shield-2.0\View\src\pages\Vehicles.vue","119","0","Medium Risk"
"user-name","html-class","C:\DoAnTotNghiep\V-Shield-2.0\View\src\pages\Vehicles.vue","120","0","Medium Risk"
"user-id","html-class","C:\DoAnTotNghiep\V-Shield-2.0\View\src\pages\Vehicles.vue","121","0","Medium Risk"
"desc-text","html-class","C:\DoAnTotNghiep\V-Shield-2.0\View\src\pages\Vehicles.vue","126","0","Medium Risk"
"text-right","html-class","C:\DoAnTotNghiep\V-Shield-2.0\View\src\pages\Vehicles.vue","128","0","Medium Risk"
"action-menu","html-class","C:\DoAnTotNghiep\V-Shield-2.0\View\src\pages\Vehicles.vue","129","0","Medium Risk"
"icon-btn","html-class","C:\DoAnTotNghiep\V-Shield-2.0\View\src\pages\Vehicles.vue","130","0","Medium Risk"
"icon-btn danger","html-class","C:\DoAnTotNghiep\V-Shield-2.0\View\src\pages\Vehicles.vue","133","0","Medium Risk"
"empty-layout","html-class","C:\DoAnTotNghiep\V-Shield-2.0\View\src\pages\Vehicles.vue","140","0","Medium Risk"
"pagination-bar","html-class","C:\DoAnTotNghiep\V-Shield-2.0\View\src\pages\Vehicles.vue","149","0","Medium Risk"
"page-buttons","html-class","C:\DoAnTotNghiep\V-Shield-2.0\View\src\pages\Vehicles.vue","151","0","Medium Risk"
"page-btn","html-class","C:\DoAnTotNghiep\V-Shield-2.0\View\src\pages\Vehicles.vue","152","0","Medium Risk"
"page-btn","html-class","C:\DoAnTotNghiep\V-Shield-2.0\View\src\pages\Vehicles.vue","153","0","Medium Risk"
"page-btn","html-class","C:\DoAnTotNghiep\V-Shield-2.0\View\src\pages\Vehicles.vue","154","0","Medium Risk"
"modal-backdrop","html-class","C:\DoAnTotNghiep\V-Shield-2.0\View\src\pages\Vehicles.vue","161","0","Medium Risk"
"modern-modal","html-class","C:\DoAnTotNghiep\V-Shield-2.0\View\src\pages\Vehicles.vue","162","0","Medium Risk"
"modal-top","html-class","C:\DoAnTotNghiep\V-Shield-2.0\View\src\pages\Vehicles.vue","163","0","Medium Risk"
"icon-close","html-class","C:\DoAnTotNghiep\V-Shield-2.0\View\src\pages\Vehicles.vue","165","0","Medium Risk"
"modal-body","html-class","C:\DoAnTotNghiep\V-Shield-2.0\View\src\pages\Vehicles.vue","168","0","Medium Risk"
"grid-2","html-class","C:\DoAnTotNghiep\V-Shield-2.0\View\src\pages\Vehicles.vue","169","0","Medium Risk"
"input-pane","html-class","C:\DoAnTotNghiep\V-Shield-2.0\View\src\pages\Vehicles.vue","170","0","Medium Risk"
"req","html-class","C:\DoAnTotNghiep\V-Shield-2.0\View\src\pages\Vehicles.vue","171","0","Medium Risk"
"sleek-input","html-class","C:\DoAnTotNghiep\V-Shield-2.0\View\src\pages\Vehicles.vue","172","0","Medium Risk"
"{ 'input-error': plateValidation.touched && !plateValidation.isValid, 'input-success': plateValidation.isValid }","html-class","C:\DoAnTotNghiep\V-Shield-2.0\View\src\pages\Vehicles.vue","173","0","Medium Risk"
"plate-feedback","html-class","C:\DoAnTotNghiep\V-Shield-2.0\View\src\pages\Vehicles.vue","176","0","Medium Risk"
"feedback-success","html-class","C:\DoAnTotNghiep\V-Shield-2.0\View\src\pages\Vehicles.vue","177","0","Medium Risk"
"feedback-corrected","html-class","C:\DoAnTotNghiep\V-Shield-2.0\View\src\pages\Vehicles.vue","180","0","Medium Risk"
"feedback-error","html-class","C:\DoAnTotNghiep\V-Shield-2.0\View\src\pages\Vehicles.vue","182","0","Medium Risk"
"input-pane","html-class","C:\DoAnTotNghiep\V-Shield-2.0\View\src\pages\Vehicles.vue","188","0","Medium Risk"
"sleek-select","html-class","C:\DoAnTotNghiep\V-Shield-2.0\View\src\pages\Vehicles.vue","190","0","Medium Risk"
"field-note","html-class","C:\DoAnTotNghiep\V-Shield-2.0\View\src\pages\Vehicles.vue","196","0","Medium Risk"
"input-pane","html-class","C:\DoAnTotNghiep\V-Shield-2.0\View\src\pages\Vehicles.vue","198","0","Medium Risk"
"auto-detected-type","html-class","C:\DoAnTotNghiep\V-Shield-2.0\View\src\pages\Vehicles.vue","200","0","Medium Risk"
"input-pane","html-class","C:\DoAnTotNghiep\V-Shield-2.0\View\src\pages\Vehicles.vue","207","0","Medium Risk"
"req","html-class","C:\DoAnTotNghiep\V-Shield-2.0\View\src\pages\Vehicles.vue","208","0","Medium Risk"
"combobox-wrapper","html-class","C:\DoAnTotNghiep\V-Shield-2.0\View\src\pages\Vehicles.vue","209","0","Medium Risk"
"input-with-avatar","html-class","C:\DoAnTotNghiep\V-Shield-2.0\View\src\pages\Vehicles.vue","210","0","Medium Risk"
"selected-avatar-preview","html-class","C:\DoAnTotNghiep\V-Shield-2.0\View\src\pages\Vehicles.vue","211","0","Medium Risk"
"avatar-img avatar-mini-inline","html-class","C:\DoAnTotNghiep\V-Shield-2.0\View\src\pages\Vehicles.vue","215","0","Medium Risk"
"avatar mini avatar-mini-inline","html-class","C:\DoAnTotNghiep\V-Shield-2.0\View\src\pages\Vehicles.vue","220","0","Medium Risk"
"sleek-input combobox-input","html-class","C:\DoAnTotNghiep\V-Shield-2.0\View\src\pages\Vehicles.vue","230","0","Medium Risk"
"{ 'has-avatar': selectedOwnerEmployee && !showOwnerDropdown }","html-class","C:\DoAnTotNghiep\V-Shield-2.0\View\src\pages\Vehicles.vue","231","0","Safe"
"dropdown-icon","html-class","C:\DoAnTotNghiep\V-Shield-2.0\View\src\pages\Vehicles.vue","239","0","Medium Risk"
"combobox-dropdown","html-class","C:\DoAnTotNghiep\V-Shield-2.0\View\src\pages\Vehicles.vue","243","0","Medium Risk"
"no-results","html-class","C:\DoAnTotNghiep\V-Shield-2.0\View\src\pages\Vehicles.vue","244","0","Medium Risk"
"combobox-item","html-class","C:\DoAnTotNghiep\V-Shield-2.0\View\src\pages\Vehicles.vue","251","0","Medium Risk"
"{ selected: form.employeeId === emp.employeeId }","html-class","C:\DoAnTotNghiep\V-Shield-2.0\View\src\pages\Vehicles.vue","252","0","Medium Risk"
"avatar-img avatar-img-mini","html-class","C:\DoAnTotNghiep\V-Shield-2.0\View\src\pages\Vehicles.vue","258","0","Medium Risk"
"avatar mini","html-class","C:\DoAnTotNghiep\V-Shield-2.0\View\src\pages\Vehicles.vue","263","0","Medium Risk"
"emp-details","html-class","C:\DoAnTotNghiep\V-Shield-2.0\View\src\pages\Vehicles.vue","269","0","Medium Risk"
"emp-name","html-class","C:\DoAnTotNghiep\V-Shield-2.0\View\src\pages\Vehicles.vue","270","0","Medium Risk"
"emp-meta","html-class","C:\DoAnTotNghiep\V-Shield-2.0\View\src\pages\Vehicles.vue","271","0","Medium Risk"
"input-pane","html-class","C:\DoAnTotNghiep\V-Shield-2.0\View\src\pages\Vehicles.vue","281","0","Medium Risk"
"sleek-input","html-class","C:\DoAnTotNghiep\V-Shield-2.0\View\src\pages\Vehicles.vue","283","0","Medium Risk"
"char-count","html-class","C:\DoAnTotNghiep\V-Shield-2.0\View\src\pages\Vehicles.vue","284","0","Medium Risk"
"alert-box error","html-class","C:\DoAnTotNghiep\V-Shield-2.0\View\src\pages\Vehicles.vue","287","0","Medium Risk"
"modal-actions mt-4","html-class","C:\DoAnTotNghiep\V-Shield-2.0\View\src\pages\Vehicles.vue","289","0","Medium Risk"
"btn btn-secondary","html-class","C:\DoAnTotNghiep\V-Shield-2.0\View\src\pages\Vehicles.vue","290","0","Medium Risk"
"btn btn-primary","html-class","C:\DoAnTotNghiep\V-Shield-2.0\View\src\pages\Vehicles.vue","291","0","Medium Risk"
"spinner-sm","html-class","C:\DoAnTotNghiep\V-Shield-2.0\View\src\pages\Vehicles.vue","292","0","Medium Risk"
"modal-backdrop","html-class","C:\DoAnTotNghiep\V-Shield-2.0\View\src\pages\Vehicles.vue","303","0","Medium Risk"
"modern-modal mini","html-class","C:\DoAnTotNghiep\V-Shield-2.0\View\src\pages\Vehicles.vue","304","0","Medium Risk"
"modal-body text-center","html-class","C:\DoAnTotNghiep\V-Shield-2.0\View\src\pages\Vehicles.vue","305","0","Medium Risk"
"warning-icon","html-class","C:\DoAnTotNghiep\V-Shield-2.0\View\src\pages\Vehicles.vue","306","0","Medium Risk"
"modal-actions","html-class","C:\DoAnTotNghiep\V-Shield-2.0\View\src\pages\Vehicles.vue","311","0","Medium Risk"
"btn btn-secondary","html-class","C:\DoAnTotNghiep\V-Shield-2.0\View\src\pages\Vehicles.vue","312","0","Medium Risk"
"executeDelete","json-key","C:\DoAnTotNghiep\V-Shield-2.0\View\src\pages\Vehicles.vue","313","0","Critical"
"btn btn-danger","html-class","C:\DoAnTotNghiep\V-Shield-2.0\View\src\pages\Vehicles.vue","313","0","Medium Risk"
"spinner-sm","html-class","C:\DoAnTotNghiep\V-Shield-2.0\View\src\pages\Vehicles.vue","314","0","Medium Risk"
"toast-card","html-class","C:\DoAnTotNghiep\V-Shield-2.0\View\src\pages\Vehicles.vue","324","0","Medium Risk"
"getResolvedPlateApiBaseUrl","js-func","C:\DoAnTotNghiep\V-Shield-2.0\View\src\services\biensoApi.js","179","5","Medium Risk"
"scanGate","js-func","C:\DoAnTotNghiep\V-Shield-2.0\View\src\services\thonghanhAPI.js","11","7","Medium Risk"
"scanGuest","js-func","C:\DoAnTotNghiep\V-Shield-2.0\View\src\services\thonghanhAPI.js","15","1","Medium Risk"
"logout","js-func","C:\DoAnTotNghiep\V-Shield-2.0\View\src\stores\auth.js","34","4","Medium Risk"
"isLoggedIn","js-func","C:\DoAnTotNghiep\V-Shield-2.0\View\src\stores\auth.js","42","4","Medium Risk"
"hasRole","js-func","C:\DoAnTotNghiep\V-Shield-2.0\View\src\stores\auth.js","47","3","Medium Risk"
"optimizeAndValidatePlate","js-func","C:\DoAnTotNghiep\V-Shield-2.0\View\src\utils\licensePlateValidator.js","23","5","Medium Risk"
"validatePlateFormat","js-func","C:\DoAnTotNghiep\V-Shield-2.0\View\src\utils\licensePlateValidator.js","97","1","Medium Risk"
"getVehicleTypeLabel","js-func","C:\DoAnTotNghiep\V-Shield-2.0\View\src\utils\licensePlateValidator.js","118","5","Medium Risk"
"normalizeVietnameseName","js-func","C:\DoAnTotNghiep\V-Shield-2.0\View\src\utils\nameValidator.js","32","6","Medium Risk"
"validateVietnameseName","js-func","C:\DoAnTotNghiep\V-Shield-2.0\View\src\utils\nameValidator.js","51","7","Medium Risk"
